2026-07-27 02:41:28 | INFO     | run                  | ======================================================================
2026-07-27 02:41:28 | INFO     | run                  | 🚀 MARKET DATA SCRAPER - SINGLE EXECUTION
2026-07-27 02:41:28 | INFO     | run                  | ======================================================================
2026-07-27 02:41:28 | INFO     | run                  | Execution Time: 2026-07-27 07:41:28 PKT
2026-07-27 02:41:28 | INFO     | run                  | Configuration:
2026-07-27 02:41:28 | INFO     | run                  |    - Timezone: Asia/Karachi
2026-07-27 02:41:28 | INFO     | run                  |    - Data directory: data
2026-07-27 02:41:28 | INFO     | run                  |    - Log directory: logs
2026-07-27 02:41:28 | INFO     | run                  |    - Excluded symbols: {'XT', 'XD', 'XR', 'XS'}
2026-07-27 02:41:28 | INFO     | run                  | ======================================================================
2026-07-27 02:41:28 | INFO     | fetch_data           | Fetching data (Attempt 1/3)...
2026-07-27 02:41:28 | DEBUG    | fetch_data           | Establishing session with https://dps.psx.com.pk/
2026-07-27 02:41:31 | DEBUG    | fetch_data           | Requesting data from https://dps.psx.com.pk/market-watch
2026-07-27 02:41:33 | DEBUG    | fetch_data           | Response status: 200
2026-07-27 02:41:33 | DEBUG    | fetch_data           | Response content type: text/html; charset=utf-8
2026-07-27 02:41:33 | DEBUG    | fetch_data           | Response size: 471798 bytes
2026-07-27 02:41:33 | INFO     | fetch_data           | ✅ Data fetched successfully (Status: 200)
2026-07-27 02:41:33 | DEBUG    | parse_json           | Attempting JSON parsing...
2026-07-27 02:41:33 | DEBUG    | parse_json           | Response preview: <table class="tbl" data-page-length="25"><thead class="tbl__head"><!-- tr--><!--   th(colspan="11")--><!--   th.center(colspan="2", style="width: 110px;") TOTAL BUY ORDERS--><!--   th.center(colspan="2", style="width: 110px;") TOTAL SELL ORDERS--><tr><th data-name="symbol">SYMBOL</th><th data-name="sector">SECTOR</th><th data-name="listed">LISTED IN</th><th class="right" data-name="ldcp">LDCP</th><th class="right" data-name="open">OPEN</th><th class="right" data-name="high">HIGH</th><th class="r
2026-07-27 02:41:33 | WARNING  | parse_json           | ⚠️ JSON parsing failed: Expecting value: line 1 column 1 (char 0)
2026-07-27 02:41:33 | INFO     | run                  | JSON parsing failed, trying HTML fallback...
2026-07-27 02:41:33 | INFO     | parse_html           | Attempting HTML fallback parsing...
2026-07-27 02:41:33 | DEBUG    | parse_html           | Found 1 table(s) in HTML
2026-07-27 02:41:33 | DEBUG    | parse_html           | Table columns: ['SYMBOL', 'SECTOR', 'LISTED IN', 'LDCP', 'OPEN', 'HIGH', 'LOW', 'CURRENT', 'CHANGE', 'CHANGE (%)', 'VOLUME']
2026-07-27 02:41:33 | DEBUG    | parse_html           | Table shape: (492, 11)
2026-07-27 02:41:33 | INFO     | parse_html           | ✅ HTML parsed successfully (492 rows)
2026-07-27 02:41:33 | INFO     | clean_data           | Cleaning data...
2026-07-27 02:41:33 | DEBUG    | clean_data           | Initial shape: (492, 11)
2026-07-27 02:41:33 | DEBUG    | clean_data           | Initial columns: ['SYMBOL', 'SECTOR', 'LISTED IN', 'LDCP', 'OPEN', 'HIGH', 'LOW', 'CURRENT', 'CHANGE', 'CHANGE (%)', 'VOLUME']
2026-07-27 02:41:33 | DEBUG    | clean_data           | Removed 'LISTED IN' column
2026-07-27 02:41:33 | DEBUG    | clean_data           | Converted LDCP from float64 to numeric
2026-07-27 02:41:33 | DEBUG    | clean_data           | Converted OPEN from float64 to numeric
2026-07-27 02:41:33 | DEBUG    | clean_data           | Converted HIGH from float64 to numeric
2026-07-27 02:41:33 | DEBUG    | clean_data           | Converted LOW from float64 to numeric
2026-07-27 02:41:33 | DEBUG    | clean_data           | Converted CURRENT from float64 to numeric
2026-07-27 02:41:33 | DEBUG    | clean_data           | Converted CHANGE from float64 to numeric
2026-07-27 02:41:33 | WARNING  | clean_data           | Column CHANGE (%): 492 values could not be converted to numeric
2026-07-27 02:41:33 | DEBUG    | clean_data           | Converted CHANGE (%) from str to numeric
2026-07-27 02:41:33 | DEBUG    | clean_data           | Converted VOLUME from int64 to numeric
2026-07-27 02:41:33 | INFO     | clean_data           | ✅ Data cleaned (492 rows, 16 columns)
2026-07-27 02:41:33 | DEBUG    | clean_data           | Final columns: ['SYMBOL', 'SECTOR', 'LDCP', 'OPEN', 'HIGH', 'LOW', 'CURRENT', 'CHANGE', 'CHANGE (%)', 'VOLUME', 'YEAR', 'MONTH', 'DAY', 'HOUR', 'MINUTE', 'DATETIME']
2026-07-27 02:41:33 | DEBUG    | get_file_path        | Generated file path: data/2026/07/2026-07-27.xlsx
2026-07-27 02:41:33 | INFO     | save_data            | Saving data to: data/2026/07/2026-07-27.xlsx
2026-07-27 02:41:33 | DEBUG    | save_data            | Writing to temporary file...
2026-07-27 02:41:33 | DEBUG    | save_data            | Data written to temp file: /home/runner/work/Thalorae-BackLioraen/Thalorae-BackLioraen/data/2026/07/tmp99rgb4cu.xlsx
2026-07-27 02:41:33 | DEBUG    | save_data            | Temp file moved to final location
2026-07-27 02:41:33 | INFO     | save_data            | ✅ Data saved successfully (492 total rows, 41,727 bytes)
2026-07-27 02:41:33 | INFO     | run                  | ======================================================================
2026-07-27 02:41:33 | INFO     | run                  | 📊 EXECUTION SUMMARY:
2026-07-27 02:41:33 | INFO     | run                  |    ✅ Status: SUCCESS
2026-07-27 02:41:33 | INFO     | run                  |    - Rows processed: 492
2026-07-27 02:41:33 | INFO     | run                  |    - Unique symbols: 492
2026-07-27 02:41:33 | INFO     | run                  |    - Timestamp: 2026-07-27 07:41:28
2026-07-27 02:41:33 | INFO     | run                  |    - File: data/2026/07/2026-07-27.xlsx
2026-07-27 02:41:33 | INFO     | run                  | ======================================================================
2026-07-27 02:41:33 | DEBUG    | run                  | Sample data (first row):
2026-07-27 02:41:33 | DEBUG    | run                  | {'SYMBOL': 'CNERGY', 'SECTOR': 825, 'LDCP': 10.29, 'OPEN': 10.11, 'HIGH': 10.59, 'LOW': 10.05, 'CURRENT': 10.29, 'CHANGE': 0.19, 'CHANGE (%)': nan, 'VOLUME': 59327773, 'YEAR': 2026, 'MONTH': 7, 'DAY': 27, 'HOUR': 7, 'MINUTE': 41, 'DATETIME': '2026-07-27 07:41'}
2026-07-27 02:41:33 | DEBUG    | close                | Session closed
2026-07-27 02:46:34 | INFO     | run                  | ======================================================================
2026-07-27 02:46:34 | INFO     | run                  | 🚀 MARKET DATA SCRAPER - SINGLE EXECUTION
2026-07-27 02:46:34 | INFO     | run                  | ======================================================================
2026-07-27 02:46:34 | INFO     | run                  | Execution Time: 2026-07-27 07:46:34 PKT
2026-07-27 02:46:34 | INFO     | run                  | Configuration:
2026-07-27 02:46:34 | INFO     | run                  |    - Timezone: Asia/Karachi
2026-07-27 02:46:34 | INFO     | run                  |    - Data directory: data
2026-07-27 02:46:34 | INFO     | run                  |    - Log directory: logs
2026-07-27 02:46:34 | INFO     | run                  |    - Excluded symbols: {'XS', 'XT', 'XD', 'XR'}
2026-07-27 02:46:34 | INFO     | run                  | ======================================================================
2026-07-27 02:46:34 | INFO     | fetch_data           | Fetching data (Attempt 1/3)...
2026-07-27 02:46:34 | DEBUG    | fetch_data           | Establishing session with https://dps.psx.com.pk/
2026-07-27 02:46:38 | DEBUG    | fetch_data           | Requesting data from https://dps.psx.com.pk/market-watch
2026-07-27 02:46:39 | DEBUG    | fetch_data           | Response status: 200
2026-07-27 02:46:39 | DEBUG    | fetch_data           | Response content type: text/html; charset=utf-8
2026-07-27 02:46:39 | DEBUG    | fetch_data           | Response size: 471798 bytes
2026-07-27 02:46:39 | INFO     | fetch_data           | ✅ Data fetched successfully (Status: 200)
2026-07-27 02:46:39 | DEBUG    | parse_json           | Attempting JSON parsing...
2026-07-27 02:46:39 | DEBUG    | parse_json           | Response preview: <table class="tbl" data-page-length="25"><thead class="tbl__head"><!-- tr--><!--   th(colspan="11")--><!--   th.center(colspan="2", style="width: 110px;") TOTAL BUY ORDERS--><!--   th.center(colspan="2", style="width: 110px;") TOTAL SELL ORDERS--><tr><th data-name="symbol">SYMBOL</th><th data-name="sector">SECTOR</th><th data-name="listed">LISTED IN</th><th class="right" data-name="ldcp">LDCP</th><th class="right" data-name="open">OPEN</th><th class="right" data-name="high">HIGH</th><th class="r
2026-07-27 02:46:39 | WARNING  | parse_json           | ⚠️ JSON parsing failed: Expecting value: line 1 column 1 (char 0)
2026-07-27 02:46:39 | INFO     | run                  | JSON parsing failed, trying HTML fallback...
2026-07-27 02:46:39 | INFO     | parse_html           | Attempting HTML fallback parsing...
2026-07-27 02:46:39 | DEBUG    | parse_html           | Found 1 table(s) in HTML
2026-07-27 02:46:39 | DEBUG    | parse_html           | Table columns: ['SYMBOL', 'SECTOR', 'LISTED IN', 'LDCP', 'OPEN', 'HIGH', 'LOW', 'CURRENT', 'CHANGE', 'CHANGE (%)', 'VOLUME']
2026-07-27 02:46:39 | DEBUG    | parse_html           | Table shape: (492, 11)
2026-07-27 02:46:39 | INFO     | parse_html           | ✅ HTML parsed successfully (492 rows)
2026-07-27 02:46:39 | INFO     | clean_data           | Cleaning data...
2026-07-27 02:46:39 | DEBUG    | clean_data           | Initial shape: (492, 11)
2026-07-27 02:46:39 | DEBUG    | clean_data           | Initial columns: ['SYMBOL', 'SECTOR', 'LISTED IN', 'LDCP', 'OPEN', 'HIGH', 'LOW', 'CURRENT', 'CHANGE', 'CHANGE (%)', 'VOLUME']
2026-07-27 02:46:39 | DEBUG    | clean_data           | Removed 'LISTED IN' column
2026-07-27 02:46:39 | DEBUG    | clean_data           | Converted LDCP from float64 to numeric
2026-07-27 02:46:39 | DEBUG    | clean_data           | Converted OPEN from float64 to numeric
2026-07-27 02:46:39 | DEBUG    | clean_data           | Converted HIGH from float64 to numeric
2026-07-27 02:46:39 | DEBUG    | clean_data           | Converted LOW from float64 to numeric
2026-07-27 02:46:39 | DEBUG    | clean_data           | Converted CURRENT from float64 to numeric
2026-07-27 02:46:39 | DEBUG    | clean_data           | Converted CHANGE from float64 to numeric
2026-07-27 02:46:39 | WARNING  | clean_data           | Column CHANGE (%): 492 values could not be converted to numeric
2026-07-27 02:46:39 | DEBUG    | clean_data           | Converted CHANGE (%) from str to numeric
2026-07-27 02:46:39 | DEBUG    | clean_data           | Converted VOLUME from int64 to numeric
2026-07-27 02:46:39 | INFO     | clean_data           | ✅ Data cleaned (492 rows, 16 columns)
2026-07-27 02:46:39 | DEBUG    | clean_data           | Final columns: ['SYMBOL', 'SECTOR', 'LDCP', 'OPEN', 'HIGH', 'LOW', 'CURRENT', 'CHANGE', 'CHANGE (%)', 'VOLUME', 'YEAR', 'MONTH', 'DAY', 'HOUR', 'MINUTE', 'DATETIME']
2026-07-27 02:46:39 | DEBUG    | get_file_path        | Generated file path: data/2026/07/2026-07-27.xlsx
2026-07-27 02:46:39 | INFO     | save_data            | Saving data to: data/2026/07/2026-07-27.xlsx
2026-07-27 02:46:39 | DEBUG    | _create_backup       | Backup created: data/2026/07/backups/2026-07-27_backup_20260727_024639.xlsx
2026-07-27 02:46:39 | DEBUG    | save_data            | Existing file found, merging data...
2026-07-27 02:46:39 | DEBUG    | save_data            | Loaded 492 existing rows
2026-07-27 02:46:39 | DEBUG    | save_data            | Combined to 984 rows
2026-07-27 02:46:39 | DEBUG    | save_data            | Writing to temporary file...
2026-07-27 02:46:40 | DEBUG    | save_data            | Data written to temp file: /home/runner/work/Thalorae-BackLioraen/Thalorae-BackLioraen/data/2026/07/tmp93taktqp.xlsx
2026-07-27 02:46:40 | DEBUG    | save_data            | Temp file moved to final location
2026-07-27 02:46:40 | INFO     | save_data            | ✅ Data saved successfully (984 total rows, 77,974 bytes)
2026-07-27 02:46:40 | INFO     | run                  | ======================================================================
2026-07-27 02:46:40 | INFO     | run                  | 📊 EXECUTION SUMMARY:
2026-07-27 02:46:40 | INFO     | run                  |    ✅ Status: SUCCESS
2026-07-27 02:46:40 | INFO     | run                  |    - Rows processed: 492
2026-07-27 02:46:40 | INFO     | run                  |    - Unique symbols: 492
2026-07-27 02:46:40 | INFO     | run                  |    - Timestamp: 2026-07-27 07:46:34
2026-07-27 02:46:40 | INFO     | run                  |    - File: data/2026/07/2026-07-27.xlsx
2026-07-27 02:46:40 | INFO     | run                  | ======================================================================
2026-07-27 02:46:40 | DEBUG    | run                  | Sample data (first row):
2026-07-27 02:46:40 | DEBUG    | run                  | {'SYMBOL': 'CNERGY', 'SECTOR': 825, 'LDCP': 10.29, 'OPEN': 10.11, 'HIGH': 10.59, 'LOW': 10.05, 'CURRENT': 10.29, 'CHANGE': 0.19, 'CHANGE (%)': nan, 'VOLUME': 59327773, 'YEAR': 2026, 'MONTH': 7, 'DAY': 27, 'HOUR': 7, 'MINUTE': 46, 'DATETIME': '2026-07-27 07:46'}
2026-07-27 02:46:40 | DEBUG    | close                | Session closed
2026-07-27 02:51:40 | INFO     | run                  | ======================================================================
2026-07-27 02:51:40 | INFO     | run                  | 🚀 MARKET DATA SCRAPER - SINGLE EXECUTION
2026-07-27 02:51:40 | INFO     | run                  | ======================================================================
2026-07-27 02:51:40 | INFO     | run                  | Execution Time: 2026-07-27 07:51:40 PKT
2026-07-27 02:51:40 | INFO     | run                  | Configuration:
2026-07-27 02:51:40 | INFO     | run                  |    - Timezone: Asia/Karachi
2026-07-27 02:51:40 | INFO     | run                  |    - Data directory: data
2026-07-27 02:51:40 | INFO     | run                  |    - Log directory: logs
2026-07-27 02:51:40 | INFO     | run                  |    - Excluded symbols: {'XT', 'XD', 'XR', 'XS'}
2026-07-27 02:51:40 | INFO     | run                  | ======================================================================
2026-07-27 02:51:40 | INFO     | fetch_data           | Fetching data (Attempt 1/3)...
2026-07-27 02:51:40 | DEBUG    | fetch_data           | Establishing session with https://dps.psx.com.pk/
2026-07-27 02:51:44 | DEBUG    | fetch_data           | Requesting data from https://dps.psx.com.pk/market-watch
2026-07-27 02:51:46 | DEBUG    | fetch_data           | Response status: 200
2026-07-27 02:51:46 | DEBUG    | fetch_data           | Response content type: text/html; charset=utf-8
2026-07-27 02:51:46 | DEBUG    | fetch_data           | Response size: 471798 bytes
2026-07-27 02:51:46 | INFO     | fetch_data           | ✅ Data fetched successfully (Status: 200)
2026-07-27 02:51:46 | DEBUG    | parse_json           | Attempting JSON parsing...
2026-07-27 02:51:46 | DEBUG    | parse_json           | Response preview: <table class="tbl" data-page-length="25"><thead class="tbl__head"><!-- tr--><!--   th(colspan="11")--><!--   th.center(colspan="2", style="width: 110px;") TOTAL BUY ORDERS--><!--   th.center(colspan="2", style="width: 110px;") TOTAL SELL ORDERS--><tr><th data-name="symbol">SYMBOL</th><th data-name="sector">SECTOR</th><th data-name="listed">LISTED IN</th><th class="right" data-name="ldcp">LDCP</th><th class="right" data-name="open">OPEN</th><th class="right" data-name="high">HIGH</th><th class="r
2026-07-27 02:51:46 | WARNING  | parse_json           | ⚠️ JSON parsing failed: Expecting value: line 1 column 1 (char 0)
2026-07-27 02:51:46 | INFO     | run                  | JSON parsing failed, trying HTML fallback...
2026-07-27 02:51:46 | INFO     | parse_html           | Attempting HTML fallback parsing...
2026-07-27 02:51:46 | DEBUG    | parse_html           | Found 1 table(s) in HTML
2026-07-27 02:51:46 | DEBUG    | parse_html           | Table columns: ['SYMBOL', 'SECTOR', 'LISTED IN', 'LDCP', 'OPEN', 'HIGH', 'LOW', 'CURRENT', 'CHANGE', 'CHANGE (%)', 'VOLUME']
2026-07-27 02:51:46 | DEBUG    | parse_html           | Table shape: (492, 11)
2026-07-27 02:51:46 | INFO     | parse_html           | ✅ HTML parsed successfully (492 rows)
2026-07-27 02:51:46 | INFO     | clean_data           | Cleaning data...
2026-07-27 02:51:46 | DEBUG    | clean_data           | Initial shape: (492, 11)
2026-07-27 02:51:46 | DEBUG    | clean_data           | Initial columns: ['SYMBOL', 'SECTOR', 'LISTED IN', 'LDCP', 'OPEN', 'HIGH', 'LOW', 'CURRENT', 'CHANGE', 'CHANGE (%)', 'VOLUME']
2026-07-27 02:51:46 | DEBUG    | clean_data           | Removed 'LISTED IN' column
2026-07-27 02:51:46 | DEBUG    | clean_data           | Converted LDCP from float64 to numeric
2026-07-27 02:51:46 | DEBUG    | clean_data           | Converted OPEN from float64 to numeric
2026-07-27 02:51:46 | DEBUG    | clean_data           | Converted HIGH from float64 to numeric
2026-07-27 02:51:46 | DEBUG    | clean_data           | Converted LOW from float64 to numeric
2026-07-27 02:51:46 | DEBUG    | clean_data           | Converted CURRENT from float64 to numeric
2026-07-27 02:51:46 | DEBUG    | clean_data           | Converted CHANGE from float64 to numeric
2026-07-27 02:51:46 | WARNING  | clean_data           | Column CHANGE (%): 492 values could not be converted to numeric
2026-07-27 02:51:46 | DEBUG    | clean_data           | Converted CHANGE (%) from str to numeric
2026-07-27 02:51:46 | DEBUG    | clean_data           | Converted VOLUME from int64 to numeric
2026-07-27 02:51:46 | INFO     | clean_data           | ✅ Data cleaned (492 rows, 16 columns)
2026-07-27 02:51:46 | DEBUG    | clean_data           | Final columns: ['SYMBOL', 'SECTOR', 'LDCP', 'OPEN', 'HIGH', 'LOW', 'CURRENT', 'CHANGE', 'CHANGE (%)', 'VOLUME', 'YEAR', 'MONTH', 'DAY', 'HOUR', 'MINUTE', 'DATETIME']
2026-07-27 02:51:46 | DEBUG    | get_file_path        | Generated file path: data/2026/07/2026-07-27.xlsx
2026-07-27 02:51:46 | INFO     | save_data            | Saving data to: data/2026/07/2026-07-27.xlsx
2026-07-27 02:51:46 | DEBUG    | _create_backup       | Backup created: data/2026/07/backups/2026-07-27_backup_20260727_025146.xlsx
2026-07-27 02:51:46 | DEBUG    | save_data            | Existing file found, merging data...
2026-07-27 02:51:46 | DEBUG    | save_data            | Loaded 984 existing rows
2026-07-27 02:51:46 | DEBUG    | save_data            | Combined to 1476 rows
2026-07-27 02:51:46 | DEBUG    | save_data            | Writing to temporary file...
2026-07-27 02:51:46 | DEBUG    | save_data            | Data written to temp file: /home/runner/work/Thalorae-BackLioraen/Thalorae-BackLioraen/data/2026/07/tmpxh_x61p5.xlsx
2026-07-27 02:51:46 | DEBUG    | save_data            | Temp file moved to final location
2026-07-27 02:51:46 | INFO     | save_data            | ✅ Data saved successfully (1476 total rows, 114,424 bytes)
2026-07-27 02:51:46 | INFO     | run                  | ======================================================================
2026-07-27 02:51:46 | INFO     | run                  | 📊 EXECUTION SUMMARY:
2026-07-27 02:51:46 | INFO     | run                  |    ✅ Status: SUCCESS
2026-07-27 02:51:46 | INFO     | run                  |    - Rows processed: 492
2026-07-27 02:51:46 | INFO     | run                  |    - Unique symbols: 492
2026-07-27 02:51:46 | INFO     | run                  |    - Timestamp: 2026-07-27 07:51:40
2026-07-27 02:51:46 | INFO     | run                  |    - File: data/2026/07/2026-07-27.xlsx
2026-07-27 02:51:46 | INFO     | run                  | ======================================================================
2026-07-27 02:51:46 | DEBUG    | run                  | Sample data (first row):
2026-07-27 02:51:46 | DEBUG    | run                  | {'SYMBOL': 'CNERGY', 'SECTOR': 825, 'LDCP': 10.29, 'OPEN': 10.11, 'HIGH': 10.59, 'LOW': 10.05, 'CURRENT': 10.29, 'CHANGE': 0.19, 'CHANGE (%)': nan, 'VOLUME': 59327773, 'YEAR': 2026, 'MONTH': 7, 'DAY': 27, 'HOUR': 7, 'MINUTE': 51, 'DATETIME': '2026-07-27 07:51'}
2026-07-27 02:51:46 | DEBUG    | close                | Session closed
2026-07-27 02:56:47 | INFO     | run                  | ======================================================================
2026-07-27 02:56:47 | INFO     | run                  | 🚀 MARKET DATA SCRAPER - SINGLE EXECUTION
2026-07-27 02:56:47 | INFO     | run                  | ======================================================================
2026-07-27 02:56:47 | INFO     | run                  | Execution Time: 2026-07-27 07:56:47 PKT
2026-07-27 02:56:47 | INFO     | run                  | Configuration:
2026-07-27 02:56:47 | INFO     | run                  |    - Timezone: Asia/Karachi
2026-07-27 02:56:47 | INFO     | run                  |    - Data directory: data
2026-07-27 02:56:47 | INFO     | run                  |    - Log directory: logs
2026-07-27 02:56:47 | INFO     | run                  |    - Excluded symbols: {'XR', 'XT', 'XD', 'XS'}
2026-07-27 02:56:47 | INFO     | run                  | ======================================================================
2026-07-27 02:56:47 | INFO     | fetch_data           | Fetching data (Attempt 1/3)...
2026-07-27 02:56:47 | DEBUG    | fetch_data           | Establishing session with https://dps.psx.com.pk/
2026-07-27 02:56:51 | DEBUG    | fetch_data           | Requesting data from https://dps.psx.com.pk/market-watch
2026-07-27 02:56:52 | DEBUG    | fetch_data           | Response status: 200
2026-07-27 02:56:52 | DEBUG    | fetch_data           | Response content type: text/html; charset=utf-8
2026-07-27 02:56:52 | DEBUG    | fetch_data           | Response size: 471798 bytes
2026-07-27 02:56:52 | INFO     | fetch_data           | ✅ Data fetched successfully (Status: 200)
2026-07-27 02:56:52 | DEBUG    | parse_json           | Attempting JSON parsing...
2026-07-27 02:56:52 | DEBUG    | parse_json           | Response preview: <table class="tbl" data-page-length="25"><thead class="tbl__head"><!-- tr--><!--   th(colspan="11")--><!--   th.center(colspan="2", style="width: 110px;") TOTAL BUY ORDERS--><!--   th.center(colspan="2", style="width: 110px;") TOTAL SELL ORDERS--><tr><th data-name="symbol">SYMBOL</th><th data-name="sector">SECTOR</th><th data-name="listed">LISTED IN</th><th class="right" data-name="ldcp">LDCP</th><th class="right" data-name="open">OPEN</th><th class="right" data-name="high">HIGH</th><th class="r
2026-07-27 02:56:52 | WARNING  | parse_json           | ⚠️ JSON parsing failed: Expecting value: line 1 column 1 (char 0)
2026-07-27 02:56:52 | INFO     | run                  | JSON parsing failed, trying HTML fallback...
2026-07-27 02:56:52 | INFO     | parse_html           | Attempting HTML fallback parsing...
2026-07-27 02:56:52 | DEBUG    | parse_html           | Found 1 table(s) in HTML
2026-07-27 02:56:52 | DEBUG    | parse_html           | Table columns: ['SYMBOL', 'SECTOR', 'LISTED IN', 'LDCP', 'OPEN', 'HIGH', 'LOW', 'CURRENT', 'CHANGE', 'CHANGE (%)', 'VOLUME']
2026-07-27 02:56:52 | DEBUG    | parse_html           | Table shape: (492, 11)
2026-07-27 02:56:52 | INFO     | parse_html           | ✅ HTML parsed successfully (492 rows)
2026-07-27 02:56:52 | INFO     | clean_data           | Cleaning data...
2026-07-27 02:56:52 | DEBUG    | clean_data           | Initial shape: (492, 11)
2026-07-27 02:56:52 | DEBUG    | clean_data           | Initial columns: ['SYMBOL', 'SECTOR', 'LISTED IN', 'LDCP', 'OPEN', 'HIGH', 'LOW', 'CURRENT', 'CHANGE', 'CHANGE (%)', 'VOLUME']
2026-07-27 02:56:52 | DEBUG    | clean_data           | Removed 'LISTED IN' column
2026-07-27 02:56:52 | DEBUG    | clean_data           | Converted LDCP from float64 to numeric
2026-07-27 02:56:52 | DEBUG    | clean_data           | Converted OPEN from float64 to numeric
2026-07-27 02:56:52 | DEBUG    | clean_data           | Converted HIGH from float64 to numeric
2026-07-27 02:56:52 | DEBUG    | clean_data           | Converted LOW from float64 to numeric
2026-07-27 02:56:52 | DEBUG    | clean_data           | Converted CURRENT from float64 to numeric
2026-07-27 02:56:52 | DEBUG    | clean_data           | Converted CHANGE from float64 to numeric
2026-07-27 02:56:52 | WARNING  | clean_data           | Column CHANGE (%): 492 values could not be converted to numeric
2026-07-27 02:56:52 | DEBUG    | clean_data           | Converted CHANGE (%) from str to numeric
2026-07-27 02:56:52 | DEBUG    | clean_data           | Converted VOLUME from int64 to numeric
2026-07-27 02:56:52 | INFO     | clean_data           | ✅ Data cleaned (492 rows, 16 columns)
2026-07-27 02:56:52 | DEBUG    | clean_data           | Final columns: ['SYMBOL', 'SECTOR', 'LDCP', 'OPEN', 'HIGH', 'LOW', 'CURRENT', 'CHANGE', 'CHANGE (%)', 'VOLUME', 'YEAR', 'MONTH', 'DAY', 'HOUR', 'MINUTE', 'DATETIME']
2026-07-27 02:56:52 | DEBUG    | get_file_path        | Generated file path: data/2026/07/2026-07-27.xlsx
2026-07-27 02:56:52 | INFO     | save_data            | Saving data to: data/2026/07/2026-07-27.xlsx
2026-07-27 02:56:52 | DEBUG    | _create_backup       | Backup created: data/2026/07/backups/2026-07-27_backup_20260727_025652.xlsx
2026-07-27 02:56:52 | DEBUG    | save_data            | Existing file found, merging data...
2026-07-27 02:56:52 | DEBUG    | save_data            | Loaded 1476 existing rows
2026-07-27 02:56:52 | DEBUG    | save_data            | Combined to 1968 rows
2026-07-27 02:56:52 | DEBUG    | save_data            | Writing to temporary file...
2026-07-27 02:56:53 | DEBUG    | save_data            | Data written to temp file: /home/runner/work/Thalorae-BackLioraen/Thalorae-BackLioraen/data/2026/07/tmpi5i5smzt.xlsx
2026-07-27 02:56:53 | DEBUG    | save_data            | Temp file moved to final location
2026-07-27 02:56:53 | INFO     | save_data            | ✅ Data saved successfully (1968 total rows, 150,883 bytes)
2026-07-27 02:56:53 | INFO     | run                  | ======================================================================
2026-07-27 02:56:53 | INFO     | run                  | 📊 EXECUTION SUMMARY:
2026-07-27 02:56:53 | INFO     | run                  |    ✅ Status: SUCCESS
2026-07-27 02:56:53 | INFO     | run                  |    - Rows processed: 492
2026-07-27 02:56:53 | INFO     | run                  |    - Unique symbols: 492
2026-07-27 02:56:53 | INFO     | run                  |    - Timestamp: 2026-07-27 07:56:47
2026-07-27 02:56:53 | INFO     | run                  |    - File: data/2026/07/2026-07-27.xlsx
2026-07-27 02:56:53 | INFO     | run                  | ======================================================================
2026-07-27 02:56:53 | DEBUG    | run                  | Sample data (first row):
2026-07-27 02:56:53 | DEBUG    | run                  | {'SYMBOL': 'CNERGY', 'SECTOR': 825, 'LDCP': 10.29, 'OPEN': 10.11, 'HIGH': 10.59, 'LOW': 10.05, 'CURRENT': 10.29, 'CHANGE': 0.19, 'CHANGE (%)': nan, 'VOLUME': 59327773, 'YEAR': 2026, 'MONTH': 7, 'DAY': 27, 'HOUR': 7, 'MINUTE': 56, 'DATETIME': '2026-07-27 07:56'}
2026-07-27 02:56:53 | DEBUG    | close                | Session closed
2026-07-27 03:01:53 | INFO     | run                  | ======================================================================
2026-07-27 03:01:53 | INFO     | run                  | 🚀 MARKET DATA SCRAPER - SINGLE EXECUTION
2026-07-27 03:01:53 | INFO     | run                  | ======================================================================
2026-07-27 03:01:53 | INFO     | run                  | Execution Time: 2026-07-27 08:01:53 PKT
2026-07-27 03:01:53 | INFO     | run                  | Configuration:
2026-07-27 03:01:53 | INFO     | run                  |    - Timezone: Asia/Karachi
2026-07-27 03:01:53 | INFO     | run                  |    - Data directory: data
2026-07-27 03:01:53 | INFO     | run                  |    - Log directory: logs
2026-07-27 03:01:53 | INFO     | run                  |    - Excluded symbols: {'XT', 'XS', 'XR', 'XD'}
2026-07-27 03:01:53 | INFO     | run                  | ======================================================================
2026-07-27 03:01:53 | INFO     | fetch_data           | Fetching data (Attempt 1/3)...
2026-07-27 03:01:53 | DEBUG    | fetch_data           | Establishing session with https://dps.psx.com.pk/
2026-07-27 03:01:57 | DEBUG    | fetch_data           | Requesting data from https://dps.psx.com.pk/market-watch
2026-07-27 03:01:59 | DEBUG    | fetch_data           | Response status: 200
2026-07-27 03:01:59 | DEBUG    | fetch_data           | Response content type: text/html; charset=utf-8
2026-07-27 03:01:59 | DEBUG    | fetch_data           | Response size: 471798 bytes
2026-07-27 03:01:59 | INFO     | fetch_data           | ✅ Data fetched successfully (Status: 200)
2026-07-27 03:01:59 | DEBUG    | parse_json           | Attempting JSON parsing...
2026-07-27 03:01:59 | DEBUG    | parse_json           | Response preview: <table class="tbl" data-page-length="25"><thead class="tbl__head"><!-- tr--><!--   th(colspan="11")--><!--   th.center(colspan="2", style="width: 110px;") TOTAL BUY ORDERS--><!--   th.center(colspan="2", style="width: 110px;") TOTAL SELL ORDERS--><tr><th data-name="symbol">SYMBOL</th><th data-name="sector">SECTOR</th><th data-name="listed">LISTED IN</th><th class="right" data-name="ldcp">LDCP</th><th class="right" data-name="open">OPEN</th><th class="right" data-name="high">HIGH</th><th class="r
2026-07-27 03:01:59 | WARNING  | parse_json           | ⚠️ JSON parsing failed: Expecting value: line 1 column 1 (char 0)
2026-07-27 03:01:59 | INFO     | run                  | JSON parsing failed, trying HTML fallback...
2026-07-27 03:01:59 | INFO     | parse_html           | Attempting HTML fallback parsing...
2026-07-27 03:01:59 | DEBUG    | parse_html           | Found 1 table(s) in HTML
2026-07-27 03:01:59 | DEBUG    | parse_html           | Table columns: ['SYMBOL', 'SECTOR', 'LISTED IN', 'LDCP', 'OPEN', 'HIGH', 'LOW', 'CURRENT', 'CHANGE', 'CHANGE (%)', 'VOLUME']
2026-07-27 03:01:59 | DEBUG    | parse_html           | Table shape: (492, 11)
2026-07-27 03:01:59 | INFO     | parse_html           | ✅ HTML parsed successfully (492 rows)
2026-07-27 03:01:59 | INFO     | clean_data           | Cleaning data...
2026-07-27 03:01:59 | DEBUG    | clean_data           | Initial shape: (492, 11)
2026-07-27 03:01:59 | DEBUG    | clean_data           | Initial columns: ['SYMBOL', 'SECTOR', 'LISTED IN', 'LDCP', 'OPEN', 'HIGH', 'LOW', 'CURRENT', 'CHANGE', 'CHANGE (%)', 'VOLUME']
2026-07-27 03:01:59 | DEBUG    | clean_data           | Removed 'LISTED IN' column
2026-07-27 03:01:59 | DEBUG    | clean_data           | Converted LDCP from float64 to numeric
2026-07-27 03:01:59 | DEBUG    | clean_data           | Converted OPEN from float64 to numeric
2026-07-27 03:01:59 | DEBUG    | clean_data           | Converted HIGH from float64 to numeric
2026-07-27 03:01:59 | DEBUG    | clean_data           | Converted LOW from float64 to numeric
2026-07-27 03:01:59 | DEBUG    | clean_data           | Converted CURRENT from float64 to numeric
2026-07-27 03:01:59 | DEBUG    | clean_data           | Converted CHANGE from float64 to numeric
2026-07-27 03:01:59 | WARNING  | clean_data           | Column CHANGE (%): 492 values could not be converted to numeric
2026-07-27 03:01:59 | DEBUG    | clean_data           | Converted CHANGE (%) from str to numeric
2026-07-27 03:01:59 | DEBUG    | clean_data           | Converted VOLUME from int64 to numeric
2026-07-27 03:01:59 | INFO     | clean_data           | ✅ Data cleaned (492 rows, 16 columns)
2026-07-27 03:01:59 | DEBUG    | clean_data           | Final columns: ['SYMBOL', 'SECTOR', 'LDCP', 'OPEN', 'HIGH', 'LOW', 'CURRENT', 'CHANGE', 'CHANGE (%)', 'VOLUME', 'YEAR', 'MONTH', 'DAY', 'HOUR', 'MINUTE', 'DATETIME']
2026-07-27 03:01:59 | DEBUG    | get_file_path        | Generated file path: data/2026/07/2026-07-27.xlsx
2026-07-27 03:01:59 | INFO     | save_data            | Saving data to: data/2026/07/2026-07-27.xlsx
2026-07-27 03:01:59 | DEBUG    | _create_backup       | Backup created: data/2026/07/backups/2026-07-27_backup_20260727_030159.xlsx
2026-07-27 03:01:59 | DEBUG    | save_data            | Existing file found, merging data...
2026-07-27 03:01:59 | DEBUG    | save_data            | Loaded 1968 existing rows
2026-07-27 03:01:59 | DEBUG    | save_data            | Combined to 2460 rows
2026-07-27 03:01:59 | DEBUG    | save_data            | Writing to temporary file...
2026-07-27 03:02:00 | DEBUG    | save_data            | Data written to temp file: /home/runner/work/Thalorae-BackLioraen/Thalorae-BackLioraen/data/2026/07/tmpcxfelxpj.xlsx
2026-07-27 03:02:00 | DEBUG    | save_data            | Temp file moved to final location
2026-07-27 03:02:00 | INFO     | save_data            | ✅ Data saved successfully (2460 total rows, 187,765 bytes)
2026-07-27 03:02:00 | INFO     | run                  | ======================================================================
2026-07-27 03:02:00 | INFO     | run                  | 📊 EXECUTION SUMMARY:
2026-07-27 03:02:00 | INFO     | run                  |    ✅ Status: SUCCESS
2026-07-27 03:02:00 | INFO     | run                  |    - Rows processed: 492
2026-07-27 03:02:00 | INFO     | run                  |    - Unique symbols: 492
2026-07-27 03:02:00 | INFO     | run                  |    - Timestamp: 2026-07-27 08:01:53
2026-07-27 03:02:00 | INFO     | run                  |    - File: data/2026/07/2026-07-27.xlsx
2026-07-27 03:02:00 | INFO     | run                  | ======================================================================
2026-07-27 03:02:00 | DEBUG    | run                  | Sample data (first row):
2026-07-27 03:02:00 | DEBUG    | run                  | {'SYMBOL': 'CNERGY', 'SECTOR': 825, 'LDCP': 10.29, 'OPEN': 10.11, 'HIGH': 10.59, 'LOW': 10.05, 'CURRENT': 10.29, 'CHANGE': 0.19, 'CHANGE (%)': nan, 'VOLUME': 59327773, 'YEAR': 2026, 'MONTH': 7, 'DAY': 27, 'HOUR': 8, 'MINUTE': 1, 'DATETIME': '2026-07-27 08:01'}
2026-07-27 03:02:00 | DEBUG    | close                | Session closed
2026-07-27 03:07:00 | INFO     | run                  | ======================================================================
2026-07-27 03:07:00 | INFO     | run                  | 🚀 MARKET DATA SCRAPER - SINGLE EXECUTION
2026-07-27 03:07:00 | INFO     | run                  | ======================================================================
2026-07-27 03:07:00 | INFO     | run                  | Execution Time: 2026-07-27 08:07:00 PKT
2026-07-27 03:07:00 | INFO     | run                  | Configuration:
2026-07-27 03:07:00 | INFO     | run                  |    - Timezone: Asia/Karachi
2026-07-27 03:07:00 | INFO     | run                  |    - Data directory: data
2026-07-27 03:07:00 | INFO     | run                  |    - Log directory: logs
2026-07-27 03:07:00 | INFO     | run                  |    - Excluded symbols: {'XR', 'XD', 'XS', 'XT'}
2026-07-27 03:07:00 | INFO     | run                  | ======================================================================
2026-07-27 03:07:00 | INFO     | fetch_data           | Fetching data (Attempt 1/3)...
2026-07-27 03:07:00 | DEBUG    | fetch_data           | Establishing session with https://dps.psx.com.pk/
2026-07-27 03:07:04 | DEBUG    | fetch_data           | Requesting data from https://dps.psx.com.pk/market-watch
2026-07-27 03:07:06 | DEBUG    | fetch_data           | Response status: 200
2026-07-27 03:07:06 | DEBUG    | fetch_data           | Response content type: text/html; charset=utf-8
2026-07-27 03:07:06 | DEBUG    | fetch_data           | Response size: 471798 bytes
2026-07-27 03:07:06 | INFO     | fetch_data           | ✅ Data fetched successfully (Status: 200)
2026-07-27 03:07:06 | DEBUG    | parse_json           | Attempting JSON parsing...
2026-07-27 03:07:06 | DEBUG    | parse_json           | Response preview: <table class="tbl" data-page-length="25"><thead class="tbl__head"><!-- tr--><!--   th(colspan="11")--><!--   th.center(colspan="2", style="width: 110px;") TOTAL BUY ORDERS--><!--   th.center(colspan="2", style="width: 110px;") TOTAL SELL ORDERS--><tr><th data-name="symbol">SYMBOL</th><th data-name="sector">SECTOR</th><th data-name="listed">LISTED IN</th><th class="right" data-name="ldcp">LDCP</th><th class="right" data-name="open">OPEN</th><th class="right" data-name="high">HIGH</th><th class="r
2026-07-27 03:07:06 | WARNING  | parse_json           | ⚠️ JSON parsing failed: Expecting value: line 1 column 1 (char 0)
2026-07-27 03:07:06 | INFO     | run                  | JSON parsing failed, trying HTML fallback...
2026-07-27 03:07:06 | INFO     | parse_html           | Attempting HTML fallback parsing...
2026-07-27 03:07:06 | DEBUG    | parse_html           | Found 1 table(s) in HTML
2026-07-27 03:07:06 | DEBUG    | parse_html           | Table columns: ['SYMBOL', 'SECTOR', 'LISTED IN', 'LDCP', 'OPEN', 'HIGH', 'LOW', 'CURRENT', 'CHANGE', 'CHANGE (%)', 'VOLUME']
2026-07-27 03:07:06 | DEBUG    | parse_html           | Table shape: (492, 11)
2026-07-27 03:07:06 | INFO     | parse_html           | ✅ HTML parsed successfully (492 rows)
2026-07-27 03:07:06 | INFO     | clean_data           | Cleaning data...
2026-07-27 03:07:06 | DEBUG    | clean_data           | Initial shape: (492, 11)
2026-07-27 03:07:06 | DEBUG    | clean_data           | Initial columns: ['SYMBOL', 'SECTOR', 'LISTED IN', 'LDCP', 'OPEN', 'HIGH', 'LOW', 'CURRENT', 'CHANGE', 'CHANGE (%)', 'VOLUME']
2026-07-27 03:07:06 | DEBUG    | clean_data           | Removed 'LISTED IN' column
2026-07-27 03:07:06 | DEBUG    | clean_data           | Converted LDCP from float64 to numeric
2026-07-27 03:07:06 | DEBUG    | clean_data           | Converted OPEN from float64 to numeric
2026-07-27 03:07:06 | DEBUG    | clean_data           | Converted HIGH from float64 to numeric
2026-07-27 03:07:06 | DEBUG    | clean_data           | Converted LOW from float64 to numeric
2026-07-27 03:07:06 | DEBUG    | clean_data           | Converted CURRENT from float64 to numeric
2026-07-27 03:07:06 | DEBUG    | clean_data           | Converted CHANGE from float64 to numeric
2026-07-27 03:07:06 | WARNING  | clean_data           | Column CHANGE (%): 492 values could not be converted to numeric
2026-07-27 03:07:06 | DEBUG    | clean_data           | Converted CHANGE (%) from str to numeric
2026-07-27 03:07:06 | DEBUG    | clean_data           | Converted VOLUME from int64 to numeric
2026-07-27 03:07:06 | INFO     | clean_data           | ✅ Data cleaned (492 rows, 16 columns)
2026-07-27 03:07:06 | DEBUG    | clean_data           | Final columns: ['SYMBOL', 'SECTOR', 'LDCP', 'OPEN', 'HIGH', 'LOW', 'CURRENT', 'CHANGE', 'CHANGE (%)', 'VOLUME', 'YEAR', 'MONTH', 'DAY', 'HOUR', 'MINUTE', 'DATETIME']
2026-07-27 03:07:06 | DEBUG    | get_file_path        | Generated file path: data/2026/07/2026-07-27.xlsx
2026-07-27 03:07:06 | INFO     | save_data            | Saving data to: data/2026/07/2026-07-27.xlsx
2026-07-27 03:07:06 | DEBUG    | _create_backup       | Backup created: data/2026/07/backups/2026-07-27_backup_20260727_030706.xlsx
2026-07-27 03:07:06 | DEBUG    | save_data            | Existing file found, merging data...
2026-07-27 03:07:06 | DEBUG    | save_data            | Loaded 2460 existing rows
2026-07-27 03:07:06 | DEBUG    | save_data            | Combined to 2952 rows
2026-07-27 03:07:06 | DEBUG    | save_data            | Writing to temporary file...
2026-07-27 03:07:06 | DEBUG    | save_data            | Data written to temp file: /home/runner/work/Thalorae-BackLioraen/Thalorae-BackLioraen/data/2026/07/tmpuj3zxmwl.xlsx
2026-07-27 03:07:06 | DEBUG    | save_data            | Temp file moved to final location
2026-07-27 03:07:06 | INFO     | save_data            | ✅ Data saved successfully (2952 total rows, 224,311 bytes)
2026-07-27 03:07:06 | INFO     | run                  | ======================================================================
2026-07-27 03:07:06 | INFO     | run                  | 📊 EXECUTION SUMMARY:
2026-07-27 03:07:06 | INFO     | run                  |    ✅ Status: SUCCESS
2026-07-27 03:07:06 | INFO     | run                  |    - Rows processed: 492
2026-07-27 03:07:06 | INFO     | run                  |    - Unique symbols: 492
2026-07-27 03:07:06 | INFO     | run                  |    - Timestamp: 2026-07-27 08:07:00
2026-07-27 03:07:06 | INFO     | run                  |    - File: data/2026/07/2026-07-27.xlsx
2026-07-27 03:07:06 | INFO     | run                  | ======================================================================
2026-07-27 03:07:06 | DEBUG    | run                  | Sample data (first row):
2026-07-27 03:07:06 | DEBUG    | run                  | {'SYMBOL': 'CNERGY', 'SECTOR': 825, 'LDCP': 10.29, 'OPEN': 10.11, 'HIGH': 10.59, 'LOW': 10.05, 'CURRENT': 10.29, 'CHANGE': 0.19, 'CHANGE (%)': nan, 'VOLUME': 59327773, 'YEAR': 2026, 'MONTH': 7, 'DAY': 27, 'HOUR': 8, 'MINUTE': 7, 'DATETIME': '2026-07-27 08:07'}
2026-07-27 03:07:06 | DEBUG    | close                | Session closed
2026-07-27 03:12:07 | INFO     | run                  | ======================================================================
2026-07-27 03:12:07 | INFO     | run                  | 🚀 MARKET DATA SCRAPER - SINGLE EXECUTION
2026-07-27 03:12:07 | INFO     | run                  | ======================================================================
2026-07-27 03:12:07 | INFO     | run                  | Execution Time: 2026-07-27 08:12:07 PKT
2026-07-27 03:12:07 | INFO     | run                  | Configuration:
2026-07-27 03:12:07 | INFO     | run                  |    - Timezone: Asia/Karachi
2026-07-27 03:12:07 | INFO     | run                  |    - Data directory: data
2026-07-27 03:12:07 | INFO     | run                  |    - Log directory: logs
2026-07-27 03:12:07 | INFO     | run                  |    - Excluded symbols: {'XD', 'XT', 'XS', 'XR'}
2026-07-27 03:12:07 | INFO     | run                  | ======================================================================
2026-07-27 03:12:07 | INFO     | fetch_data           | Fetching data (Attempt 1/3)...
2026-07-27 03:12:07 | DEBUG    | fetch_data           | Establishing session with https://dps.psx.com.pk/
2026-07-27 03:12:11 | DEBUG    | fetch_data           | Requesting data from https://dps.psx.com.pk/market-watch
2026-07-27 03:12:12 | DEBUG    | fetch_data           | Response status: 200
2026-07-27 03:12:12 | DEBUG    | fetch_data           | Response content type: text/html; charset=utf-8
2026-07-27 03:12:12 | DEBUG    | fetch_data           | Response size: 471798 bytes
2026-07-27 03:12:12 | INFO     | fetch_data           | ✅ Data fetched successfully (Status: 200)
2026-07-27 03:12:12 | DEBUG    | parse_json           | Attempting JSON parsing...
2026-07-27 03:12:12 | DEBUG    | parse_json           | Response preview: <table class="tbl" data-page-length="25"><thead class="tbl__head"><!-- tr--><!--   th(colspan="11")--><!--   th.center(colspan="2", style="width: 110px;") TOTAL BUY ORDERS--><!--   th.center(colspan="2", style="width: 110px;") TOTAL SELL ORDERS--><tr><th data-name="symbol">SYMBOL</th><th data-name="sector">SECTOR</th><th data-name="listed">LISTED IN</th><th class="right" data-name="ldcp">LDCP</th><th class="right" data-name="open">OPEN</th><th class="right" data-name="high">HIGH</th><th class="r
2026-07-27 03:12:12 | WARNING  | parse_json           | ⚠️ JSON parsing failed: Expecting value: line 1 column 1 (char 0)
2026-07-27 03:12:12 | INFO     | run                  | JSON parsing failed, trying HTML fallback...
2026-07-27 03:12:12 | INFO     | parse_html           | Attempting HTML fallback parsing...
2026-07-27 03:12:12 | DEBUG    | parse_html           | Found 1 table(s) in HTML
2026-07-27 03:12:12 | DEBUG    | parse_html           | Table columns: ['SYMBOL', 'SECTOR', 'LISTED IN', 'LDCP', 'OPEN', 'HIGH', 'LOW', 'CURRENT', 'CHANGE', 'CHANGE (%)', 'VOLUME']
2026-07-27 03:12:12 | DEBUG    | parse_html           | Table shape: (492, 11)
2026-07-27 03:12:12 | INFO     | parse_html           | ✅ HTML parsed successfully (492 rows)
2026-07-27 03:12:12 | INFO     | clean_data           | Cleaning data...
2026-07-27 03:12:12 | DEBUG    | clean_data           | Initial shape: (492, 11)
2026-07-27 03:12:12 | DEBUG    | clean_data           | Initial columns: ['SYMBOL', 'SECTOR', 'LISTED IN', 'LDCP', 'OPEN', 'HIGH', 'LOW', 'CURRENT', 'CHANGE', 'CHANGE (%)', 'VOLUME']
2026-07-27 03:12:12 | DEBUG    | clean_data           | Removed 'LISTED IN' column
2026-07-27 03:12:12 | DEBUG    | clean_data           | Converted LDCP from float64 to numeric
2026-07-27 03:12:12 | DEBUG    | clean_data           | Converted OPEN from float64 to numeric
2026-07-27 03:12:12 | DEBUG    | clean_data           | Converted HIGH from float64 to numeric
2026-07-27 03:12:12 | DEBUG    | clean_data           | Converted LOW from float64 to numeric
2026-07-27 03:12:12 | DEBUG    | clean_data           | Converted CURRENT from float64 to numeric
2026-07-27 03:12:12 | DEBUG    | clean_data           | Converted CHANGE from float64 to numeric
2026-07-27 03:12:12 | WARNING  | clean_data           | Column CHANGE (%): 492 values could not be converted to numeric
2026-07-27 03:12:12 | DEBUG    | clean_data           | Converted CHANGE (%) from str to numeric
2026-07-27 03:12:12 | DEBUG    | clean_data           | Converted VOLUME from int64 to numeric
2026-07-27 03:12:12 | INFO     | clean_data           | ✅ Data cleaned (492 rows, 16 columns)
2026-07-27 03:12:12 | DEBUG    | clean_data           | Final columns: ['SYMBOL', 'SECTOR', 'LDCP', 'OPEN', 'HIGH', 'LOW', 'CURRENT', 'CHANGE', 'CHANGE (%)', 'VOLUME', 'YEAR', 'MONTH', 'DAY', 'HOUR', 'MINUTE', 'DATETIME']
2026-07-27 03:12:12 | DEBUG    | get_file_path        | Generated file path: data/2026/07/2026-07-27.xlsx
2026-07-27 03:12:12 | INFO     | save_data            | Saving data to: data/2026/07/2026-07-27.xlsx
2026-07-27 03:12:12 | DEBUG    | _create_backup       | Backup created: data/2026/07/backups/2026-07-27_backup_20260727_031212.xlsx
2026-07-27 03:12:12 | DEBUG    | _cleanup_old_backups | Removed old backup: 2026-07-27_backup_20260727_024639.xlsx
2026-07-27 03:12:12 | DEBUG    | save_data            | Existing file found, merging data...
2026-07-27 03:12:13 | DEBUG    | save_data            | Loaded 2952 existing rows
2026-07-27 03:12:13 | DEBUG    | save_data            | Combined to 3444 rows
2026-07-27 03:12:13 | DEBUG    | save_data            | Writing to temporary file...
2026-07-27 03:12:13 | DEBUG    | save_data            | Data written to temp file: /home/runner/work/Thalorae-BackLioraen/Thalorae-BackLioraen/data/2026/07/tmpb6tfatz1.xlsx
2026-07-27 03:12:13 | DEBUG    | save_data            | Temp file moved to final location
2026-07-27 03:12:13 | INFO     | save_data            | ✅ Data saved successfully (3444 total rows, 261,102 bytes)
2026-07-27 03:12:13 | INFO     | run                  | ======================================================================
2026-07-27 03:12:13 | INFO     | run                  | 📊 EXECUTION SUMMARY:
2026-07-27 03:12:13 | INFO     | run                  |    ✅ Status: SUCCESS
2026-07-27 03:12:13 | INFO     | run                  |    - Rows processed: 492
2026-07-27 03:12:13 | INFO     | run                  |    - Unique symbols: 492
2026-07-27 03:12:13 | INFO     | run                  |    - Timestamp: 2026-07-27 08:12:07
2026-07-27 03:12:13 | INFO     | run                  |    - File: data/2026/07/2026-07-27.xlsx
2026-07-27 03:12:13 | INFO     | run                  | ======================================================================
2026-07-27 03:12:13 | DEBUG    | run                  | Sample data (first row):
2026-07-27 03:12:13 | DEBUG    | run                  | {'SYMBOL': 'CNERGY', 'SECTOR': 825, 'LDCP': 10.29, 'OPEN': 10.11, 'HIGH': 10.59, 'LOW': 10.05, 'CURRENT': 10.29, 'CHANGE': 0.19, 'CHANGE (%)': nan, 'VOLUME': 59327773, 'YEAR': 2026, 'MONTH': 7, 'DAY': 27, 'HOUR': 8, 'MINUTE': 12, 'DATETIME': '2026-07-27 08:12'}
2026-07-27 03:12:13 | DEBUG    | close                | Session closed
2026-07-27 03:17:14 | INFO     | run                  | ======================================================================
2026-07-27 03:17:14 | INFO     | run                  | 🚀 MARKET DATA SCRAPER - SINGLE EXECUTION
2026-07-27 03:17:14 | INFO     | run                  | ======================================================================
2026-07-27 03:17:14 | INFO     | run                  | Execution Time: 2026-07-27 08:17:14 PKT
2026-07-27 03:17:14 | INFO     | run                  | Configuration:
2026-07-27 03:17:14 | INFO     | run                  |    - Timezone: Asia/Karachi
2026-07-27 03:17:14 | INFO     | run                  |    - Data directory: data
2026-07-27 03:17:14 | INFO     | run                  |    - Log directory: logs
2026-07-27 03:17:14 | INFO     | run                  |    - Excluded symbols: {'XT', 'XD', 'XR', 'XS'}
2026-07-27 03:17:14 | INFO     | run                  | ======================================================================
2026-07-27 03:17:14 | INFO     | fetch_data           | Fetching data (Attempt 1/3)...
2026-07-27 03:17:14 | DEBUG    | fetch_data           | Establishing session with https://dps.psx.com.pk/
2026-07-27 03:17:17 | DEBUG    | fetch_data           | Requesting data from https://dps.psx.com.pk/market-watch
2026-07-27 03:17:18 | DEBUG    | fetch_data           | Response status: 200
2026-07-27 03:17:18 | DEBUG    | fetch_data           | Response content type: text/html; charset=utf-8
2026-07-27 03:17:18 | DEBUG    | fetch_data           | Response size: 471798 bytes
2026-07-27 03:17:18 | INFO     | fetch_data           | ✅ Data fetched successfully (Status: 200)
2026-07-27 03:17:18 | DEBUG    | parse_json           | Attempting JSON parsing...
2026-07-27 03:17:18 | DEBUG    | parse_json           | Response preview: <table class="tbl" data-page-length="25"><thead class="tbl__head"><!-- tr--><!--   th(colspan="11")--><!--   th.center(colspan="2", style="width: 110px;") TOTAL BUY ORDERS--><!--   th.center(colspan="2", style="width: 110px;") TOTAL SELL ORDERS--><tr><th data-name="symbol">SYMBOL</th><th data-name="sector">SECTOR</th><th data-name="listed">LISTED IN</th><th class="right" data-name="ldcp">LDCP</th><th class="right" data-name="open">OPEN</th><th class="right" data-name="high">HIGH</th><th class="r
2026-07-27 03:17:18 | WARNING  | parse_json           | ⚠️ JSON parsing failed: Expecting value: line 1 column 1 (char 0)
2026-07-27 03:17:18 | INFO     | run                  | JSON parsing failed, trying HTML fallback...
2026-07-27 03:17:18 | INFO     | parse_html           | Attempting HTML fallback parsing...
2026-07-27 03:17:18 | DEBUG    | parse_html           | Found 1 table(s) in HTML
2026-07-27 03:17:18 | DEBUG    | parse_html           | Table columns: ['SYMBOL', 'SECTOR', 'LISTED IN', 'LDCP', 'OPEN', 'HIGH', 'LOW', 'CURRENT', 'CHANGE', 'CHANGE (%)', 'VOLUME']
2026-07-27 03:17:18 | DEBUG    | parse_html           | Table shape: (492, 11)
2026-07-27 03:17:18 | INFO     | parse_html           | ✅ HTML parsed successfully (492 rows)
2026-07-27 03:17:18 | INFO     | clean_data           | Cleaning data...
2026-07-27 03:17:18 | DEBUG    | clean_data           | Initial shape: (492, 11)
2026-07-27 03:17:18 | DEBUG    | clean_data           | Initial columns: ['SYMBOL', 'SECTOR', 'LISTED IN', 'LDCP', 'OPEN', 'HIGH', 'LOW', 'CURRENT', 'CHANGE', 'CHANGE (%)', 'VOLUME']
2026-07-27 03:17:18 | DEBUG    | clean_data           | Removed 'LISTED IN' column
2026-07-27 03:17:18 | DEBUG    | clean_data           | Converted LDCP from float64 to numeric
2026-07-27 03:17:18 | DEBUG    | clean_data           | Converted OPEN from float64 to numeric
2026-07-27 03:17:18 | DEBUG    | clean_data           | Converted HIGH from float64 to numeric
2026-07-27 03:17:18 | DEBUG    | clean_data           | Converted LOW from float64 to numeric
2026-07-27 03:17:18 | DEBUG    | clean_data           | Converted CURRENT from float64 to numeric
2026-07-27 03:17:18 | DEBUG    | clean_data           | Converted CHANGE from float64 to numeric
2026-07-27 03:17:18 | WARNING  | clean_data           | Column CHANGE (%): 492 values could not be converted to numeric
2026-07-27 03:17:18 | DEBUG    | clean_data           | Converted CHANGE (%) from str to numeric
2026-07-27 03:17:18 | DEBUG    | clean_data           | Converted VOLUME from int64 to numeric
2026-07-27 03:17:18 | INFO     | clean_data           | ✅ Data cleaned (492 rows, 16 columns)
2026-07-27 03:17:18 | DEBUG    | clean_data           | Final columns: ['SYMBOL', 'SECTOR', 'LDCP', 'OPEN', 'HIGH', 'LOW', 'CURRENT', 'CHANGE', 'CHANGE (%)', 'VOLUME', 'YEAR', 'MONTH', 'DAY', 'HOUR', 'MINUTE', 'DATETIME']
2026-07-27 03:17:18 | DEBUG    | get_file_path        | Generated file path: data/2026/07/2026-07-27.xlsx
2026-07-27 03:17:18 | INFO     | save_data            | Saving data to: data/2026/07/2026-07-27.xlsx
2026-07-27 03:17:18 | DEBUG    | _create_backup       | Backup created: data/2026/07/backups/2026-07-27_backup_20260727_031718.xlsx
2026-07-27 03:17:18 | DEBUG    | _cleanup_old_backups | Removed old backup: 2026-07-27_backup_20260727_025146.xlsx
2026-07-27 03:17:18 | DEBUG    | save_data            | Existing file found, merging data...
2026-07-27 03:17:18 | DEBUG    | save_data            | Loaded 3444 existing rows
2026-07-27 03:17:18 | DEBUG    | save_data            | Combined to 3936 rows
2026-07-27 03:17:18 | DEBUG    | save_data            | Writing to temporary file...
2026-07-27 03:17:19 | DEBUG    | save_data            | Data written to temp file: /home/runner/work/Thalorae-BackLioraen/Thalorae-BackLioraen/data/2026/07/tmp397wy1gb.xlsx
2026-07-27 03:17:19 | DEBUG    | save_data            | Temp file moved to final location
2026-07-27 03:17:19 | INFO     | save_data            | ✅ Data saved successfully (3936 total rows, 297,879 bytes)
2026-07-27 03:17:19 | INFO     | run                  | ======================================================================
2026-07-27 03:17:19 | INFO     | run                  | 📊 EXECUTION SUMMARY:
2026-07-27 03:17:19 | INFO     | run                  |    ✅ Status: SUCCESS
2026-07-27 03:17:19 | INFO     | run                  |    - Rows processed: 492
2026-07-27 03:17:19 | INFO     | run                  |    - Unique symbols: 492
2026-07-27 03:17:19 | INFO     | run                  |    - Timestamp: 2026-07-27 08:17:14
2026-07-27 03:17:19 | INFO     | run                  |    - File: data/2026/07/2026-07-27.xlsx
2026-07-27 03:17:19 | INFO     | run                  | ======================================================================
2026-07-27 03:17:19 | DEBUG    | run                  | Sample data (first row):
2026-07-27 03:17:19 | DEBUG    | run                  | {'SYMBOL': 'CNERGY', 'SECTOR': 825, 'LDCP': 10.29, 'OPEN': 10.11, 'HIGH': 10.59, 'LOW': 10.05, 'CURRENT': 10.29, 'CHANGE': 0.19, 'CHANGE (%)': nan, 'VOLUME': 59327773, 'YEAR': 2026, 'MONTH': 7, 'DAY': 27, 'HOUR': 8, 'MINUTE': 17, 'DATETIME': '2026-07-27 08:17'}
2026-07-27 03:17:19 | DEBUG    | close                | Session closed
2026-07-27 03:22:20 | INFO     | run                  | ======================================================================
2026-07-27 03:22:20 | INFO     | run                  | 🚀 MARKET DATA SCRAPER - SINGLE EXECUTION
2026-07-27 03:22:20 | INFO     | run                  | ======================================================================
2026-07-27 03:22:20 | INFO     | run                  | Execution Time: 2026-07-27 08:22:20 PKT
2026-07-27 03:22:20 | INFO     | run                  | Configuration:
2026-07-27 03:22:20 | INFO     | run                  |    - Timezone: Asia/Karachi
2026-07-27 03:22:20 | INFO     | run                  |    - Data directory: data
2026-07-27 03:22:20 | INFO     | run                  |    - Log directory: logs
2026-07-27 03:22:20 | INFO     | run                  |    - Excluded symbols: {'XS', 'XR', 'XD', 'XT'}
2026-07-27 03:22:20 | INFO     | run                  | ======================================================================
2026-07-27 03:22:20 | INFO     | fetch_data           | Fetching data (Attempt 1/3)...
2026-07-27 03:22:20 | DEBUG    | fetch_data           | Establishing session with https://dps.psx.com.pk/
2026-07-27 03:22:24 | DEBUG    | fetch_data           | Requesting data from https://dps.psx.com.pk/market-watch
2026-07-27 03:22:25 | DEBUG    | fetch_data           | Response status: 200
2026-07-27 03:22:25 | DEBUG    | fetch_data           | Response content type: text/html; charset=utf-8
2026-07-27 03:22:25 | DEBUG    | fetch_data           | Response size: 471798 bytes
2026-07-27 03:22:25 | INFO     | fetch_data           | ✅ Data fetched successfully (Status: 200)
2026-07-27 03:22:25 | DEBUG    | parse_json           | Attempting JSON parsing...
2026-07-27 03:22:25 | DEBUG    | parse_json           | Response preview: <table class="tbl" data-page-length="25"><thead class="tbl__head"><!-- tr--><!--   th(colspan="11")--><!--   th.center(colspan="2", style="width: 110px;") TOTAL BUY ORDERS--><!--   th.center(colspan="2", style="width: 110px;") TOTAL SELL ORDERS--><tr><th data-name="symbol">SYMBOL</th><th data-name="sector">SECTOR</th><th data-name="listed">LISTED IN</th><th class="right" data-name="ldcp">LDCP</th><th class="right" data-name="open">OPEN</th><th class="right" data-name="high">HIGH</th><th class="r
2026-07-27 03:22:25 | WARNING  | parse_json           | ⚠️ JSON parsing failed: Expecting value: line 1 column 1 (char 0)
2026-07-27 03:22:25 | INFO     | run                  | JSON parsing failed, trying HTML fallback...
2026-07-27 03:22:25 | INFO     | parse_html           | Attempting HTML fallback parsing...
2026-07-27 03:22:25 | DEBUG    | parse_html           | Found 1 table(s) in HTML
2026-07-27 03:22:25 | DEBUG    | parse_html           | Table columns: ['SYMBOL', 'SECTOR', 'LISTED IN', 'LDCP', 'OPEN', 'HIGH', 'LOW', 'CURRENT', 'CHANGE', 'CHANGE (%)', 'VOLUME']
2026-07-27 03:22:25 | DEBUG    | parse_html           | Table shape: (492, 11)
2026-07-27 03:22:25 | INFO     | parse_html           | ✅ HTML parsed successfully (492 rows)
2026-07-27 03:22:25 | INFO     | clean_data           | Cleaning data...
2026-07-27 03:22:25 | DEBUG    | clean_data           | Initial shape: (492, 11)
2026-07-27 03:22:25 | DEBUG    | clean_data           | Initial columns: ['SYMBOL', 'SECTOR', 'LISTED IN', 'LDCP', 'OPEN', 'HIGH', 'LOW', 'CURRENT', 'CHANGE', 'CHANGE (%)', 'VOLUME']
2026-07-27 03:22:25 | DEBUG    | clean_data           | Removed 'LISTED IN' column
2026-07-27 03:22:25 | DEBUG    | clean_data           | Converted LDCP from float64 to numeric
2026-07-27 03:22:25 | DEBUG    | clean_data           | Converted OPEN from float64 to numeric
2026-07-27 03:22:25 | DEBUG    | clean_data           | Converted HIGH from float64 to numeric
2026-07-27 03:22:25 | DEBUG    | clean_data           | Converted LOW from float64 to numeric
2026-07-27 03:22:25 | DEBUG    | clean_data           | Converted CURRENT from float64 to numeric
2026-07-27 03:22:25 | DEBUG    | clean_data           | Converted CHANGE from float64 to numeric
2026-07-27 03:22:25 | WARNING  | clean_data           | Column CHANGE (%): 492 values could not be converted to numeric
2026-07-27 03:22:25 | DEBUG    | clean_data           | Converted CHANGE (%) from str to numeric
2026-07-27 03:22:25 | DEBUG    | clean_data           | Converted VOLUME from int64 to numeric
2026-07-27 03:22:25 | INFO     | clean_data           | ✅ Data cleaned (492 rows, 16 columns)
2026-07-27 03:22:25 | DEBUG    | clean_data           | Final columns: ['SYMBOL', 'SECTOR', 'LDCP', 'OPEN', 'HIGH', 'LOW', 'CURRENT', 'CHANGE', 'CHANGE (%)', 'VOLUME', 'YEAR', 'MONTH', 'DAY', 'HOUR', 'MINUTE', 'DATETIME']
2026-07-27 03:22:25 | DEBUG    | get_file_path        | Generated file path: data/2026/07/2026-07-27.xlsx
2026-07-27 03:22:25 | INFO     | save_data            | Saving data to: data/2026/07/2026-07-27.xlsx
2026-07-27 03:22:25 | DEBUG    | _create_backup       | Backup created: data/2026/07/backups/2026-07-27_backup_20260727_032225.xlsx
2026-07-27 03:22:25 | DEBUG    | _cleanup_old_backups | Removed old backup: 2026-07-27_backup_20260727_025652.xlsx
2026-07-27 03:22:25 | DEBUG    | save_data            | Existing file found, merging data...
2026-07-27 03:22:26 | DEBUG    | save_data            | Loaded 3936 existing rows
2026-07-27 03:22:26 | DEBUG    | save_data            | Combined to 4428 rows
2026-07-27 03:22:26 | DEBUG    | save_data            | Writing to temporary file...
2026-07-27 03:22:27 | DEBUG    | save_data            | Data written to temp file: /home/runner/work/Thalorae-BackLioraen/Thalorae-BackLioraen/data/2026/07/tmp66zffufr.xlsx
2026-07-27 03:22:27 | DEBUG    | save_data            | Temp file moved to final location
2026-07-27 03:22:27 | INFO     | save_data            | ✅ Data saved successfully (4428 total rows, 334,611 bytes)
2026-07-27 03:22:27 | INFO     | run                  | ======================================================================
2026-07-27 03:22:27 | INFO     | run                  | 📊 EXECUTION SUMMARY:
2026-07-27 03:22:27 | INFO     | run                  |    ✅ Status: SUCCESS
2026-07-27 03:22:27 | INFO     | run                  |    - Rows processed: 492
2026-07-27 03:22:27 | INFO     | run                  |    - Unique symbols: 492
2026-07-27 03:22:27 | INFO     | run                  |    - Timestamp: 2026-07-27 08:22:20
2026-07-27 03:22:27 | INFO     | run                  |    - File: data/2026/07/2026-07-27.xlsx
2026-07-27 03:22:27 | INFO     | run                  | ======================================================================
2026-07-27 03:22:27 | DEBUG    | run                  | Sample data (first row):
2026-07-27 03:22:27 | DEBUG    | run                  | {'SYMBOL': 'CNERGY', 'SECTOR': 825, 'LDCP': 10.29, 'OPEN': 10.11, 'HIGH': 10.59, 'LOW': 10.05, 'CURRENT': 10.29, 'CHANGE': 0.19, 'CHANGE (%)': nan, 'VOLUME': 59327773, 'YEAR': 2026, 'MONTH': 7, 'DAY': 27, 'HOUR': 8, 'MINUTE': 22, 'DATETIME': '2026-07-27 08:22'}
2026-07-27 03:22:27 | DEBUG    | close                | Session closed
2026-07-27 03:27:27 | INFO     | run                  | ======================================================================
2026-07-27 03:27:27 | INFO     | run                  | 🚀 MARKET DATA SCRAPER - SINGLE EXECUTION
2026-07-27 03:27:27 | INFO     | run                  | ======================================================================
2026-07-27 03:27:27 | INFO     | run                  | Execution Time: 2026-07-27 08:27:27 PKT
2026-07-27 03:27:27 | INFO     | run                  | Configuration:
2026-07-27 03:27:27 | INFO     | run                  |    - Timezone: Asia/Karachi
2026-07-27 03:27:27 | INFO     | run                  |    - Data directory: data
2026-07-27 03:27:27 | INFO     | run                  |    - Log directory: logs
2026-07-27 03:27:27 | INFO     | run                  |    - Excluded symbols: {'XD', 'XT', 'XR', 'XS'}
2026-07-27 03:27:27 | INFO     | run                  | ======================================================================
2026-07-27 03:27:27 | INFO     | fetch_data           | Fetching data (Attempt 1/3)...
2026-07-27 03:27:27 | DEBUG    | fetch_data           | Establishing session with https://dps.psx.com.pk/
2026-07-27 03:27:31 | DEBUG    | fetch_data           | Requesting data from https://dps.psx.com.pk/market-watch
2026-07-27 03:27:33 | DEBUG    | fetch_data           | Response status: 200
2026-07-27 03:27:33 | DEBUG    | fetch_data           | Response content type: text/html; charset=utf-8
2026-07-27 03:27:33 | DEBUG    | fetch_data           | Response size: 471798 bytes
2026-07-27 03:27:33 | INFO     | fetch_data           | ✅ Data fetched successfully (Status: 200)
2026-07-27 03:27:33 | DEBUG    | parse_json           | Attempting JSON parsing...
2026-07-27 03:27:33 | DEBUG    | parse_json           | Response preview: <table class="tbl" data-page-length="25"><thead class="tbl__head"><!-- tr--><!--   th(colspan="11")--><!--   th.center(colspan="2", style="width: 110px;") TOTAL BUY ORDERS--><!--   th.center(colspan="2", style="width: 110px;") TOTAL SELL ORDERS--><tr><th data-name="symbol">SYMBOL</th><th data-name="sector">SECTOR</th><th data-name="listed">LISTED IN</th><th class="right" data-name="ldcp">LDCP</th><th class="right" data-name="open">OPEN</th><th class="right" data-name="high">HIGH</th><th class="r
2026-07-27 03:27:33 | WARNING  | parse_json           | ⚠️ JSON parsing failed: Expecting value: line 1 column 1 (char 0)
2026-07-27 03:27:33 | INFO     | run                  | JSON parsing failed, trying HTML fallback...
2026-07-27 03:27:33 | INFO     | parse_html           | Attempting HTML fallback parsing...
2026-07-27 03:27:33 | DEBUG    | parse_html           | Found 1 table(s) in HTML
2026-07-27 03:27:33 | DEBUG    | parse_html           | Table columns: ['SYMBOL', 'SECTOR', 'LISTED IN', 'LDCP', 'OPEN', 'HIGH', 'LOW', 'CURRENT', 'CHANGE', 'CHANGE (%)', 'VOLUME']
2026-07-27 03:27:33 | DEBUG    | parse_html           | Table shape: (492, 11)
2026-07-27 03:27:33 | INFO     | parse_html           | ✅ HTML parsed successfully (492 rows)
2026-07-27 03:27:33 | INFO     | clean_data           | Cleaning data...
2026-07-27 03:27:33 | DEBUG    | clean_data           | Initial shape: (492, 11)
2026-07-27 03:27:33 | DEBUG    | clean_data           | Initial columns: ['SYMBOL', 'SECTOR', 'LISTED IN', 'LDCP', 'OPEN', 'HIGH', 'LOW', 'CURRENT', 'CHANGE', 'CHANGE (%)', 'VOLUME']
2026-07-27 03:27:33 | DEBUG    | clean_data           | Removed 'LISTED IN' column
2026-07-27 03:27:33 | DEBUG    | clean_data           | Converted LDCP from float64 to numeric
2026-07-27 03:27:33 | DEBUG    | clean_data           | Converted OPEN from float64 to numeric
2026-07-27 03:27:33 | DEBUG    | clean_data           | Converted HIGH from float64 to numeric
2026-07-27 03:27:33 | DEBUG    | clean_data           | Converted LOW from float64 to numeric
2026-07-27 03:27:33 | DEBUG    | clean_data           | Converted CURRENT from float64 to numeric
2026-07-27 03:27:33 | DEBUG    | clean_data           | Converted CHANGE from float64 to numeric
2026-07-27 03:27:33 | WARNING  | clean_data           | Column CHANGE (%): 492 values could not be converted to numeric
2026-07-27 03:27:33 | DEBUG    | clean_data           | Converted CHANGE (%) from str to numeric
2026-07-27 03:27:33 | DEBUG    | clean_data           | Converted VOLUME from int64 to numeric
2026-07-27 03:27:33 | INFO     | clean_data           | ✅ Data cleaned (492 rows, 16 columns)
2026-07-27 03:27:33 | DEBUG    | clean_data           | Final columns: ['SYMBOL', 'SECTOR', 'LDCP', 'OPEN', 'HIGH', 'LOW', 'CURRENT', 'CHANGE', 'CHANGE (%)', 'VOLUME', 'YEAR', 'MONTH', 'DAY', 'HOUR', 'MINUTE', 'DATETIME']
2026-07-27 03:27:33 | DEBUG    | get_file_path        | Generated file path: data/2026/07/2026-07-27.xlsx
2026-07-27 03:27:33 | INFO     | save_data            | Saving data to: data/2026/07/2026-07-27.xlsx
2026-07-27 03:27:33 | DEBUG    | _create_backup       | Backup created: data/2026/07/backups/2026-07-27_backup_20260727_032733.xlsx
2026-07-27 03:27:33 | DEBUG    | _cleanup_old_backups | Removed old backup: 2026-07-27_backup_20260727_030159.xlsx
2026-07-27 03:27:33 | DEBUG    | save_data            | Existing file found, merging data...
2026-07-27 03:27:34 | DEBUG    | save_data            | Loaded 4428 existing rows
2026-07-27 03:27:34 | DEBUG    | save_data            | Combined to 4920 rows
2026-07-27 03:27:34 | DEBUG    | save_data            | Writing to temporary file...
2026-07-27 03:27:34 | DEBUG    | save_data            | Data written to temp file: /home/runner/work/Thalorae-BackLioraen/Thalorae-BackLioraen/data/2026/07/tmp2kq5u_ao.xlsx
2026-07-27 03:27:34 | DEBUG    | save_data            | Temp file moved to final location
2026-07-27 03:27:34 | INFO     | save_data            | ✅ Data saved successfully (4920 total rows, 371,143 bytes)
2026-07-27 03:27:34 | INFO     | run                  | ======================================================================
2026-07-27 03:27:34 | INFO     | run                  | 📊 EXECUTION SUMMARY:
2026-07-27 03:27:34 | INFO     | run                  |    ✅ Status: SUCCESS
2026-07-27 03:27:34 | INFO     | run                  |    - Rows processed: 492
2026-07-27 03:27:34 | INFO     | run                  |    - Unique symbols: 492
2026-07-27 03:27:34 | INFO     | run                  |    - Timestamp: 2026-07-27 08:27:27
2026-07-27 03:27:34 | INFO     | run                  |    - File: data/2026/07/2026-07-27.xlsx
2026-07-27 03:27:34 | INFO     | run                  | ======================================================================
2026-07-27 03:27:34 | DEBUG    | run                  | Sample data (first row):
2026-07-27 03:27:34 | DEBUG    | run                  | {'SYMBOL': 'CNERGY', 'SECTOR': 825, 'LDCP': 10.29, 'OPEN': 10.11, 'HIGH': 10.59, 'LOW': 10.05, 'CURRENT': 10.29, 'CHANGE': 0.19, 'CHANGE (%)': nan, 'VOLUME': 59327773, 'YEAR': 2026, 'MONTH': 7, 'DAY': 27, 'HOUR': 8, 'MINUTE': 27, 'DATETIME': '2026-07-27 08:27'}
2026-07-27 03:27:34 | DEBUG    | close                | Session closed
2026-07-27 03:32:35 | INFO     | run                  | ======================================================================
2026-07-27 03:32:35 | INFO     | run                  | 🚀 MARKET DATA SCRAPER - SINGLE EXECUTION
2026-07-27 03:32:35 | INFO     | run                  | ======================================================================
2026-07-27 03:32:35 | INFO     | run                  | Execution Time: 2026-07-27 08:32:35 PKT
2026-07-27 03:32:35 | INFO     | run                  | Configuration:
2026-07-27 03:32:35 | INFO     | run                  |    - Timezone: Asia/Karachi
2026-07-27 03:32:35 | INFO     | run                  |    - Data directory: data
2026-07-27 03:32:35 | INFO     | run                  |    - Log directory: logs
2026-07-27 03:32:35 | INFO     | run                  |    - Excluded symbols: {'XT', 'XR', 'XD', 'XS'}
2026-07-27 03:32:35 | INFO     | run                  | ======================================================================
2026-07-27 03:32:35 | INFO     | fetch_data           | Fetching data (Attempt 1/3)...
2026-07-27 03:32:35 | DEBUG    | fetch_data           | Establishing session with https://dps.psx.com.pk/
2026-07-27 03:32:39 | DEBUG    | fetch_data           | Requesting data from https://dps.psx.com.pk/market-watch
2026-07-27 03:32:42 | DEBUG    | fetch_data           | Response status: 200
2026-07-27 03:32:42 | DEBUG    | fetch_data           | Response content type: text/html; charset=utf-8
2026-07-27 03:32:42 | DEBUG    | fetch_data           | Response size: 471798 bytes
2026-07-27 03:32:42 | INFO     | fetch_data           | ✅ Data fetched successfully (Status: 200)
2026-07-27 03:32:42 | DEBUG    | parse_json           | Attempting JSON parsing...
2026-07-27 03:32:42 | DEBUG    | parse_json           | Response preview: <table class="tbl" data-page-length="25"><thead class="tbl__head"><!-- tr--><!--   th(colspan="11")--><!--   th.center(colspan="2", style="width: 110px;") TOTAL BUY ORDERS--><!--   th.center(colspan="2", style="width: 110px;") TOTAL SELL ORDERS--><tr><th data-name="symbol">SYMBOL</th><th data-name="sector">SECTOR</th><th data-name="listed">LISTED IN</th><th class="right" data-name="ldcp">LDCP</th><th class="right" data-name="open">OPEN</th><th class="right" data-name="high">HIGH</th><th class="r
2026-07-27 03:32:42 | WARNING  | parse_json           | ⚠️ JSON parsing failed: Expecting value: line 1 column 1 (char 0)
2026-07-27 03:32:42 | INFO     | run                  | JSON parsing failed, trying HTML fallback...
2026-07-27 03:32:42 | INFO     | parse_html           | Attempting HTML fallback parsing...
2026-07-27 03:32:42 | DEBUG    | parse_html           | Found 1 table(s) in HTML
2026-07-27 03:32:42 | DEBUG    | parse_html           | Table columns: ['SYMBOL', 'SECTOR', 'LISTED IN', 'LDCP', 'OPEN', 'HIGH', 'LOW', 'CURRENT', 'CHANGE', 'CHANGE (%)', 'VOLUME']
2026-07-27 03:32:42 | DEBUG    | parse_html           | Table shape: (492, 11)
2026-07-27 03:32:42 | INFO     | parse_html           | ✅ HTML parsed successfully (492 rows)
2026-07-27 03:32:42 | INFO     | clean_data           | Cleaning data...
2026-07-27 03:32:42 | DEBUG    | clean_data           | Initial shape: (492, 11)
2026-07-27 03:32:42 | DEBUG    | clean_data           | Initial columns: ['SYMBOL', 'SECTOR', 'LISTED IN', 'LDCP', 'OPEN', 'HIGH', 'LOW', 'CURRENT', 'CHANGE', 'CHANGE (%)', 'VOLUME']
2026-07-27 03:32:42 | DEBUG    | clean_data           | Removed 'LISTED IN' column
2026-07-27 03:32:42 | DEBUG    | clean_data           | Converted LDCP from float64 to numeric
2026-07-27 03:32:42 | DEBUG    | clean_data           | Converted OPEN from float64 to numeric
2026-07-27 03:32:42 | DEBUG    | clean_data           | Converted HIGH from float64 to numeric
2026-07-27 03:32:42 | DEBUG    | clean_data           | Converted LOW from float64 to numeric
2026-07-27 03:32:42 | DEBUG    | clean_data           | Converted CURRENT from float64 to numeric
2026-07-27 03:32:42 | DEBUG    | clean_data           | Converted CHANGE from float64 to numeric
2026-07-27 03:32:42 | WARNING  | clean_data           | Column CHANGE (%): 492 values could not be converted to numeric
2026-07-27 03:32:42 | DEBUG    | clean_data           | Converted CHANGE (%) from str to numeric
2026-07-27 03:32:42 | DEBUG    | clean_data           | Converted VOLUME from int64 to numeric
2026-07-27 03:32:42 | INFO     | clean_data           | ✅ Data cleaned (492 rows, 16 columns)
2026-07-27 03:32:42 | DEBUG    | clean_data           | Final columns: ['SYMBOL', 'SECTOR', 'LDCP', 'OPEN', 'HIGH', 'LOW', 'CURRENT', 'CHANGE', 'CHANGE (%)', 'VOLUME', 'YEAR', 'MONTH', 'DAY', 'HOUR', 'MINUTE', 'DATETIME']
2026-07-27 03:32:42 | DEBUG    | get_file_path        | Generated file path: data/2026/07/2026-07-27.xlsx
2026-07-27 03:32:42 | INFO     | save_data            | Saving data to: data/2026/07/2026-07-27.xlsx
2026-07-27 03:32:42 | DEBUG    | _create_backup       | Backup created: data/2026/07/backups/2026-07-27_backup_20260727_033242.xlsx
2026-07-27 03:32:42 | DEBUG    | _cleanup_old_backups | Removed old backup: 2026-07-27_backup_20260727_030706.xlsx
2026-07-27 03:32:42 | DEBUG    | save_data            | Existing file found, merging data...
2026-07-27 03:32:43 | DEBUG    | save_data            | Loaded 4920 existing rows
2026-07-27 03:32:43 | DEBUG    | save_data            | Combined to 5412 rows
2026-07-27 03:32:43 | DEBUG    | save_data            | Writing to temporary file...
2026-07-27 03:32:44 | DEBUG    | save_data            | Data written to temp file: /home/runner/work/Thalorae-BackLioraen/Thalorae-BackLioraen/data/2026/07/tmprhsiwkbn.xlsx
2026-07-27 03:32:44 | DEBUG    | save_data            | Temp file moved to final location
2026-07-27 03:32:44 | INFO     | save_data            | ✅ Data saved successfully (5412 total rows, 407,940 bytes)
2026-07-27 03:32:44 | INFO     | run                  | ======================================================================
2026-07-27 03:32:44 | INFO     | run                  | 📊 EXECUTION SUMMARY:
2026-07-27 03:32:44 | INFO     | run                  |    ✅ Status: SUCCESS
2026-07-27 03:32:44 | INFO     | run                  |    - Rows processed: 492
2026-07-27 03:32:44 | INFO     | run                  |    - Unique symbols: 492
2026-07-27 03:32:44 | INFO     | run                  |    - Timestamp: 2026-07-27 08:32:35
2026-07-27 03:32:44 | INFO     | run                  |    - File: data/2026/07/2026-07-27.xlsx
2026-07-27 03:32:44 | INFO     | run                  | ======================================================================
2026-07-27 03:32:44 | DEBUG    | run                  | Sample data (first row):
2026-07-27 03:32:44 | DEBUG    | run                  | {'SYMBOL': 'CNERGY', 'SECTOR': 825, 'LDCP': 10.29, 'OPEN': 10.11, 'HIGH': 10.59, 'LOW': 10.05, 'CURRENT': 10.29, 'CHANGE': 0.19, 'CHANGE (%)': nan, 'VOLUME': 59327773, 'YEAR': 2026, 'MONTH': 7, 'DAY': 27, 'HOUR': 8, 'MINUTE': 32, 'DATETIME': '2026-07-27 08:32'}
2026-07-27 03:32:44 | DEBUG    | close                | Session closed
2026-07-27 03:37:44 | INFO     | run                  | ======================================================================
2026-07-27 03:37:44 | INFO     | run                  | 🚀 MARKET DATA SCRAPER - SINGLE EXECUTION
2026-07-27 03:37:44 | INFO     | run                  | ======================================================================
2026-07-27 03:37:44 | INFO     | run                  | Execution Time: 2026-07-27 08:37:44 PKT
2026-07-27 03:37:44 | INFO     | run                  | Configuration:
2026-07-27 03:37:44 | INFO     | run                  |    - Timezone: Asia/Karachi
2026-07-27 03:37:44 | INFO     | run                  |    - Data directory: data
2026-07-27 03:37:44 | INFO     | run                  |    - Log directory: logs
2026-07-27 03:37:44 | INFO     | run                  |    - Excluded symbols: {'XT', 'XS', 'XD', 'XR'}
2026-07-27 03:37:44 | INFO     | run                  | ======================================================================
2026-07-27 03:37:44 | INFO     | fetch_data           | Fetching data (Attempt 1/3)...
2026-07-27 03:37:44 | DEBUG    | fetch_data           | Establishing session with https://dps.psx.com.pk/
2026-07-27 03:37:47 | DEBUG    | fetch_data           | Requesting data from https://dps.psx.com.pk/market-watch
2026-07-27 03:37:49 | DEBUG    | fetch_data           | Response status: 200
2026-07-27 03:37:49 | DEBUG    | fetch_data           | Response content type: text/html; charset=utf-8
2026-07-27 03:37:49 | DEBUG    | fetch_data           | Response size: 471755 bytes
2026-07-27 03:37:49 | INFO     | fetch_data           | ✅ Data fetched successfully (Status: 200)
2026-07-27 03:37:49 | DEBUG    | parse_json           | Attempting JSON parsing...
2026-07-27 03:37:49 | DEBUG    | parse_json           | Response preview: <table class="tbl" data-page-length="25"><thead class="tbl__head"><!-- tr--><!--   th(colspan="11")--><!--   th.center(colspan="2", style="width: 110px;") TOTAL BUY ORDERS--><!--   th.center(colspan="2", style="width: 110px;") TOTAL SELL ORDERS--><tr><th data-name="symbol">SYMBOL</th><th data-name="sector">SECTOR</th><th data-name="listed">LISTED IN</th><th class="right" data-name="ldcp">LDCP</th><th class="right" data-name="open">OPEN</th><th class="right" data-name="high">HIGH</th><th class="r
2026-07-27 03:37:49 | WARNING  | parse_json           | ⚠️ JSON parsing failed: Expecting value: line 1 column 1 (char 0)
2026-07-27 03:37:49 | INFO     | run                  | JSON parsing failed, trying HTML fallback...
2026-07-27 03:37:49 | INFO     | parse_html           | Attempting HTML fallback parsing...
2026-07-27 03:37:49 | DEBUG    | parse_html           | Found 1 table(s) in HTML
2026-07-27 03:37:49 | DEBUG    | parse_html           | Table columns: ['SYMBOL', 'SECTOR', 'LISTED IN', 'LDCP', 'OPEN', 'HIGH', 'LOW', 'CURRENT', 'CHANGE', 'CHANGE (%)', 'VOLUME']
2026-07-27 03:37:49 | DEBUG    | parse_html           | Table shape: (492, 11)
2026-07-27 03:37:49 | INFO     | parse_html           | ✅ HTML parsed successfully (492 rows)
2026-07-27 03:37:49 | INFO     | clean_data           | Cleaning data...
2026-07-27 03:37:49 | DEBUG    | clean_data           | Initial shape: (492, 11)
2026-07-27 03:37:49 | DEBUG    | clean_data           | Initial columns: ['SYMBOL', 'SECTOR', 'LISTED IN', 'LDCP', 'OPEN', 'HIGH', 'LOW', 'CURRENT', 'CHANGE', 'CHANGE (%)', 'VOLUME']
2026-07-27 03:37:49 | DEBUG    | clean_data           | Removed 'LISTED IN' column
2026-07-27 03:37:49 | DEBUG    | clean_data           | Converted LDCP from float64 to numeric
2026-07-27 03:37:49 | DEBUG    | clean_data           | Converted OPEN from float64 to numeric
2026-07-27 03:37:49 | DEBUG    | clean_data           | Converted HIGH from float64 to numeric
2026-07-27 03:37:49 | DEBUG    | clean_data           | Converted LOW from float64 to numeric
2026-07-27 03:37:49 | DEBUG    | clean_data           | Converted CURRENT from float64 to numeric
2026-07-27 03:37:49 | DEBUG    | clean_data           | Converted CHANGE from float64 to numeric
2026-07-27 03:37:49 | WARNING  | clean_data           | Column CHANGE (%): 492 values could not be converted to numeric
2026-07-27 03:37:49 | DEBUG    | clean_data           | Converted CHANGE (%) from str to numeric
2026-07-27 03:37:49 | DEBUG    | clean_data           | Converted VOLUME from int64 to numeric
2026-07-27 03:37:49 | INFO     | clean_data           | ✅ Data cleaned (492 rows, 16 columns)
2026-07-27 03:37:49 | DEBUG    | clean_data           | Final columns: ['SYMBOL', 'SECTOR', 'LDCP', 'OPEN', 'HIGH', 'LOW', 'CURRENT', 'CHANGE', 'CHANGE (%)', 'VOLUME', 'YEAR', 'MONTH', 'DAY', 'HOUR', 'MINUTE', 'DATETIME']
2026-07-27 03:37:49 | DEBUG    | get_file_path        | Generated file path: data/2026/07/2026-07-27.xlsx
2026-07-27 03:37:49 | INFO     | save_data            | Saving data to: data/2026/07/2026-07-27.xlsx
2026-07-27 03:37:49 | DEBUG    | _create_backup       | Backup created: data/2026/07/backups/2026-07-27_backup_20260727_033749.xlsx
2026-07-27 03:37:49 | DEBUG    | _cleanup_old_backups | Removed old backup: 2026-07-27_backup_20260727_031212.xlsx
2026-07-27 03:37:49 | DEBUG    | save_data            | Existing file found, merging data...
2026-07-27 03:37:50 | DEBUG    | save_data            | Loaded 5412 existing rows
2026-07-27 03:37:50 | DEBUG    | save_data            | Combined to 5904 rows
2026-07-27 03:37:50 | DEBUG    | save_data            | Writing to temporary file...
2026-07-27 03:37:51 | DEBUG    | save_data            | Data written to temp file: /home/runner/work/Thalorae-BackLioraen/Thalorae-BackLioraen/data/2026/07/tmp81qk_0pr.xlsx
2026-07-27 03:37:51 | DEBUG    | save_data            | Temp file moved to final location
2026-07-27 03:37:51 | INFO     | save_data            | ✅ Data saved successfully (5904 total rows, 444,639 bytes)
2026-07-27 03:37:51 | INFO     | run                  | ======================================================================
2026-07-27 03:37:51 | INFO     | run                  | 📊 EXECUTION SUMMARY:
2026-07-27 03:37:51 | INFO     | run                  |    ✅ Status: SUCCESS
2026-07-27 03:37:51 | INFO     | run                  |    - Rows processed: 492
2026-07-27 03:37:51 | INFO     | run                  |    - Unique symbols: 492
2026-07-27 03:37:51 | INFO     | run                  |    - Timestamp: 2026-07-27 08:37:44
2026-07-27 03:37:51 | INFO     | run                  |    - File: data/2026/07/2026-07-27.xlsx
2026-07-27 03:37:51 | INFO     | run                  | ======================================================================
2026-07-27 03:37:51 | DEBUG    | run                  | Sample data (first row):
2026-07-27 03:37:51 | DEBUG    | run                  | {'SYMBOL': 'CNERGY', 'SECTOR': 825, 'LDCP': 10.29, 'OPEN': 10.11, 'HIGH': 10.59, 'LOW': 10.05, 'CURRENT': 10.29, 'CHANGE': 0.19, 'CHANGE (%)': nan, 'VOLUME': 59327773, 'YEAR': 2026, 'MONTH': 7, 'DAY': 27, 'HOUR': 8, 'MINUTE': 37, 'DATETIME': '2026-07-27 08:37'}
2026-07-27 03:37:51 | DEBUG    | close                | Session closed
2026-07-27 03:42:51 | INFO     | run                  | ======================================================================
2026-07-27 03:42:51 | INFO     | run                  | 🚀 MARKET DATA SCRAPER - SINGLE EXECUTION
2026-07-27 03:42:51 | INFO     | run                  | ======================================================================
2026-07-27 03:42:51 | INFO     | run                  | Execution Time: 2026-07-27 08:42:51 PKT
2026-07-27 03:42:51 | INFO     | run                  | Configuration:
2026-07-27 03:42:51 | INFO     | run                  |    - Timezone: Asia/Karachi
2026-07-27 03:42:51 | INFO     | run                  |    - Data directory: data
2026-07-27 03:42:51 | INFO     | run                  |    - Log directory: logs
2026-07-27 03:42:51 | INFO     | run                  |    - Excluded symbols: {'XD', 'XT', 'XS', 'XR'}
2026-07-27 03:42:51 | INFO     | run                  | ======================================================================
2026-07-27 03:42:51 | INFO     | fetch_data           | Fetching data (Attempt 1/3)...
2026-07-27 03:42:51 | DEBUG    | fetch_data           | Establishing session with https://dps.psx.com.pk/
2026-07-27 03:42:54 | DEBUG    | fetch_data           | Requesting data from https://dps.psx.com.pk/market-watch
2026-07-27 03:42:55 | DEBUG    | fetch_data           | Response status: 200
2026-07-27 03:42:55 | DEBUG    | fetch_data           | Response content type: text/html; charset=utf-8
2026-07-27 03:42:55 | DEBUG    | fetch_data           | Response size: 471755 bytes
2026-07-27 03:42:55 | INFO     | fetch_data           | ✅ Data fetched successfully (Status: 200)
2026-07-27 03:42:55 | DEBUG    | parse_json           | Attempting JSON parsing...
2026-07-27 03:42:55 | DEBUG    | parse_json           | Response preview: <table class="tbl" data-page-length="25"><thead class="tbl__head"><!-- tr--><!--   th(colspan="11")--><!--   th.center(colspan="2", style="width: 110px;") TOTAL BUY ORDERS--><!--   th.center(colspan="2", style="width: 110px;") TOTAL SELL ORDERS--><tr><th data-name="symbol">SYMBOL</th><th data-name="sector">SECTOR</th><th data-name="listed">LISTED IN</th><th class="right" data-name="ldcp">LDCP</th><th class="right" data-name="open">OPEN</th><th class="right" data-name="high">HIGH</th><th class="r
2026-07-27 03:42:55 | WARNING  | parse_json           | ⚠️ JSON parsing failed: Expecting value: line 1 column 1 (char 0)
2026-07-27 03:42:55 | INFO     | run                  | JSON parsing failed, trying HTML fallback...
2026-07-27 03:42:55 | INFO     | parse_html           | Attempting HTML fallback parsing...
2026-07-27 03:42:55 | DEBUG    | parse_html           | Found 1 table(s) in HTML
2026-07-27 03:42:55 | DEBUG    | parse_html           | Table columns: ['SYMBOL', 'SECTOR', 'LISTED IN', 'LDCP', 'OPEN', 'HIGH', 'LOW', 'CURRENT', 'CHANGE', 'CHANGE (%)', 'VOLUME']
2026-07-27 03:42:55 | DEBUG    | parse_html           | Table shape: (492, 11)
2026-07-27 03:42:55 | INFO     | parse_html           | ✅ HTML parsed successfully (492 rows)
2026-07-27 03:42:55 | INFO     | clean_data           | Cleaning data...
2026-07-27 03:42:55 | DEBUG    | clean_data           | Initial shape: (492, 11)
2026-07-27 03:42:55 | DEBUG    | clean_data           | Initial columns: ['SYMBOL', 'SECTOR', 'LISTED IN', 'LDCP', 'OPEN', 'HIGH', 'LOW', 'CURRENT', 'CHANGE', 'CHANGE (%)', 'VOLUME']
2026-07-27 03:42:55 | DEBUG    | clean_data           | Removed 'LISTED IN' column
2026-07-27 03:42:55 | DEBUG    | clean_data           | Converted LDCP from float64 to numeric
2026-07-27 03:42:55 | DEBUG    | clean_data           | Converted OPEN from float64 to numeric
2026-07-27 03:42:55 | DEBUG    | clean_data           | Converted HIGH from float64 to numeric
2026-07-27 03:42:55 | DEBUG    | clean_data           | Converted LOW from float64 to numeric
2026-07-27 03:42:55 | DEBUG    | clean_data           | Converted CURRENT from float64 to numeric
2026-07-27 03:42:55 | DEBUG    | clean_data           | Converted CHANGE from float64 to numeric
2026-07-27 03:42:55 | WARNING  | clean_data           | Column CHANGE (%): 492 values could not be converted to numeric
2026-07-27 03:42:55 | DEBUG    | clean_data           | Converted CHANGE (%) from str to numeric
2026-07-27 03:42:55 | DEBUG    | clean_data           | Converted VOLUME from int64 to numeric
2026-07-27 03:42:55 | INFO     | clean_data           | ✅ Data cleaned (492 rows, 16 columns)
2026-07-27 03:42:55 | DEBUG    | clean_data           | Final columns: ['SYMBOL', 'SECTOR', 'LDCP', 'OPEN', 'HIGH', 'LOW', 'CURRENT', 'CHANGE', 'CHANGE (%)', 'VOLUME', 'YEAR', 'MONTH', 'DAY', 'HOUR', 'MINUTE', 'DATETIME']
2026-07-27 03:42:55 | DEBUG    | get_file_path        | Generated file path: data/2026/07/2026-07-27.xlsx
2026-07-27 03:42:55 | INFO     | save_data            | Saving data to: data/2026/07/2026-07-27.xlsx
2026-07-27 03:42:55 | DEBUG    | _create_backup       | Backup created: data/2026/07/backups/2026-07-27_backup_20260727_034255.xlsx
2026-07-27 03:42:55 | DEBUG    | _cleanup_old_backups | Removed old backup: 2026-07-27_backup_20260727_031718.xlsx
2026-07-27 03:42:55 | DEBUG    | save_data            | Existing file found, merging data...
2026-07-27 03:42:56 | DEBUG    | save_data            | Loaded 5904 existing rows
2026-07-27 03:42:56 | DEBUG    | save_data            | Combined to 6396 rows
2026-07-27 03:42:56 | DEBUG    | save_data            | Writing to temporary file...
2026-07-27 03:42:57 | DEBUG    | save_data            | Data written to temp file: /home/runner/work/Thalorae-BackLioraen/Thalorae-BackLioraen/data/2026/07/tmpvalbek0s.xlsx
2026-07-27 03:42:57 | DEBUG    | save_data            | Temp file moved to final location
2026-07-27 03:42:57 | INFO     | save_data            | ✅ Data saved successfully (6396 total rows, 481,397 bytes)
2026-07-27 03:42:57 | INFO     | run                  | ======================================================================
2026-07-27 03:42:57 | INFO     | run                  | 📊 EXECUTION SUMMARY:
2026-07-27 03:42:57 | INFO     | run                  |    ✅ Status: SUCCESS
2026-07-27 03:42:57 | INFO     | run                  |    - Rows processed: 492
2026-07-27 03:42:57 | INFO     | run                  |    - Unique symbols: 492
2026-07-27 03:42:57 | INFO     | run                  |    - Timestamp: 2026-07-27 08:42:51
2026-07-27 03:42:57 | INFO     | run                  |    - File: data/2026/07/2026-07-27.xlsx
2026-07-27 03:42:57 | INFO     | run                  | ======================================================================
2026-07-27 03:42:57 | DEBUG    | run                  | Sample data (first row):
2026-07-27 03:42:57 | DEBUG    | run                  | {'SYMBOL': 'CNERGY', 'SECTOR': 825, 'LDCP': 10.29, 'OPEN': 10.11, 'HIGH': 10.59, 'LOW': 10.05, 'CURRENT': 10.29, 'CHANGE': 0.19, 'CHANGE (%)': nan, 'VOLUME': 59327773, 'YEAR': 2026, 'MONTH': 7, 'DAY': 27, 'HOUR': 8, 'MINUTE': 42, 'DATETIME': '2026-07-27 08:42'}
2026-07-27 03:42:57 | DEBUG    | close                | Session closed
2026-07-27 03:47:58 | INFO     | run                  | ======================================================================
2026-07-27 03:47:58 | INFO     | run                  | 🚀 MARKET DATA SCRAPER - SINGLE EXECUTION
2026-07-27 03:47:58 | INFO     | run                  | ======================================================================
2026-07-27 03:47:58 | INFO     | run                  | Execution Time: 2026-07-27 08:47:58 PKT
2026-07-27 03:47:58 | INFO     | run                  | Configuration:
2026-07-27 03:47:58 | INFO     | run                  |    - Timezone: Asia/Karachi
2026-07-27 03:47:58 | INFO     | run                  |    - Data directory: data
2026-07-27 03:47:58 | INFO     | run                  |    - Log directory: logs
2026-07-27 03:47:58 | INFO     | run                  |    - Excluded symbols: {'XR', 'XT', 'XD', 'XS'}
2026-07-27 03:47:58 | INFO     | run                  | ======================================================================
2026-07-27 03:47:58 | INFO     | fetch_data           | Fetching data (Attempt 1/3)...
2026-07-27 03:47:58 | DEBUG    | fetch_data           | Establishing session with https://dps.psx.com.pk/
2026-07-27 03:48:02 | DEBUG    | fetch_data           | Requesting data from https://dps.psx.com.pk/market-watch
2026-07-27 03:48:03 | DEBUG    | fetch_data           | Response status: 200
2026-07-27 03:48:03 | DEBUG    | fetch_data           | Response content type: text/html; charset=utf-8
2026-07-27 03:48:03 | DEBUG    | fetch_data           | Response size: 471755 bytes
2026-07-27 03:48:03 | INFO     | fetch_data           | ✅ Data fetched successfully (Status: 200)
2026-07-27 03:48:03 | DEBUG    | parse_json           | Attempting JSON parsing...
2026-07-27 03:48:03 | DEBUG    | parse_json           | Response preview: <table class="tbl" data-page-length="25"><thead class="tbl__head"><!-- tr--><!--   th(colspan="11")--><!--   th.center(colspan="2", style="width: 110px;") TOTAL BUY ORDERS--><!--   th.center(colspan="2", style="width: 110px;") TOTAL SELL ORDERS--><tr><th data-name="symbol">SYMBOL</th><th data-name="sector">SECTOR</th><th data-name="listed">LISTED IN</th><th class="right" data-name="ldcp">LDCP</th><th class="right" data-name="open">OPEN</th><th class="right" data-name="high">HIGH</th><th class="r
2026-07-27 03:48:03 | WARNING  | parse_json           | ⚠️ JSON parsing failed: Expecting value: line 1 column 1 (char 0)
2026-07-27 03:48:03 | INFO     | run                  | JSON parsing failed, trying HTML fallback...
2026-07-27 03:48:03 | INFO     | parse_html           | Attempting HTML fallback parsing...
2026-07-27 03:48:03 | DEBUG    | parse_html           | Found 1 table(s) in HTML
2026-07-27 03:48:03 | DEBUG    | parse_html           | Table columns: ['SYMBOL', 'SECTOR', 'LISTED IN', 'LDCP', 'OPEN', 'HIGH', 'LOW', 'CURRENT', 'CHANGE', 'CHANGE (%)', 'VOLUME']
2026-07-27 03:48:03 | DEBUG    | parse_html           | Table shape: (492, 11)
2026-07-27 03:48:03 | INFO     | parse_html           | ✅ HTML parsed successfully (492 rows)
2026-07-27 03:48:03 | INFO     | clean_data           | Cleaning data...
2026-07-27 03:48:03 | DEBUG    | clean_data           | Initial shape: (492, 11)
2026-07-27 03:48:03 | DEBUG    | clean_data           | Initial columns: ['SYMBOL', 'SECTOR', 'LISTED IN', 'LDCP', 'OPEN', 'HIGH', 'LOW', 'CURRENT', 'CHANGE', 'CHANGE (%)', 'VOLUME']
2026-07-27 03:48:03 | DEBUG    | clean_data           | Removed 'LISTED IN' column
2026-07-27 03:48:03 | DEBUG    | clean_data           | Converted LDCP from float64 to numeric
2026-07-27 03:48:03 | DEBUG    | clean_data           | Converted OPEN from float64 to numeric
2026-07-27 03:48:03 | DEBUG    | clean_data           | Converted HIGH from float64 to numeric
2026-07-27 03:48:03 | DEBUG    | clean_data           | Converted LOW from float64 to numeric
2026-07-27 03:48:03 | DEBUG    | clean_data           | Converted CURRENT from float64 to numeric
2026-07-27 03:48:03 | DEBUG    | clean_data           | Converted CHANGE from float64 to numeric
2026-07-27 03:48:03 | WARNING  | clean_data           | Column CHANGE (%): 492 values could not be converted to numeric
2026-07-27 03:48:03 | DEBUG    | clean_data           | Converted CHANGE (%) from str to numeric
2026-07-27 03:48:03 | DEBUG    | clean_data           | Converted VOLUME from int64 to numeric
2026-07-27 03:48:03 | INFO     | clean_data           | ✅ Data cleaned (492 rows, 16 columns)
2026-07-27 03:48:03 | DEBUG    | clean_data           | Final columns: ['SYMBOL', 'SECTOR', 'LDCP', 'OPEN', 'HIGH', 'LOW', 'CURRENT', 'CHANGE', 'CHANGE (%)', 'VOLUME', 'YEAR', 'MONTH', 'DAY', 'HOUR', 'MINUTE', 'DATETIME']
2026-07-27 03:48:03 | DEBUG    | get_file_path        | Generated file path: data/2026/07/2026-07-27.xlsx
2026-07-27 03:48:03 | INFO     | save_data            | Saving data to: data/2026/07/2026-07-27.xlsx
2026-07-27 03:48:03 | DEBUG    | _create_backup       | Backup created: data/2026/07/backups/2026-07-27_backup_20260727_034803.xlsx
2026-07-27 03:48:03 | DEBUG    | _cleanup_old_backups | Removed old backup: 2026-07-27_backup_20260727_032225.xlsx
2026-07-27 03:48:03 | DEBUG    | save_data            | Existing file found, merging data...
2026-07-27 03:48:03 | DEBUG    | save_data            | Loaded 6396 existing rows
2026-07-27 03:48:03 | DEBUG    | save_data            | Combined to 6888 rows
2026-07-27 03:48:03 | DEBUG    | save_data            | Writing to temporary file...
2026-07-27 03:48:05 | DEBUG    | save_data            | Data written to temp file: /home/runner/work/Thalorae-BackLioraen/Thalorae-BackLioraen/data/2026/07/tmpcsha2yzo.xlsx
2026-07-27 03:48:05 | DEBUG    | save_data            | Temp file moved to final location
2026-07-27 03:48:05 | INFO     | save_data            | ✅ Data saved successfully (6888 total rows, 518,128 bytes)
2026-07-27 03:48:05 | INFO     | run                  | ======================================================================
2026-07-27 03:48:05 | INFO     | run                  | 📊 EXECUTION SUMMARY:
2026-07-27 03:48:05 | INFO     | run                  |    ✅ Status: SUCCESS
2026-07-27 03:48:05 | INFO     | run                  |    - Rows processed: 492
2026-07-27 03:48:05 | INFO     | run                  |    - Unique symbols: 492
2026-07-27 03:48:05 | INFO     | run                  |    - Timestamp: 2026-07-27 08:47:58
2026-07-27 03:48:05 | INFO     | run                  |    - File: data/2026/07/2026-07-27.xlsx
2026-07-27 03:48:05 | INFO     | run                  | ======================================================================
2026-07-27 03:48:05 | DEBUG    | run                  | Sample data (first row):
2026-07-27 03:48:05 | DEBUG    | run                  | {'SYMBOL': 'CNERGY', 'SECTOR': 825, 'LDCP': 10.29, 'OPEN': 10.11, 'HIGH': 10.59, 'LOW': 10.05, 'CURRENT': 10.29, 'CHANGE': 0.19, 'CHANGE (%)': nan, 'VOLUME': 59327773, 'YEAR': 2026, 'MONTH': 7, 'DAY': 27, 'HOUR': 8, 'MINUTE': 47, 'DATETIME': '2026-07-27 08:47'}
2026-07-27 03:48:05 | DEBUG    | close                | Session closed
2026-07-27 03:53:05 | INFO     | run                  | ======================================================================
2026-07-27 03:53:05 | INFO     | run                  | 🚀 MARKET DATA SCRAPER - SINGLE EXECUTION
2026-07-27 03:53:05 | INFO     | run                  | ======================================================================
2026-07-27 03:53:05 | INFO     | run                  | Execution Time: 2026-07-27 08:53:05 PKT
2026-07-27 03:53:05 | INFO     | run                  | Configuration:
2026-07-27 03:53:05 | INFO     | run                  |    - Timezone: Asia/Karachi
2026-07-27 03:53:05 | INFO     | run                  |    - Data directory: data
2026-07-27 03:53:05 | INFO     | run                  |    - Log directory: logs
2026-07-27 03:53:05 | INFO     | run                  |    - Excluded symbols: {'XS', 'XD', 'XR', 'XT'}
2026-07-27 03:53:05 | INFO     | run                  | ======================================================================
2026-07-27 03:53:05 | INFO     | fetch_data           | Fetching data (Attempt 1/3)...
2026-07-27 03:53:05 | DEBUG    | fetch_data           | Establishing session with https://dps.psx.com.pk/
2026-07-27 03:53:09 | DEBUG    | fetch_data           | Requesting data from https://dps.psx.com.pk/market-watch
2026-07-27 03:53:11 | DEBUG    | fetch_data           | Response status: 200
2026-07-27 03:53:11 | DEBUG    | fetch_data           | Response content type: text/html; charset=utf-8
2026-07-27 03:53:11 | DEBUG    | fetch_data           | Response size: 471753 bytes
2026-07-27 03:53:11 | INFO     | fetch_data           | ✅ Data fetched successfully (Status: 200)
2026-07-27 03:53:11 | DEBUG    | parse_json           | Attempting JSON parsing...
2026-07-27 03:53:11 | DEBUG    | parse_json           | Response preview: <table class="tbl" data-page-length="25"><thead class="tbl__head"><!-- tr--><!--   th(colspan="11")--><!--   th.center(colspan="2", style="width: 110px;") TOTAL BUY ORDERS--><!--   th.center(colspan="2", style="width: 110px;") TOTAL SELL ORDERS--><tr><th data-name="symbol">SYMBOL</th><th data-name="sector">SECTOR</th><th data-name="listed">LISTED IN</th><th class="right" data-name="ldcp">LDCP</th><th class="right" data-name="open">OPEN</th><th class="right" data-name="high">HIGH</th><th class="r
2026-07-27 03:53:11 | WARNING  | parse_json           | ⚠️ JSON parsing failed: Expecting value: line 1 column 1 (char 0)
2026-07-27 03:53:11 | INFO     | run                  | JSON parsing failed, trying HTML fallback...
2026-07-27 03:53:11 | INFO     | parse_html           | Attempting HTML fallback parsing...
2026-07-27 03:53:11 | DEBUG    | parse_html           | Found 1 table(s) in HTML
2026-07-27 03:53:11 | DEBUG    | parse_html           | Table columns: ['SYMBOL', 'SECTOR', 'LISTED IN', 'LDCP', 'OPEN', 'HIGH', 'LOW', 'CURRENT', 'CHANGE', 'CHANGE (%)', 'VOLUME']
2026-07-27 03:53:11 | DEBUG    | parse_html           | Table shape: (492, 11)
2026-07-27 03:53:11 | INFO     | parse_html           | ✅ HTML parsed successfully (492 rows)
2026-07-27 03:53:11 | INFO     | clean_data           | Cleaning data...
2026-07-27 03:53:11 | DEBUG    | clean_data           | Initial shape: (492, 11)
2026-07-27 03:53:11 | DEBUG    | clean_data           | Initial columns: ['SYMBOL', 'SECTOR', 'LISTED IN', 'LDCP', 'OPEN', 'HIGH', 'LOW', 'CURRENT', 'CHANGE', 'CHANGE (%)', 'VOLUME']
2026-07-27 03:53:11 | DEBUG    | clean_data           | Removed 'LISTED IN' column
2026-07-27 03:53:11 | DEBUG    | clean_data           | Converted LDCP from float64 to numeric
2026-07-27 03:53:11 | DEBUG    | clean_data           | Converted OPEN from float64 to numeric
2026-07-27 03:53:11 | DEBUG    | clean_data           | Converted HIGH from float64 to numeric
2026-07-27 03:53:11 | DEBUG    | clean_data           | Converted LOW from float64 to numeric
2026-07-27 03:53:11 | DEBUG    | clean_data           | Converted CURRENT from float64 to numeric
2026-07-27 03:53:11 | DEBUG    | clean_data           | Converted CHANGE from float64 to numeric
2026-07-27 03:53:11 | WARNING  | clean_data           | Column CHANGE (%): 492 values could not be converted to numeric
2026-07-27 03:53:11 | DEBUG    | clean_data           | Converted CHANGE (%) from str to numeric
2026-07-27 03:53:11 | DEBUG    | clean_data           | Converted VOLUME from int64 to numeric
2026-07-27 03:53:11 | INFO     | clean_data           | ✅ Data cleaned (492 rows, 16 columns)
2026-07-27 03:53:11 | DEBUG    | clean_data           | Final columns: ['SYMBOL', 'SECTOR', 'LDCP', 'OPEN', 'HIGH', 'LOW', 'CURRENT', 'CHANGE', 'CHANGE (%)', 'VOLUME', 'YEAR', 'MONTH', 'DAY', 'HOUR', 'MINUTE', 'DATETIME']
2026-07-27 03:53:11 | DEBUG    | get_file_path        | Generated file path: data/2026/07/2026-07-27.xlsx
2026-07-27 03:53:11 | INFO     | save_data            | Saving data to: data/2026/07/2026-07-27.xlsx
2026-07-27 03:53:11 | DEBUG    | _create_backup       | Backup created: data/2026/07/backups/2026-07-27_backup_20260727_035311.xlsx
2026-07-27 03:53:11 | DEBUG    | _cleanup_old_backups | Removed old backup: 2026-07-27_backup_20260727_032733.xlsx
2026-07-27 03:53:11 | DEBUG    | save_data            | Existing file found, merging data...
2026-07-27 03:53:12 | DEBUG    | save_data            | Loaded 6888 existing rows
2026-07-27 03:53:12 | DEBUG    | save_data            | Combined to 7380 rows
2026-07-27 03:53:12 | DEBUG    | save_data            | Writing to temporary file...
2026-07-27 03:53:13 | DEBUG    | save_data            | Data written to temp file: /home/runner/work/Thalorae-BackLioraen/Thalorae-BackLioraen/data/2026/07/tmp2oc25efz.xlsx
2026-07-27 03:53:13 | DEBUG    | save_data            | Temp file moved to final location
2026-07-27 03:53:13 | INFO     | save_data            | ✅ Data saved successfully (7380 total rows, 554,900 bytes)
2026-07-27 03:53:13 | INFO     | run                  | ======================================================================
2026-07-27 03:53:13 | INFO     | run                  | 📊 EXECUTION SUMMARY:
2026-07-27 03:53:13 | INFO     | run                  |    ✅ Status: SUCCESS
2026-07-27 03:53:13 | INFO     | run                  |    - Rows processed: 492
2026-07-27 03:53:13 | INFO     | run                  |    - Unique symbols: 492
2026-07-27 03:53:13 | INFO     | run                  |    - Timestamp: 2026-07-27 08:53:05
2026-07-27 03:53:13 | INFO     | run                  |    - File: data/2026/07/2026-07-27.xlsx
2026-07-27 03:53:13 | INFO     | run                  | ======================================================================
2026-07-27 03:53:13 | DEBUG    | run                  | Sample data (first row):
2026-07-27 03:53:13 | DEBUG    | run                  | {'SYMBOL': 'CNERGY', 'SECTOR': 825, 'LDCP': 10.29, 'OPEN': 10.11, 'HIGH': 10.59, 'LOW': 10.05, 'CURRENT': 10.29, 'CHANGE': 0.19, 'CHANGE (%)': nan, 'VOLUME': 59327773, 'YEAR': 2026, 'MONTH': 7, 'DAY': 27, 'HOUR': 8, 'MINUTE': 53, 'DATETIME': '2026-07-27 08:53'}
2026-07-27 03:53:13 | DEBUG    | close                | Session closed
2026-07-27 03:58:14 | INFO     | run                  | ======================================================================
2026-07-27 03:58:14 | INFO     | run                  | 🚀 MARKET DATA SCRAPER - SINGLE EXECUTION
2026-07-27 03:58:14 | INFO     | run                  | ======================================================================
2026-07-27 03:58:14 | INFO     | run                  | Execution Time: 2026-07-27 08:58:14 PKT
2026-07-27 03:58:14 | INFO     | run                  | Configuration:
2026-07-27 03:58:14 | INFO     | run                  |    - Timezone: Asia/Karachi
2026-07-27 03:58:14 | INFO     | run                  |    - Data directory: data
2026-07-27 03:58:14 | INFO     | run                  |    - Log directory: logs
2026-07-27 03:58:14 | INFO     | run                  |    - Excluded symbols: {'XT', 'XD', 'XS', 'XR'}
2026-07-27 03:58:14 | INFO     | run                  | ======================================================================
2026-07-27 03:58:14 | INFO     | fetch_data           | Fetching data (Attempt 1/3)...
2026-07-27 03:58:14 | DEBUG    | fetch_data           | Establishing session with https://dps.psx.com.pk/
2026-07-27 03:58:18 | DEBUG    | fetch_data           | Requesting data from https://dps.psx.com.pk/market-watch
2026-07-27 03:58:20 | DEBUG    | fetch_data           | Response status: 200
2026-07-27 03:58:20 | DEBUG    | fetch_data           | Response content type: text/html; charset=utf-8
2026-07-27 03:58:20 | DEBUG    | fetch_data           | Response size: 471753 bytes
2026-07-27 03:58:20 | INFO     | fetch_data           | ✅ Data fetched successfully (Status: 200)
2026-07-27 03:58:20 | DEBUG    | parse_json           | Attempting JSON parsing...
2026-07-27 03:58:20 | DEBUG    | parse_json           | Response preview: <table class="tbl" data-page-length="25"><thead class="tbl__head"><!-- tr--><!--   th(colspan="11")--><!--   th.center(colspan="2", style="width: 110px;") TOTAL BUY ORDERS--><!--   th.center(colspan="2", style="width: 110px;") TOTAL SELL ORDERS--><tr><th data-name="symbol">SYMBOL</th><th data-name="sector">SECTOR</th><th data-name="listed">LISTED IN</th><th class="right" data-name="ldcp">LDCP</th><th class="right" data-name="open">OPEN</th><th class="right" data-name="high">HIGH</th><th class="r
2026-07-27 03:58:20 | WARNING  | parse_json           | ⚠️ JSON parsing failed: Expecting value: line 1 column 1 (char 0)
2026-07-27 03:58:20 | INFO     | run                  | JSON parsing failed, trying HTML fallback...
2026-07-27 03:58:20 | INFO     | parse_html           | Attempting HTML fallback parsing...
2026-07-27 03:58:20 | DEBUG    | parse_html           | Found 1 table(s) in HTML
2026-07-27 03:58:20 | DEBUG    | parse_html           | Table columns: ['SYMBOL', 'SECTOR', 'LISTED IN', 'LDCP', 'OPEN', 'HIGH', 'LOW', 'CURRENT', 'CHANGE', 'CHANGE (%)', 'VOLUME']
2026-07-27 03:58:20 | DEBUG    | parse_html           | Table shape: (492, 11)
2026-07-27 03:58:20 | INFO     | parse_html           | ✅ HTML parsed successfully (492 rows)
2026-07-27 03:58:20 | INFO     | clean_data           | Cleaning data...
2026-07-27 03:58:20 | DEBUG    | clean_data           | Initial shape: (492, 11)
2026-07-27 03:58:20 | DEBUG    | clean_data           | Initial columns: ['SYMBOL', 'SECTOR', 'LISTED IN', 'LDCP', 'OPEN', 'HIGH', 'LOW', 'CURRENT', 'CHANGE', 'CHANGE (%)', 'VOLUME']
2026-07-27 03:58:20 | DEBUG    | clean_data           | Removed 'LISTED IN' column
2026-07-27 03:58:20 | DEBUG    | clean_data           | Converted LDCP from float64 to numeric
2026-07-27 03:58:20 | DEBUG    | clean_data           | Converted OPEN from float64 to numeric
2026-07-27 03:58:20 | DEBUG    | clean_data           | Converted HIGH from float64 to numeric
2026-07-27 03:58:20 | DEBUG    | clean_data           | Converted LOW from float64 to numeric
2026-07-27 03:58:20 | DEBUG    | clean_data           | Converted CURRENT from float64 to numeric
2026-07-27 03:58:20 | DEBUG    | clean_data           | Converted CHANGE from float64 to numeric
2026-07-27 03:58:20 | WARNING  | clean_data           | Column CHANGE (%): 492 values could not be converted to numeric
2026-07-27 03:58:20 | DEBUG    | clean_data           | Converted CHANGE (%) from str to numeric
2026-07-27 03:58:20 | DEBUG    | clean_data           | Converted VOLUME from int64 to numeric
2026-07-27 03:58:20 | INFO     | clean_data           | ✅ Data cleaned (492 rows, 16 columns)
2026-07-27 03:58:20 | DEBUG    | clean_data           | Final columns: ['SYMBOL', 'SECTOR', 'LDCP', 'OPEN', 'HIGH', 'LOW', 'CURRENT', 'CHANGE', 'CHANGE (%)', 'VOLUME', 'YEAR', 'MONTH', 'DAY', 'HOUR', 'MINUTE', 'DATETIME']
2026-07-27 03:58:20 | DEBUG    | get_file_path        | Generated file path: data/2026/07/2026-07-27.xlsx
2026-07-27 03:58:20 | INFO     | save_data            | Saving data to: data/2026/07/2026-07-27.xlsx
2026-07-27 03:58:20 | DEBUG    | _create_backup       | Backup created: data/2026/07/backups/2026-07-27_backup_20260727_035820.xlsx
2026-07-27 03:58:20 | DEBUG    | _cleanup_old_backups | Removed old backup: 2026-07-27_backup_20260727_033242.xlsx
2026-07-27 03:58:20 | DEBUG    | save_data            | Existing file found, merging data...
2026-07-27 03:58:20 | DEBUG    | save_data            | Loaded 7380 existing rows
2026-07-27 03:58:20 | DEBUG    | save_data            | Combined to 7872 rows
2026-07-27 03:58:20 | DEBUG    | save_data            | Writing to temporary file...
2026-07-27 03:58:22 | DEBUG    | save_data            | Data written to temp file: /home/runner/work/Thalorae-BackLioraen/Thalorae-BackLioraen/data/2026/07/tmpx1z8x0pf.xlsx
2026-07-27 03:58:22 | DEBUG    | save_data            | Temp file moved to final location
2026-07-27 03:58:22 | INFO     | save_data            | ✅ Data saved successfully (7872 total rows, 591,676 bytes)
2026-07-27 03:58:22 | INFO     | run                  | ======================================================================
2026-07-27 03:58:22 | INFO     | run                  | 📊 EXECUTION SUMMARY:
2026-07-27 03:58:22 | INFO     | run                  |    ✅ Status: SUCCESS
2026-07-27 03:58:22 | INFO     | run                  |    - Rows processed: 492
2026-07-27 03:58:22 | INFO     | run                  |    - Unique symbols: 492
2026-07-27 03:58:22 | INFO     | run                  |    - Timestamp: 2026-07-27 08:58:14
2026-07-27 03:58:22 | INFO     | run                  |    - File: data/2026/07/2026-07-27.xlsx
2026-07-27 03:58:22 | INFO     | run                  | ======================================================================
2026-07-27 03:58:22 | DEBUG    | run                  | Sample data (first row):
2026-07-27 03:58:22 | DEBUG    | run                  | {'SYMBOL': 'CNERGY', 'SECTOR': 825, 'LDCP': 10.29, 'OPEN': 10.11, 'HIGH': 10.59, 'LOW': 10.05, 'CURRENT': 10.29, 'CHANGE': 0.19, 'CHANGE (%)': nan, 'VOLUME': 59327773, 'YEAR': 2026, 'MONTH': 7, 'DAY': 27, 'HOUR': 8, 'MINUTE': 58, 'DATETIME': '2026-07-27 08:58'}
2026-07-27 03:58:22 | DEBUG    | close                | Session closed
2026-07-27 04:03:22 | INFO     | run                  | ======================================================================
2026-07-27 04:03:22 | INFO     | run                  | 🚀 MARKET DATA SCRAPER - SINGLE EXECUTION
2026-07-27 04:03:22 | INFO     | run                  | ======================================================================
2026-07-27 04:03:22 | INFO     | run                  | Execution Time: 2026-07-27 09:03:22 PKT
2026-07-27 04:03:22 | INFO     | run                  | Configuration:
2026-07-27 04:03:22 | INFO     | run                  |    - Timezone: Asia/Karachi
2026-07-27 04:03:22 | INFO     | run                  |    - Data directory: data
2026-07-27 04:03:22 | INFO     | run                  |    - Log directory: logs
2026-07-27 04:03:22 | INFO     | run                  |    - Excluded symbols: {'XR', 'XD', 'XT', 'XS'}
2026-07-27 04:03:22 | INFO     | run                  | ======================================================================
2026-07-27 04:03:22 | INFO     | fetch_data           | Fetching data (Attempt 1/3)...
2026-07-27 04:03:22 | DEBUG    | fetch_data           | Establishing session with https://dps.psx.com.pk/
2026-07-27 04:03:25 | DEBUG    | fetch_data           | Requesting data from https://dps.psx.com.pk/market-watch
2026-07-27 04:03:27 | DEBUG    | fetch_data           | Response status: 200
2026-07-27 04:03:27 | DEBUG    | fetch_data           | Response content type: text/html; charset=utf-8
2026-07-27 04:03:27 | DEBUG    | fetch_data           | Response size: 471753 bytes
2026-07-27 04:03:27 | INFO     | fetch_data           | ✅ Data fetched successfully (Status: 200)
2026-07-27 04:03:27 | DEBUG    | parse_json           | Attempting JSON parsing...
2026-07-27 04:03:27 | DEBUG    | parse_json           | Response preview: <table class="tbl" data-page-length="25"><thead class="tbl__head"><!-- tr--><!--   th(colspan="11")--><!--   th.center(colspan="2", style="width: 110px;") TOTAL BUY ORDERS--><!--   th.center(colspan="2", style="width: 110px;") TOTAL SELL ORDERS--><tr><th data-name="symbol">SYMBOL</th><th data-name="sector">SECTOR</th><th data-name="listed">LISTED IN</th><th class="right" data-name="ldcp">LDCP</th><th class="right" data-name="open">OPEN</th><th class="right" data-name="high">HIGH</th><th class="r
2026-07-27 04:03:27 | WARNING  | parse_json           | ⚠️ JSON parsing failed: Expecting value: line 1 column 1 (char 0)
2026-07-27 04:03:27 | INFO     | run                  | JSON parsing failed, trying HTML fallback...
2026-07-27 04:03:27 | INFO     | parse_html           | Attempting HTML fallback parsing...
2026-07-27 04:03:27 | DEBUG    | parse_html           | Found 1 table(s) in HTML
2026-07-27 04:03:27 | DEBUG    | parse_html           | Table columns: ['SYMBOL', 'SECTOR', 'LISTED IN', 'LDCP', 'OPEN', 'HIGH', 'LOW', 'CURRENT', 'CHANGE', 'CHANGE (%)', 'VOLUME']
2026-07-27 04:03:27 | DEBUG    | parse_html           | Table shape: (492, 11)
2026-07-27 04:03:27 | INFO     | parse_html           | ✅ HTML parsed successfully (492 rows)
2026-07-27 04:03:27 | INFO     | clean_data           | Cleaning data...
2026-07-27 04:03:27 | DEBUG    | clean_data           | Initial shape: (492, 11)
2026-07-27 04:03:27 | DEBUG    | clean_data           | Initial columns: ['SYMBOL', 'SECTOR', 'LISTED IN', 'LDCP', 'OPEN', 'HIGH', 'LOW', 'CURRENT', 'CHANGE', 'CHANGE (%)', 'VOLUME']
2026-07-27 04:03:27 | DEBUG    | clean_data           | Removed 'LISTED IN' column
2026-07-27 04:03:27 | DEBUG    | clean_data           | Converted LDCP from float64 to numeric
2026-07-27 04:03:27 | DEBUG    | clean_data           | Converted OPEN from float64 to numeric
2026-07-27 04:03:27 | DEBUG    | clean_data           | Converted HIGH from float64 to numeric
2026-07-27 04:03:27 | DEBUG    | clean_data           | Converted LOW from float64 to numeric
2026-07-27 04:03:27 | DEBUG    | clean_data           | Converted CURRENT from float64 to numeric
2026-07-27 04:03:27 | DEBUG    | clean_data           | Converted CHANGE from float64 to numeric
2026-07-27 04:03:27 | WARNING  | clean_data           | Column CHANGE (%): 492 values could not be converted to numeric
2026-07-27 04:03:27 | DEBUG    | clean_data           | Converted CHANGE (%) from str to numeric
2026-07-27 04:03:27 | DEBUG    | clean_data           | Converted VOLUME from int64 to numeric
2026-07-27 04:03:27 | INFO     | clean_data           | ✅ Data cleaned (492 rows, 16 columns)
2026-07-27 04:03:27 | DEBUG    | clean_data           | Final columns: ['SYMBOL', 'SECTOR', 'LDCP', 'OPEN', 'HIGH', 'LOW', 'CURRENT', 'CHANGE', 'CHANGE (%)', 'VOLUME', 'YEAR', 'MONTH', 'DAY', 'HOUR', 'MINUTE', 'DATETIME']
2026-07-27 04:03:27 | DEBUG    | get_file_path        | Generated file path: data/2026/07/2026-07-27.xlsx
2026-07-27 04:03:27 | INFO     | save_data            | Saving data to: data/2026/07/2026-07-27.xlsx
2026-07-27 04:03:27 | DEBUG    | _create_backup       | Backup created: data/2026/07/backups/2026-07-27_backup_20260727_040327.xlsx
2026-07-27 04:03:27 | DEBUG    | _cleanup_old_backups | Removed old backup: 2026-07-27_backup_20260727_033749.xlsx
2026-07-27 04:03:27 | DEBUG    | save_data            | Existing file found, merging data...
2026-07-27 04:03:28 | DEBUG    | save_data            | Loaded 7872 existing rows
2026-07-27 04:03:28 | DEBUG    | save_data            | Combined to 8364 rows
2026-07-27 04:03:28 | DEBUG    | save_data            | Writing to temporary file...
2026-07-27 04:03:29 | DEBUG    | save_data            | Data written to temp file: /home/runner/work/Thalorae-BackLioraen/Thalorae-BackLioraen/data/2026/07/tmpinoi2eom.xlsx
2026-07-27 04:03:29 | DEBUG    | save_data            | Temp file moved to final location
2026-07-27 04:03:29 | INFO     | save_data            | ✅ Data saved successfully (8364 total rows, 628,413 bytes)
2026-07-27 04:03:29 | INFO     | run                  | ======================================================================
2026-07-27 04:03:29 | INFO     | run                  | 📊 EXECUTION SUMMARY:
2026-07-27 04:03:29 | INFO     | run                  |    ✅ Status: SUCCESS
2026-07-27 04:03:29 | INFO     | run                  |    - Rows processed: 492
2026-07-27 04:03:29 | INFO     | run                  |    - Unique symbols: 492
2026-07-27 04:03:29 | INFO     | run                  |    - Timestamp: 2026-07-27 09:03:22
2026-07-27 04:03:29 | INFO     | run                  |    - File: data/2026/07/2026-07-27.xlsx
2026-07-27 04:03:29 | INFO     | run                  | ======================================================================
2026-07-27 04:03:29 | DEBUG    | run                  | Sample data (first row):
2026-07-27 04:03:29 | DEBUG    | run                  | {'SYMBOL': 'CNERGY', 'SECTOR': 825, 'LDCP': 10.29, 'OPEN': 10.11, 'HIGH': 10.59, 'LOW': 10.05, 'CURRENT': 10.29, 'CHANGE': 0.19, 'CHANGE (%)': nan, 'VOLUME': 59327773, 'YEAR': 2026, 'MONTH': 7, 'DAY': 27, 'HOUR': 9, 'MINUTE': 3, 'DATETIME': '2026-07-27 09:03'}
2026-07-27 04:03:29 | DEBUG    | close                | Session closed
2026-07-27 04:08:30 | INFO     | run                  | ======================================================================
2026-07-27 04:08:30 | INFO     | run                  | 🚀 MARKET DATA SCRAPER - SINGLE EXECUTION
2026-07-27 04:08:30 | INFO     | run                  | ======================================================================
2026-07-27 04:08:30 | INFO     | run                  | Execution Time: 2026-07-27 09:08:30 PKT
2026-07-27 04:08:30 | INFO     | run                  | Configuration:
2026-07-27 04:08:30 | INFO     | run                  |    - Timezone: Asia/Karachi
2026-07-27 04:08:30 | INFO     | run                  |    - Data directory: data
2026-07-27 04:08:30 | INFO     | run                  |    - Log directory: logs
2026-07-27 04:08:30 | INFO     | run                  |    - Excluded symbols: {'XT', 'XD', 'XR', 'XS'}
2026-07-27 04:08:30 | INFO     | run                  | ======================================================================
2026-07-27 04:08:30 | INFO     | fetch_data           | Fetching data (Attempt 1/3)...
2026-07-27 04:08:30 | DEBUG    | fetch_data           | Establishing session with https://dps.psx.com.pk/
2026-07-27 04:08:33 | DEBUG    | fetch_data           | Requesting data from https://dps.psx.com.pk/market-watch
2026-07-27 04:08:35 | DEBUG    | fetch_data           | Response status: 200
2026-07-27 04:08:35 | DEBUG    | fetch_data           | Response content type: text/html; charset=utf-8
2026-07-27 04:08:35 | DEBUG    | fetch_data           | Response size: 471753 bytes
2026-07-27 04:08:35 | INFO     | fetch_data           | ✅ Data fetched successfully (Status: 200)
2026-07-27 04:08:35 | DEBUG    | parse_json           | Attempting JSON parsing...
2026-07-27 04:08:35 | DEBUG    | parse_json           | Response preview: <table class="tbl" data-page-length="25"><thead class="tbl__head"><!-- tr--><!--   th(colspan="11")--><!--   th.center(colspan="2", style="width: 110px;") TOTAL BUY ORDERS--><!--   th.center(colspan="2", style="width: 110px;") TOTAL SELL ORDERS--><tr><th data-name="symbol">SYMBOL</th><th data-name="sector">SECTOR</th><th data-name="listed">LISTED IN</th><th class="right" data-name="ldcp">LDCP</th><th class="right" data-name="open">OPEN</th><th class="right" data-name="high">HIGH</th><th class="r
2026-07-27 04:08:35 | WARNING  | parse_json           | ⚠️ JSON parsing failed: Expecting value: line 1 column 1 (char 0)
2026-07-27 04:08:35 | INFO     | run                  | JSON parsing failed, trying HTML fallback...
2026-07-27 04:08:35 | INFO     | parse_html           | Attempting HTML fallback parsing...
2026-07-27 04:08:35 | DEBUG    | parse_html           | Found 1 table(s) in HTML
2026-07-27 04:08:35 | DEBUG    | parse_html           | Table columns: ['SYMBOL', 'SECTOR', 'LISTED IN', 'LDCP', 'OPEN', 'HIGH', 'LOW', 'CURRENT', 'CHANGE', 'CHANGE (%)', 'VOLUME']
2026-07-27 04:08:35 | DEBUG    | parse_html           | Table shape: (492, 11)
2026-07-27 04:08:35 | INFO     | parse_html           | ✅ HTML parsed successfully (492 rows)
2026-07-27 04:08:35 | INFO     | clean_data           | Cleaning data...
2026-07-27 04:08:35 | DEBUG    | clean_data           | Initial shape: (492, 11)
2026-07-27 04:08:35 | DEBUG    | clean_data           | Initial columns: ['SYMBOL', 'SECTOR', 'LISTED IN', 'LDCP', 'OPEN', 'HIGH', 'LOW', 'CURRENT', 'CHANGE', 'CHANGE (%)', 'VOLUME']
2026-07-27 04:08:35 | DEBUG    | clean_data           | Removed 'LISTED IN' column
2026-07-27 04:08:35 | DEBUG    | clean_data           | Converted LDCP from float64 to numeric
2026-07-27 04:08:35 | DEBUG    | clean_data           | Converted OPEN from float64 to numeric
2026-07-27 04:08:35 | DEBUG    | clean_data           | Converted HIGH from float64 to numeric
2026-07-27 04:08:35 | DEBUG    | clean_data           | Converted LOW from float64 to numeric
2026-07-27 04:08:35 | DEBUG    | clean_data           | Converted CURRENT from float64 to numeric
2026-07-27 04:08:35 | DEBUG    | clean_data           | Converted CHANGE from float64 to numeric
2026-07-27 04:08:35 | WARNING  | clean_data           | Column CHANGE (%): 492 values could not be converted to numeric
2026-07-27 04:08:35 | DEBUG    | clean_data           | Converted CHANGE (%) from str to numeric
2026-07-27 04:08:35 | DEBUG    | clean_data           | Converted VOLUME from int64 to numeric
2026-07-27 04:08:35 | INFO     | clean_data           | ✅ Data cleaned (492 rows, 16 columns)
2026-07-27 04:08:35 | DEBUG    | clean_data           | Final columns: ['SYMBOL', 'SECTOR', 'LDCP', 'OPEN', 'HIGH', 'LOW', 'CURRENT', 'CHANGE', 'CHANGE (%)', 'VOLUME', 'YEAR', 'MONTH', 'DAY', 'HOUR', 'MINUTE', 'DATETIME']
2026-07-27 04:08:35 | DEBUG    | get_file_path        | Generated file path: data/2026/07/2026-07-27.xlsx
2026-07-27 04:08:35 | INFO     | save_data            | Saving data to: data/2026/07/2026-07-27.xlsx
2026-07-27 04:08:35 | DEBUG    | _create_backup       | Backup created: data/2026/07/backups/2026-07-27_backup_20260727_040835.xlsx
2026-07-27 04:08:35 | DEBUG    | _cleanup_old_backups | Removed old backup: 2026-07-27_backup_20260727_034255.xlsx
2026-07-27 04:08:35 | DEBUG    | save_data            | Existing file found, merging data...
2026-07-27 04:08:36 | DEBUG    | save_data            | Loaded 8364 existing rows
2026-07-27 04:08:36 | DEBUG    | save_data            | Combined to 8856 rows
2026-07-27 04:08:36 | DEBUG    | save_data            | Writing to temporary file...
2026-07-27 04:08:37 | DEBUG    | save_data            | Data written to temp file: /home/runner/work/Thalorae-BackLioraen/Thalorae-BackLioraen/data/2026/07/tmpq8clvrud.xlsx
2026-07-27 04:08:37 | DEBUG    | save_data            | Temp file moved to final location
2026-07-27 04:08:37 | INFO     | save_data            | ✅ Data saved successfully (8856 total rows, 665,217 bytes)
2026-07-27 04:08:37 | INFO     | run                  | ======================================================================
2026-07-27 04:08:37 | INFO     | run                  | 📊 EXECUTION SUMMARY:
2026-07-27 04:08:37 | INFO     | run                  |    ✅ Status: SUCCESS
2026-07-27 04:08:37 | INFO     | run                  |    - Rows processed: 492
2026-07-27 04:08:37 | INFO     | run                  |    - Unique symbols: 492
2026-07-27 04:08:37 | INFO     | run                  |    - Timestamp: 2026-07-27 09:08:30
2026-07-27 04:08:37 | INFO     | run                  |    - File: data/2026/07/2026-07-27.xlsx
2026-07-27 04:08:37 | INFO     | run                  | ======================================================================
2026-07-27 04:08:37 | DEBUG    | run                  | Sample data (first row):
2026-07-27 04:08:37 | DEBUG    | run                  | {'SYMBOL': 'CNERGY', 'SECTOR': 825, 'LDCP': 10.29, 'OPEN': 10.11, 'HIGH': 10.59, 'LOW': 10.05, 'CURRENT': 10.29, 'CHANGE': 0.19, 'CHANGE (%)': nan, 'VOLUME': 59327773, 'YEAR': 2026, 'MONTH': 7, 'DAY': 27, 'HOUR': 9, 'MINUTE': 8, 'DATETIME': '2026-07-27 09:08'}
2026-07-27 04:08:37 | DEBUG    | close                | Session closed
2026-07-27 04:13:38 | INFO     | run                  | ======================================================================
2026-07-27 04:13:38 | INFO     | run                  | 🚀 MARKET DATA SCRAPER - SINGLE EXECUTION
2026-07-27 04:13:38 | INFO     | run                  | ======================================================================
2026-07-27 04:13:38 | INFO     | run                  | Execution Time: 2026-07-27 09:13:38 PKT
2026-07-27 04:13:38 | INFO     | run                  | Configuration:
2026-07-27 04:13:38 | INFO     | run                  |    - Timezone: Asia/Karachi
2026-07-27 04:13:38 | INFO     | run                  |    - Data directory: data
2026-07-27 04:13:38 | INFO     | run                  |    - Log directory: logs
2026-07-27 04:13:38 | INFO     | run                  |    - Excluded symbols: {'XR', 'XD', 'XT', 'XS'}
2026-07-27 04:13:38 | INFO     | run                  | ======================================================================
2026-07-27 04:13:38 | INFO     | fetch_data           | Fetching data (Attempt 1/3)...
2026-07-27 04:13:38 | DEBUG    | fetch_data           | Establishing session with https://dps.psx.com.pk/
2026-07-27 04:13:42 | DEBUG    | fetch_data           | Requesting data from https://dps.psx.com.pk/market-watch
2026-07-27 04:13:44 | DEBUG    | fetch_data           | Response status: 200
2026-07-27 04:13:44 | DEBUG    | fetch_data           | Response content type: text/html; charset=utf-8
2026-07-27 04:13:44 | DEBUG    | fetch_data           | Response size: 471753 bytes
2026-07-27 04:13:44 | INFO     | fetch_data           | ✅ Data fetched successfully (Status: 200)
2026-07-27 04:13:44 | DEBUG    | parse_json           | Attempting JSON parsing...
2026-07-27 04:13:44 | DEBUG    | parse_json           | Response preview: <table class="tbl" data-page-length="25"><thead class="tbl__head"><!-- tr--><!--   th(colspan="11")--><!--   th.center(colspan="2", style="width: 110px;") TOTAL BUY ORDERS--><!--   th.center(colspan="2", style="width: 110px;") TOTAL SELL ORDERS--><tr><th data-name="symbol">SYMBOL</th><th data-name="sector">SECTOR</th><th data-name="listed">LISTED IN</th><th class="right" data-name="ldcp">LDCP</th><th class="right" data-name="open">OPEN</th><th class="right" data-name="high">HIGH</th><th class="r
2026-07-27 04:13:44 | WARNING  | parse_json           | ⚠️ JSON parsing failed: Expecting value: line 1 column 1 (char 0)
2026-07-27 04:13:44 | INFO     | run                  | JSON parsing failed, trying HTML fallback...
2026-07-27 04:13:44 | INFO     | parse_html           | Attempting HTML fallback parsing...
2026-07-27 04:13:44 | DEBUG    | parse_html           | Found 1 table(s) in HTML
2026-07-27 04:13:44 | DEBUG    | parse_html           | Table columns: ['SYMBOL', 'SECTOR', 'LISTED IN', 'LDCP', 'OPEN', 'HIGH', 'LOW', 'CURRENT', 'CHANGE', 'CHANGE (%)', 'VOLUME']
2026-07-27 04:13:44 | DEBUG    | parse_html           | Table shape: (492, 11)
2026-07-27 04:13:44 | INFO     | parse_html           | ✅ HTML parsed successfully (492 rows)
2026-07-27 04:13:44 | INFO     | clean_data           | Cleaning data...
2026-07-27 04:13:44 | DEBUG    | clean_data           | Initial shape: (492, 11)
2026-07-27 04:13:44 | DEBUG    | clean_data           | Initial columns: ['SYMBOL', 'SECTOR', 'LISTED IN', 'LDCP', 'OPEN', 'HIGH', 'LOW', 'CURRENT', 'CHANGE', 'CHANGE (%)', 'VOLUME']
2026-07-27 04:13:44 | DEBUG    | clean_data           | Removed 'LISTED IN' column
2026-07-27 04:13:44 | DEBUG    | clean_data           | Converted LDCP from float64 to numeric
2026-07-27 04:13:44 | DEBUG    | clean_data           | Converted OPEN from float64 to numeric
2026-07-27 04:13:44 | DEBUG    | clean_data           | Converted HIGH from float64 to numeric
2026-07-27 04:13:44 | DEBUG    | clean_data           | Converted LOW from float64 to numeric
2026-07-27 04:13:44 | DEBUG    | clean_data           | Converted CURRENT from float64 to numeric
2026-07-27 04:13:44 | DEBUG    | clean_data           | Converted CHANGE from float64 to numeric
2026-07-27 04:13:44 | WARNING  | clean_data           | Column CHANGE (%): 492 values could not be converted to numeric
2026-07-27 04:13:44 | DEBUG    | clean_data           | Converted CHANGE (%) from str to numeric
2026-07-27 04:13:44 | DEBUG    | clean_data           | Converted VOLUME from int64 to numeric
2026-07-27 04:13:44 | INFO     | clean_data           | ✅ Data cleaned (492 rows, 16 columns)
2026-07-27 04:13:44 | DEBUG    | clean_data           | Final columns: ['SYMBOL', 'SECTOR', 'LDCP', 'OPEN', 'HIGH', 'LOW', 'CURRENT', 'CHANGE', 'CHANGE (%)', 'VOLUME', 'YEAR', 'MONTH', 'DAY', 'HOUR', 'MINUTE', 'DATETIME']
2026-07-27 04:13:44 | DEBUG    | get_file_path        | Generated file path: data/2026/07/2026-07-27.xlsx
2026-07-27 04:13:44 | INFO     | save_data            | Saving data to: data/2026/07/2026-07-27.xlsx
2026-07-27 04:13:44 | DEBUG    | _create_backup       | Backup created: data/2026/07/backups/2026-07-27_backup_20260727_041344.xlsx
2026-07-27 04:13:44 | DEBUG    | _cleanup_old_backups | Removed old backup: 2026-07-27_backup_20260727_034803.xlsx
2026-07-27 04:13:44 | DEBUG    | save_data            | Existing file found, merging data...
2026-07-27 04:13:45 | DEBUG    | save_data            | Loaded 8856 existing rows
2026-07-27 04:13:45 | DEBUG    | save_data            | Combined to 9348 rows
2026-07-27 04:13:45 | DEBUG    | save_data            | Writing to temporary file...
2026-07-27 04:13:47 | DEBUG    | save_data            | Data written to temp file: /home/runner/work/Thalorae-BackLioraen/Thalorae-BackLioraen/data/2026/07/tmp_lesdjgl.xlsx
2026-07-27 04:13:47 | DEBUG    | save_data            | Temp file moved to final location
2026-07-27 04:13:47 | INFO     | save_data            | ✅ Data saved successfully (9348 total rows, 701,981 bytes)
2026-07-27 04:13:47 | INFO     | run                  | ======================================================================
2026-07-27 04:13:47 | INFO     | run                  | 📊 EXECUTION SUMMARY:
2026-07-27 04:13:47 | INFO     | run                  |    ✅ Status: SUCCESS
2026-07-27 04:13:47 | INFO     | run                  |    - Rows processed: 492
2026-07-27 04:13:47 | INFO     | run                  |    - Unique symbols: 492
2026-07-27 04:13:47 | INFO     | run                  |    - Timestamp: 2026-07-27 09:13:38
2026-07-27 04:13:47 | INFO     | run                  |    - File: data/2026/07/2026-07-27.xlsx
2026-07-27 04:13:47 | INFO     | run                  | ======================================================================
2026-07-27 04:13:47 | DEBUG    | run                  | Sample data (first row):
2026-07-27 04:13:47 | DEBUG    | run                  | {'SYMBOL': 'CNERGY', 'SECTOR': 825, 'LDCP': 10.29, 'OPEN': 10.11, 'HIGH': 10.59, 'LOW': 10.05, 'CURRENT': 10.29, 'CHANGE': 0.19, 'CHANGE (%)': nan, 'VOLUME': 59327773, 'YEAR': 2026, 'MONTH': 7, 'DAY': 27, 'HOUR': 9, 'MINUTE': 13, 'DATETIME': '2026-07-27 09:13'}
2026-07-27 04:13:47 | DEBUG    | close                | Session closed
2026-07-27 04:18:47 | INFO     | run                  | ======================================================================
2026-07-27 04:18:47 | INFO     | run                  | 🚀 MARKET DATA SCRAPER - SINGLE EXECUTION
2026-07-27 04:18:47 | INFO     | run                  | ======================================================================
2026-07-27 04:18:47 | INFO     | run                  | Execution Time: 2026-07-27 09:18:47 PKT
2026-07-27 04:18:47 | INFO     | run                  | Configuration:
2026-07-27 04:18:47 | INFO     | run                  |    - Timezone: Asia/Karachi
2026-07-27 04:18:47 | INFO     | run                  |    - Data directory: data
2026-07-27 04:18:47 | INFO     | run                  |    - Log directory: logs
2026-07-27 04:18:47 | INFO     | run                  |    - Excluded symbols: {'XS', 'XD', 'XT', 'XR'}
2026-07-27 04:18:47 | INFO     | run                  | ======================================================================
2026-07-27 04:18:47 | INFO     | fetch_data           | Fetching data (Attempt 1/3)...
2026-07-27 04:18:47 | DEBUG    | fetch_data           | Establishing session with https://dps.psx.com.pk/
2026-07-27 04:18:51 | DEBUG    | fetch_data           | Requesting data from https://dps.psx.com.pk/market-watch
2026-07-27 04:18:54 | DEBUG    | fetch_data           | Response status: 200
2026-07-27 04:18:54 | DEBUG    | fetch_data           | Response content type: text/html; charset=utf-8
2026-07-27 04:18:54 | DEBUG    | fetch_data           | Response size: 471753 bytes
2026-07-27 04:18:54 | INFO     | fetch_data           | ✅ Data fetched successfully (Status: 200)
2026-07-27 04:18:54 | DEBUG    | parse_json           | Attempting JSON parsing...
2026-07-27 04:18:54 | DEBUG    | parse_json           | Response preview: <table class="tbl" data-page-length="25"><thead class="tbl__head"><!-- tr--><!--   th(colspan="11")--><!--   th.center(colspan="2", style="width: 110px;") TOTAL BUY ORDERS--><!--   th.center(colspan="2", style="width: 110px;") TOTAL SELL ORDERS--><tr><th data-name="symbol">SYMBOL</th><th data-name="sector">SECTOR</th><th data-name="listed">LISTED IN</th><th class="right" data-name="ldcp">LDCP</th><th class="right" data-name="open">OPEN</th><th class="right" data-name="high">HIGH</th><th class="r
2026-07-27 04:18:54 | WARNING  | parse_json           | ⚠️ JSON parsing failed: Expecting value: line 1 column 1 (char 0)
2026-07-27 04:18:54 | INFO     | run                  | JSON parsing failed, trying HTML fallback...
2026-07-27 04:18:54 | INFO     | parse_html           | Attempting HTML fallback parsing...
2026-07-27 04:18:54 | DEBUG    | parse_html           | Found 1 table(s) in HTML
2026-07-27 04:18:54 | DEBUG    | parse_html           | Table columns: ['SYMBOL', 'SECTOR', 'LISTED IN', 'LDCP', 'OPEN', 'HIGH', 'LOW', 'CURRENT', 'CHANGE', 'CHANGE (%)', 'VOLUME']
2026-07-27 04:18:54 | DEBUG    | parse_html           | Table shape: (492, 11)
2026-07-27 04:18:54 | INFO     | parse_html           | ✅ HTML parsed successfully (492 rows)
2026-07-27 04:18:54 | INFO     | clean_data           | Cleaning data...
2026-07-27 04:18:54 | DEBUG    | clean_data           | Initial shape: (492, 11)
2026-07-27 04:18:54 | DEBUG    | clean_data           | Initial columns: ['SYMBOL', 'SECTOR', 'LISTED IN', 'LDCP', 'OPEN', 'HIGH', 'LOW', 'CURRENT', 'CHANGE', 'CHANGE (%)', 'VOLUME']
2026-07-27 04:18:54 | DEBUG    | clean_data           | Removed 'LISTED IN' column
2026-07-27 04:18:54 | DEBUG    | clean_data           | Converted LDCP from float64 to numeric
2026-07-27 04:18:54 | DEBUG    | clean_data           | Converted OPEN from float64 to numeric
2026-07-27 04:18:54 | DEBUG    | clean_data           | Converted HIGH from float64 to numeric
2026-07-27 04:18:54 | DEBUG    | clean_data           | Converted LOW from float64 to numeric
2026-07-27 04:18:54 | DEBUG    | clean_data           | Converted CURRENT from float64 to numeric
2026-07-27 04:18:54 | DEBUG    | clean_data           | Converted CHANGE from float64 to numeric
2026-07-27 04:18:54 | WARNING  | clean_data           | Column CHANGE (%): 492 values could not be converted to numeric
2026-07-27 04:18:54 | DEBUG    | clean_data           | Converted CHANGE (%) from str to numeric
2026-07-27 04:18:54 | DEBUG    | clean_data           | Converted VOLUME from int64 to numeric
2026-07-27 04:18:54 | INFO     | clean_data           | ✅ Data cleaned (492 rows, 16 columns)
2026-07-27 04:18:54 | DEBUG    | clean_data           | Final columns: ['SYMBOL', 'SECTOR', 'LDCP', 'OPEN', 'HIGH', 'LOW', 'CURRENT', 'CHANGE', 'CHANGE (%)', 'VOLUME', 'YEAR', 'MONTH', 'DAY', 'HOUR', 'MINUTE', 'DATETIME']
2026-07-27 04:18:54 | DEBUG    | get_file_path        | Generated file path: data/2026/07/2026-07-27.xlsx
2026-07-27 04:18:54 | INFO     | save_data            | Saving data to: data/2026/07/2026-07-27.xlsx
2026-07-27 04:18:54 | DEBUG    | _create_backup       | Backup created: data/2026/07/backups/2026-07-27_backup_20260727_041854.xlsx
2026-07-27 04:18:54 | DEBUG    | _cleanup_old_backups | Removed old backup: 2026-07-27_backup_20260727_035311.xlsx
2026-07-27 04:18:54 | DEBUG    | save_data            | Existing file found, merging data...
2026-07-27 04:18:55 | DEBUG    | save_data            | Loaded 9348 existing rows
2026-07-27 04:18:55 | DEBUG    | save_data            | Combined to 9840 rows
2026-07-27 04:18:55 | DEBUG    | save_data            | Writing to temporary file...
2026-07-27 04:18:57 | DEBUG    | save_data            | Data written to temp file: /home/runner/work/Thalorae-BackLioraen/Thalorae-BackLioraen/data/2026/07/tmp7pupwbgz.xlsx
2026-07-27 04:18:57 | DEBUG    | save_data            | Temp file moved to final location
2026-07-27 04:18:57 | INFO     | save_data            | ✅ Data saved successfully (9840 total rows, 738,747 bytes)
2026-07-27 04:18:57 | INFO     | run                  | ======================================================================
2026-07-27 04:18:57 | INFO     | run                  | 📊 EXECUTION SUMMARY:
2026-07-27 04:18:57 | INFO     | run                  |    ✅ Status: SUCCESS
2026-07-27 04:18:57 | INFO     | run                  |    - Rows processed: 492
2026-07-27 04:18:57 | INFO     | run                  |    - Unique symbols: 492
2026-07-27 04:18:57 | INFO     | run                  |    - Timestamp: 2026-07-27 09:18:47
2026-07-27 04:18:57 | INFO     | run                  |    - File: data/2026/07/2026-07-27.xlsx
2026-07-27 04:18:57 | INFO     | run                  | ======================================================================
2026-07-27 04:18:57 | DEBUG    | run                  | Sample data (first row):
2026-07-27 04:18:57 | DEBUG    | run                  | {'SYMBOL': 'CNERGY', 'SECTOR': 825, 'LDCP': 10.29, 'OPEN': 10.11, 'HIGH': 10.59, 'LOW': 10.05, 'CURRENT': 10.29, 'CHANGE': 0.19, 'CHANGE (%)': nan, 'VOLUME': 59327773, 'YEAR': 2026, 'MONTH': 7, 'DAY': 27, 'HOUR': 9, 'MINUTE': 18, 'DATETIME': '2026-07-27 09:18'}
2026-07-27 04:18:57 | DEBUG    | close                | Session closed
2026-07-27 04:23:57 | INFO     | run                  | ======================================================================
2026-07-27 04:23:57 | INFO     | run                  | 🚀 MARKET DATA SCRAPER - SINGLE EXECUTION
2026-07-27 04:23:57 | INFO     | run                  | ======================================================================
2026-07-27 04:23:57 | INFO     | run                  | Execution Time: 2026-07-27 09:23:57 PKT
2026-07-27 04:23:57 | INFO     | run                  | Configuration:
2026-07-27 04:23:57 | INFO     | run                  |    - Timezone: Asia/Karachi
2026-07-27 04:23:57 | INFO     | run                  |    - Data directory: data
2026-07-27 04:23:57 | INFO     | run                  |    - Log directory: logs
2026-07-27 04:23:57 | INFO     | run                  |    - Excluded symbols: {'XS', 'XR', 'XD', 'XT'}
2026-07-27 04:23:57 | INFO     | run                  | ======================================================================
2026-07-27 04:23:57 | INFO     | fetch_data           | Fetching data (Attempt 1/3)...
2026-07-27 04:23:57 | DEBUG    | fetch_data           | Establishing session with https://dps.psx.com.pk/
2026-07-27 04:24:00 | DEBUG    | fetch_data           | Requesting data from https://dps.psx.com.pk/market-watch
2026-07-27 04:24:02 | DEBUG    | fetch_data           | Response status: 200
2026-07-27 04:24:02 | DEBUG    | fetch_data           | Response content type: text/html; charset=utf-8
2026-07-27 04:24:02 | DEBUG    | fetch_data           | Response size: 471753 bytes
2026-07-27 04:24:02 | INFO     | fetch_data           | ✅ Data fetched successfully (Status: 200)
2026-07-27 04:24:02 | DEBUG    | parse_json           | Attempting JSON parsing...
2026-07-27 04:24:02 | DEBUG    | parse_json           | Response preview: <table class="tbl" data-page-length="25"><thead class="tbl__head"><!-- tr--><!--   th(colspan="11")--><!--   th.center(colspan="2", style="width: 110px;") TOTAL BUY ORDERS--><!--   th.center(colspan="2", style="width: 110px;") TOTAL SELL ORDERS--><tr><th data-name="symbol">SYMBOL</th><th data-name="sector">SECTOR</th><th data-name="listed">LISTED IN</th><th class="right" data-name="ldcp">LDCP</th><th class="right" data-name="open">OPEN</th><th class="right" data-name="high">HIGH</th><th class="r
2026-07-27 04:24:02 | WARNING  | parse_json           | ⚠️ JSON parsing failed: Expecting value: line 1 column 1 (char 0)
2026-07-27 04:24:02 | INFO     | run                  | JSON parsing failed, trying HTML fallback...
2026-07-27 04:24:02 | INFO     | parse_html           | Attempting HTML fallback parsing...
2026-07-27 04:24:02 | DEBUG    | parse_html           | Found 1 table(s) in HTML
2026-07-27 04:24:02 | DEBUG    | parse_html           | Table columns: ['SYMBOL', 'SECTOR', 'LISTED IN', 'LDCP', 'OPEN', 'HIGH', 'LOW', 'CURRENT', 'CHANGE', 'CHANGE (%)', 'VOLUME']
2026-07-27 04:24:02 | DEBUG    | parse_html           | Table shape: (492, 11)
2026-07-27 04:24:02 | INFO     | parse_html           | ✅ HTML parsed successfully (492 rows)
2026-07-27 04:24:02 | INFO     | clean_data           | Cleaning data...
2026-07-27 04:24:02 | DEBUG    | clean_data           | Initial shape: (492, 11)
2026-07-27 04:24:02 | DEBUG    | clean_data           | Initial columns: ['SYMBOL', 'SECTOR', 'LISTED IN', 'LDCP', 'OPEN', 'HIGH', 'LOW', 'CURRENT', 'CHANGE', 'CHANGE (%)', 'VOLUME']
2026-07-27 04:24:02 | DEBUG    | clean_data           | Removed 'LISTED IN' column
2026-07-27 04:24:02 | DEBUG    | clean_data           | Converted LDCP from float64 to numeric
2026-07-27 04:24:02 | DEBUG    | clean_data           | Converted OPEN from float64 to numeric
2026-07-27 04:24:02 | DEBUG    | clean_data           | Converted HIGH from float64 to numeric
2026-07-27 04:24:02 | DEBUG    | clean_data           | Converted LOW from float64 to numeric
2026-07-27 04:24:02 | DEBUG    | clean_data           | Converted CURRENT from float64 to numeric
2026-07-27 04:24:02 | DEBUG    | clean_data           | Converted CHANGE from float64 to numeric
2026-07-27 04:24:02 | WARNING  | clean_data           | Column CHANGE (%): 492 values could not be converted to numeric
2026-07-27 04:24:02 | DEBUG    | clean_data           | Converted CHANGE (%) from str to numeric
2026-07-27 04:24:02 | DEBUG    | clean_data           | Converted VOLUME from int64 to numeric
2026-07-27 04:24:02 | INFO     | clean_data           | ✅ Data cleaned (492 rows, 16 columns)
2026-07-27 04:24:02 | DEBUG    | clean_data           | Final columns: ['SYMBOL', 'SECTOR', 'LDCP', 'OPEN', 'HIGH', 'LOW', 'CURRENT', 'CHANGE', 'CHANGE (%)', 'VOLUME', 'YEAR', 'MONTH', 'DAY', 'HOUR', 'MINUTE', 'DATETIME']
2026-07-27 04:24:02 | DEBUG    | get_file_path        | Generated file path: data/2026/07/2026-07-27.xlsx
2026-07-27 04:24:02 | INFO     | save_data            | Saving data to: data/2026/07/2026-07-27.xlsx
2026-07-27 04:24:02 | DEBUG    | _create_backup       | Backup created: data/2026/07/backups/2026-07-27_backup_20260727_042402.xlsx
2026-07-27 04:24:02 | DEBUG    | _cleanup_old_backups | Removed old backup: 2026-07-27_backup_20260727_035820.xlsx
2026-07-27 04:24:02 | DEBUG    | save_data            | Existing file found, merging data...
2026-07-27 04:24:03 | DEBUG    | save_data            | Loaded 9840 existing rows
2026-07-27 04:24:03 | DEBUG    | save_data            | Combined to 10332 rows
2026-07-27 04:24:03 | DEBUG    | save_data            | Writing to temporary file...
2026-07-27 04:24:05 | DEBUG    | save_data            | Data written to temp file: /home/runner/work/Thalorae-BackLioraen/Thalorae-BackLioraen/data/2026/07/tmp0alkpfef.xlsx
2026-07-27 04:24:05 | DEBUG    | save_data            | Temp file moved to final location
2026-07-27 04:24:05 | INFO     | save_data            | ✅ Data saved successfully (10332 total rows, 775,688 bytes)
2026-07-27 04:24:05 | INFO     | run                  | ======================================================================
2026-07-27 04:24:05 | INFO     | run                  | 📊 EXECUTION SUMMARY:
2026-07-27 04:24:05 | INFO     | run                  |    ✅ Status: SUCCESS
2026-07-27 04:24:05 | INFO     | run                  |    - Rows processed: 492
2026-07-27 04:24:05 | INFO     | run                  |    - Unique symbols: 492
2026-07-27 04:24:05 | INFO     | run                  |    - Timestamp: 2026-07-27 09:23:57
2026-07-27 04:24:05 | INFO     | run                  |    - File: data/2026/07/2026-07-27.xlsx
2026-07-27 04:24:05 | INFO     | run                  | ======================================================================
2026-07-27 04:24:05 | DEBUG    | run                  | Sample data (first row):
2026-07-27 04:24:05 | DEBUG    | run                  | {'SYMBOL': 'CNERGY', 'SECTOR': 825, 'LDCP': 10.29, 'OPEN': 10.11, 'HIGH': 10.59, 'LOW': 10.05, 'CURRENT': 10.29, 'CHANGE': 0.19, 'CHANGE (%)': nan, 'VOLUME': 59327773, 'YEAR': 2026, 'MONTH': 7, 'DAY': 27, 'HOUR': 9, 'MINUTE': 23, 'DATETIME': '2026-07-27 09:23'}
2026-07-27 04:24:05 | DEBUG    | close                | Session closed
2026-07-27 04:29:06 | INFO     | run                  | ======================================================================
2026-07-27 04:29:06 | INFO     | run                  | 🚀 MARKET DATA SCRAPER - SINGLE EXECUTION
2026-07-27 04:29:06 | INFO     | run                  | ======================================================================
2026-07-27 04:29:06 | INFO     | run                  | Execution Time: 2026-07-27 09:29:06 PKT
2026-07-27 04:29:06 | INFO     | run                  | Configuration:
2026-07-27 04:29:06 | INFO     | run                  |    - Timezone: Asia/Karachi
2026-07-27 04:29:06 | INFO     | run                  |    - Data directory: data
2026-07-27 04:29:06 | INFO     | run                  |    - Log directory: logs
2026-07-27 04:29:06 | INFO     | run                  |    - Excluded symbols: {'XT', 'XD', 'XR', 'XS'}
2026-07-27 04:29:06 | INFO     | run                  | ======================================================================
2026-07-27 04:29:06 | INFO     | fetch_data           | Fetching data (Attempt 1/3)...
2026-07-27 04:29:06 | DEBUG    | fetch_data           | Establishing session with https://dps.psx.com.pk/
2026-07-27 04:29:10 | DEBUG    | fetch_data           | Requesting data from https://dps.psx.com.pk/market-watch
2026-07-27 04:29:12 | DEBUG    | fetch_data           | Response status: 200
2026-07-27 04:29:12 | DEBUG    | fetch_data           | Response content type: text/html; charset=utf-8
2026-07-27 04:29:12 | DEBUG    | fetch_data           | Response size: 471753 bytes
2026-07-27 04:29:12 | INFO     | fetch_data           | ✅ Data fetched successfully (Status: 200)
2026-07-27 04:29:12 | DEBUG    | parse_json           | Attempting JSON parsing...
2026-07-27 04:29:12 | DEBUG    | parse_json           | Response preview: <table class="tbl" data-page-length="25"><thead class="tbl__head"><!-- tr--><!--   th(colspan="11")--><!--   th.center(colspan="2", style="width: 110px;") TOTAL BUY ORDERS--><!--   th.center(colspan="2", style="width: 110px;") TOTAL SELL ORDERS--><tr><th data-name="symbol">SYMBOL</th><th data-name="sector">SECTOR</th><th data-name="listed">LISTED IN</th><th class="right" data-name="ldcp">LDCP</th><th class="right" data-name="open">OPEN</th><th class="right" data-name="high">HIGH</th><th class="r
2026-07-27 04:29:12 | WARNING  | parse_json           | ⚠️ JSON parsing failed: Expecting value: line 1 column 1 (char 0)
2026-07-27 04:29:12 | INFO     | run                  | JSON parsing failed, trying HTML fallback...
2026-07-27 04:29:12 | INFO     | parse_html           | Attempting HTML fallback parsing...
2026-07-27 04:29:12 | DEBUG    | parse_html           | Found 1 table(s) in HTML
2026-07-27 04:29:12 | DEBUG    | parse_html           | Table columns: ['SYMBOL', 'SECTOR', 'LISTED IN', 'LDCP', 'OPEN', 'HIGH', 'LOW', 'CURRENT', 'CHANGE', 'CHANGE (%)', 'VOLUME']
2026-07-27 04:29:12 | DEBUG    | parse_html           | Table shape: (492, 11)
2026-07-27 04:29:12 | INFO     | parse_html           | ✅ HTML parsed successfully (492 rows)
2026-07-27 04:29:12 | INFO     | clean_data           | Cleaning data...
2026-07-27 04:29:12 | DEBUG    | clean_data           | Initial shape: (492, 11)
2026-07-27 04:29:12 | DEBUG    | clean_data           | Initial columns: ['SYMBOL', 'SECTOR', 'LISTED IN', 'LDCP', 'OPEN', 'HIGH', 'LOW', 'CURRENT', 'CHANGE', 'CHANGE (%)', 'VOLUME']
2026-07-27 04:29:12 | DEBUG    | clean_data           | Removed 'LISTED IN' column
2026-07-27 04:29:12 | DEBUG    | clean_data           | Converted LDCP from float64 to numeric
2026-07-27 04:29:12 | DEBUG    | clean_data           | Converted OPEN from float64 to numeric
2026-07-27 04:29:12 | DEBUG    | clean_data           | Converted HIGH from float64 to numeric
2026-07-27 04:29:12 | DEBUG    | clean_data           | Converted LOW from float64 to numeric
2026-07-27 04:29:12 | DEBUG    | clean_data           | Converted CURRENT from float64 to numeric
2026-07-27 04:29:12 | DEBUG    | clean_data           | Converted CHANGE from float64 to numeric
2026-07-27 04:29:12 | WARNING  | clean_data           | Column CHANGE (%): 492 values could not be converted to numeric
2026-07-27 04:29:12 | DEBUG    | clean_data           | Converted CHANGE (%) from str to numeric
2026-07-27 04:29:12 | DEBUG    | clean_data           | Converted VOLUME from int64 to numeric
2026-07-27 04:29:12 | INFO     | clean_data           | ✅ Data cleaned (492 rows, 16 columns)
2026-07-27 04:29:12 | DEBUG    | clean_data           | Final columns: ['SYMBOL', 'SECTOR', 'LDCP', 'OPEN', 'HIGH', 'LOW', 'CURRENT', 'CHANGE', 'CHANGE (%)', 'VOLUME', 'YEAR', 'MONTH', 'DAY', 'HOUR', 'MINUTE', 'DATETIME']
2026-07-27 04:29:12 | DEBUG    | get_file_path        | Generated file path: data/2026/07/2026-07-27.xlsx
2026-07-27 04:29:12 | INFO     | save_data            | Saving data to: data/2026/07/2026-07-27.xlsx
2026-07-27 04:29:12 | DEBUG    | _create_backup       | Backup created: data/2026/07/backups/2026-07-27_backup_20260727_042912.xlsx
2026-07-27 04:29:12 | DEBUG    | _cleanup_old_backups | Removed old backup: 2026-07-27_backup_20260727_040327.xlsx
2026-07-27 04:29:12 | DEBUG    | save_data            | Existing file found, merging data...
2026-07-27 04:29:13 | DEBUG    | save_data            | Loaded 10332 existing rows
2026-07-27 04:29:13 | DEBUG    | save_data            | Combined to 10824 rows
2026-07-27 04:29:13 | DEBUG    | save_data            | Writing to temporary file...
2026-07-27 04:29:15 | DEBUG    | save_data            | Data written to temp file: /home/runner/work/Thalorae-BackLioraen/Thalorae-BackLioraen/data/2026/07/tmpvjcqyskx.xlsx
2026-07-27 04:29:15 | DEBUG    | save_data            | Temp file moved to final location
2026-07-27 04:29:15 | INFO     | save_data            | ✅ Data saved successfully (10824 total rows, 812,263 bytes)
2026-07-27 04:29:15 | INFO     | run                  | ======================================================================
2026-07-27 04:29:15 | INFO     | run                  | 📊 EXECUTION SUMMARY:
2026-07-27 04:29:15 | INFO     | run                  |    ✅ Status: SUCCESS
2026-07-27 04:29:15 | INFO     | run                  |    - Rows processed: 492
2026-07-27 04:29:15 | INFO     | run                  |    - Unique symbols: 492
2026-07-27 04:29:15 | INFO     | run                  |    - Timestamp: 2026-07-27 09:29:06
2026-07-27 04:29:15 | INFO     | run                  |    - File: data/2026/07/2026-07-27.xlsx
2026-07-27 04:29:15 | INFO     | run                  | ======================================================================
2026-07-27 04:29:15 | DEBUG    | run                  | Sample data (first row):
2026-07-27 04:29:15 | DEBUG    | run                  | {'SYMBOL': 'CNERGY', 'SECTOR': 825, 'LDCP': 10.29, 'OPEN': 10.11, 'HIGH': 10.59, 'LOW': 10.05, 'CURRENT': 10.29, 'CHANGE': 0.19, 'CHANGE (%)': nan, 'VOLUME': 59327773, 'YEAR': 2026, 'MONTH': 7, 'DAY': 27, 'HOUR': 9, 'MINUTE': 29, 'DATETIME': '2026-07-27 09:29'}
2026-07-27 04:29:15 | DEBUG    | close                | Session closed
2026-07-27 04:34:15 | INFO     | run                  | ======================================================================
2026-07-27 04:34:15 | INFO     | run                  | 🚀 MARKET DATA SCRAPER - SINGLE EXECUTION
2026-07-27 04:34:15 | INFO     | run                  | ======================================================================
2026-07-27 04:34:15 | INFO     | run                  | Execution Time: 2026-07-27 09:34:15 PKT
2026-07-27 04:34:15 | INFO     | run                  | Configuration:
2026-07-27 04:34:15 | INFO     | run                  |    - Timezone: Asia/Karachi
2026-07-27 04:34:15 | INFO     | run                  |    - Data directory: data
2026-07-27 04:34:15 | INFO     | run                  |    - Log directory: logs
2026-07-27 04:34:15 | INFO     | run                  |    - Excluded symbols: {'XT', 'XD', 'XR', 'XS'}
2026-07-27 04:34:15 | INFO     | run                  | ======================================================================
2026-07-27 04:34:15 | INFO     | fetch_data           | Fetching data (Attempt 1/3)...
2026-07-27 04:34:15 | DEBUG    | fetch_data           | Establishing session with https://dps.psx.com.pk/
2026-07-27 04:34:18 | DEBUG    | fetch_data           | Requesting data from https://dps.psx.com.pk/market-watch
2026-07-27 04:34:20 | DEBUG    | fetch_data           | Response status: 200
2026-07-27 04:34:20 | DEBUG    | fetch_data           | Response content type: text/html; charset=utf-8
2026-07-27 04:34:20 | DEBUG    | fetch_data           | Response size: 471753 bytes
2026-07-27 04:34:20 | INFO     | fetch_data           | ✅ Data fetched successfully (Status: 200)
2026-07-27 04:34:20 | DEBUG    | parse_json           | Attempting JSON parsing...
2026-07-27 04:34:20 | DEBUG    | parse_json           | Response preview: <table class="tbl" data-page-length="25"><thead class="tbl__head"><!-- tr--><!--   th(colspan="11")--><!--   th.center(colspan="2", style="width: 110px;") TOTAL BUY ORDERS--><!--   th.center(colspan="2", style="width: 110px;") TOTAL SELL ORDERS--><tr><th data-name="symbol">SYMBOL</th><th data-name="sector">SECTOR</th><th data-name="listed">LISTED IN</th><th class="right" data-name="ldcp">LDCP</th><th class="right" data-name="open">OPEN</th><th class="right" data-name="high">HIGH</th><th class="r
2026-07-27 04:34:20 | WARNING  | parse_json           | ⚠️ JSON parsing failed: Expecting value: line 1 column 1 (char 0)
2026-07-27 04:34:20 | INFO     | run                  | JSON parsing failed, trying HTML fallback...
2026-07-27 04:34:20 | INFO     | parse_html           | Attempting HTML fallback parsing...
2026-07-27 04:34:20 | DEBUG    | parse_html           | Found 1 table(s) in HTML
2026-07-27 04:34:20 | DEBUG    | parse_html           | Table columns: ['SYMBOL', 'SECTOR', 'LISTED IN', 'LDCP', 'OPEN', 'HIGH', 'LOW', 'CURRENT', 'CHANGE', 'CHANGE (%)', 'VOLUME']
2026-07-27 04:34:20 | DEBUG    | parse_html           | Table shape: (492, 11)
2026-07-27 04:34:20 | INFO     | parse_html           | ✅ HTML parsed successfully (492 rows)
2026-07-27 04:34:20 | INFO     | clean_data           | Cleaning data...
2026-07-27 04:34:20 | DEBUG    | clean_data           | Initial shape: (492, 11)
2026-07-27 04:34:20 | DEBUG    | clean_data           | Initial columns: ['SYMBOL', 'SECTOR', 'LISTED IN', 'LDCP', 'OPEN', 'HIGH', 'LOW', 'CURRENT', 'CHANGE', 'CHANGE (%)', 'VOLUME']
2026-07-27 04:34:20 | DEBUG    | clean_data           | Removed 'LISTED IN' column
2026-07-27 04:34:20 | DEBUG    | clean_data           | Converted LDCP from float64 to numeric
2026-07-27 04:34:20 | DEBUG    | clean_data           | Converted OPEN from float64 to numeric
2026-07-27 04:34:20 | DEBUG    | clean_data           | Converted HIGH from float64 to numeric
2026-07-27 04:34:20 | DEBUG    | clean_data           | Converted LOW from float64 to numeric
2026-07-27 04:34:20 | DEBUG    | clean_data           | Converted CURRENT from float64 to numeric
2026-07-27 04:34:20 | DEBUG    | clean_data           | Converted CHANGE from float64 to numeric
2026-07-27 04:34:20 | WARNING  | clean_data           | Column CHANGE (%): 492 values could not be converted to numeric
2026-07-27 04:34:20 | DEBUG    | clean_data           | Converted CHANGE (%) from str to numeric
2026-07-27 04:34:20 | DEBUG    | clean_data           | Converted VOLUME from int64 to numeric
2026-07-27 04:34:20 | INFO     | clean_data           | ✅ Data cleaned (492 rows, 16 columns)
2026-07-27 04:34:20 | DEBUG    | clean_data           | Final columns: ['SYMBOL', 'SECTOR', 'LDCP', 'OPEN', 'HIGH', 'LOW', 'CURRENT', 'CHANGE', 'CHANGE (%)', 'VOLUME', 'YEAR', 'MONTH', 'DAY', 'HOUR', 'MINUTE', 'DATETIME']
2026-07-27 04:34:20 | DEBUG    | get_file_path        | Generated file path: data/2026/07/2026-07-27.xlsx
2026-07-27 04:34:20 | INFO     | save_data            | Saving data to: data/2026/07/2026-07-27.xlsx
2026-07-27 04:34:20 | DEBUG    | _create_backup       | Backup created: data/2026/07/backups/2026-07-27_backup_20260727_043420.xlsx
2026-07-27 04:34:20 | DEBUG    | _cleanup_old_backups | Removed old backup: 2026-07-27_backup_20260727_040835.xlsx
2026-07-27 04:34:20 | DEBUG    | save_data            | Existing file found, merging data...
2026-07-27 04:34:21 | DEBUG    | save_data            | Loaded 10824 existing rows
2026-07-27 04:34:21 | DEBUG    | save_data            | Combined to 11316 rows
2026-07-27 04:34:21 | DEBUG    | save_data            | Writing to temporary file...
2026-07-27 04:34:23 | DEBUG    | save_data            | Data written to temp file: /home/runner/work/Thalorae-BackLioraen/Thalorae-BackLioraen/data/2026/07/tmpu55eksg8.xlsx
2026-07-27 04:34:23 | DEBUG    | save_data            | Temp file moved to final location
2026-07-27 04:34:23 | INFO     | save_data            | ✅ Data saved successfully (11316 total rows, 848,877 bytes)
2026-07-27 04:34:23 | INFO     | run                  | ======================================================================
2026-07-27 04:34:23 | INFO     | run                  | 📊 EXECUTION SUMMARY:
2026-07-27 04:34:23 | INFO     | run                  |    ✅ Status: SUCCESS
2026-07-27 04:34:23 | INFO     | run                  |    - Rows processed: 492
2026-07-27 04:34:23 | INFO     | run                  |    - Unique symbols: 492
2026-07-27 04:34:23 | INFO     | run                  |    - Timestamp: 2026-07-27 09:34:15
2026-07-27 04:34:23 | INFO     | run                  |    - File: data/2026/07/2026-07-27.xlsx
2026-07-27 04:34:23 | INFO     | run                  | ======================================================================
2026-07-27 04:34:23 | DEBUG    | run                  | Sample data (first row):
2026-07-27 04:34:23 | DEBUG    | run                  | {'SYMBOL': 'CNERGY', 'SECTOR': 825, 'LDCP': 10.29, 'OPEN': 10.11, 'HIGH': 10.59, 'LOW': 10.05, 'CURRENT': 10.29, 'CHANGE': 0.19, 'CHANGE (%)': nan, 'VOLUME': 59327773, 'YEAR': 2026, 'MONTH': 7, 'DAY': 27, 'HOUR': 9, 'MINUTE': 34, 'DATETIME': '2026-07-27 09:34'}
2026-07-27 04:34:23 | DEBUG    | close                | Session closed
2026-07-27 04:39:24 | INFO     | run                  | ======================================================================
2026-07-27 04:39:24 | INFO     | run                  | 🚀 MARKET DATA SCRAPER - SINGLE EXECUTION
2026-07-27 04:39:24 | INFO     | run                  | ======================================================================
2026-07-27 04:39:24 | INFO     | run                  | Execution Time: 2026-07-27 09:39:24 PKT
2026-07-27 04:39:24 | INFO     | run                  | Configuration:
2026-07-27 04:39:24 | INFO     | run                  |    - Timezone: Asia/Karachi
2026-07-27 04:39:24 | INFO     | run                  |    - Data directory: data
2026-07-27 04:39:24 | INFO     | run                  |    - Log directory: logs
2026-07-27 04:39:24 | INFO     | run                  |    - Excluded symbols: {'XS', 'XR', 'XD', 'XT'}
2026-07-27 04:39:24 | INFO     | run                  | ======================================================================
2026-07-27 04:39:24 | INFO     | fetch_data           | Fetching data (Attempt 1/3)...
2026-07-27 04:39:24 | DEBUG    | fetch_data           | Establishing session with https://dps.psx.com.pk/
2026-07-27 04:39:27 | DEBUG    | fetch_data           | Requesting data from https://dps.psx.com.pk/market-watch
2026-07-27 04:39:30 | DEBUG    | fetch_data           | Response status: 200
2026-07-27 04:39:30 | DEBUG    | fetch_data           | Response content type: text/html; charset=utf-8
2026-07-27 04:39:30 | DEBUG    | fetch_data           | Response size: 343497 bytes
2026-07-27 04:39:30 | INFO     | fetch_data           | ✅ Data fetched successfully (Status: 200)
2026-07-27 04:39:30 | DEBUG    | parse_json           | Attempting JSON parsing...
2026-07-27 04:39:30 | DEBUG    | parse_json           | Response preview: <table class="tbl" data-page-length="25"><thead class="tbl__head"><!-- tr--><!--   th(colspan="11")--><!--   th.center(colspan="2", style="width: 110px;") TOTAL BUY ORDERS--><!--   th.center(colspan="2", style="width: 110px;") TOTAL SELL ORDERS--><tr><th data-name="symbol">SYMBOL</th><th data-name="sector">SECTOR</th><th data-name="listed">LISTED IN</th><th class="right" data-name="ldcp">LDCP</th><th class="right" data-name="open">OPEN</th><th class="right" data-name="high">HIGH</th><th class="r
2026-07-27 04:39:30 | WARNING  | parse_json           | ⚠️ JSON parsing failed: Expecting value: line 1 column 1 (char 0)
2026-07-27 04:39:30 | INFO     | run                  | JSON parsing failed, trying HTML fallback...
2026-07-27 04:39:30 | INFO     | parse_html           | Attempting HTML fallback parsing...
2026-07-27 04:39:30 | DEBUG    | parse_html           | Found 1 table(s) in HTML
2026-07-27 04:39:30 | DEBUG    | parse_html           | Table columns: ['SYMBOL', 'SECTOR', 'LISTED IN', 'LDCP', 'OPEN', 'HIGH', 'LOW', 'CURRENT', 'CHANGE', 'CHANGE (%)', 'VOLUME']
2026-07-27 04:39:30 | DEBUG    | parse_html           | Table shape: (360, 11)
2026-07-27 04:39:30 | INFO     | parse_html           | ✅ HTML parsed successfully (360 rows)
2026-07-27 04:39:30 | INFO     | clean_data           | Cleaning data...
2026-07-27 04:39:30 | DEBUG    | clean_data           | Initial shape: (360, 11)
2026-07-27 04:39:30 | DEBUG    | clean_data           | Initial columns: ['SYMBOL', 'SECTOR', 'LISTED IN', 'LDCP', 'OPEN', 'HIGH', 'LOW', 'CURRENT', 'CHANGE', 'CHANGE (%)', 'VOLUME']
2026-07-27 04:39:30 | DEBUG    | clean_data           | Removed 'LISTED IN' column
2026-07-27 04:39:30 | DEBUG    | clean_data           | Converted LDCP from float64 to numeric
2026-07-27 04:39:30 | DEBUG    | clean_data           | Converted OPEN from float64 to numeric
2026-07-27 04:39:30 | DEBUG    | clean_data           | Converted HIGH from float64 to numeric
2026-07-27 04:39:30 | DEBUG    | clean_data           | Converted LOW from float64 to numeric
2026-07-27 04:39:30 | DEBUG    | clean_data           | Converted CURRENT from float64 to numeric
2026-07-27 04:39:30 | DEBUG    | clean_data           | Converted CHANGE from float64 to numeric
2026-07-27 04:39:30 | WARNING  | clean_data           | Column CHANGE (%): 360 values could not be converted to numeric
2026-07-27 04:39:30 | DEBUG    | clean_data           | Converted CHANGE (%) from str to numeric
2026-07-27 04:39:30 | DEBUG    | clean_data           | Converted VOLUME from int64 to numeric
2026-07-27 04:39:30 | INFO     | clean_data           | ✅ Data cleaned (360 rows, 16 columns)
2026-07-27 04:39:30 | DEBUG    | clean_data           | Final columns: ['SYMBOL', 'SECTOR', 'LDCP', 'OPEN', 'HIGH', 'LOW', 'CURRENT', 'CHANGE', 'CHANGE (%)', 'VOLUME', 'YEAR', 'MONTH', 'DAY', 'HOUR', 'MINUTE', 'DATETIME']
2026-07-27 04:39:30 | DEBUG    | get_file_path        | Generated file path: data/2026/07/2026-07-27.xlsx
2026-07-27 04:39:30 | INFO     | save_data            | Saving data to: data/2026/07/2026-07-27.xlsx
2026-07-27 04:39:30 | DEBUG    | _create_backup       | Backup created: data/2026/07/backups/2026-07-27_backup_20260727_043930.xlsx
2026-07-27 04:39:30 | DEBUG    | _cleanup_old_backups | Removed old backup: 2026-07-27_backup_20260727_041344.xlsx
2026-07-27 04:39:30 | DEBUG    | save_data            | Existing file found, merging data...
2026-07-27 04:39:31 | DEBUG    | save_data            | Loaded 11316 existing rows
2026-07-27 04:39:31 | DEBUG    | save_data            | Combined to 11676 rows
2026-07-27 04:39:31 | DEBUG    | save_data            | Writing to temporary file...
2026-07-27 04:39:33 | DEBUG    | save_data            | Data written to temp file: /home/runner/work/Thalorae-BackLioraen/Thalorae-BackLioraen/data/2026/07/tmpfftqrh6q.xlsx
2026-07-27 04:39:33 | DEBUG    | save_data            | Temp file moved to final location
2026-07-27 04:39:33 | INFO     | save_data            | ✅ Data saved successfully (11676 total rows, 874,488 bytes)
2026-07-27 04:39:33 | INFO     | run                  | ======================================================================
2026-07-27 04:39:33 | INFO     | run                  | 📊 EXECUTION SUMMARY:
2026-07-27 04:39:33 | INFO     | run                  |    ✅ Status: SUCCESS
2026-07-27 04:39:33 | INFO     | run                  |    - Rows processed: 360
2026-07-27 04:39:33 | INFO     | run                  |    - Unique symbols: 360
2026-07-27 04:39:33 | INFO     | run                  |    - Timestamp: 2026-07-27 09:39:24
2026-07-27 04:39:33 | INFO     | run                  |    - File: data/2026/07/2026-07-27.xlsx
2026-07-27 04:39:33 | INFO     | run                  | ======================================================================
2026-07-27 04:39:33 | DEBUG    | run                  | Sample data (first row):
2026-07-27 04:39:33 | DEBUG    | run                  | {'SYMBOL': 'CNERGY', 'SECTOR': 825, 'LDCP': 10.29, 'OPEN': 10.6, 'HIGH': 10.81, 'LOW': 10.6, 'CURRENT': 10.65, 'CHANGE': 0.36, 'CHANGE (%)': nan, 'VOLUME': 4873667, 'YEAR': 2026, 'MONTH': 7, 'DAY': 27, 'HOUR': 9, 'MINUTE': 39, 'DATETIME': '2026-07-27 09:39'}
2026-07-27 04:39:33 | DEBUG    | close                | Session closed
2026-07-27 04:44:34 | INFO     | run                  | ======================================================================
2026-07-27 04:44:34 | INFO     | run                  | 🚀 MARKET DATA SCRAPER - SINGLE EXECUTION
2026-07-27 04:44:34 | INFO     | run                  | ======================================================================
2026-07-27 04:44:34 | INFO     | run                  | Execution Time: 2026-07-27 09:44:34 PKT
2026-07-27 04:44:34 | INFO     | run                  | Configuration:
2026-07-27 04:44:34 | INFO     | run                  |    - Timezone: Asia/Karachi
2026-07-27 04:44:34 | INFO     | run                  |    - Data directory: data
2026-07-27 04:44:34 | INFO     | run                  |    - Log directory: logs
2026-07-27 04:44:34 | INFO     | run                  |    - Excluded symbols: {'XR', 'XS', 'XD', 'XT'}
2026-07-27 04:44:34 | INFO     | run                  | ======================================================================
2026-07-27 04:44:34 | INFO     | fetch_data           | Fetching data (Attempt 1/3)...
2026-07-27 04:44:34 | DEBUG    | fetch_data           | Establishing session with https://dps.psx.com.pk/
2026-07-27 04:44:38 | DEBUG    | fetch_data           | Requesting data from https://dps.psx.com.pk/market-watch
2026-07-27 04:44:39 | DEBUG    | fetch_data           | Response status: 200
2026-07-27 04:44:39 | DEBUG    | fetch_data           | Response content type: text/html; charset=utf-8
2026-07-27 04:44:39 | DEBUG    | fetch_data           | Response size: 383791 bytes
2026-07-27 04:44:39 | INFO     | fetch_data           | ✅ Data fetched successfully (Status: 200)
2026-07-27 04:44:39 | DEBUG    | parse_json           | Attempting JSON parsing...
2026-07-27 04:44:39 | DEBUG    | parse_json           | Response preview: <table class="tbl" data-page-length="25"><thead class="tbl__head"><!-- tr--><!--   th(colspan="11")--><!--   th.center(colspan="2", style="width: 110px;") TOTAL BUY ORDERS--><!--   th.center(colspan="2", style="width: 110px;") TOTAL SELL ORDERS--><tr><th data-name="symbol">SYMBOL</th><th data-name="sector">SECTOR</th><th data-name="listed">LISTED IN</th><th class="right" data-name="ldcp">LDCP</th><th class="right" data-name="open">OPEN</th><th class="right" data-name="high">HIGH</th><th class="r
2026-07-27 04:44:39 | WARNING  | parse_json           | ⚠️ JSON parsing failed: Expecting value: line 1 column 1 (char 0)
2026-07-27 04:44:39 | INFO     | run                  | JSON parsing failed, trying HTML fallback...
2026-07-27 04:44:39 | INFO     | parse_html           | Attempting HTML fallback parsing...
2026-07-27 04:44:39 | DEBUG    | parse_html           | Found 1 table(s) in HTML
2026-07-27 04:44:39 | DEBUG    | parse_html           | Table columns: ['SYMBOL', 'SECTOR', 'LISTED IN', 'LDCP', 'OPEN', 'HIGH', 'LOW', 'CURRENT', 'CHANGE', 'CHANGE (%)', 'VOLUME']
2026-07-27 04:44:39 | DEBUG    | parse_html           | Table shape: (402, 11)
2026-07-27 04:44:39 | INFO     | parse_html           | ✅ HTML parsed successfully (402 rows)
2026-07-27 04:44:39 | INFO     | clean_data           | Cleaning data...
2026-07-27 04:44:39 | DEBUG    | clean_data           | Initial shape: (402, 11)
2026-07-27 04:44:39 | DEBUG    | clean_data           | Initial columns: ['SYMBOL', 'SECTOR', 'LISTED IN', 'LDCP', 'OPEN', 'HIGH', 'LOW', 'CURRENT', 'CHANGE', 'CHANGE (%)', 'VOLUME']
2026-07-27 04:44:39 | DEBUG    | clean_data           | Removed 'LISTED IN' column
2026-07-27 04:44:39 | DEBUG    | clean_data           | Converted LDCP from float64 to numeric
2026-07-27 04:44:39 | DEBUG    | clean_data           | Converted OPEN from float64 to numeric
2026-07-27 04:44:39 | DEBUG    | clean_data           | Converted HIGH from float64 to numeric
2026-07-27 04:44:39 | DEBUG    | clean_data           | Converted LOW from float64 to numeric
2026-07-27 04:44:39 | DEBUG    | clean_data           | Converted CURRENT from float64 to numeric
2026-07-27 04:44:39 | DEBUG    | clean_data           | Converted CHANGE from float64 to numeric
2026-07-27 04:44:39 | WARNING  | clean_data           | Column CHANGE (%): 402 values could not be converted to numeric
2026-07-27 04:44:39 | DEBUG    | clean_data           | Converted CHANGE (%) from str to numeric
2026-07-27 04:44:39 | DEBUG    | clean_data           | Converted VOLUME from int64 to numeric
2026-07-27 04:44:39 | INFO     | clean_data           | ✅ Data cleaned (402 rows, 16 columns)
2026-07-27 04:44:39 | DEBUG    | clean_data           | Final columns: ['SYMBOL', 'SECTOR', 'LDCP', 'OPEN', 'HIGH', 'LOW', 'CURRENT', 'CHANGE', 'CHANGE (%)', 'VOLUME', 'YEAR', 'MONTH', 'DAY', 'HOUR', 'MINUTE', 'DATETIME']
2026-07-27 04:44:39 | DEBUG    | get_file_path        | Generated file path: data/2026/07/2026-07-27.xlsx
2026-07-27 04:44:39 | INFO     | save_data            | Saving data to: data/2026/07/2026-07-27.xlsx
2026-07-27 04:44:39 | DEBUG    | _create_backup       | Backup created: data/2026/07/backups/2026-07-27_backup_20260727_044439.xlsx
2026-07-27 04:44:39 | DEBUG    | _cleanup_old_backups | Removed old backup: 2026-07-27_backup_20260727_041854.xlsx
2026-07-27 04:44:39 | DEBUG    | save_data            | Existing file found, merging data...
2026-07-27 04:44:41 | DEBUG    | save_data            | Loaded 11676 existing rows
2026-07-27 04:44:41 | DEBUG    | save_data            | Combined to 12078 rows
2026-07-27 04:44:41 | DEBUG    | save_data            | Writing to temporary file...
2026-07-27 04:44:43 | DEBUG    | save_data            | Data written to temp file: /home/runner/work/Thalorae-BackLioraen/Thalorae-BackLioraen/data/2026/07/tmpg1luuy5e.xlsx
2026-07-27 04:44:43 | DEBUG    | save_data            | Temp file moved to final location
2026-07-27 04:44:43 | INFO     | save_data            | ✅ Data saved successfully (12078 total rows, 903,425 bytes)
2026-07-27 04:44:43 | INFO     | run                  | ======================================================================
2026-07-27 04:44:43 | INFO     | run                  | 📊 EXECUTION SUMMARY:
2026-07-27 04:44:43 | INFO     | run                  |    ✅ Status: SUCCESS
2026-07-27 04:44:43 | INFO     | run                  |    - Rows processed: 402
2026-07-27 04:44:43 | INFO     | run                  |    - Unique symbols: 402
2026-07-27 04:44:43 | INFO     | run                  |    - Timestamp: 2026-07-27 09:44:34
2026-07-27 04:44:43 | INFO     | run                  |    - File: data/2026/07/2026-07-27.xlsx
2026-07-27 04:44:43 | INFO     | run                  | ======================================================================
2026-07-27 04:44:43 | DEBUG    | run                  | Sample data (first row):
2026-07-27 04:44:43 | DEBUG    | run                  | {'SYMBOL': 'MDTL', 'SECTOR': 828, 'LDCP': 6.38, 'OPEN': 6.85, 'HIGH': 6.9, 'LOW': 6.55, 'CURRENT': 6.61, 'CHANGE': 0.23, 'CHANGE (%)': nan, 'VOLUME': 9080532, 'YEAR': 2026, 'MONTH': 7, 'DAY': 27, 'HOUR': 9, 'MINUTE': 44, 'DATETIME': '2026-07-27 09:44'}
2026-07-27 04:44:43 | DEBUG    | close                | Session closed
2026-07-27 04:49:43 | INFO     | run                  | ======================================================================
2026-07-27 04:49:43 | INFO     | run                  | 🚀 MARKET DATA SCRAPER - SINGLE EXECUTION
2026-07-27 04:49:43 | INFO     | run                  | ======================================================================
2026-07-27 04:49:43 | INFO     | run                  | Execution Time: 2026-07-27 09:49:43 PKT
2026-07-27 04:49:43 | INFO     | run                  | Configuration:
2026-07-27 04:49:43 | INFO     | run                  |    - Timezone: Asia/Karachi
2026-07-27 04:49:43 | INFO     | run                  |    - Data directory: data
2026-07-27 04:49:43 | INFO     | run                  |    - Log directory: logs
2026-07-27 04:49:43 | INFO     | run                  |    - Excluded symbols: {'XD', 'XT', 'XS', 'XR'}
2026-07-27 04:49:43 | INFO     | run                  | ======================================================================
2026-07-27 04:49:43 | INFO     | fetch_data           | Fetching data (Attempt 1/3)...
2026-07-27 04:49:43 | DEBUG    | fetch_data           | Establishing session with https://dps.psx.com.pk/
2026-07-27 04:49:46 | DEBUG    | fetch_data           | Requesting data from https://dps.psx.com.pk/market-watch
2026-07-27 04:49:47 | DEBUG    | fetch_data           | Response status: 200
2026-07-27 04:49:47 | DEBUG    | fetch_data           | Response content type: text/html; charset=utf-8
2026-07-27 04:49:47 | DEBUG    | fetch_data           | Response size: 400857 bytes
2026-07-27 04:49:47 | INFO     | fetch_data           | ✅ Data fetched successfully (Status: 200)
2026-07-27 04:49:47 | DEBUG    | parse_json           | Attempting JSON parsing...
2026-07-27 04:49:47 | DEBUG    | parse_json           | Response preview: <table class="tbl" data-page-length="25"><thead class="tbl__head"><!-- tr--><!--   th(colspan="11")--><!--   th.center(colspan="2", style="width: 110px;") TOTAL BUY ORDERS--><!--   th.center(colspan="2", style="width: 110px;") TOTAL SELL ORDERS--><tr><th data-name="symbol">SYMBOL</th><th data-name="sector">SECTOR</th><th data-name="listed">LISTED IN</th><th class="right" data-name="ldcp">LDCP</th><th class="right" data-name="open">OPEN</th><th class="right" data-name="high">HIGH</th><th class="r
2026-07-27 04:49:47 | WARNING  | parse_json           | ⚠️ JSON parsing failed: Expecting value: line 1 column 1 (char 0)
2026-07-27 04:49:47 | INFO     | run                  | JSON parsing failed, trying HTML fallback...
2026-07-27 04:49:47 | INFO     | parse_html           | Attempting HTML fallback parsing...
2026-07-27 04:49:47 | DEBUG    | parse_html           | Found 1 table(s) in HTML
2026-07-27 04:49:47 | DEBUG    | parse_html           | Table columns: ['SYMBOL', 'SECTOR', 'LISTED IN', 'LDCP', 'OPEN', 'HIGH', 'LOW', 'CURRENT', 'CHANGE', 'CHANGE (%)', 'VOLUME']
2026-07-27 04:49:47 | DEBUG    | parse_html           | Table shape: (420, 11)
2026-07-27 04:49:47 | INFO     | parse_html           | ✅ HTML parsed successfully (420 rows)
2026-07-27 04:49:47 | INFO     | clean_data           | Cleaning data...
2026-07-27 04:49:47 | DEBUG    | clean_data           | Initial shape: (420, 11)
2026-07-27 04:49:47 | DEBUG    | clean_data           | Initial columns: ['SYMBOL', 'SECTOR', 'LISTED IN', 'LDCP', 'OPEN', 'HIGH', 'LOW', 'CURRENT', 'CHANGE', 'CHANGE (%)', 'VOLUME']
2026-07-27 04:49:47 | DEBUG    | clean_data           | Removed 'LISTED IN' column
2026-07-27 04:49:47 | DEBUG    | clean_data           | Converted LDCP from float64 to numeric
2026-07-27 04:49:47 | DEBUG    | clean_data           | Converted OPEN from float64 to numeric
2026-07-27 04:49:47 | DEBUG    | clean_data           | Converted HIGH from float64 to numeric
2026-07-27 04:49:47 | DEBUG    | clean_data           | Converted LOW from float64 to numeric
2026-07-27 04:49:47 | DEBUG    | clean_data           | Converted CURRENT from float64 to numeric
2026-07-27 04:49:47 | DEBUG    | clean_data           | Converted CHANGE from float64 to numeric
2026-07-27 04:49:47 | WARNING  | clean_data           | Column CHANGE (%): 420 values could not be converted to numeric
2026-07-27 04:49:47 | DEBUG    | clean_data           | Converted CHANGE (%) from str to numeric
2026-07-27 04:49:47 | DEBUG    | clean_data           | Converted VOLUME from int64 to numeric
2026-07-27 04:49:47 | INFO     | clean_data           | ✅ Data cleaned (420 rows, 16 columns)
2026-07-27 04:49:47 | DEBUG    | clean_data           | Final columns: ['SYMBOL', 'SECTOR', 'LDCP', 'OPEN', 'HIGH', 'LOW', 'CURRENT', 'CHANGE', 'CHANGE (%)', 'VOLUME', 'YEAR', 'MONTH', 'DAY', 'HOUR', 'MINUTE', 'DATETIME']
2026-07-27 04:49:47 | DEBUG    | get_file_path        | Generated file path: data/2026/07/2026-07-27.xlsx
2026-07-27 04:49:47 | INFO     | save_data            | Saving data to: data/2026/07/2026-07-27.xlsx
2026-07-27 04:49:47 | DEBUG    | _create_backup       | Backup created: data/2026/07/backups/2026-07-27_backup_20260727_044947.xlsx
2026-07-27 04:49:47 | DEBUG    | _cleanup_old_backups | Removed old backup: 2026-07-27_backup_20260727_042402.xlsx
2026-07-27 04:49:47 | DEBUG    | save_data            | Existing file found, merging data...
2026-07-27 04:49:48 | DEBUG    | save_data            | Loaded 12078 existing rows
2026-07-27 04:49:48 | DEBUG    | save_data            | Combined to 12498 rows
2026-07-27 04:49:48 | DEBUG    | save_data            | Writing to temporary file...
2026-07-27 04:49:50 | DEBUG    | save_data            | Data written to temp file: /home/runner/work/Thalorae-BackLioraen/Thalorae-BackLioraen/data/2026/07/tmp56vc22yl.xlsx
2026-07-27 04:49:50 | DEBUG    | save_data            | Temp file moved to final location
2026-07-27 04:49:50 | INFO     | save_data            | ✅ Data saved successfully (12498 total rows, 933,876 bytes)
2026-07-27 04:49:50 | INFO     | run                  | ======================================================================
2026-07-27 04:49:50 | INFO     | run                  | 📊 EXECUTION SUMMARY:
2026-07-27 04:49:50 | INFO     | run                  |    ✅ Status: SUCCESS
2026-07-27 04:49:50 | INFO     | run                  |    - Rows processed: 420
2026-07-27 04:49:50 | INFO     | run                  |    - Unique symbols: 420
2026-07-27 04:49:50 | INFO     | run                  |    - Timestamp: 2026-07-27 09:49:43
2026-07-27 04:49:50 | INFO     | run                  |    - File: data/2026/07/2026-07-27.xlsx
2026-07-27 04:49:50 | INFO     | run                  | ======================================================================
2026-07-27 04:49:50 | DEBUG    | run                  | Sample data (first row):
2026-07-27 04:49:50 | DEBUG    | run                  | {'SYMBOL': 'MDTL', 'SECTOR': 828, 'LDCP': 6.38, 'OPEN': 6.85, 'HIGH': 6.9, 'LOW': 6.5, 'CURRENT': 6.55, 'CHANGE': 0.17, 'CHANGE (%)': nan, 'VOLUME': 10830817, 'YEAR': 2026, 'MONTH': 7, 'DAY': 27, 'HOUR': 9, 'MINUTE': 49, 'DATETIME': '2026-07-27 09:49'}
2026-07-27 04:49:50 | DEBUG    | close                | Session closed
2026-07-27 04:54:51 | INFO     | run                  | ======================================================================
2026-07-27 04:54:51 | INFO     | run                  | 🚀 MARKET DATA SCRAPER - SINGLE EXECUTION
2026-07-27 04:54:51 | INFO     | run                  | ======================================================================
2026-07-27 04:54:51 | INFO     | run                  | Execution Time: 2026-07-27 09:54:51 PKT
2026-07-27 04:54:51 | INFO     | run                  | Configuration:
2026-07-27 04:54:51 | INFO     | run                  |    - Timezone: Asia/Karachi
2026-07-27 04:54:51 | INFO     | run                  |    - Data directory: data
2026-07-27 04:54:51 | INFO     | run                  |    - Log directory: logs
2026-07-27 04:54:51 | INFO     | run                  |    - Excluded symbols: {'XS', 'XT', 'XR', 'XD'}
2026-07-27 04:54:51 | INFO     | run                  | ======================================================================
2026-07-27 04:54:51 | INFO     | fetch_data           | Fetching data (Attempt 1/3)...
2026-07-27 04:54:51 | DEBUG    | fetch_data           | Establishing session with https://dps.psx.com.pk/
2026-07-27 04:54:55 | DEBUG    | fetch_data           | Requesting data from https://dps.psx.com.pk/market-watch
2026-07-27 04:54:58 | DEBUG    | fetch_data           | Response status: 200
2026-07-27 04:54:58 | DEBUG    | fetch_data           | Response content type: text/html; charset=utf-8
2026-07-27 04:54:58 | DEBUG    | fetch_data           | Response size: 415356 bytes
2026-07-27 04:54:58 | INFO     | fetch_data           | ✅ Data fetched successfully (Status: 200)
2026-07-27 04:54:58 | DEBUG    | parse_json           | Attempting JSON parsing...
2026-07-27 04:54:58 | DEBUG    | parse_json           | Response preview: <table class="tbl" data-page-length="25"><thead class="tbl__head"><!-- tr--><!--   th(colspan="11")--><!--   th.center(colspan="2", style="width: 110px;") TOTAL BUY ORDERS--><!--   th.center(colspan="2", style="width: 110px;") TOTAL SELL ORDERS--><tr><th data-name="symbol">SYMBOL</th><th data-name="sector">SECTOR</th><th data-name="listed">LISTED IN</th><th class="right" data-name="ldcp">LDCP</th><th class="right" data-name="open">OPEN</th><th class="right" data-name="high">HIGH</th><th class="r
2026-07-27 04:54:58 | WARNING  | parse_json           | ⚠️ JSON parsing failed: Expecting value: line 1 column 1 (char 0)
2026-07-27 04:54:58 | INFO     | run                  | JSON parsing failed, trying HTML fallback...
2026-07-27 04:54:58 | INFO     | parse_html           | Attempting HTML fallback parsing...
2026-07-27 04:54:58 | DEBUG    | parse_html           | Found 1 table(s) in HTML
2026-07-27 04:54:58 | DEBUG    | parse_html           | Table columns: ['SYMBOL', 'SECTOR', 'LISTED IN', 'LDCP', 'OPEN', 'HIGH', 'LOW', 'CURRENT', 'CHANGE', 'CHANGE (%)', 'VOLUME']
2026-07-27 04:54:58 | DEBUG    | parse_html           | Table shape: (435, 11)
2026-07-27 04:54:58 | INFO     | parse_html           | ✅ HTML parsed successfully (435 rows)
2026-07-27 04:54:58 | INFO     | clean_data           | Cleaning data...
2026-07-27 04:54:58 | DEBUG    | clean_data           | Initial shape: (435, 11)
2026-07-27 04:54:58 | DEBUG    | clean_data           | Initial columns: ['SYMBOL', 'SECTOR', 'LISTED IN', 'LDCP', 'OPEN', 'HIGH', 'LOW', 'CURRENT', 'CHANGE', 'CHANGE (%)', 'VOLUME']
2026-07-27 04:54:58 | DEBUG    | clean_data           | Removed 'LISTED IN' column
2026-07-27 04:54:58 | DEBUG    | clean_data           | Converted LDCP from float64 to numeric
2026-07-27 04:54:58 | DEBUG    | clean_data           | Converted OPEN from float64 to numeric
2026-07-27 04:54:58 | DEBUG    | clean_data           | Converted HIGH from float64 to numeric
2026-07-27 04:54:58 | DEBUG    | clean_data           | Converted LOW from float64 to numeric
2026-07-27 04:54:58 | DEBUG    | clean_data           | Converted CURRENT from float64 to numeric
2026-07-27 04:54:58 | DEBUG    | clean_data           | Converted CHANGE from float64 to numeric
2026-07-27 04:54:58 | WARNING  | clean_data           | Column CHANGE (%): 435 values could not be converted to numeric
2026-07-27 04:54:58 | DEBUG    | clean_data           | Converted CHANGE (%) from str to numeric
2026-07-27 04:54:58 | DEBUG    | clean_data           | Converted VOLUME from int64 to numeric
2026-07-27 04:54:58 | INFO     | clean_data           | ✅ Data cleaned (435 rows, 16 columns)
2026-07-27 04:54:58 | DEBUG    | clean_data           | Final columns: ['SYMBOL', 'SECTOR', 'LDCP', 'OPEN', 'HIGH', 'LOW', 'CURRENT', 'CHANGE', 'CHANGE (%)', 'VOLUME', 'YEAR', 'MONTH', 'DAY', 'HOUR', 'MINUTE', 'DATETIME']
2026-07-27 04:54:58 | DEBUG    | get_file_path        | Generated file path: data/2026/07/2026-07-27.xlsx
2026-07-27 04:54:58 | INFO     | save_data            | Saving data to: data/2026/07/2026-07-27.xlsx
2026-07-27 04:54:58 | DEBUG    | _create_backup       | Backup created: data/2026/07/backups/2026-07-27_backup_20260727_045458.xlsx
2026-07-27 04:54:58 | DEBUG    | _cleanup_old_backups | Removed old backup: 2026-07-27_backup_20260727_042912.xlsx
2026-07-27 04:54:58 | DEBUG    | save_data            | Existing file found, merging data...
2026-07-27 04:54:59 | DEBUG    | save_data            | Loaded 12498 existing rows
2026-07-27 04:54:59 | DEBUG    | save_data            | Combined to 12933 rows
2026-07-27 04:54:59 | DEBUG    | save_data            | Writing to temporary file...
2026-07-27 04:55:01 | DEBUG    | save_data            | Data written to temp file: /home/runner/work/Thalorae-BackLioraen/Thalorae-BackLioraen/data/2026/07/tmpvdviryky.xlsx
2026-07-27 04:55:01 | DEBUG    | save_data            | Temp file moved to final location
2026-07-27 04:55:01 | INFO     | save_data            | ✅ Data saved successfully (12933 total rows, 965,583 bytes)
2026-07-27 04:55:01 | INFO     | run                  | ======================================================================
2026-07-27 04:55:01 | INFO     | run                  | 📊 EXECUTION SUMMARY:
2026-07-27 04:55:01 | INFO     | run                  |    ✅ Status: SUCCESS
2026-07-27 04:55:01 | INFO     | run                  |    - Rows processed: 435
2026-07-27 04:55:01 | INFO     | run                  |    - Unique symbols: 435
2026-07-27 04:55:01 | INFO     | run                  |    - Timestamp: 2026-07-27 09:54:51
2026-07-27 04:55:01 | INFO     | run                  |    - File: data/2026/07/2026-07-27.xlsx
2026-07-27 04:55:01 | INFO     | run                  | ======================================================================
2026-07-27 04:55:01 | DEBUG    | run                  | Sample data (first row):
2026-07-27 04:55:01 | DEBUG    | run                  | {'SYMBOL': 'MDTL', 'SECTOR': 828, 'LDCP': 6.38, 'OPEN': 6.85, 'HIGH': 6.9, 'LOW': 6.5, 'CURRENT': 6.52, 'CHANGE': 0.14, 'CHANGE (%)': nan, 'VOLUME': 12309596, 'YEAR': 2026, 'MONTH': 7, 'DAY': 27, 'HOUR': 9, 'MINUTE': 54, 'DATETIME': '2026-07-27 09:54'}
2026-07-27 04:55:01 | DEBUG    | close                | Session closed
2026-07-27 05:00:02 | INFO     | run                  | ======================================================================
2026-07-27 05:00:02 | INFO     | run                  | 🚀 MARKET DATA SCRAPER - SINGLE EXECUTION
2026-07-27 05:00:02 | INFO     | run                  | ======================================================================
2026-07-27 05:00:02 | INFO     | run                  | Execution Time: 2026-07-27 10:00:02 PKT
2026-07-27 05:00:02 | INFO     | run                  | Configuration:
2026-07-27 05:00:02 | INFO     | run                  |    - Timezone: Asia/Karachi
2026-07-27 05:00:02 | INFO     | run                  |    - Data directory: data
2026-07-27 05:00:02 | INFO     | run                  |    - Log directory: logs
2026-07-27 05:00:02 | INFO     | run                  |    - Excluded symbols: {'XT', 'XD', 'XS', 'XR'}
2026-07-27 05:00:02 | INFO     | run                  | ======================================================================
2026-07-27 05:00:02 | INFO     | fetch_data           | Fetching data (Attempt 1/3)...
2026-07-27 05:00:02 | DEBUG    | fetch_data           | Establishing session with https://dps.psx.com.pk/
2026-07-27 05:00:06 | DEBUG    | fetch_data           | Requesting data from https://dps.psx.com.pk/market-watch
2026-07-27 05:00:07 | DEBUG    | fetch_data           | Response status: 200
2026-07-27 05:00:07 | DEBUG    | fetch_data           | Response content type: text/html; charset=utf-8
2026-07-27 05:00:07 | DEBUG    | fetch_data           | Response size: 424879 bytes
2026-07-27 05:00:07 | INFO     | fetch_data           | ✅ Data fetched successfully (Status: 200)
2026-07-27 05:00:07 | DEBUG    | parse_json           | Attempting JSON parsing...
2026-07-27 05:00:07 | DEBUG    | parse_json           | Response preview: <table class="tbl" data-page-length="25"><thead class="tbl__head"><!-- tr--><!--   th(colspan="11")--><!--   th.center(colspan="2", style="width: 110px;") TOTAL BUY ORDERS--><!--   th.center(colspan="2", style="width: 110px;") TOTAL SELL ORDERS--><tr><th data-name="symbol">SYMBOL</th><th data-name="sector">SECTOR</th><th data-name="listed">LISTED IN</th><th class="right" data-name="ldcp">LDCP</th><th class="right" data-name="open">OPEN</th><th class="right" data-name="high">HIGH</th><th class="r
2026-07-27 05:00:07 | WARNING  | parse_json           | ⚠️ JSON parsing failed: Expecting value: line 1 column 1 (char 0)
2026-07-27 05:00:07 | INFO     | run                  | JSON parsing failed, trying HTML fallback...
2026-07-27 05:00:07 | INFO     | parse_html           | Attempting HTML fallback parsing...
2026-07-27 05:00:07 | DEBUG    | parse_html           | Found 1 table(s) in HTML
2026-07-27 05:00:07 | DEBUG    | parse_html           | Table columns: ['SYMBOL', 'SECTOR', 'LISTED IN', 'LDCP', 'OPEN', 'HIGH', 'LOW', 'CURRENT', 'CHANGE', 'CHANGE (%)', 'VOLUME']
2026-07-27 05:00:07 | DEBUG    | parse_html           | Table shape: (445, 11)
2026-07-27 05:00:07 | INFO     | parse_html           | ✅ HTML parsed successfully (445 rows)
2026-07-27 05:00:07 | INFO     | clean_data           | Cleaning data...
2026-07-27 05:00:07 | DEBUG    | clean_data           | Initial shape: (445, 11)
2026-07-27 05:00:07 | DEBUG    | clean_data           | Initial columns: ['SYMBOL', 'SECTOR', 'LISTED IN', 'LDCP', 'OPEN', 'HIGH', 'LOW', 'CURRENT', 'CHANGE', 'CHANGE (%)', 'VOLUME']
2026-07-27 05:00:07 | DEBUG    | clean_data           | Removed 'LISTED IN' column
2026-07-27 05:00:07 | DEBUG    | clean_data           | Converted LDCP from float64 to numeric
2026-07-27 05:00:07 | DEBUG    | clean_data           | Converted OPEN from float64 to numeric
2026-07-27 05:00:07 | DEBUG    | clean_data           | Converted HIGH from float64 to numeric
2026-07-27 05:00:07 | DEBUG    | clean_data           | Converted LOW from float64 to numeric
2026-07-27 05:00:07 | DEBUG    | clean_data           | Converted CURRENT from float64 to numeric
2026-07-27 05:00:07 | DEBUG    | clean_data           | Converted CHANGE from float64 to numeric
2026-07-27 05:00:07 | WARNING  | clean_data           | Column CHANGE (%): 445 values could not be converted to numeric
2026-07-27 05:00:07 | DEBUG    | clean_data           | Converted CHANGE (%) from str to numeric
2026-07-27 05:00:07 | DEBUG    | clean_data           | Converted VOLUME from int64 to numeric
2026-07-27 05:00:07 | INFO     | clean_data           | ✅ Data cleaned (445 rows, 16 columns)
2026-07-27 05:00:07 | DEBUG    | clean_data           | Final columns: ['SYMBOL', 'SECTOR', 'LDCP', 'OPEN', 'HIGH', 'LOW', 'CURRENT', 'CHANGE', 'CHANGE (%)', 'VOLUME', 'YEAR', 'MONTH', 'DAY', 'HOUR', 'MINUTE', 'DATETIME']
2026-07-27 05:00:07 | DEBUG    | get_file_path        | Generated file path: data/2026/07/2026-07-27.xlsx
2026-07-27 05:00:07 | INFO     | save_data            | Saving data to: data/2026/07/2026-07-27.xlsx
2026-07-27 05:00:07 | DEBUG    | _create_backup       | Backup created: data/2026/07/backups/2026-07-27_backup_20260727_050007.xlsx
2026-07-27 05:00:07 | DEBUG    | _cleanup_old_backups | Removed old backup: 2026-07-27_backup_20260727_043420.xlsx
2026-07-27 05:00:07 | DEBUG    | save_data            | Existing file found, merging data...
2026-07-27 05:00:08 | DEBUG    | save_data            | Loaded 12933 existing rows
2026-07-27 05:00:08 | DEBUG    | save_data            | Combined to 13378 rows
2026-07-27 05:00:08 | DEBUG    | save_data            | Writing to temporary file...
2026-07-27 05:00:11 | DEBUG    | save_data            | Data written to temp file: /home/runner/work/Thalorae-BackLioraen/Thalorae-BackLioraen/data/2026/07/tmpxkr7xth4.xlsx
2026-07-27 05:00:11 | DEBUG    | save_data            | Temp file moved to final location
2026-07-27 05:00:11 | INFO     | save_data            | ✅ Data saved successfully (13378 total rows, 998,143 bytes)
2026-07-27 05:00:11 | INFO     | run                  | ======================================================================
2026-07-27 05:00:11 | INFO     | run                  | 📊 EXECUTION SUMMARY:
2026-07-27 05:00:11 | INFO     | run                  |    ✅ Status: SUCCESS
2026-07-27 05:00:11 | INFO     | run                  |    - Rows processed: 445
2026-07-27 05:00:11 | INFO     | run                  |    - Unique symbols: 445
2026-07-27 05:00:11 | INFO     | run                  |    - Timestamp: 2026-07-27 10:00:02
2026-07-27 05:00:11 | INFO     | run                  |    - File: data/2026/07/2026-07-27.xlsx
2026-07-27 05:00:11 | INFO     | run                  | ======================================================================
2026-07-27 05:00:11 | DEBUG    | run                  | Sample data (first row):
2026-07-27 05:00:11 | DEBUG    | run                  | {'SYMBOL': 'CNERGY', 'SECTOR': 825, 'LDCP': 10.29, 'OPEN': 10.6, 'HIGH': 10.87, 'LOW': 10.59, 'CURRENT': 10.85, 'CHANGE': 0.56, 'CHANGE (%)': nan, 'VOLUME': 15238941, 'YEAR': 2026, 'MONTH': 7, 'DAY': 27, 'HOUR': 10, 'MINUTE': 0, 'DATETIME': '2026-07-27 10:00'}
2026-07-27 05:00:11 | DEBUG    | close                | Session closed
2026-07-27 05:05:11 | INFO     | run                  | ======================================================================
2026-07-27 05:05:11 | INFO     | run                  | 🚀 MARKET DATA SCRAPER - SINGLE EXECUTION
2026-07-27 05:05:11 | INFO     | run                  | ======================================================================
2026-07-27 05:05:11 | INFO     | run                  | Execution Time: 2026-07-27 10:05:11 PKT
2026-07-27 05:05:11 | INFO     | run                  | Configuration:
2026-07-27 05:05:11 | INFO     | run                  |    - Timezone: Asia/Karachi
2026-07-27 05:05:11 | INFO     | run                  |    - Data directory: data
2026-07-27 05:05:11 | INFO     | run                  |    - Log directory: logs
2026-07-27 05:05:11 | INFO     | run                  |    - Excluded symbols: {'XD', 'XT', 'XS', 'XR'}
2026-07-27 05:05:11 | INFO     | run                  | ======================================================================
2026-07-27 05:05:11 | INFO     | fetch_data           | Fetching data (Attempt 1/3)...
2026-07-27 05:05:11 | DEBUG    | fetch_data           | Establishing session with https://dps.psx.com.pk/
2026-07-27 05:05:14 | DEBUG    | fetch_data           | Requesting data from https://dps.psx.com.pk/market-watch
2026-07-27 05:05:17 | DEBUG    | fetch_data           | Response status: 200
2026-07-27 05:05:17 | DEBUG    | fetch_data           | Response content type: text/html; charset=utf-8
2026-07-27 05:05:17 | DEBUG    | fetch_data           | Response size: 437155 bytes
2026-07-27 05:05:17 | INFO     | fetch_data           | ✅ Data fetched successfully (Status: 200)
2026-07-27 05:05:17 | DEBUG    | parse_json           | Attempting JSON parsing...
2026-07-27 05:05:17 | DEBUG    | parse_json           | Response preview: <table class="tbl" data-page-length="25"><thead class="tbl__head"><!-- tr--><!--   th(colspan="11")--><!--   th.center(colspan="2", style="width: 110px;") TOTAL BUY ORDERS--><!--   th.center(colspan="2", style="width: 110px;") TOTAL SELL ORDERS--><tr><th data-name="symbol">SYMBOL</th><th data-name="sector">SECTOR</th><th data-name="listed">LISTED IN</th><th class="right" data-name="ldcp">LDCP</th><th class="right" data-name="open">OPEN</th><th class="right" data-name="high">HIGH</th><th class="r
2026-07-27 05:05:17 | WARNING  | parse_json           | ⚠️ JSON parsing failed: Expecting value: line 1 column 1 (char 0)
2026-07-27 05:05:17 | INFO     | run                  | JSON parsing failed, trying HTML fallback...
2026-07-27 05:05:17 | INFO     | parse_html           | Attempting HTML fallback parsing...
2026-07-27 05:05:17 | DEBUG    | parse_html           | Found 1 table(s) in HTML
2026-07-27 05:05:17 | DEBUG    | parse_html           | Table columns: ['SYMBOL', 'SECTOR', 'LISTED IN', 'LDCP', 'OPEN', 'HIGH', 'LOW', 'CURRENT', 'CHANGE', 'CHANGE (%)', 'VOLUME']
2026-07-27 05:05:17 | DEBUG    | parse_html           | Table shape: (458, 11)
2026-07-27 05:05:17 | INFO     | parse_html           | ✅ HTML parsed successfully (458 rows)
2026-07-27 05:05:17 | INFO     | clean_data           | Cleaning data...
2026-07-27 05:05:17 | DEBUG    | clean_data           | Initial shape: (458, 11)
2026-07-27 05:05:17 | DEBUG    | clean_data           | Initial columns: ['SYMBOL', 'SECTOR', 'LISTED IN', 'LDCP', 'OPEN', 'HIGH', 'LOW', 'CURRENT', 'CHANGE', 'CHANGE (%)', 'VOLUME']
2026-07-27 05:05:17 | DEBUG    | clean_data           | Removed 'LISTED IN' column
2026-07-27 05:05:17 | DEBUG    | clean_data           | Converted LDCP from float64 to numeric
2026-07-27 05:05:17 | DEBUG    | clean_data           | Converted OPEN from float64 to numeric
2026-07-27 05:05:17 | DEBUG    | clean_data           | Converted HIGH from float64 to numeric
2026-07-27 05:05:17 | DEBUG    | clean_data           | Converted LOW from float64 to numeric
2026-07-27 05:05:17 | DEBUG    | clean_data           | Converted CURRENT from float64 to numeric
2026-07-27 05:05:17 | DEBUG    | clean_data           | Converted CHANGE from float64 to numeric
2026-07-27 05:05:17 | WARNING  | clean_data           | Column CHANGE (%): 458 values could not be converted to numeric
2026-07-27 05:05:17 | DEBUG    | clean_data           | Converted CHANGE (%) from str to numeric
2026-07-27 05:05:17 | DEBUG    | clean_data           | Converted VOLUME from int64 to numeric
2026-07-27 05:05:17 | INFO     | clean_data           | ✅ Data cleaned (458 rows, 16 columns)
2026-07-27 05:05:17 | DEBUG    | clean_data           | Final columns: ['SYMBOL', 'SECTOR', 'LDCP', 'OPEN', 'HIGH', 'LOW', 'CURRENT', 'CHANGE', 'CHANGE (%)', 'VOLUME', 'YEAR', 'MONTH', 'DAY', 'HOUR', 'MINUTE', 'DATETIME']
2026-07-27 05:05:17 | DEBUG    | get_file_path        | Generated file path: data/2026/07/2026-07-27.xlsx
2026-07-27 05:05:17 | INFO     | save_data            | Saving data to: data/2026/07/2026-07-27.xlsx
2026-07-27 05:05:17 | DEBUG    | _create_backup       | Backup created: data/2026/07/backups/2026-07-27_backup_20260727_050517.xlsx
2026-07-27 05:05:17 | DEBUG    | _cleanup_old_backups | Removed old backup: 2026-07-27_backup_20260727_043930.xlsx
2026-07-27 05:05:17 | DEBUG    | save_data            | Existing file found, merging data...
2026-07-27 05:05:18 | DEBUG    | save_data            | Loaded 13378 existing rows
2026-07-27 05:05:18 | DEBUG    | save_data            | Combined to 13836 rows
2026-07-27 05:05:18 | DEBUG    | save_data            | Writing to temporary file...
2026-07-27 05:05:21 | DEBUG    | save_data            | Data written to temp file: /home/runner/work/Thalorae-BackLioraen/Thalorae-BackLioraen/data/2026/07/tmp29wl0cwd.xlsx
2026-07-27 05:05:21 | DEBUG    | save_data            | Temp file moved to final location
2026-07-27 05:05:21 | INFO     | save_data            | ✅ Data saved successfully (13836 total rows, 1,031,761 bytes)
2026-07-27 05:05:21 | INFO     | run                  | ======================================================================
2026-07-27 05:05:21 | INFO     | run                  | 📊 EXECUTION SUMMARY:
2026-07-27 05:05:21 | INFO     | run                  |    ✅ Status: SUCCESS
2026-07-27 05:05:21 | INFO     | run                  |    - Rows processed: 458
2026-07-27 05:05:21 | INFO     | run                  |    - Unique symbols: 458
2026-07-27 05:05:21 | INFO     | run                  |    - Timestamp: 2026-07-27 10:05:11
2026-07-27 05:05:21 | INFO     | run                  |    - File: data/2026/07/2026-07-27.xlsx
2026-07-27 05:05:21 | INFO     | run                  | ======================================================================
2026-07-27 05:05:21 | DEBUG    | run                  | Sample data (first row):
2026-07-27 05:05:21 | DEBUG    | run                  | {'SYMBOL': 'CNERGY', 'SECTOR': 825, 'LDCP': 10.29, 'OPEN': 10.6, 'HIGH': 10.89, 'LOW': 10.59, 'CURRENT': 10.77, 'CHANGE': 0.48, 'CHANGE (%)': nan, 'VOLUME': 18520948, 'YEAR': 2026, 'MONTH': 7, 'DAY': 27, 'HOUR': 10, 'MINUTE': 5, 'DATETIME': '2026-07-27 10:05'}
2026-07-27 05:05:21 | DEBUG    | close                | Session closed
2026-07-27 05:10:22 | INFO     | run                  | ======================================================================
2026-07-27 05:10:22 | INFO     | run                  | 🚀 MARKET DATA SCRAPER - SINGLE EXECUTION
2026-07-27 05:10:22 | INFO     | run                  | ======================================================================
2026-07-27 05:10:22 | INFO     | run                  | Execution Time: 2026-07-27 10:10:22 PKT
2026-07-27 05:10:22 | INFO     | run                  | Configuration:
2026-07-27 05:10:22 | INFO     | run                  |    - Timezone: Asia/Karachi
2026-07-27 05:10:22 | INFO     | run                  |    - Data directory: data
2026-07-27 05:10:22 | INFO     | run                  |    - Log directory: logs
2026-07-27 05:10:22 | INFO     | run                  |    - Excluded symbols: {'XT', 'XS', 'XR', 'XD'}
2026-07-27 05:10:22 | INFO     | run                  | ======================================================================
2026-07-27 05:10:22 | INFO     | fetch_data           | Fetching data (Attempt 1/3)...
2026-07-27 05:10:22 | DEBUG    | fetch_data           | Establishing session with https://dps.psx.com.pk/
2026-07-27 05:10:25 | DEBUG    | fetch_data           | Requesting data from https://dps.psx.com.pk/market-watch
2026-07-27 05:10:27 | DEBUG    | fetch_data           | Response status: 200
2026-07-27 05:10:27 | DEBUG    | fetch_data           | Response content type: text/html; charset=utf-8
2026-07-27 05:10:27 | DEBUG    | fetch_data           | Response size: 441236 bytes
2026-07-27 05:10:27 | INFO     | fetch_data           | ✅ Data fetched successfully (Status: 200)
2026-07-27 05:10:27 | DEBUG    | parse_json           | Attempting JSON parsing...
2026-07-27 05:10:27 | DEBUG    | parse_json           | Response preview: <table class="tbl" data-page-length="25"><thead class="tbl__head"><!-- tr--><!--   th(colspan="11")--><!--   th.center(colspan="2", style="width: 110px;") TOTAL BUY ORDERS--><!--   th.center(colspan="2", style="width: 110px;") TOTAL SELL ORDERS--><tr><th data-name="symbol">SYMBOL</th><th data-name="sector">SECTOR</th><th data-name="listed">LISTED IN</th><th class="right" data-name="ldcp">LDCP</th><th class="right" data-name="open">OPEN</th><th class="right" data-name="high">HIGH</th><th class="r
2026-07-27 05:10:27 | WARNING  | parse_json           | ⚠️ JSON parsing failed: Expecting value: line 1 column 1 (char 0)
2026-07-27 05:10:27 | INFO     | run                  | JSON parsing failed, trying HTML fallback...
2026-07-27 05:10:27 | INFO     | parse_html           | Attempting HTML fallback parsing...
2026-07-27 05:10:27 | DEBUG    | parse_html           | Found 1 table(s) in HTML
2026-07-27 05:10:27 | DEBUG    | parse_html           | Table columns: ['SYMBOL', 'SECTOR', 'LISTED IN', 'LDCP', 'OPEN', 'HIGH', 'LOW', 'CURRENT', 'CHANGE', 'CHANGE (%)', 'VOLUME']
2026-07-27 05:10:27 | DEBUG    | parse_html           | Table shape: (462, 11)
2026-07-27 05:10:27 | INFO     | parse_html           | ✅ HTML parsed successfully (462 rows)
2026-07-27 05:10:27 | INFO     | clean_data           | Cleaning data...
2026-07-27 05:10:27 | DEBUG    | clean_data           | Initial shape: (462, 11)
2026-07-27 05:10:27 | DEBUG    | clean_data           | Initial columns: ['SYMBOL', 'SECTOR', 'LISTED IN', 'LDCP', 'OPEN', 'HIGH', 'LOW', 'CURRENT', 'CHANGE', 'CHANGE (%)', 'VOLUME']
2026-07-27 05:10:27 | DEBUG    | clean_data           | Removed 'LISTED IN' column
2026-07-27 05:10:27 | DEBUG    | clean_data           | Converted LDCP from float64 to numeric
2026-07-27 05:10:27 | DEBUG    | clean_data           | Converted OPEN from float64 to numeric
2026-07-27 05:10:27 | DEBUG    | clean_data           | Converted HIGH from float64 to numeric
2026-07-27 05:10:27 | DEBUG    | clean_data           | Converted LOW from float64 to numeric
2026-07-27 05:10:27 | DEBUG    | clean_data           | Converted CURRENT from float64 to numeric
2026-07-27 05:10:27 | DEBUG    | clean_data           | Converted CHANGE from float64 to numeric
2026-07-27 05:10:27 | WARNING  | clean_data           | Column CHANGE (%): 462 values could not be converted to numeric
2026-07-27 05:10:27 | DEBUG    | clean_data           | Converted CHANGE (%) from str to numeric
2026-07-27 05:10:27 | DEBUG    | clean_data           | Converted VOLUME from int64 to numeric
2026-07-27 05:10:27 | INFO     | clean_data           | ✅ Data cleaned (462 rows, 16 columns)
2026-07-27 05:10:27 | DEBUG    | clean_data           | Final columns: ['SYMBOL', 'SECTOR', 'LDCP', 'OPEN', 'HIGH', 'LOW', 'CURRENT', 'CHANGE', 'CHANGE (%)', 'VOLUME', 'YEAR', 'MONTH', 'DAY', 'HOUR', 'MINUTE', 'DATETIME']
2026-07-27 05:10:27 | DEBUG    | get_file_path        | Generated file path: data/2026/07/2026-07-27.xlsx
2026-07-27 05:10:27 | INFO     | save_data            | Saving data to: data/2026/07/2026-07-27.xlsx
2026-07-27 05:10:27 | DEBUG    | _create_backup       | Backup created: data/2026/07/backups/2026-07-27_backup_20260727_051027.xlsx
2026-07-27 05:10:27 | DEBUG    | _cleanup_old_backups | Removed old backup: 2026-07-27_backup_20260727_044439.xlsx
2026-07-27 05:10:27 | DEBUG    | save_data            | Existing file found, merging data...
2026-07-27 05:10:28 | DEBUG    | save_data            | Loaded 13836 existing rows
2026-07-27 05:10:28 | DEBUG    | save_data            | Combined to 14298 rows
2026-07-27 05:10:28 | DEBUG    | save_data            | Writing to temporary file...
2026-07-27 05:10:31 | DEBUG    | save_data            | Data written to temp file: /home/runner/work/Thalorae-BackLioraen/Thalorae-BackLioraen/data/2026/07/tmpuvsw6zao.xlsx
2026-07-27 05:10:31 | DEBUG    | save_data            | Temp file moved to final location
2026-07-27 05:10:31 | INFO     | save_data            | ✅ Data saved successfully (14298 total rows, 1,065,568 bytes)
2026-07-27 05:10:31 | INFO     | run                  | ======================================================================
2026-07-27 05:10:31 | INFO     | run                  | 📊 EXECUTION SUMMARY:
2026-07-27 05:10:31 | INFO     | run                  |    ✅ Status: SUCCESS
2026-07-27 05:10:31 | INFO     | run                  |    - Rows processed: 462
2026-07-27 05:10:31 | INFO     | run                  |    - Unique symbols: 462
2026-07-27 05:10:31 | INFO     | run                  |    - Timestamp: 2026-07-27 10:10:22
2026-07-27 05:10:31 | INFO     | run                  |    - File: data/2026/07/2026-07-27.xlsx
2026-07-27 05:10:31 | INFO     | run                  | ======================================================================
2026-07-27 05:10:31 | DEBUG    | run                  | Sample data (first row):
2026-07-27 05:10:31 | DEBUG    | run                  | {'SYMBOL': 'CNERGY', 'SECTOR': 825, 'LDCP': 10.29, 'OPEN': 10.6, 'HIGH': 10.89, 'LOW': 10.59, 'CURRENT': 10.76, 'CHANGE': 0.47, 'CHANGE (%)': nan, 'VOLUME': 19017870, 'YEAR': 2026, 'MONTH': 7, 'DAY': 27, 'HOUR': 10, 'MINUTE': 10, 'DATETIME': '2026-07-27 10:10'}
2026-07-27 05:10:31 | DEBUG    | close                | Session closed
2026-07-27 05:15:31 | INFO     | run                  | ======================================================================
2026-07-27 05:15:31 | INFO     | run                  | 🚀 MARKET DATA SCRAPER - SINGLE EXECUTION
2026-07-27 05:15:31 | INFO     | run                  | ======================================================================
2026-07-27 05:15:31 | INFO     | run                  | Execution Time: 2026-07-27 10:15:31 PKT
2026-07-27 05:15:31 | INFO     | run                  | Configuration:
2026-07-27 05:15:31 | INFO     | run                  |    - Timezone: Asia/Karachi
2026-07-27 05:15:31 | INFO     | run                  |    - Data directory: data
2026-07-27 05:15:31 | INFO     | run                  |    - Log directory: logs
2026-07-27 05:15:31 | INFO     | run                  |    - Excluded symbols: {'XD', 'XR', 'XS', 'XT'}
2026-07-27 05:15:31 | INFO     | run                  | ======================================================================
2026-07-27 05:15:31 | INFO     | fetch_data           | Fetching data (Attempt 1/3)...
2026-07-27 05:15:31 | DEBUG    | fetch_data           | Establishing session with https://dps.psx.com.pk/
2026-07-27 05:15:35 | DEBUG    | fetch_data           | Requesting data from https://dps.psx.com.pk/market-watch
2026-07-27 05:15:40 | DEBUG    | fetch_data           | Response status: 200
2026-07-27 05:15:40 | DEBUG    | fetch_data           | Response content type: text/html; charset=utf-8
2026-07-27 05:15:40 | DEBUG    | fetch_data           | Response size: 444106 bytes
2026-07-27 05:15:40 | INFO     | fetch_data           | ✅ Data fetched successfully (Status: 200)
2026-07-27 05:15:40 | DEBUG    | parse_json           | Attempting JSON parsing...
2026-07-27 05:15:40 | DEBUG    | parse_json           | Response preview: <table class="tbl" data-page-length="25"><thead class="tbl__head"><!-- tr--><!--   th(colspan="11")--><!--   th.center(colspan="2", style="width: 110px;") TOTAL BUY ORDERS--><!--   th.center(colspan="2", style="width: 110px;") TOTAL SELL ORDERS--><tr><th data-name="symbol">SYMBOL</th><th data-name="sector">SECTOR</th><th data-name="listed">LISTED IN</th><th class="right" data-name="ldcp">LDCP</th><th class="right" data-name="open">OPEN</th><th class="right" data-name="high">HIGH</th><th class="r
2026-07-27 05:15:40 | WARNING  | parse_json           | ⚠️ JSON parsing failed: Expecting value: line 1 column 1 (char 0)
2026-07-27 05:15:40 | INFO     | run                  | JSON parsing failed, trying HTML fallback...
2026-07-27 05:15:40 | INFO     | parse_html           | Attempting HTML fallback parsing...
2026-07-27 05:15:40 | DEBUG    | parse_html           | Found 1 table(s) in HTML
2026-07-27 05:15:40 | DEBUG    | parse_html           | Table columns: ['SYMBOL', 'SECTOR', 'LISTED IN', 'LDCP', 'OPEN', 'HIGH', 'LOW', 'CURRENT', 'CHANGE', 'CHANGE (%)', 'VOLUME']
2026-07-27 05:15:40 | DEBUG    | parse_html           | Table shape: (465, 11)
2026-07-27 05:15:40 | INFO     | parse_html           | ✅ HTML parsed successfully (465 rows)
2026-07-27 05:15:40 | INFO     | clean_data           | Cleaning data...
2026-07-27 05:15:40 | DEBUG    | clean_data           | Initial shape: (465, 11)
2026-07-27 05:15:40 | DEBUG    | clean_data           | Initial columns: ['SYMBOL', 'SECTOR', 'LISTED IN', 'LDCP', 'OPEN', 'HIGH', 'LOW', 'CURRENT', 'CHANGE', 'CHANGE (%)', 'VOLUME']
2026-07-27 05:15:40 | DEBUG    | clean_data           | Removed 'LISTED IN' column
2026-07-27 05:15:40 | DEBUG    | clean_data           | Converted LDCP from float64 to numeric
2026-07-27 05:15:40 | DEBUG    | clean_data           | Converted OPEN from float64 to numeric
2026-07-27 05:15:40 | DEBUG    | clean_data           | Converted HIGH from float64 to numeric
2026-07-27 05:15:40 | DEBUG    | clean_data           | Converted LOW from float64 to numeric
2026-07-27 05:15:40 | DEBUG    | clean_data           | Converted CURRENT from float64 to numeric
2026-07-27 05:15:40 | DEBUG    | clean_data           | Converted CHANGE from float64 to numeric
2026-07-27 05:15:40 | WARNING  | clean_data           | Column CHANGE (%): 465 values could not be converted to numeric
2026-07-27 05:15:40 | DEBUG    | clean_data           | Converted CHANGE (%) from str to numeric
2026-07-27 05:15:40 | DEBUG    | clean_data           | Converted VOLUME from int64 to numeric
2026-07-27 05:15:40 | INFO     | clean_data           | ✅ Data cleaned (465 rows, 16 columns)
2026-07-27 05:15:40 | DEBUG    | clean_data           | Final columns: ['SYMBOL', 'SECTOR', 'LDCP', 'OPEN', 'HIGH', 'LOW', 'CURRENT', 'CHANGE', 'CHANGE (%)', 'VOLUME', 'YEAR', 'MONTH', 'DAY', 'HOUR', 'MINUTE', 'DATETIME']
2026-07-27 05:15:40 | DEBUG    | get_file_path        | Generated file path: data/2026/07/2026-07-27.xlsx
2026-07-27 05:15:40 | INFO     | save_data            | Saving data to: data/2026/07/2026-07-27.xlsx
2026-07-27 05:15:40 | DEBUG    | _create_backup       | Backup created: data/2026/07/backups/2026-07-27_backup_20260727_051540.xlsx
2026-07-27 05:15:40 | DEBUG    | _cleanup_old_backups | Removed old backup: 2026-07-27_backup_20260727_044947.xlsx
2026-07-27 05:15:40 | DEBUG    | save_data            | Existing file found, merging data...
2026-07-27 05:15:42 | DEBUG    | save_data            | Loaded 14298 existing rows
2026-07-27 05:15:42 | DEBUG    | save_data            | Combined to 14763 rows
2026-07-27 05:15:42 | DEBUG    | save_data            | Writing to temporary file...
2026-07-27 05:15:45 | DEBUG    | save_data            | Data written to temp file: /home/runner/work/Thalorae-BackLioraen/Thalorae-BackLioraen/data/2026/07/tmp7psytnos.xlsx
2026-07-27 05:15:45 | DEBUG    | save_data            | Temp file moved to final location
2026-07-27 05:15:45 | INFO     | save_data            | ✅ Data saved successfully (14763 total rows, 1,099,773 bytes)
2026-07-27 05:15:45 | INFO     | run                  | ======================================================================
2026-07-27 05:15:45 | INFO     | run                  | 📊 EXECUTION SUMMARY:
2026-07-27 05:15:45 | INFO     | run                  |    ✅ Status: SUCCESS
2026-07-27 05:15:45 | INFO     | run                  |    - Rows processed: 465
2026-07-27 05:15:45 | INFO     | run                  |    - Unique symbols: 465
2026-07-27 05:15:45 | INFO     | run                  |    - Timestamp: 2026-07-27 10:15:31
2026-07-27 05:15:45 | INFO     | run                  |    - File: data/2026/07/2026-07-27.xlsx
2026-07-27 05:15:45 | INFO     | run                  | ======================================================================
2026-07-27 05:15:45 | DEBUG    | run                  | Sample data (first row):
2026-07-27 05:15:45 | DEBUG    | run                  | {'SYMBOL': 'MDTL', 'SECTOR': 828, 'LDCP': 6.38, 'OPEN': 6.85, 'HIGH': 6.9, 'LOW': 6.3, 'CURRENT': 6.34, 'CHANGE': -0.04, 'CHANGE (%)': nan, 'VOLUME': 19707890, 'YEAR': 2026, 'MONTH': 7, 'DAY': 27, 'HOUR': 10, 'MINUTE': 15, 'DATETIME': '2026-07-27 10:15'}
2026-07-27 05:15:45 | DEBUG    | close                | Session closed
2026-07-27 05:20:45 | INFO     | run                  | ======================================================================
2026-07-27 05:20:45 | INFO     | run                  | 🚀 MARKET DATA SCRAPER - SINGLE EXECUTION
2026-07-27 05:20:45 | INFO     | run                  | ======================================================================
2026-07-27 05:20:45 | INFO     | run                  | Execution Time: 2026-07-27 10:20:45 PKT
2026-07-27 05:20:45 | INFO     | run                  | Configuration:
2026-07-27 05:20:45 | INFO     | run                  |    - Timezone: Asia/Karachi
2026-07-27 05:20:45 | INFO     | run                  |    - Data directory: data
2026-07-27 05:20:45 | INFO     | run                  |    - Log directory: logs
2026-07-27 05:20:45 | INFO     | run                  |    - Excluded symbols: {'XS', 'XR', 'XT', 'XD'}
2026-07-27 05:20:45 | INFO     | run                  | ======================================================================
2026-07-27 05:20:45 | INFO     | fetch_data           | Fetching data (Attempt 1/3)...
2026-07-27 05:20:45 | DEBUG    | fetch_data           | Establishing session with https://dps.psx.com.pk/
2026-07-27 05:20:48 | DEBUG    | fetch_data           | Requesting data from https://dps.psx.com.pk/market-watch
2026-07-27 05:20:51 | DEBUG    | fetch_data           | Response status: 200
2026-07-27 05:20:51 | DEBUG    | fetch_data           | Response content type: text/html; charset=utf-8
2026-07-27 05:20:51 | DEBUG    | fetch_data           | Response size: 445883 bytes
2026-07-27 05:20:51 | INFO     | fetch_data           | ✅ Data fetched successfully (Status: 200)
2026-07-27 05:20:51 | DEBUG    | parse_json           | Attempting JSON parsing...
2026-07-27 05:20:51 | DEBUG    | parse_json           | Response preview: <table class="tbl" data-page-length="25"><thead class="tbl__head"><!-- tr--><!--   th(colspan="11")--><!--   th.center(colspan="2", style="width: 110px;") TOTAL BUY ORDERS--><!--   th.center(colspan="2", style="width: 110px;") TOTAL SELL ORDERS--><tr><th data-name="symbol">SYMBOL</th><th data-name="sector">SECTOR</th><th data-name="listed">LISTED IN</th><th class="right" data-name="ldcp">LDCP</th><th class="right" data-name="open">OPEN</th><th class="right" data-name="high">HIGH</th><th class="r
2026-07-27 05:20:51 | WARNING  | parse_json           | ⚠️ JSON parsing failed: Expecting value: line 1 column 1 (char 0)
2026-07-27 05:20:51 | INFO     | run                  | JSON parsing failed, trying HTML fallback...
2026-07-27 05:20:51 | INFO     | parse_html           | Attempting HTML fallback parsing...
2026-07-27 05:20:51 | DEBUG    | parse_html           | Found 1 table(s) in HTML
2026-07-27 05:20:51 | DEBUG    | parse_html           | Table columns: ['SYMBOL', 'SECTOR', 'LISTED IN', 'LDCP', 'OPEN', 'HIGH', 'LOW', 'CURRENT', 'CHANGE', 'CHANGE (%)', 'VOLUME']
2026-07-27 05:20:51 | DEBUG    | parse_html           | Table shape: (467, 11)
2026-07-27 05:20:51 | INFO     | parse_html           | ✅ HTML parsed successfully (467 rows)
2026-07-27 05:20:51 | INFO     | clean_data           | Cleaning data...
2026-07-27 05:20:51 | DEBUG    | clean_data           | Initial shape: (467, 11)
2026-07-27 05:20:51 | DEBUG    | clean_data           | Initial columns: ['SYMBOL', 'SECTOR', 'LISTED IN', 'LDCP', 'OPEN', 'HIGH', 'LOW', 'CURRENT', 'CHANGE', 'CHANGE (%)', 'VOLUME']
2026-07-27 05:20:51 | DEBUG    | clean_data           | Removed 'LISTED IN' column
2026-07-27 05:20:51 | DEBUG    | clean_data           | Converted LDCP from float64 to numeric
2026-07-27 05:20:51 | DEBUG    | clean_data           | Converted OPEN from float64 to numeric
2026-07-27 05:20:51 | DEBUG    | clean_data           | Converted HIGH from float64 to numeric
2026-07-27 05:20:51 | DEBUG    | clean_data           | Converted LOW from float64 to numeric
2026-07-27 05:20:51 | DEBUG    | clean_data           | Converted CURRENT from float64 to numeric
2026-07-27 05:20:51 | DEBUG    | clean_data           | Converted CHANGE from float64 to numeric
2026-07-27 05:20:51 | WARNING  | clean_data           | Column CHANGE (%): 467 values could not be converted to numeric
2026-07-27 05:20:51 | DEBUG    | clean_data           | Converted CHANGE (%) from str to numeric
2026-07-27 05:20:51 | DEBUG    | clean_data           | Converted VOLUME from int64 to numeric
2026-07-27 05:20:51 | INFO     | clean_data           | ✅ Data cleaned (467 rows, 16 columns)
2026-07-27 05:20:51 | DEBUG    | clean_data           | Final columns: ['SYMBOL', 'SECTOR', 'LDCP', 'OPEN', 'HIGH', 'LOW', 'CURRENT', 'CHANGE', 'CHANGE (%)', 'VOLUME', 'YEAR', 'MONTH', 'DAY', 'HOUR', 'MINUTE', 'DATETIME']
2026-07-27 05:20:51 | DEBUG    | get_file_path        | Generated file path: data/2026/07/2026-07-27.xlsx
2026-07-27 05:20:51 | INFO     | save_data            | Saving data to: data/2026/07/2026-07-27.xlsx
2026-07-27 05:20:51 | DEBUG    | _create_backup       | Backup created: data/2026/07/backups/2026-07-27_backup_20260727_052051.xlsx
2026-07-27 05:20:51 | DEBUG    | _cleanup_old_backups | Removed old backup: 2026-07-27_backup_20260727_045458.xlsx
2026-07-27 05:20:51 | DEBUG    | save_data            | Existing file found, merging data...
2026-07-27 05:20:53 | DEBUG    | save_data            | Loaded 14763 existing rows
2026-07-27 05:20:53 | DEBUG    | save_data            | Combined to 15230 rows
2026-07-27 05:20:53 | DEBUG    | save_data            | Writing to temporary file...
2026-07-27 05:20:56 | DEBUG    | save_data            | Data written to temp file: /home/runner/work/Thalorae-BackLioraen/Thalorae-BackLioraen/data/2026/07/tmp0a8g6mx0.xlsx
2026-07-27 05:20:56 | DEBUG    | save_data            | Temp file moved to final location
2026-07-27 05:20:56 | INFO     | save_data            | ✅ Data saved successfully (15230 total rows, 1,134,212 bytes)
2026-07-27 05:20:56 | INFO     | run                  | ======================================================================
2026-07-27 05:20:56 | INFO     | run                  | 📊 EXECUTION SUMMARY:
2026-07-27 05:20:56 | INFO     | run                  |    ✅ Status: SUCCESS
2026-07-27 05:20:56 | INFO     | run                  |    - Rows processed: 467
2026-07-27 05:20:56 | INFO     | run                  |    - Unique symbols: 467
2026-07-27 05:20:56 | INFO     | run                  |    - Timestamp: 2026-07-27 10:20:45
2026-07-27 05:20:56 | INFO     | run                  |    - File: data/2026/07/2026-07-27.xlsx
2026-07-27 05:20:56 | INFO     | run                  | ======================================================================
2026-07-27 05:20:56 | DEBUG    | run                  | Sample data (first row):
2026-07-27 05:20:56 | DEBUG    | run                  | {'SYMBOL': 'MDTL', 'SECTOR': 828, 'LDCP': 6.38, 'OPEN': 6.85, 'HIGH': 6.9, 'LOW': 6.3, 'CURRENT': 6.43, 'CHANGE': 0.05, 'CHANGE (%)': nan, 'VOLUME': 20350735, 'YEAR': 2026, 'MONTH': 7, 'DAY': 27, 'HOUR': 10, 'MINUTE': 20, 'DATETIME': '2026-07-27 10:20'}
2026-07-27 05:20:56 | DEBUG    | close                | Session closed
2026-07-27 05:25:56 | INFO     | run                  | ======================================================================
2026-07-27 05:25:56 | INFO     | run                  | 🚀 MARKET DATA SCRAPER - SINGLE EXECUTION
2026-07-27 05:25:56 | INFO     | run                  | ======================================================================
2026-07-27 05:25:56 | INFO     | run                  | Execution Time: 2026-07-27 10:25:56 PKT
2026-07-27 05:25:56 | INFO     | run                  | Configuration:
2026-07-27 05:25:56 | INFO     | run                  |    - Timezone: Asia/Karachi
2026-07-27 05:25:56 | INFO     | run                  |    - Data directory: data
2026-07-27 05:25:56 | INFO     | run                  |    - Log directory: logs
2026-07-27 05:25:56 | INFO     | run                  |    - Excluded symbols: {'XS', 'XD', 'XT', 'XR'}
2026-07-27 05:25:56 | INFO     | run                  | ======================================================================
2026-07-27 05:25:56 | INFO     | fetch_data           | Fetching data (Attempt 1/3)...
2026-07-27 05:25:56 | DEBUG    | fetch_data           | Establishing session with https://dps.psx.com.pk/
2026-07-27 05:26:00 | DEBUG    | fetch_data           | Requesting data from https://dps.psx.com.pk/market-watch
2026-07-27 05:26:03 | DEBUG    | fetch_data           | Response status: 200
2026-07-27 05:26:03 | DEBUG    | fetch_data           | Response content type: text/html; charset=utf-8
2026-07-27 05:26:03 | DEBUG    | fetch_data           | Response size: 446920 bytes
2026-07-27 05:26:03 | INFO     | fetch_data           | ✅ Data fetched successfully (Status: 200)
2026-07-27 05:26:03 | DEBUG    | parse_json           | Attempting JSON parsing...
2026-07-27 05:26:03 | DEBUG    | parse_json           | Response preview: <table class="tbl" data-page-length="25"><thead class="tbl__head"><!-- tr--><!--   th(colspan="11")--><!--   th.center(colspan="2", style="width: 110px;") TOTAL BUY ORDERS--><!--   th.center(colspan="2", style="width: 110px;") TOTAL SELL ORDERS--><tr><th data-name="symbol">SYMBOL</th><th data-name="sector">SECTOR</th><th data-name="listed">LISTED IN</th><th class="right" data-name="ldcp">LDCP</th><th class="right" data-name="open">OPEN</th><th class="right" data-name="high">HIGH</th><th class="r
2026-07-27 05:26:03 | WARNING  | parse_json           | ⚠️ JSON parsing failed: Expecting value: line 1 column 1 (char 0)
2026-07-27 05:26:03 | INFO     | run                  | JSON parsing failed, trying HTML fallback...
2026-07-27 05:26:03 | INFO     | parse_html           | Attempting HTML fallback parsing...
2026-07-27 05:26:03 | DEBUG    | parse_html           | Found 1 table(s) in HTML
2026-07-27 05:26:03 | DEBUG    | parse_html           | Table columns: ['SYMBOL', 'SECTOR', 'LISTED IN', 'LDCP', 'OPEN', 'HIGH', 'LOW', 'CURRENT', 'CHANGE', 'CHANGE (%)', 'VOLUME']
2026-07-27 05:26:03 | DEBUG    | parse_html           | Table shape: (468, 11)
2026-07-27 05:26:03 | INFO     | parse_html           | ✅ HTML parsed successfully (468 rows)
2026-07-27 05:26:03 | INFO     | clean_data           | Cleaning data...
2026-07-27 05:26:03 | DEBUG    | clean_data           | Initial shape: (468, 11)
2026-07-27 05:26:03 | DEBUG    | clean_data           | Initial columns: ['SYMBOL', 'SECTOR', 'LISTED IN', 'LDCP', 'OPEN', 'HIGH', 'LOW', 'CURRENT', 'CHANGE', 'CHANGE (%)', 'VOLUME']
2026-07-27 05:26:03 | DEBUG    | clean_data           | Removed 'LISTED IN' column
2026-07-27 05:26:03 | DEBUG    | clean_data           | Converted LDCP from float64 to numeric
2026-07-27 05:26:03 | DEBUG    | clean_data           | Converted OPEN from float64 to numeric
2026-07-27 05:26:03 | DEBUG    | clean_data           | Converted HIGH from float64 to numeric
2026-07-27 05:26:03 | DEBUG    | clean_data           | Converted LOW from float64 to numeric
2026-07-27 05:26:03 | DEBUG    | clean_data           | Converted CURRENT from float64 to numeric
2026-07-27 05:26:03 | DEBUG    | clean_data           | Converted CHANGE from float64 to numeric
2026-07-27 05:26:03 | WARNING  | clean_data           | Column CHANGE (%): 468 values could not be converted to numeric
2026-07-27 05:26:03 | DEBUG    | clean_data           | Converted CHANGE (%) from str to numeric
2026-07-27 05:26:03 | DEBUG    | clean_data           | Converted VOLUME from int64 to numeric
2026-07-27 05:26:03 | INFO     | clean_data           | ✅ Data cleaned (468 rows, 16 columns)
2026-07-27 05:26:03 | DEBUG    | clean_data           | Final columns: ['SYMBOL', 'SECTOR', 'LDCP', 'OPEN', 'HIGH', 'LOW', 'CURRENT', 'CHANGE', 'CHANGE (%)', 'VOLUME', 'YEAR', 'MONTH', 'DAY', 'HOUR', 'MINUTE', 'DATETIME']
2026-07-27 05:26:03 | DEBUG    | get_file_path        | Generated file path: data/2026/07/2026-07-27.xlsx
2026-07-27 05:26:03 | INFO     | save_data            | Saving data to: data/2026/07/2026-07-27.xlsx
2026-07-27 05:26:03 | DEBUG    | _create_backup       | Backup created: data/2026/07/backups/2026-07-27_backup_20260727_052603.xlsx
2026-07-27 05:26:03 | DEBUG    | _cleanup_old_backups | Removed old backup: 2026-07-27_backup_20260727_050007.xlsx
2026-07-27 05:26:03 | DEBUG    | save_data            | Existing file found, merging data...
2026-07-27 05:26:04 | DEBUG    | save_data            | Loaded 15230 existing rows
2026-07-27 05:26:04 | DEBUG    | save_data            | Combined to 15698 rows
2026-07-27 05:26:04 | DEBUG    | save_data            | Writing to temporary file...
2026-07-27 05:26:07 | DEBUG    | save_data            | Data written to temp file: /home/runner/work/Thalorae-BackLioraen/Thalorae-BackLioraen/data/2026/07/tmppty7a9zq.xlsx
2026-07-27 05:26:07 | DEBUG    | save_data            | Temp file moved to final location
2026-07-27 05:26:07 | INFO     | save_data            | ✅ Data saved successfully (15698 total rows, 1,168,737 bytes)
2026-07-27 05:26:07 | INFO     | run                  | ======================================================================
2026-07-27 05:26:07 | INFO     | run                  | 📊 EXECUTION SUMMARY:
2026-07-27 05:26:07 | INFO     | run                  |    ✅ Status: SUCCESS
2026-07-27 05:26:07 | INFO     | run                  |    - Rows processed: 468
2026-07-27 05:26:07 | INFO     | run                  |    - Unique symbols: 468
2026-07-27 05:26:07 | INFO     | run                  |    - Timestamp: 2026-07-27 10:25:56
2026-07-27 05:26:07 | INFO     | run                  |    - File: data/2026/07/2026-07-27.xlsx
2026-07-27 05:26:07 | INFO     | run                  | ======================================================================
2026-07-27 05:26:07 | DEBUG    | run                  | Sample data (first row):
2026-07-27 05:26:07 | DEBUG    | run                  | {'SYMBOL': 'TSBL', 'SECTOR': 813, 'LDCP': 2.24, 'OPEN': 2.32, 'HIGH': 2.44, 'LOW': 2.26, 'CURRENT': 2.42, 'CHANGE': 0.18, 'CHANGE (%)': nan, 'VOLUME': 24466904, 'YEAR': 2026, 'MONTH': 7, 'DAY': 27, 'HOUR': 10, 'MINUTE': 25, 'DATETIME': '2026-07-27 10:25'}
2026-07-27 05:26:07 | DEBUG    | close                | Session closed
2026-07-27 05:31:08 | INFO     | run                  | ======================================================================
2026-07-27 05:31:08 | INFO     | run                  | 🚀 MARKET DATA SCRAPER - SINGLE EXECUTION
2026-07-27 05:31:08 | INFO     | run                  | ======================================================================
2026-07-27 05:31:08 | INFO     | run                  | Execution Time: 2026-07-27 10:31:08 PKT
2026-07-27 05:31:08 | INFO     | run                  | Configuration:
2026-07-27 05:31:08 | INFO     | run                  |    - Timezone: Asia/Karachi
2026-07-27 05:31:08 | INFO     | run                  |    - Data directory: data
2026-07-27 05:31:08 | INFO     | run                  |    - Log directory: logs
2026-07-27 05:31:08 | INFO     | run                  |    - Excluded symbols: {'XT', 'XS', 'XD', 'XR'}
2026-07-27 05:31:08 | INFO     | run                  | ======================================================================
2026-07-27 05:31:08 | INFO     | fetch_data           | Fetching data (Attempt 1/3)...
2026-07-27 05:31:08 | DEBUG    | fetch_data           | Establishing session with https://dps.psx.com.pk/
2026-07-27 05:31:12 | DEBUG    | fetch_data           | Requesting data from https://dps.psx.com.pk/market-watch
2026-07-27 05:31:14 | DEBUG    | fetch_data           | Response status: 200
2026-07-27 05:31:14 | DEBUG    | fetch_data           | Response content type: text/html; charset=utf-8
2026-07-27 05:31:14 | DEBUG    | fetch_data           | Response size: 447116 bytes
2026-07-27 05:31:14 | INFO     | fetch_data           | ✅ Data fetched successfully (Status: 200)
2026-07-27 05:31:14 | DEBUG    | parse_json           | Attempting JSON parsing...
2026-07-27 05:31:14 | DEBUG    | parse_json           | Response preview: <table class="tbl" data-page-length="25"><thead class="tbl__head"><!-- tr--><!--   th(colspan="11")--><!--   th.center(colspan="2", style="width: 110px;") TOTAL BUY ORDERS--><!--   th.center(colspan="2", style="width: 110px;") TOTAL SELL ORDERS--><tr><th data-name="symbol">SYMBOL</th><th data-name="sector">SECTOR</th><th data-name="listed">LISTED IN</th><th class="right" data-name="ldcp">LDCP</th><th class="right" data-name="open">OPEN</th><th class="right" data-name="high">HIGH</th><th class="r
2026-07-27 05:31:14 | WARNING  | parse_json           | ⚠️ JSON parsing failed: Expecting value: line 1 column 1 (char 0)
2026-07-27 05:31:14 | INFO     | run                  | JSON parsing failed, trying HTML fallback...
2026-07-27 05:31:14 | INFO     | parse_html           | Attempting HTML fallback parsing...
2026-07-27 05:31:14 | DEBUG    | parse_html           | Found 1 table(s) in HTML
2026-07-27 05:31:14 | DEBUG    | parse_html           | Table columns: ['SYMBOL', 'SECTOR', 'LISTED IN', 'LDCP', 'OPEN', 'HIGH', 'LOW', 'CURRENT', 'CHANGE', 'CHANGE (%)', 'VOLUME']
2026-07-27 05:31:14 | DEBUG    | parse_html           | Table shape: (468, 11)
2026-07-27 05:31:14 | INFO     | parse_html           | ✅ HTML parsed successfully (468 rows)
2026-07-27 05:31:14 | INFO     | clean_data           | Cleaning data...
2026-07-27 05:31:14 | DEBUG    | clean_data           | Initial shape: (468, 11)
2026-07-27 05:31:14 | DEBUG    | clean_data           | Initial columns: ['SYMBOL', 'SECTOR', 'LISTED IN', 'LDCP', 'OPEN', 'HIGH', 'LOW', 'CURRENT', 'CHANGE', 'CHANGE (%)', 'VOLUME']
2026-07-27 05:31:14 | DEBUG    | clean_data           | Removed 'LISTED IN' column
2026-07-27 05:31:14 | DEBUG    | clean_data           | Converted LDCP from float64 to numeric
2026-07-27 05:31:14 | DEBUG    | clean_data           | Converted OPEN from float64 to numeric
2026-07-27 05:31:14 | DEBUG    | clean_data           | Converted HIGH from float64 to numeric
2026-07-27 05:31:14 | DEBUG    | clean_data           | Converted LOW from float64 to numeric
2026-07-27 05:31:14 | DEBUG    | clean_data           | Converted CURRENT from float64 to numeric
2026-07-27 05:31:14 | DEBUG    | clean_data           | Converted CHANGE from float64 to numeric
2026-07-27 05:31:14 | WARNING  | clean_data           | Column CHANGE (%): 468 values could not be converted to numeric
2026-07-27 05:31:14 | DEBUG    | clean_data           | Converted CHANGE (%) from str to numeric
2026-07-27 05:31:14 | DEBUG    | clean_data           | Converted VOLUME from int64 to numeric
2026-07-27 05:31:14 | INFO     | clean_data           | ✅ Data cleaned (468 rows, 16 columns)
2026-07-27 05:31:14 | DEBUG    | clean_data           | Final columns: ['SYMBOL', 'SECTOR', 'LDCP', 'OPEN', 'HIGH', 'LOW', 'CURRENT', 'CHANGE', 'CHANGE (%)', 'VOLUME', 'YEAR', 'MONTH', 'DAY', 'HOUR', 'MINUTE', 'DATETIME']
2026-07-27 05:31:14 | DEBUG    | get_file_path        | Generated file path: data/2026/07/2026-07-27.xlsx
2026-07-27 05:31:14 | INFO     | save_data            | Saving data to: data/2026/07/2026-07-27.xlsx
2026-07-27 05:31:14 | DEBUG    | _create_backup       | Backup created: data/2026/07/backups/2026-07-27_backup_20260727_053114.xlsx
2026-07-27 05:31:14 | DEBUG    | _cleanup_old_backups | Removed old backup: 2026-07-27_backup_20260727_050517.xlsx
2026-07-27 05:31:14 | DEBUG    | save_data            | Existing file found, merging data...
2026-07-27 05:31:15 | DEBUG    | save_data            | Loaded 15698 existing rows
2026-07-27 05:31:15 | DEBUG    | save_data            | Combined to 16166 rows
2026-07-27 05:31:15 | DEBUG    | save_data            | Writing to temporary file...
2026-07-27 05:31:19 | DEBUG    | save_data            | Data written to temp file: /home/runner/work/Thalorae-BackLioraen/Thalorae-BackLioraen/data/2026/07/tmpxemubeeg.xlsx
2026-07-27 05:31:19 | DEBUG    | save_data            | Temp file moved to final location
2026-07-27 05:31:19 | INFO     | save_data            | ✅ Data saved successfully (16166 total rows, 1,203,377 bytes)
2026-07-27 05:31:19 | INFO     | run                  | ======================================================================
2026-07-27 05:31:19 | INFO     | run                  | 📊 EXECUTION SUMMARY:
2026-07-27 05:31:19 | INFO     | run                  |    ✅ Status: SUCCESS
2026-07-27 05:31:19 | INFO     | run                  |    - Rows processed: 468
2026-07-27 05:31:19 | INFO     | run                  |    - Unique symbols: 468
2026-07-27 05:31:19 | INFO     | run                  |    - Timestamp: 2026-07-27 10:31:08
2026-07-27 05:31:19 | INFO     | run                  |    - File: data/2026/07/2026-07-27.xlsx
2026-07-27 05:31:19 | INFO     | run                  | ======================================================================
2026-07-27 05:31:19 | DEBUG    | run                  | Sample data (first row):
2026-07-27 05:31:19 | DEBUG    | run                  | {'SYMBOL': 'TSBL', 'SECTOR': 813, 'LDCP': 2.24, 'OPEN': 2.32, 'HIGH': 2.44, 'LOW': 2.26, 'CURRENT': 2.42, 'CHANGE': 0.18, 'CHANGE (%)': nan, 'VOLUME': 24899127, 'YEAR': 2026, 'MONTH': 7, 'DAY': 27, 'HOUR': 10, 'MINUTE': 31, 'DATETIME': '2026-07-27 10:31'}
2026-07-27 05:31:19 | DEBUG    | close                | Session closed
2026-07-27 05:36:19 | INFO     | run                  | ======================================================================
2026-07-27 05:36:19 | INFO     | run                  | 🚀 MARKET DATA SCRAPER - SINGLE EXECUTION
2026-07-27 05:36:19 | INFO     | run                  | ======================================================================
2026-07-27 05:36:19 | INFO     | run                  | Execution Time: 2026-07-27 10:36:19 PKT
2026-07-27 05:36:19 | INFO     | run                  | Configuration:
2026-07-27 05:36:19 | INFO     | run                  |    - Timezone: Asia/Karachi
2026-07-27 05:36:19 | INFO     | run                  |    - Data directory: data
2026-07-27 05:36:19 | INFO     | run                  |    - Log directory: logs
2026-07-27 05:36:19 | INFO     | run                  |    - Excluded symbols: {'XT', 'XD', 'XS', 'XR'}
2026-07-27 05:36:19 | INFO     | run                  | ======================================================================
2026-07-27 05:36:19 | INFO     | fetch_data           | Fetching data (Attempt 1/3)...
2026-07-27 05:36:19 | DEBUG    | fetch_data           | Establishing session with https://dps.psx.com.pk/
2026-07-27 05:36:22 | DEBUG    | fetch_data           | Requesting data from https://dps.psx.com.pk/market-watch
2026-07-27 05:36:25 | DEBUG    | fetch_data           | Response status: 200
2026-07-27 05:36:25 | DEBUG    | fetch_data           | Response content type: text/html; charset=utf-8
2026-07-27 05:36:25 | DEBUG    | fetch_data           | Response size: 449917 bytes
2026-07-27 05:36:25 | INFO     | fetch_data           | ✅ Data fetched successfully (Status: 200)
2026-07-27 05:36:25 | DEBUG    | parse_json           | Attempting JSON parsing...
2026-07-27 05:36:25 | DEBUG    | parse_json           | Response preview: <table class="tbl" data-page-length="25"><thead class="tbl__head"><!-- tr--><!--   th(colspan="11")--><!--   th.center(colspan="2", style="width: 110px;") TOTAL BUY ORDERS--><!--   th.center(colspan="2", style="width: 110px;") TOTAL SELL ORDERS--><tr><th data-name="symbol">SYMBOL</th><th data-name="sector">SECTOR</th><th data-name="listed">LISTED IN</th><th class="right" data-name="ldcp">LDCP</th><th class="right" data-name="open">OPEN</th><th class="right" data-name="high">HIGH</th><th class="r
2026-07-27 05:36:25 | WARNING  | parse_json           | ⚠️ JSON parsing failed: Expecting value: line 1 column 1 (char 0)
2026-07-27 05:36:25 | INFO     | run                  | JSON parsing failed, trying HTML fallback...
2026-07-27 05:36:25 | INFO     | parse_html           | Attempting HTML fallback parsing...
2026-07-27 05:36:25 | DEBUG    | parse_html           | Found 1 table(s) in HTML
2026-07-27 05:36:25 | DEBUG    | parse_html           | Table columns: ['SYMBOL', 'SECTOR', 'LISTED IN', 'LDCP', 'OPEN', 'HIGH', 'LOW', 'CURRENT', 'CHANGE', 'CHANGE (%)', 'VOLUME']
2026-07-27 05:36:25 | DEBUG    | parse_html           | Table shape: (471, 11)
2026-07-27 05:36:25 | INFO     | parse_html           | ✅ HTML parsed successfully (471 rows)
2026-07-27 05:36:25 | INFO     | clean_data           | Cleaning data...
2026-07-27 05:36:25 | DEBUG    | clean_data           | Initial shape: (471, 11)
2026-07-27 05:36:25 | DEBUG    | clean_data           | Initial columns: ['SYMBOL', 'SECTOR', 'LISTED IN', 'LDCP', 'OPEN', 'HIGH', 'LOW', 'CURRENT', 'CHANGE', 'CHANGE (%)', 'VOLUME']
2026-07-27 05:36:25 | DEBUG    | clean_data           | Removed 'LISTED IN' column
2026-07-27 05:36:25 | DEBUG    | clean_data           | Converted LDCP from float64 to numeric
2026-07-27 05:36:25 | DEBUG    | clean_data           | Converted OPEN from float64 to numeric
2026-07-27 05:36:25 | DEBUG    | clean_data           | Converted HIGH from float64 to numeric
2026-07-27 05:36:25 | DEBUG    | clean_data           | Converted LOW from float64 to numeric
2026-07-27 05:36:25 | DEBUG    | clean_data           | Converted CURRENT from float64 to numeric
2026-07-27 05:36:25 | DEBUG    | clean_data           | Converted CHANGE from float64 to numeric
2026-07-27 05:36:25 | WARNING  | clean_data           | Column CHANGE (%): 471 values could not be converted to numeric
2026-07-27 05:36:25 | DEBUG    | clean_data           | Converted CHANGE (%) from str to numeric
2026-07-27 05:36:25 | DEBUG    | clean_data           | Converted VOLUME from int64 to numeric
2026-07-27 05:36:25 | INFO     | clean_data           | ✅ Data cleaned (471 rows, 16 columns)
2026-07-27 05:36:25 | DEBUG    | clean_data           | Final columns: ['SYMBOL', 'SECTOR', 'LDCP', 'OPEN', 'HIGH', 'LOW', 'CURRENT', 'CHANGE', 'CHANGE (%)', 'VOLUME', 'YEAR', 'MONTH', 'DAY', 'HOUR', 'MINUTE', 'DATETIME']
2026-07-27 05:36:25 | DEBUG    | get_file_path        | Generated file path: data/2026/07/2026-07-27.xlsx
2026-07-27 05:36:25 | INFO     | save_data            | Saving data to: data/2026/07/2026-07-27.xlsx
2026-07-27 05:36:25 | DEBUG    | _create_backup       | Backup created: data/2026/07/backups/2026-07-27_backup_20260727_053625.xlsx
2026-07-27 05:36:25 | DEBUG    | _cleanup_old_backups | Removed old backup: 2026-07-27_backup_20260727_051027.xlsx
2026-07-27 05:36:25 | DEBUG    | save_data            | Existing file found, merging data...
2026-07-27 05:36:27 | DEBUG    | save_data            | Loaded 16166 existing rows
2026-07-27 05:36:27 | DEBUG    | save_data            | Combined to 16637 rows
2026-07-27 05:36:27 | DEBUG    | save_data            | Writing to temporary file...
2026-07-27 05:36:30 | DEBUG    | save_data            | Data written to temp file: /home/runner/work/Thalorae-BackLioraen/Thalorae-BackLioraen/data/2026/07/tmpkqbjz0ek.xlsx
2026-07-27 05:36:30 | DEBUG    | save_data            | Temp file moved to final location
2026-07-27 05:36:30 | INFO     | save_data            | ✅ Data saved successfully (16637 total rows, 1,238,276 bytes)
2026-07-27 05:36:30 | INFO     | run                  | ======================================================================
2026-07-27 05:36:30 | INFO     | run                  | 📊 EXECUTION SUMMARY:
2026-07-27 05:36:30 | INFO     | run                  |    ✅ Status: SUCCESS
2026-07-27 05:36:30 | INFO     | run                  |    - Rows processed: 471
2026-07-27 05:36:30 | INFO     | run                  |    - Unique symbols: 471
2026-07-27 05:36:30 | INFO     | run                  |    - Timestamp: 2026-07-27 10:36:19
2026-07-27 05:36:30 | INFO     | run                  |    - File: data/2026/07/2026-07-27.xlsx
2026-07-27 05:36:30 | INFO     | run                  | ======================================================================
2026-07-27 05:36:30 | DEBUG    | run                  | Sample data (first row):
2026-07-27 05:36:30 | DEBUG    | run                  | {'SYMBOL': 'TSBL', 'SECTOR': 813, 'LDCP': 2.24, 'OPEN': 2.32, 'HIGH': 2.44, 'LOW': 2.26, 'CURRENT': 2.43, 'CHANGE': 0.19, 'CHANGE (%)': nan, 'VOLUME': 26017117, 'YEAR': 2026, 'MONTH': 7, 'DAY': 27, 'HOUR': 10, 'MINUTE': 36, 'DATETIME': '2026-07-27 10:36'}
2026-07-27 05:36:30 | DEBUG    | close                | Session closed
2026-07-27 05:41:30 | INFO     | run                  | ======================================================================
2026-07-27 05:41:30 | INFO     | run                  | 🚀 MARKET DATA SCRAPER - SINGLE EXECUTION
2026-07-27 05:41:30 | INFO     | run                  | ======================================================================
2026-07-27 05:41:30 | INFO     | run                  | Execution Time: 2026-07-27 10:41:30 PKT
2026-07-27 05:41:30 | INFO     | run                  | Configuration:
2026-07-27 05:41:30 | INFO     | run                  |    - Timezone: Asia/Karachi
2026-07-27 05:41:30 | INFO     | run                  |    - Data directory: data
2026-07-27 05:41:30 | INFO     | run                  |    - Log directory: logs
2026-07-27 05:41:30 | INFO     | run                  |    - Excluded symbols: {'XD', 'XS', 'XT', 'XR'}
2026-07-27 05:41:30 | INFO     | run                  | ======================================================================
2026-07-27 05:41:30 | INFO     | fetch_data           | Fetching data (Attempt 1/3)...
2026-07-27 05:41:30 | DEBUG    | fetch_data           | Establishing session with https://dps.psx.com.pk/
2026-07-27 05:41:33 | DEBUG    | fetch_data           | Requesting data from https://dps.psx.com.pk/market-watch
2026-07-27 05:41:35 | DEBUG    | fetch_data           | Response status: 200
2026-07-27 05:41:35 | DEBUG    | fetch_data           | Response content type: text/html; charset=utf-8
2026-07-27 05:41:35 | DEBUG    | fetch_data           | Response size: 450874 bytes
2026-07-27 05:41:35 | INFO     | fetch_data           | ✅ Data fetched successfully (Status: 200)
2026-07-27 05:41:35 | DEBUG    | parse_json           | Attempting JSON parsing...
2026-07-27 05:41:35 | DEBUG    | parse_json           | Response preview: <table class="tbl" data-page-length="25"><thead class="tbl__head"><!-- tr--><!--   th(colspan="11")--><!--   th.center(colspan="2", style="width: 110px;") TOTAL BUY ORDERS--><!--   th.center(colspan="2", style="width: 110px;") TOTAL SELL ORDERS--><tr><th data-name="symbol">SYMBOL</th><th data-name="sector">SECTOR</th><th data-name="listed">LISTED IN</th><th class="right" data-name="ldcp">LDCP</th><th class="right" data-name="open">OPEN</th><th class="right" data-name="high">HIGH</th><th class="r
2026-07-27 05:41:35 | WARNING  | parse_json           | ⚠️ JSON parsing failed: Expecting value: line 1 column 1 (char 0)
2026-07-27 05:41:35 | INFO     | run                  | JSON parsing failed, trying HTML fallback...
2026-07-27 05:41:35 | INFO     | parse_html           | Attempting HTML fallback parsing...
2026-07-27 05:41:35 | DEBUG    | parse_html           | Found 1 table(s) in HTML
2026-07-27 05:41:35 | DEBUG    | parse_html           | Table columns: ['SYMBOL', 'SECTOR', 'LISTED IN', 'LDCP', 'OPEN', 'HIGH', 'LOW', 'CURRENT', 'CHANGE', 'CHANGE (%)', 'VOLUME']
2026-07-27 05:41:35 | DEBUG    | parse_html           | Table shape: (472, 11)
2026-07-27 05:41:35 | INFO     | parse_html           | ✅ HTML parsed successfully (472 rows)
2026-07-27 05:41:35 | INFO     | clean_data           | Cleaning data...
2026-07-27 05:41:35 | DEBUG    | clean_data           | Initial shape: (472, 11)
2026-07-27 05:41:35 | DEBUG    | clean_data           | Initial columns: ['SYMBOL', 'SECTOR', 'LISTED IN', 'LDCP', 'OPEN', 'HIGH', 'LOW', 'CURRENT', 'CHANGE', 'CHANGE (%)', 'VOLUME']
2026-07-27 05:41:35 | DEBUG    | clean_data           | Removed 'LISTED IN' column
2026-07-27 05:41:35 | DEBUG    | clean_data           | Converted LDCP from float64 to numeric
2026-07-27 05:41:35 | DEBUG    | clean_data           | Converted OPEN from float64 to numeric
2026-07-27 05:41:35 | DEBUG    | clean_data           | Converted HIGH from float64 to numeric
2026-07-27 05:41:35 | DEBUG    | clean_data           | Converted LOW from float64 to numeric
2026-07-27 05:41:35 | DEBUG    | clean_data           | Converted CURRENT from float64 to numeric
2026-07-27 05:41:35 | DEBUG    | clean_data           | Converted CHANGE from float64 to numeric
2026-07-27 05:41:35 | WARNING  | clean_data           | Column CHANGE (%): 472 values could not be converted to numeric
2026-07-27 05:41:35 | DEBUG    | clean_data           | Converted CHANGE (%) from str to numeric
2026-07-27 05:41:35 | DEBUG    | clean_data           | Converted VOLUME from int64 to numeric
2026-07-27 05:41:35 | INFO     | clean_data           | ✅ Data cleaned (472 rows, 16 columns)
2026-07-27 05:41:35 | DEBUG    | clean_data           | Final columns: ['SYMBOL', 'SECTOR', 'LDCP', 'OPEN', 'HIGH', 'LOW', 'CURRENT', 'CHANGE', 'CHANGE (%)', 'VOLUME', 'YEAR', 'MONTH', 'DAY', 'HOUR', 'MINUTE', 'DATETIME']
2026-07-27 05:41:35 | DEBUG    | get_file_path        | Generated file path: data/2026/07/2026-07-27.xlsx
2026-07-27 05:41:35 | INFO     | save_data            | Saving data to: data/2026/07/2026-07-27.xlsx
2026-07-27 05:41:35 | DEBUG    | _create_backup       | Backup created: data/2026/07/backups/2026-07-27_backup_20260727_054135.xlsx
2026-07-27 05:41:35 | DEBUG    | _cleanup_old_backups | Removed old backup: 2026-07-27_backup_20260727_051540.xlsx
2026-07-27 05:41:35 | DEBUG    | save_data            | Existing file found, merging data...
2026-07-27 05:41:37 | DEBUG    | save_data            | Loaded 16637 existing rows
2026-07-27 05:41:37 | DEBUG    | save_data            | Combined to 17109 rows
2026-07-27 05:41:37 | DEBUG    | save_data            | Writing to temporary file...
2026-07-27 05:41:40 | DEBUG    | save_data            | Data written to temp file: /home/runner/work/Thalorae-BackLioraen/Thalorae-BackLioraen/data/2026/07/tmp8wjbpxh5.xlsx
2026-07-27 05:41:40 | DEBUG    | save_data            | Temp file moved to final location
2026-07-27 05:41:40 | INFO     | save_data            | ✅ Data saved successfully (17109 total rows, 1,273,202 bytes)
2026-07-27 05:41:40 | INFO     | run                  | ======================================================================
2026-07-27 05:41:40 | INFO     | run                  | 📊 EXECUTION SUMMARY:
2026-07-27 05:41:40 | INFO     | run                  |    ✅ Status: SUCCESS
2026-07-27 05:41:40 | INFO     | run                  |    - Rows processed: 472
2026-07-27 05:41:40 | INFO     | run                  |    - Unique symbols: 472
2026-07-27 05:41:40 | INFO     | run                  |    - Timestamp: 2026-07-27 10:41:30
2026-07-27 05:41:40 | INFO     | run                  |    - File: data/2026/07/2026-07-27.xlsx
2026-07-27 05:41:40 | INFO     | run                  | ======================================================================
2026-07-27 05:41:40 | DEBUG    | run                  | Sample data (first row):
2026-07-27 05:41:40 | DEBUG    | run                  | {'SYMBOL': 'TSBL', 'SECTOR': 813, 'LDCP': 2.24, 'OPEN': 2.32, 'HIGH': 2.44, 'LOW': 2.26, 'CURRENT': 2.43, 'CHANGE': 0.19, 'CHANGE (%)': nan, 'VOLUME': 26578290, 'YEAR': 2026, 'MONTH': 7, 'DAY': 27, 'HOUR': 10, 'MINUTE': 41, 'DATETIME': '2026-07-27 10:41'}
2026-07-27 05:41:40 | DEBUG    | close                | Session closed
2026-07-27 05:46:41 | INFO     | run                  | ======================================================================
2026-07-27 05:46:41 | INFO     | run                  | 🚀 MARKET DATA SCRAPER - SINGLE EXECUTION
2026-07-27 05:46:41 | INFO     | run                  | ======================================================================
2026-07-27 05:46:41 | INFO     | run                  | Execution Time: 2026-07-27 10:46:41 PKT
2026-07-27 05:46:41 | INFO     | run                  | Configuration:
2026-07-27 05:46:41 | INFO     | run                  |    - Timezone: Asia/Karachi
2026-07-27 05:46:41 | INFO     | run                  |    - Data directory: data
2026-07-27 05:46:41 | INFO     | run                  |    - Log directory: logs
2026-07-27 05:46:41 | INFO     | run                  |    - Excluded symbols: {'XR', 'XS', 'XD', 'XT'}
2026-07-27 05:46:41 | INFO     | run                  | ======================================================================
2026-07-27 05:46:41 | INFO     | fetch_data           | Fetching data (Attempt 1/3)...
2026-07-27 05:46:41 | DEBUG    | fetch_data           | Establishing session with https://dps.psx.com.pk/
2026-07-27 05:46:44 | DEBUG    | fetch_data           | Requesting data from https://dps.psx.com.pk/market-watch
2026-07-27 05:46:46 | DEBUG    | fetch_data           | Response status: 200
2026-07-27 05:46:46 | DEBUG    | fetch_data           | Response content type: text/html; charset=utf-8
2026-07-27 05:46:46 | DEBUG    | fetch_data           | Response size: 452779 bytes
2026-07-27 05:46:46 | INFO     | fetch_data           | ✅ Data fetched successfully (Status: 200)
2026-07-27 05:46:46 | DEBUG    | parse_json           | Attempting JSON parsing...
2026-07-27 05:46:46 | DEBUG    | parse_json           | Response preview: <table class="tbl" data-page-length="25"><thead class="tbl__head"><!-- tr--><!--   th(colspan="11")--><!--   th.center(colspan="2", style="width: 110px;") TOTAL BUY ORDERS--><!--   th.center(colspan="2", style="width: 110px;") TOTAL SELL ORDERS--><tr><th data-name="symbol">SYMBOL</th><th data-name="sector">SECTOR</th><th data-name="listed">LISTED IN</th><th class="right" data-name="ldcp">LDCP</th><th class="right" data-name="open">OPEN</th><th class="right" data-name="high">HIGH</th><th class="r
2026-07-27 05:46:46 | WARNING  | parse_json           | ⚠️ JSON parsing failed: Expecting value: line 1 column 1 (char 0)
2026-07-27 05:46:46 | INFO     | run                  | JSON parsing failed, trying HTML fallback...
2026-07-27 05:46:46 | INFO     | parse_html           | Attempting HTML fallback parsing...
2026-07-27 05:46:46 | DEBUG    | parse_html           | Found 1 table(s) in HTML
2026-07-27 05:46:46 | DEBUG    | parse_html           | Table columns: ['SYMBOL', 'SECTOR', 'LISTED IN', 'LDCP', 'OPEN', 'HIGH', 'LOW', 'CURRENT', 'CHANGE', 'CHANGE (%)', 'VOLUME']
2026-07-27 05:46:46 | DEBUG    | parse_html           | Table shape: (474, 11)
2026-07-27 05:46:46 | INFO     | parse_html           | ✅ HTML parsed successfully (474 rows)
2026-07-27 05:46:46 | INFO     | clean_data           | Cleaning data...
2026-07-27 05:46:46 | DEBUG    | clean_data           | Initial shape: (474, 11)
2026-07-27 05:46:46 | DEBUG    | clean_data           | Initial columns: ['SYMBOL', 'SECTOR', 'LISTED IN', 'LDCP', 'OPEN', 'HIGH', 'LOW', 'CURRENT', 'CHANGE', 'CHANGE (%)', 'VOLUME']
2026-07-27 05:46:46 | DEBUG    | clean_data           | Removed 'LISTED IN' column
2026-07-27 05:46:46 | DEBUG    | clean_data           | Converted LDCP from float64 to numeric
2026-07-27 05:46:46 | DEBUG    | clean_data           | Converted OPEN from float64 to numeric
2026-07-27 05:46:46 | DEBUG    | clean_data           | Converted HIGH from float64 to numeric
2026-07-27 05:46:46 | DEBUG    | clean_data           | Converted LOW from float64 to numeric
2026-07-27 05:46:46 | DEBUG    | clean_data           | Converted CURRENT from float64 to numeric
2026-07-27 05:46:46 | DEBUG    | clean_data           | Converted CHANGE from float64 to numeric
2026-07-27 05:46:46 | WARNING  | clean_data           | Column CHANGE (%): 474 values could not be converted to numeric
2026-07-27 05:46:46 | DEBUG    | clean_data           | Converted CHANGE (%) from str to numeric
2026-07-27 05:46:46 | DEBUG    | clean_data           | Converted VOLUME from int64 to numeric
2026-07-27 05:46:46 | INFO     | clean_data           | ✅ Data cleaned (474 rows, 16 columns)
2026-07-27 05:46:46 | DEBUG    | clean_data           | Final columns: ['SYMBOL', 'SECTOR', 'LDCP', 'OPEN', 'HIGH', 'LOW', 'CURRENT', 'CHANGE', 'CHANGE (%)', 'VOLUME', 'YEAR', 'MONTH', 'DAY', 'HOUR', 'MINUTE', 'DATETIME']
2026-07-27 05:46:46 | DEBUG    | get_file_path        | Generated file path: data/2026/07/2026-07-27.xlsx
2026-07-27 05:46:46 | INFO     | save_data            | Saving data to: data/2026/07/2026-07-27.xlsx
2026-07-27 05:46:46 | DEBUG    | _create_backup       | Backup created: data/2026/07/backups/2026-07-27_backup_20260727_054646.xlsx
2026-07-27 05:46:46 | DEBUG    | _cleanup_old_backups | Removed old backup: 2026-07-27_backup_20260727_052051.xlsx
2026-07-27 05:46:46 | DEBUG    | save_data            | Existing file found, merging data...
2026-07-27 05:46:48 | DEBUG    | save_data            | Loaded 17109 existing rows
2026-07-27 05:46:48 | DEBUG    | save_data            | Combined to 17583 rows
2026-07-27 05:46:48 | DEBUG    | save_data            | Writing to temporary file...
2026-07-27 05:46:51 | DEBUG    | save_data            | Data written to temp file: /home/runner/work/Thalorae-BackLioraen/Thalorae-BackLioraen/data/2026/07/tmpb8nq2foi.xlsx
2026-07-27 05:46:51 | DEBUG    | save_data            | Temp file moved to final location
2026-07-27 05:46:51 | INFO     | save_data            | ✅ Data saved successfully (17583 total rows, 1,308,330 bytes)
2026-07-27 05:46:51 | INFO     | run                  | ======================================================================
2026-07-27 05:46:51 | INFO     | run                  | 📊 EXECUTION SUMMARY:
2026-07-27 05:46:51 | INFO     | run                  |    ✅ Status: SUCCESS
2026-07-27 05:46:51 | INFO     | run                  |    - Rows processed: 474
2026-07-27 05:46:51 | INFO     | run                  |    - Unique symbols: 474
2026-07-27 05:46:51 | INFO     | run                  |    - Timestamp: 2026-07-27 10:46:41
2026-07-27 05:46:51 | INFO     | run                  |    - File: data/2026/07/2026-07-27.xlsx
2026-07-27 05:46:51 | INFO     | run                  | ======================================================================
2026-07-27 05:46:51 | DEBUG    | run                  | Sample data (first row):
2026-07-27 05:46:51 | DEBUG    | run                  | {'SYMBOL': 'TSBL', 'SECTOR': 813, 'LDCP': 2.24, 'OPEN': 2.32, 'HIGH': 2.44, 'LOW': 2.26, 'CURRENT': 2.43, 'CHANGE': 0.19, 'CHANGE (%)': nan, 'VOLUME': 26997597, 'YEAR': 2026, 'MONTH': 7, 'DAY': 27, 'HOUR': 10, 'MINUTE': 46, 'DATETIME': '2026-07-27 10:46'}
2026-07-27 05:46:51 | DEBUG    | close                | Session closed
2026-07-27 05:51:52 | INFO     | run                  | ======================================================================
2026-07-27 05:51:52 | INFO     | run                  | 🚀 MARKET DATA SCRAPER - SINGLE EXECUTION
2026-07-27 05:51:52 | INFO     | run                  | ======================================================================
2026-07-27 05:51:52 | INFO     | run                  | Execution Time: 2026-07-27 10:51:52 PKT
2026-07-27 05:51:52 | INFO     | run                  | Configuration:
2026-07-27 05:51:52 | INFO     | run                  |    - Timezone: Asia/Karachi
2026-07-27 05:51:52 | INFO     | run                  |    - Data directory: data
2026-07-27 05:51:52 | INFO     | run                  |    - Log directory: logs
2026-07-27 05:51:52 | INFO     | run                  |    - Excluded symbols: {'XT', 'XS', 'XD', 'XR'}
2026-07-27 05:51:52 | INFO     | run                  | ======================================================================
2026-07-27 05:51:52 | INFO     | fetch_data           | Fetching data (Attempt 1/3)...
2026-07-27 05:51:52 | DEBUG    | fetch_data           | Establishing session with https://dps.psx.com.pk/
2026-07-27 05:51:55 | DEBUG    | fetch_data           | Requesting data from https://dps.psx.com.pk/market-watch
2026-07-27 05:51:58 | DEBUG    | fetch_data           | Response status: 200
2026-07-27 05:51:58 | DEBUG    | fetch_data           | Response content type: text/html; charset=utf-8
2026-07-27 05:51:58 | DEBUG    | fetch_data           | Response size: 454981 bytes
2026-07-27 05:51:58 | INFO     | fetch_data           | ✅ Data fetched successfully (Status: 200)
2026-07-27 05:51:58 | DEBUG    | parse_json           | Attempting JSON parsing...
2026-07-27 05:51:58 | DEBUG    | parse_json           | Response preview: <table class="tbl" data-page-length="25"><thead class="tbl__head"><!-- tr--><!--   th(colspan="11")--><!--   th.center(colspan="2", style="width: 110px;") TOTAL BUY ORDERS--><!--   th.center(colspan="2", style="width: 110px;") TOTAL SELL ORDERS--><tr><th data-name="symbol">SYMBOL</th><th data-name="sector">SECTOR</th><th data-name="listed">LISTED IN</th><th class="right" data-name="ldcp">LDCP</th><th class="right" data-name="open">OPEN</th><th class="right" data-name="high">HIGH</th><th class="r
2026-07-27 05:51:58 | WARNING  | parse_json           | ⚠️ JSON parsing failed: Expecting value: line 1 column 1 (char 0)
2026-07-27 05:51:58 | INFO     | run                  | JSON parsing failed, trying HTML fallback...
2026-07-27 05:51:58 | INFO     | parse_html           | Attempting HTML fallback parsing...
2026-07-27 05:51:58 | DEBUG    | parse_html           | Found 1 table(s) in HTML
2026-07-27 05:51:58 | DEBUG    | parse_html           | Table columns: ['SYMBOL', 'SECTOR', 'LISTED IN', 'LDCP', 'OPEN', 'HIGH', 'LOW', 'CURRENT', 'CHANGE', 'CHANGE (%)', 'VOLUME']
2026-07-27 05:51:58 | DEBUG    | parse_html           | Table shape: (476, 11)
2026-07-27 05:51:58 | INFO     | parse_html           | ✅ HTML parsed successfully (476 rows)
2026-07-27 05:51:58 | INFO     | clean_data           | Cleaning data...
2026-07-27 05:51:58 | DEBUG    | clean_data           | Initial shape: (476, 11)
2026-07-27 05:51:58 | DEBUG    | clean_data           | Initial columns: ['SYMBOL', 'SECTOR', 'LISTED IN', 'LDCP', 'OPEN', 'HIGH', 'LOW', 'CURRENT', 'CHANGE', 'CHANGE (%)', 'VOLUME']
2026-07-27 05:51:58 | DEBUG    | clean_data           | Removed 'LISTED IN' column
2026-07-27 05:51:58 | DEBUG    | clean_data           | Converted LDCP from float64 to numeric
2026-07-27 05:51:58 | DEBUG    | clean_data           | Converted OPEN from float64 to numeric
2026-07-27 05:51:58 | DEBUG    | clean_data           | Converted HIGH from float64 to numeric
2026-07-27 05:51:58 | DEBUG    | clean_data           | Converted LOW from float64 to numeric
2026-07-27 05:51:58 | DEBUG    | clean_data           | Converted CURRENT from float64 to numeric
2026-07-27 05:51:58 | DEBUG    | clean_data           | Converted CHANGE from float64 to numeric
2026-07-27 05:51:58 | WARNING  | clean_data           | Column CHANGE (%): 476 values could not be converted to numeric
2026-07-27 05:51:58 | DEBUG    | clean_data           | Converted CHANGE (%) from str to numeric
2026-07-27 05:51:58 | DEBUG    | clean_data           | Converted VOLUME from int64 to numeric
2026-07-27 05:51:58 | INFO     | clean_data           | ✅ Data cleaned (476 rows, 16 columns)
2026-07-27 05:51:58 | DEBUG    | clean_data           | Final columns: ['SYMBOL', 'SECTOR', 'LDCP', 'OPEN', 'HIGH', 'LOW', 'CURRENT', 'CHANGE', 'CHANGE (%)', 'VOLUME', 'YEAR', 'MONTH', 'DAY', 'HOUR', 'MINUTE', 'DATETIME']
2026-07-27 05:51:58 | DEBUG    | get_file_path        | Generated file path: data/2026/07/2026-07-27.xlsx
2026-07-27 05:51:58 | INFO     | save_data            | Saving data to: data/2026/07/2026-07-27.xlsx
2026-07-27 05:51:58 | DEBUG    | _create_backup       | Backup created: data/2026/07/backups/2026-07-27_backup_20260727_055158.xlsx
2026-07-27 05:51:58 | DEBUG    | _cleanup_old_backups | Removed old backup: 2026-07-27_backup_20260727_052603.xlsx
2026-07-27 05:51:58 | DEBUG    | save_data            | Existing file found, merging data...
2026-07-27 05:52:00 | DEBUG    | save_data            | Loaded 17583 existing rows
2026-07-27 05:52:00 | DEBUG    | save_data            | Combined to 18059 rows
2026-07-27 05:52:00 | DEBUG    | save_data            | Writing to temporary file...
2026-07-27 05:52:03 | DEBUG    | save_data            | Data written to temp file: /home/runner/work/Thalorae-BackLioraen/Thalorae-BackLioraen/data/2026/07/tmpof2xu444.xlsx
2026-07-27 05:52:03 | DEBUG    | save_data            | Temp file moved to final location
2026-07-27 05:52:03 | INFO     | save_data            | ✅ Data saved successfully (18059 total rows, 1,343,663 bytes)
2026-07-27 05:52:03 | INFO     | run                  | ======================================================================
2026-07-27 05:52:03 | INFO     | run                  | 📊 EXECUTION SUMMARY:
2026-07-27 05:52:03 | INFO     | run                  |    ✅ Status: SUCCESS
2026-07-27 05:52:03 | INFO     | run                  |    - Rows processed: 476
2026-07-27 05:52:03 | INFO     | run                  |    - Unique symbols: 476
2026-07-27 05:52:03 | INFO     | run                  |    - Timestamp: 2026-07-27 10:51:52
2026-07-27 05:52:03 | INFO     | run                  |    - File: data/2026/07/2026-07-27.xlsx
2026-07-27 05:52:03 | INFO     | run                  | ======================================================================
2026-07-27 05:52:03 | DEBUG    | run                  | Sample data (first row):
2026-07-27 05:52:03 | DEBUG    | run                  | {'SYMBOL': 'TSBL', 'SECTOR': 813, 'LDCP': 2.24, 'OPEN': 2.32, 'HIGH': 2.44, 'LOW': 2.26, 'CURRENT': 2.42, 'CHANGE': 0.18, 'CHANGE (%)': nan, 'VOLUME': 27181317, 'YEAR': 2026, 'MONTH': 7, 'DAY': 27, 'HOUR': 10, 'MINUTE': 51, 'DATETIME': '2026-07-27 10:51'}
2026-07-27 05:52:03 | DEBUG    | close                | Session closed
2026-07-27 05:57:04 | INFO     | run                  | ======================================================================
2026-07-27 05:57:04 | INFO     | run                  | 🚀 MARKET DATA SCRAPER - SINGLE EXECUTION
2026-07-27 05:57:04 | INFO     | run                  | ======================================================================
2026-07-27 05:57:04 | INFO     | run                  | Execution Time: 2026-07-27 10:57:04 PKT
2026-07-27 05:57:04 | INFO     | run                  | Configuration:
2026-07-27 05:57:04 | INFO     | run                  |    - Timezone: Asia/Karachi
2026-07-27 05:57:04 | INFO     | run                  |    - Data directory: data
2026-07-27 05:57:04 | INFO     | run                  |    - Log directory: logs
2026-07-27 05:57:04 | INFO     | run                  |    - Excluded symbols: {'XD', 'XR', 'XT', 'XS'}
2026-07-27 05:57:04 | INFO     | run                  | ======================================================================
2026-07-27 05:57:04 | INFO     | fetch_data           | Fetching data (Attempt 1/3)...
2026-07-27 05:57:04 | DEBUG    | fetch_data           | Establishing session with https://dps.psx.com.pk/
2026-07-27 05:57:06 | DEBUG    | fetch_data           | Requesting data from https://dps.psx.com.pk/market-watch
2026-07-27 05:57:09 | DEBUG    | fetch_data           | Response status: 200
2026-07-27 05:57:09 | DEBUG    | fetch_data           | Response content type: text/html; charset=utf-8
2026-07-27 05:57:09 | DEBUG    | fetch_data           | Response size: 457886 bytes
2026-07-27 05:57:09 | INFO     | fetch_data           | ✅ Data fetched successfully (Status: 200)
2026-07-27 05:57:09 | DEBUG    | parse_json           | Attempting JSON parsing...
2026-07-27 05:57:09 | DEBUG    | parse_json           | Response preview: <table class="tbl" data-page-length="25"><thead class="tbl__head"><!-- tr--><!--   th(colspan="11")--><!--   th.center(colspan="2", style="width: 110px;") TOTAL BUY ORDERS--><!--   th.center(colspan="2", style="width: 110px;") TOTAL SELL ORDERS--><tr><th data-name="symbol">SYMBOL</th><th data-name="sector">SECTOR</th><th data-name="listed">LISTED IN</th><th class="right" data-name="ldcp">LDCP</th><th class="right" data-name="open">OPEN</th><th class="right" data-name="high">HIGH</th><th class="r
2026-07-27 05:57:09 | WARNING  | parse_json           | ⚠️ JSON parsing failed: Expecting value: line 1 column 1 (char 0)
2026-07-27 05:57:09 | INFO     | run                  | JSON parsing failed, trying HTML fallback...
2026-07-27 05:57:09 | INFO     | parse_html           | Attempting HTML fallback parsing...
2026-07-27 05:57:09 | DEBUG    | parse_html           | Found 1 table(s) in HTML
2026-07-27 05:57:09 | DEBUG    | parse_html           | Table columns: ['SYMBOL', 'SECTOR', 'LISTED IN', 'LDCP', 'OPEN', 'HIGH', 'LOW', 'CURRENT', 'CHANGE', 'CHANGE (%)', 'VOLUME']
2026-07-27 05:57:09 | DEBUG    | parse_html           | Table shape: (479, 11)
2026-07-27 05:57:09 | INFO     | parse_html           | ✅ HTML parsed successfully (479 rows)
2026-07-27 05:57:09 | INFO     | clean_data           | Cleaning data...
2026-07-27 05:57:09 | DEBUG    | clean_data           | Initial shape: (479, 11)
2026-07-27 05:57:09 | DEBUG    | clean_data           | Initial columns: ['SYMBOL', 'SECTOR', 'LISTED IN', 'LDCP', 'OPEN', 'HIGH', 'LOW', 'CURRENT', 'CHANGE', 'CHANGE (%)', 'VOLUME']
2026-07-27 05:57:09 | DEBUG    | clean_data           | Removed 'LISTED IN' column
2026-07-27 05:57:09 | DEBUG    | clean_data           | Converted LDCP from float64 to numeric
2026-07-27 05:57:09 | DEBUG    | clean_data           | Converted OPEN from float64 to numeric
2026-07-27 05:57:09 | DEBUG    | clean_data           | Converted HIGH from float64 to numeric
2026-07-27 05:57:09 | DEBUG    | clean_data           | Converted LOW from float64 to numeric
2026-07-27 05:57:09 | DEBUG    | clean_data           | Converted CURRENT from float64 to numeric
2026-07-27 05:57:09 | DEBUG    | clean_data           | Converted CHANGE from float64 to numeric
2026-07-27 05:57:09 | WARNING  | clean_data           | Column CHANGE (%): 479 values could not be converted to numeric
2026-07-27 05:57:09 | DEBUG    | clean_data           | Converted CHANGE (%) from str to numeric
2026-07-27 05:57:09 | DEBUG    | clean_data           | Converted VOLUME from int64 to numeric
2026-07-27 05:57:09 | INFO     | clean_data           | ✅ Data cleaned (479 rows, 16 columns)
2026-07-27 05:57:09 | DEBUG    | clean_data           | Final columns: ['SYMBOL', 'SECTOR', 'LDCP', 'OPEN', 'HIGH', 'LOW', 'CURRENT', 'CHANGE', 'CHANGE (%)', 'VOLUME', 'YEAR', 'MONTH', 'DAY', 'HOUR', 'MINUTE', 'DATETIME']
2026-07-27 05:57:09 | DEBUG    | get_file_path        | Generated file path: data/2026/07/2026-07-27.xlsx
2026-07-27 05:57:09 | INFO     | save_data            | Saving data to: data/2026/07/2026-07-27.xlsx
2026-07-27 05:57:09 | DEBUG    | _create_backup       | Backup created: data/2026/07/backups/2026-07-27_backup_20260727_055709.xlsx
2026-07-27 05:57:09 | DEBUG    | _cleanup_old_backups | Removed old backup: 2026-07-27_backup_20260727_053114.xlsx
2026-07-27 05:57:09 | DEBUG    | save_data            | Existing file found, merging data...
2026-07-27 05:57:11 | DEBUG    | save_data            | Loaded 18059 existing rows
2026-07-27 05:57:11 | DEBUG    | save_data            | Combined to 18538 rows
2026-07-27 05:57:11 | DEBUG    | save_data            | Writing to temporary file...
2026-07-27 05:57:15 | DEBUG    | save_data            | Data written to temp file: /home/runner/work/Thalorae-BackLioraen/Thalorae-BackLioraen/data/2026/07/tmpgy2akhid.xlsx
2026-07-27 05:57:15 | DEBUG    | save_data            | Temp file moved to final location
2026-07-27 05:57:15 | INFO     | save_data            | ✅ Data saved successfully (18538 total rows, 1,379,172 bytes)
2026-07-27 05:57:15 | INFO     | run                  | ======================================================================
2026-07-27 05:57:15 | INFO     | run                  | 📊 EXECUTION SUMMARY:
2026-07-27 05:57:15 | INFO     | run                  |    ✅ Status: SUCCESS
2026-07-27 05:57:15 | INFO     | run                  |    - Rows processed: 479
2026-07-27 05:57:15 | INFO     | run                  |    - Unique symbols: 479
2026-07-27 05:57:15 | INFO     | run                  |    - Timestamp: 2026-07-27 10:57:04
2026-07-27 05:57:15 | INFO     | run                  |    - File: data/2026/07/2026-07-27.xlsx
2026-07-27 05:57:15 | INFO     | run                  | ======================================================================
2026-07-27 05:57:15 | DEBUG    | run                  | Sample data (first row):
2026-07-27 05:57:15 | DEBUG    | run                  | {'SYMBOL': 'TSBL', 'SECTOR': 813, 'LDCP': 2.24, 'OPEN': 2.32, 'HIGH': 2.44, 'LOW': 2.26, 'CURRENT': 2.41, 'CHANGE': 0.17, 'CHANGE (%)': nan, 'VOLUME': 27507237, 'YEAR': 2026, 'MONTH': 7, 'DAY': 27, 'HOUR': 10, 'MINUTE': 57, 'DATETIME': '2026-07-27 10:57'}
2026-07-27 05:57:15 | DEBUG    | close                | Session closed
2026-07-27 06:02:15 | INFO     | run                  | ======================================================================
2026-07-27 06:02:15 | INFO     | run                  | 🚀 MARKET DATA SCRAPER - SINGLE EXECUTION
2026-07-27 06:02:15 | INFO     | run                  | ======================================================================
2026-07-27 06:02:15 | INFO     | run                  | Execution Time: 2026-07-27 11:02:15 PKT
2026-07-27 06:02:15 | INFO     | run                  | Configuration:
2026-07-27 06:02:15 | INFO     | run                  |    - Timezone: Asia/Karachi
2026-07-27 06:02:15 | INFO     | run                  |    - Data directory: data
2026-07-27 06:02:15 | INFO     | run                  |    - Log directory: logs
2026-07-27 06:02:15 | INFO     | run                  |    - Excluded symbols: {'XS', 'XT', 'XR', 'XD'}
2026-07-27 06:02:15 | INFO     | run                  | ======================================================================
2026-07-27 06:02:15 | INFO     | fetch_data           | Fetching data (Attempt 1/3)...
2026-07-27 06:02:15 | DEBUG    | fetch_data           | Establishing session with https://dps.psx.com.pk/
2026-07-27 06:02:19 | DEBUG    | fetch_data           | Requesting data from https://dps.psx.com.pk/market-watch
2026-07-27 06:02:22 | DEBUG    | fetch_data           | Response status: 200
2026-07-27 06:02:22 | DEBUG    | fetch_data           | Response content type: text/html; charset=utf-8
2026-07-27 06:02:22 | DEBUG    | fetch_data           | Response size: 457922 bytes
2026-07-27 06:02:22 | INFO     | fetch_data           | ✅ Data fetched successfully (Status: 200)
2026-07-27 06:02:22 | DEBUG    | parse_json           | Attempting JSON parsing...
2026-07-27 06:02:22 | DEBUG    | parse_json           | Response preview: <table class="tbl" data-page-length="25"><thead class="tbl__head"><!-- tr--><!--   th(colspan="11")--><!--   th.center(colspan="2", style="width: 110px;") TOTAL BUY ORDERS--><!--   th.center(colspan="2", style="width: 110px;") TOTAL SELL ORDERS--><tr><th data-name="symbol">SYMBOL</th><th data-name="sector">SECTOR</th><th data-name="listed">LISTED IN</th><th class="right" data-name="ldcp">LDCP</th><th class="right" data-name="open">OPEN</th><th class="right" data-name="high">HIGH</th><th class="r
2026-07-27 06:02:22 | WARNING  | parse_json           | ⚠️ JSON parsing failed: Expecting value: line 1 column 1 (char 0)
2026-07-27 06:02:22 | INFO     | run                  | JSON parsing failed, trying HTML fallback...
2026-07-27 06:02:22 | INFO     | parse_html           | Attempting HTML fallback parsing...
2026-07-27 06:02:22 | DEBUG    | parse_html           | Found 1 table(s) in HTML
2026-07-27 06:02:22 | DEBUG    | parse_html           | Table columns: ['SYMBOL', 'SECTOR', 'LISTED IN', 'LDCP', 'OPEN', 'HIGH', 'LOW', 'CURRENT', 'CHANGE', 'CHANGE (%)', 'VOLUME']
2026-07-27 06:02:22 | DEBUG    | parse_html           | Table shape: (479, 11)
2026-07-27 06:02:22 | INFO     | parse_html           | ✅ HTML parsed successfully (479 rows)
2026-07-27 06:02:22 | INFO     | clean_data           | Cleaning data...
2026-07-27 06:02:22 | DEBUG    | clean_data           | Initial shape: (479, 11)
2026-07-27 06:02:22 | DEBUG    | clean_data           | Initial columns: ['SYMBOL', 'SECTOR', 'LISTED IN', 'LDCP', 'OPEN', 'HIGH', 'LOW', 'CURRENT', 'CHANGE', 'CHANGE (%)', 'VOLUME']
2026-07-27 06:02:22 | DEBUG    | clean_data           | Removed 'LISTED IN' column
2026-07-27 06:02:22 | DEBUG    | clean_data           | Converted LDCP from float64 to numeric
2026-07-27 06:02:22 | DEBUG    | clean_data           | Converted OPEN from float64 to numeric
2026-07-27 06:02:22 | DEBUG    | clean_data           | Converted HIGH from float64 to numeric
2026-07-27 06:02:22 | DEBUG    | clean_data           | Converted LOW from float64 to numeric
2026-07-27 06:02:22 | DEBUG    | clean_data           | Converted CURRENT from float64 to numeric
2026-07-27 06:02:22 | DEBUG    | clean_data           | Converted CHANGE from float64 to numeric
2026-07-27 06:02:22 | WARNING  | clean_data           | Column CHANGE (%): 479 values could not be converted to numeric
2026-07-27 06:02:22 | DEBUG    | clean_data           | Converted CHANGE (%) from str to numeric
2026-07-27 06:02:22 | DEBUG    | clean_data           | Converted VOLUME from int64 to numeric
2026-07-27 06:02:22 | INFO     | clean_data           | ✅ Data cleaned (479 rows, 16 columns)
2026-07-27 06:02:22 | DEBUG    | clean_data           | Final columns: ['SYMBOL', 'SECTOR', 'LDCP', 'OPEN', 'HIGH', 'LOW', 'CURRENT', 'CHANGE', 'CHANGE (%)', 'VOLUME', 'YEAR', 'MONTH', 'DAY', 'HOUR', 'MINUTE', 'DATETIME']
2026-07-27 06:02:22 | DEBUG    | get_file_path        | Generated file path: data/2026/07/2026-07-27.xlsx
2026-07-27 06:02:22 | INFO     | save_data            | Saving data to: data/2026/07/2026-07-27.xlsx
2026-07-27 06:02:22 | DEBUG    | _create_backup       | Backup created: data/2026/07/backups/2026-07-27_backup_20260727_060222.xlsx
2026-07-27 06:02:22 | DEBUG    | _cleanup_old_backups | Removed old backup: 2026-07-27_backup_20260727_053625.xlsx
2026-07-27 06:02:22 | DEBUG    | save_data            | Existing file found, merging data...
2026-07-27 06:02:24 | DEBUG    | save_data            | Loaded 18538 existing rows
2026-07-27 06:02:24 | DEBUG    | save_data            | Combined to 19017 rows
2026-07-27 06:02:24 | DEBUG    | save_data            | Writing to temporary file...
2026-07-27 06:02:28 | DEBUG    | save_data            | Data written to temp file: /home/runner/work/Thalorae-BackLioraen/Thalorae-BackLioraen/data/2026/07/tmp8g90m1d8.xlsx
2026-07-27 06:02:28 | DEBUG    | save_data            | Temp file moved to final location
2026-07-27 06:02:28 | INFO     | save_data            | ✅ Data saved successfully (19017 total rows, 1,414,827 bytes)
2026-07-27 06:02:28 | INFO     | run                  | ======================================================================
2026-07-27 06:02:28 | INFO     | run                  | 📊 EXECUTION SUMMARY:
2026-07-27 06:02:28 | INFO     | run                  |    ✅ Status: SUCCESS
2026-07-27 06:02:28 | INFO     | run                  |    - Rows processed: 479
2026-07-27 06:02:28 | INFO     | run                  |    - Unique symbols: 479
2026-07-27 06:02:28 | INFO     | run                  |    - Timestamp: 2026-07-27 11:02:15
2026-07-27 06:02:28 | INFO     | run                  |    - File: data/2026/07/2026-07-27.xlsx
2026-07-27 06:02:28 | INFO     | run                  | ======================================================================
2026-07-27 06:02:28 | DEBUG    | run                  | Sample data (first row):
2026-07-27 06:02:28 | DEBUG    | run                  | {'SYMBOL': 'TSBL', 'SECTOR': 813, 'LDCP': 2.24, 'OPEN': 2.32, 'HIGH': 2.44, 'LOW': 2.26, 'CURRENT': 2.41, 'CHANGE': 0.17, 'CHANGE (%)': nan, 'VOLUME': 27897308, 'YEAR': 2026, 'MONTH': 7, 'DAY': 27, 'HOUR': 11, 'MINUTE': 2, 'DATETIME': '2026-07-27 11:02'}
2026-07-27 06:02:28 | DEBUG    | close                | Session closed
2026-07-27 06:07:28 | INFO     | run                  | ======================================================================
2026-07-27 06:07:28 | INFO     | run                  | 🚀 MARKET DATA SCRAPER - SINGLE EXECUTION
2026-07-27 06:07:28 | INFO     | run                  | ======================================================================
2026-07-27 06:07:28 | INFO     | run                  | Execution Time: 2026-07-27 11:07:28 PKT
2026-07-27 06:07:28 | INFO     | run                  | Configuration:
2026-07-27 06:07:28 | INFO     | run                  |    - Timezone: Asia/Karachi
2026-07-27 06:07:28 | INFO     | run                  |    - Data directory: data
2026-07-27 06:07:28 | INFO     | run                  |    - Log directory: logs
2026-07-27 06:07:28 | INFO     | run                  |    - Excluded symbols: {'XS', 'XD', 'XR', 'XT'}
2026-07-27 06:07:28 | INFO     | run                  | ======================================================================
2026-07-27 06:07:28 | INFO     | fetch_data           | Fetching data (Attempt 1/3)...
2026-07-27 06:07:28 | DEBUG    | fetch_data           | Establishing session with https://dps.psx.com.pk/
2026-07-27 06:07:31 | DEBUG    | fetch_data           | Requesting data from https://dps.psx.com.pk/market-watch
2026-07-27 06:07:33 | DEBUG    | fetch_data           | Response status: 200
2026-07-27 06:07:33 | DEBUG    | fetch_data           | Response content type: text/html; charset=utf-8
2026-07-27 06:07:33 | DEBUG    | fetch_data           | Response size: 459777 bytes
2026-07-27 06:07:33 | INFO     | fetch_data           | ✅ Data fetched successfully (Status: 200)
2026-07-27 06:07:33 | DEBUG    | parse_json           | Attempting JSON parsing...
2026-07-27 06:07:33 | DEBUG    | parse_json           | Response preview: <table class="tbl" data-page-length="25"><thead class="tbl__head"><!-- tr--><!--   th(colspan="11")--><!--   th.center(colspan="2", style="width: 110px;") TOTAL BUY ORDERS--><!--   th.center(colspan="2", style="width: 110px;") TOTAL SELL ORDERS--><tr><th data-name="symbol">SYMBOL</th><th data-name="sector">SECTOR</th><th data-name="listed">LISTED IN</th><th class="right" data-name="ldcp">LDCP</th><th class="right" data-name="open">OPEN</th><th class="right" data-name="high">HIGH</th><th class="r
2026-07-27 06:07:33 | WARNING  | parse_json           | ⚠️ JSON parsing failed: Expecting value: line 1 column 1 (char 0)
2026-07-27 06:07:33 | INFO     | run                  | JSON parsing failed, trying HTML fallback...
2026-07-27 06:07:33 | INFO     | parse_html           | Attempting HTML fallback parsing...
2026-07-27 06:07:33 | DEBUG    | parse_html           | Found 1 table(s) in HTML
2026-07-27 06:07:33 | DEBUG    | parse_html           | Table columns: ['SYMBOL', 'SECTOR', 'LISTED IN', 'LDCP', 'OPEN', 'HIGH', 'LOW', 'CURRENT', 'CHANGE', 'CHANGE (%)', 'VOLUME']
2026-07-27 06:07:33 | DEBUG    | parse_html           | Table shape: (481, 11)
2026-07-27 06:07:33 | INFO     | parse_html           | ✅ HTML parsed successfully (481 rows)
2026-07-27 06:07:33 | INFO     | clean_data           | Cleaning data...
2026-07-27 06:07:33 | DEBUG    | clean_data           | Initial shape: (481, 11)
2026-07-27 06:07:33 | DEBUG    | clean_data           | Initial columns: ['SYMBOL', 'SECTOR', 'LISTED IN', 'LDCP', 'OPEN', 'HIGH', 'LOW', 'CURRENT', 'CHANGE', 'CHANGE (%)', 'VOLUME']
2026-07-27 06:07:33 | DEBUG    | clean_data           | Removed 'LISTED IN' column
2026-07-27 06:07:33 | DEBUG    | clean_data           | Converted LDCP from float64 to numeric
2026-07-27 06:07:33 | DEBUG    | clean_data           | Converted OPEN from float64 to numeric
2026-07-27 06:07:33 | DEBUG    | clean_data           | Converted HIGH from float64 to numeric
2026-07-27 06:07:33 | DEBUG    | clean_data           | Converted LOW from float64 to numeric
2026-07-27 06:07:33 | DEBUG    | clean_data           | Converted CURRENT from float64 to numeric
2026-07-27 06:07:33 | DEBUG    | clean_data           | Converted CHANGE from float64 to numeric
2026-07-27 06:07:33 | WARNING  | clean_data           | Column CHANGE (%): 481 values could not be converted to numeric
2026-07-27 06:07:33 | DEBUG    | clean_data           | Converted CHANGE (%) from str to numeric
2026-07-27 06:07:33 | DEBUG    | clean_data           | Converted VOLUME from int64 to numeric
2026-07-27 06:07:33 | INFO     | clean_data           | ✅ Data cleaned (481 rows, 16 columns)
2026-07-27 06:07:33 | DEBUG    | clean_data           | Final columns: ['SYMBOL', 'SECTOR', 'LDCP', 'OPEN', 'HIGH', 'LOW', 'CURRENT', 'CHANGE', 'CHANGE (%)', 'VOLUME', 'YEAR', 'MONTH', 'DAY', 'HOUR', 'MINUTE', 'DATETIME']
2026-07-27 06:07:33 | DEBUG    | get_file_path        | Generated file path: data/2026/07/2026-07-27.xlsx
2026-07-27 06:07:33 | INFO     | save_data            | Saving data to: data/2026/07/2026-07-27.xlsx
2026-07-27 06:07:33 | DEBUG    | _create_backup       | Backup created: data/2026/07/backups/2026-07-27_backup_20260727_060733.xlsx
2026-07-27 06:07:33 | DEBUG    | _cleanup_old_backups | Removed old backup: 2026-07-27_backup_20260727_054135.xlsx
2026-07-27 06:07:33 | DEBUG    | save_data            | Existing file found, merging data...
2026-07-27 06:07:35 | DEBUG    | save_data            | Loaded 19017 existing rows
2026-07-27 06:07:35 | DEBUG    | save_data            | Combined to 19498 rows
2026-07-27 06:07:35 | DEBUG    | save_data            | Writing to temporary file...
2026-07-27 06:07:39 | DEBUG    | save_data            | Data written to temp file: /home/runner/work/Thalorae-BackLioraen/Thalorae-BackLioraen/data/2026/07/tmpzrz9glkb.xlsx
2026-07-27 06:07:39 | DEBUG    | save_data            | Temp file moved to final location
2026-07-27 06:07:39 | INFO     | save_data            | ✅ Data saved successfully (19498 total rows, 1,450,560 bytes)
2026-07-27 06:07:39 | INFO     | run                  | ======================================================================
2026-07-27 06:07:39 | INFO     | run                  | 📊 EXECUTION SUMMARY:
2026-07-27 06:07:39 | INFO     | run                  |    ✅ Status: SUCCESS
2026-07-27 06:07:39 | INFO     | run                  |    - Rows processed: 481
2026-07-27 06:07:39 | INFO     | run                  |    - Unique symbols: 481
2026-07-27 06:07:39 | INFO     | run                  |    - Timestamp: 2026-07-27 11:07:28
2026-07-27 06:07:39 | INFO     | run                  |    - File: data/2026/07/2026-07-27.xlsx
2026-07-27 06:07:39 | INFO     | run                  | ======================================================================
2026-07-27 06:07:39 | DEBUG    | run                  | Sample data (first row):
2026-07-27 06:07:39 | DEBUG    | run                  | {'SYMBOL': 'TSBL', 'SECTOR': 813, 'LDCP': 2.24, 'OPEN': 2.32, 'HIGH': 2.44, 'LOW': 2.26, 'CURRENT': 2.42, 'CHANGE': 0.18, 'CHANGE (%)': nan, 'VOLUME': 28220251, 'YEAR': 2026, 'MONTH': 7, 'DAY': 27, 'HOUR': 11, 'MINUTE': 7, 'DATETIME': '2026-07-27 11:07'}
2026-07-27 06:07:39 | DEBUG    | close                | Session closed
2026-07-27 06:12:39 | INFO     | run                  | ======================================================================
2026-07-27 06:12:39 | INFO     | run                  | 🚀 MARKET DATA SCRAPER - SINGLE EXECUTION
2026-07-27 06:12:39 | INFO     | run                  | ======================================================================
2026-07-27 06:12:39 | INFO     | run                  | Execution Time: 2026-07-27 11:12:39 PKT
2026-07-27 06:12:39 | INFO     | run                  | Configuration:
2026-07-27 06:12:39 | INFO     | run                  |    - Timezone: Asia/Karachi
2026-07-27 06:12:39 | INFO     | run                  |    - Data directory: data
2026-07-27 06:12:39 | INFO     | run                  |    - Log directory: logs
2026-07-27 06:12:39 | INFO     | run                  |    - Excluded symbols: {'XR', 'XS', 'XD', 'XT'}
2026-07-27 06:12:39 | INFO     | run                  | ======================================================================
2026-07-27 06:12:39 | INFO     | fetch_data           | Fetching data (Attempt 1/3)...
2026-07-27 06:12:39 | DEBUG    | fetch_data           | Establishing session with https://dps.psx.com.pk/
2026-07-27 06:12:43 | DEBUG    | fetch_data           | Requesting data from https://dps.psx.com.pk/market-watch
2026-07-27 06:12:44 | DEBUG    | fetch_data           | Response status: 200
2026-07-27 06:12:44 | DEBUG    | fetch_data           | Response content type: text/html; charset=utf-8
2026-07-27 06:12:44 | DEBUG    | fetch_data           | Response size: 460646 bytes
2026-07-27 06:12:44 | INFO     | fetch_data           | ✅ Data fetched successfully (Status: 200)
2026-07-27 06:12:44 | DEBUG    | parse_json           | Attempting JSON parsing...
2026-07-27 06:12:44 | DEBUG    | parse_json           | Response preview: <table class="tbl" data-page-length="25"><thead class="tbl__head"><!-- tr--><!--   th(colspan="11")--><!--   th.center(colspan="2", style="width: 110px;") TOTAL BUY ORDERS--><!--   th.center(colspan="2", style="width: 110px;") TOTAL SELL ORDERS--><tr><th data-name="symbol">SYMBOL</th><th data-name="sector">SECTOR</th><th data-name="listed">LISTED IN</th><th class="right" data-name="ldcp">LDCP</th><th class="right" data-name="open">OPEN</th><th class="right" data-name="high">HIGH</th><th class="r
2026-07-27 06:12:44 | WARNING  | parse_json           | ⚠️ JSON parsing failed: Expecting value: line 1 column 1 (char 0)
2026-07-27 06:12:44 | INFO     | run                  | JSON parsing failed, trying HTML fallback...
2026-07-27 06:12:44 | INFO     | parse_html           | Attempting HTML fallback parsing...
2026-07-27 06:12:44 | DEBUG    | parse_html           | Found 1 table(s) in HTML
2026-07-27 06:12:44 | DEBUG    | parse_html           | Table columns: ['SYMBOL', 'SECTOR', 'LISTED IN', 'LDCP', 'OPEN', 'HIGH', 'LOW', 'CURRENT', 'CHANGE', 'CHANGE (%)', 'VOLUME']
2026-07-27 06:12:44 | DEBUG    | parse_html           | Table shape: (482, 11)
2026-07-27 06:12:44 | INFO     | parse_html           | ✅ HTML parsed successfully (482 rows)
2026-07-27 06:12:44 | INFO     | clean_data           | Cleaning data...
2026-07-27 06:12:44 | DEBUG    | clean_data           | Initial shape: (482, 11)
2026-07-27 06:12:44 | DEBUG    | clean_data           | Initial columns: ['SYMBOL', 'SECTOR', 'LISTED IN', 'LDCP', 'OPEN', 'HIGH', 'LOW', 'CURRENT', 'CHANGE', 'CHANGE (%)', 'VOLUME']
2026-07-27 06:12:44 | DEBUG    | clean_data           | Removed 'LISTED IN' column
2026-07-27 06:12:44 | DEBUG    | clean_data           | Converted LDCP from float64 to numeric
2026-07-27 06:12:44 | DEBUG    | clean_data           | Converted OPEN from float64 to numeric
2026-07-27 06:12:44 | DEBUG    | clean_data           | Converted HIGH from float64 to numeric
2026-07-27 06:12:44 | DEBUG    | clean_data           | Converted LOW from float64 to numeric
2026-07-27 06:12:44 | DEBUG    | clean_data           | Converted CURRENT from float64 to numeric
2026-07-27 06:12:44 | DEBUG    | clean_data           | Converted CHANGE from float64 to numeric
2026-07-27 06:12:44 | WARNING  | clean_data           | Column CHANGE (%): 482 values could not be converted to numeric
2026-07-27 06:12:44 | DEBUG    | clean_data           | Converted CHANGE (%) from str to numeric
2026-07-27 06:12:44 | DEBUG    | clean_data           | Converted VOLUME from int64 to numeric
2026-07-27 06:12:44 | INFO     | clean_data           | ✅ Data cleaned (482 rows, 16 columns)
2026-07-27 06:12:44 | DEBUG    | clean_data           | Final columns: ['SYMBOL', 'SECTOR', 'LDCP', 'OPEN', 'HIGH', 'LOW', 'CURRENT', 'CHANGE', 'CHANGE (%)', 'VOLUME', 'YEAR', 'MONTH', 'DAY', 'HOUR', 'MINUTE', 'DATETIME']
2026-07-27 06:12:44 | DEBUG    | get_file_path        | Generated file path: data/2026/07/2026-07-27.xlsx
2026-07-27 06:12:44 | INFO     | save_data            | Saving data to: data/2026/07/2026-07-27.xlsx
2026-07-27 06:12:44 | DEBUG    | _create_backup       | Backup created: data/2026/07/backups/2026-07-27_backup_20260727_061244.xlsx
2026-07-27 06:12:44 | DEBUG    | _cleanup_old_backups | Removed old backup: 2026-07-27_backup_20260727_054646.xlsx
2026-07-27 06:12:44 | DEBUG    | save_data            | Existing file found, merging data...
2026-07-27 06:12:47 | DEBUG    | save_data            | Loaded 19498 existing rows
2026-07-27 06:12:47 | DEBUG    | save_data            | Combined to 19980 rows
2026-07-27 06:12:47 | DEBUG    | save_data            | Writing to temporary file...
2026-07-27 06:12:50 | DEBUG    | save_data            | Data written to temp file: /home/runner/work/Thalorae-BackLioraen/Thalorae-BackLioraen/data/2026/07/tmp0ztpf9f9.xlsx
2026-07-27 06:12:50 | DEBUG    | save_data            | Temp file moved to final location
2026-07-27 06:12:50 | INFO     | save_data            | ✅ Data saved successfully (19980 total rows, 1,486,377 bytes)
2026-07-27 06:12:50 | INFO     | run                  | ======================================================================
2026-07-27 06:12:50 | INFO     | run                  | 📊 EXECUTION SUMMARY:
2026-07-27 06:12:50 | INFO     | run                  |    ✅ Status: SUCCESS
2026-07-27 06:12:50 | INFO     | run                  |    - Rows processed: 482
2026-07-27 06:12:50 | INFO     | run                  |    - Unique symbols: 482
2026-07-27 06:12:50 | INFO     | run                  |    - Timestamp: 2026-07-27 11:12:39
2026-07-27 06:12:50 | INFO     | run                  |    - File: data/2026/07/2026-07-27.xlsx
2026-07-27 06:12:50 | INFO     | run                  | ======================================================================
2026-07-27 06:12:50 | DEBUG    | run                  | Sample data (first row):
2026-07-27 06:12:50 | DEBUG    | run                  | {'SYMBOL': 'TSBL', 'SECTOR': 813, 'LDCP': 2.24, 'OPEN': 2.32, 'HIGH': 2.44, 'LOW': 2.26, 'CURRENT': 2.4, 'CHANGE': 0.16, 'CHANGE (%)': nan, 'VOLUME': 28511004, 'YEAR': 2026, 'MONTH': 7, 'DAY': 27, 'HOUR': 11, 'MINUTE': 12, 'DATETIME': '2026-07-27 11:12'}
2026-07-27 06:12:50 | DEBUG    | close                | Session closed
2026-07-27 06:17:51 | INFO     | run                  | ======================================================================
2026-07-27 06:17:51 | INFO     | run                  | 🚀 MARKET DATA SCRAPER - SINGLE EXECUTION
2026-07-27 06:17:51 | INFO     | run                  | ======================================================================
2026-07-27 06:17:51 | INFO     | run                  | Execution Time: 2026-07-27 11:17:51 PKT
2026-07-27 06:17:51 | INFO     | run                  | Configuration:
2026-07-27 06:17:51 | INFO     | run                  |    - Timezone: Asia/Karachi
2026-07-27 06:17:51 | INFO     | run                  |    - Data directory: data
2026-07-27 06:17:51 | INFO     | run                  |    - Log directory: logs
2026-07-27 06:17:51 | INFO     | run                  |    - Excluded symbols: {'XS', 'XR', 'XT', 'XD'}
2026-07-27 06:17:51 | INFO     | run                  | ======================================================================
2026-07-27 06:17:51 | INFO     | fetch_data           | Fetching data (Attempt 1/3)...
2026-07-27 06:17:51 | DEBUG    | fetch_data           | Establishing session with https://dps.psx.com.pk/
2026-07-27 06:17:54 | DEBUG    | fetch_data           | Requesting data from https://dps.psx.com.pk/market-watch
2026-07-27 06:17:56 | DEBUG    | fetch_data           | Response status: 200
2026-07-27 06:17:56 | DEBUG    | fetch_data           | Response content type: text/html; charset=utf-8
2026-07-27 06:17:56 | DEBUG    | fetch_data           | Response size: 461474 bytes
2026-07-27 06:17:56 | INFO     | fetch_data           | ✅ Data fetched successfully (Status: 200)
2026-07-27 06:17:56 | DEBUG    | parse_json           | Attempting JSON parsing...
2026-07-27 06:17:56 | DEBUG    | parse_json           | Response preview: <table class="tbl" data-page-length="25"><thead class="tbl__head"><!-- tr--><!--   th(colspan="11")--><!--   th.center(colspan="2", style="width: 110px;") TOTAL BUY ORDERS--><!--   th.center(colspan="2", style="width: 110px;") TOTAL SELL ORDERS--><tr><th data-name="symbol">SYMBOL</th><th data-name="sector">SECTOR</th><th data-name="listed">LISTED IN</th><th class="right" data-name="ldcp">LDCP</th><th class="right" data-name="open">OPEN</th><th class="right" data-name="high">HIGH</th><th class="r
2026-07-27 06:17:56 | WARNING  | parse_json           | ⚠️ JSON parsing failed: Expecting value: line 1 column 1 (char 0)
2026-07-27 06:17:56 | INFO     | run                  | JSON parsing failed, trying HTML fallback...
2026-07-27 06:17:56 | INFO     | parse_html           | Attempting HTML fallback parsing...
2026-07-27 06:17:56 | DEBUG    | parse_html           | Found 1 table(s) in HTML
2026-07-27 06:17:56 | DEBUG    | parse_html           | Table columns: ['SYMBOL', 'SECTOR', 'LISTED IN', 'LDCP', 'OPEN', 'HIGH', 'LOW', 'CURRENT', 'CHANGE', 'CHANGE (%)', 'VOLUME']
2026-07-27 06:17:56 | DEBUG    | parse_html           | Table shape: (483, 11)
2026-07-27 06:17:56 | INFO     | parse_html           | ✅ HTML parsed successfully (483 rows)
2026-07-27 06:17:56 | INFO     | clean_data           | Cleaning data...
2026-07-27 06:17:56 | DEBUG    | clean_data           | Initial shape: (483, 11)
2026-07-27 06:17:56 | DEBUG    | clean_data           | Initial columns: ['SYMBOL', 'SECTOR', 'LISTED IN', 'LDCP', 'OPEN', 'HIGH', 'LOW', 'CURRENT', 'CHANGE', 'CHANGE (%)', 'VOLUME']
2026-07-27 06:17:56 | DEBUG    | clean_data           | Removed 'LISTED IN' column
2026-07-27 06:17:56 | DEBUG    | clean_data           | Converted LDCP from float64 to numeric
2026-07-27 06:17:56 | DEBUG    | clean_data           | Converted OPEN from float64 to numeric
2026-07-27 06:17:56 | DEBUG    | clean_data           | Converted HIGH from float64 to numeric
2026-07-27 06:17:56 | DEBUG    | clean_data           | Converted LOW from float64 to numeric
2026-07-27 06:17:56 | DEBUG    | clean_data           | Converted CURRENT from float64 to numeric
2026-07-27 06:17:56 | DEBUG    | clean_data           | Converted CHANGE from float64 to numeric
2026-07-27 06:17:56 | WARNING  | clean_data           | Column CHANGE (%): 483 values could not be converted to numeric
2026-07-27 06:17:56 | DEBUG    | clean_data           | Converted CHANGE (%) from str to numeric
2026-07-27 06:17:56 | DEBUG    | clean_data           | Converted VOLUME from int64 to numeric
2026-07-27 06:17:56 | INFO     | clean_data           | ✅ Data cleaned (483 rows, 16 columns)
2026-07-27 06:17:56 | DEBUG    | clean_data           | Final columns: ['SYMBOL', 'SECTOR', 'LDCP', 'OPEN', 'HIGH', 'LOW', 'CURRENT', 'CHANGE', 'CHANGE (%)', 'VOLUME', 'YEAR', 'MONTH', 'DAY', 'HOUR', 'MINUTE', 'DATETIME']
2026-07-27 06:17:56 | DEBUG    | get_file_path        | Generated file path: data/2026/07/2026-07-27.xlsx
2026-07-27 06:17:56 | INFO     | save_data            | Saving data to: data/2026/07/2026-07-27.xlsx
2026-07-27 06:17:56 | DEBUG    | _create_backup       | Backup created: data/2026/07/backups/2026-07-27_backup_20260727_061756.xlsx
2026-07-27 06:17:56 | DEBUG    | _cleanup_old_backups | Removed old backup: 2026-07-27_backup_20260727_055158.xlsx
2026-07-27 06:17:56 | DEBUG    | save_data            | Existing file found, merging data...
2026-07-27 06:17:59 | DEBUG    | save_data            | Loaded 19980 existing rows
2026-07-27 06:17:59 | DEBUG    | save_data            | Combined to 20463 rows
2026-07-27 06:17:59 | DEBUG    | save_data            | Writing to temporary file...
2026-07-27 06:18:02 | DEBUG    | save_data            | Data written to temp file: /home/runner/work/Thalorae-BackLioraen/Thalorae-BackLioraen/data/2026/07/tmp75pc67wd.xlsx
2026-07-27 06:18:02 | DEBUG    | save_data            | Temp file moved to final location
2026-07-27 06:18:02 | INFO     | save_data            | ✅ Data saved successfully (20463 total rows, 1,522,251 bytes)
2026-07-27 06:18:02 | INFO     | run                  | ======================================================================
2026-07-27 06:18:02 | INFO     | run                  | 📊 EXECUTION SUMMARY:
2026-07-27 06:18:02 | INFO     | run                  |    ✅ Status: SUCCESS
2026-07-27 06:18:02 | INFO     | run                  |    - Rows processed: 483
2026-07-27 06:18:02 | INFO     | run                  |    - Unique symbols: 483
2026-07-27 06:18:02 | INFO     | run                  |    - Timestamp: 2026-07-27 11:17:51
2026-07-27 06:18:02 | INFO     | run                  |    - File: data/2026/07/2026-07-27.xlsx
2026-07-27 06:18:02 | INFO     | run                  | ======================================================================
2026-07-27 06:18:02 | DEBUG    | run                  | Sample data (first row):
2026-07-27 06:18:02 | DEBUG    | run                  | {'SYMBOL': 'TSBL', 'SECTOR': 813, 'LDCP': 2.24, 'OPEN': 2.32, 'HIGH': 2.44, 'LOW': 2.26, 'CURRENT': 2.41, 'CHANGE': 0.17, 'CHANGE (%)': nan, 'VOLUME': 28790509, 'YEAR': 2026, 'MONTH': 7, 'DAY': 27, 'HOUR': 11, 'MINUTE': 17, 'DATETIME': '2026-07-27 11:17'}
2026-07-27 06:18:02 | DEBUG    | close                | Session closed
2026-07-27 06:23:03 | INFO     | run                  | ======================================================================
2026-07-27 06:23:03 | INFO     | run                  | 🚀 MARKET DATA SCRAPER - SINGLE EXECUTION
2026-07-27 06:23:03 | INFO     | run                  | ======================================================================
2026-07-27 06:23:03 | INFO     | run                  | Execution Time: 2026-07-27 11:23:03 PKT
2026-07-27 06:23:03 | INFO     | run                  | Configuration:
2026-07-27 06:23:03 | INFO     | run                  |    - Timezone: Asia/Karachi
2026-07-27 06:23:03 | INFO     | run                  |    - Data directory: data
2026-07-27 06:23:03 | INFO     | run                  |    - Log directory: logs
2026-07-27 06:23:03 | INFO     | run                  |    - Excluded symbols: {'XD', 'XT', 'XS', 'XR'}
2026-07-27 06:23:03 | INFO     | run                  | ======================================================================
2026-07-27 06:23:03 | INFO     | fetch_data           | Fetching data (Attempt 1/3)...
2026-07-27 06:23:03 | DEBUG    | fetch_data           | Establishing session with https://dps.psx.com.pk/
2026-07-27 06:23:07 | DEBUG    | fetch_data           | Requesting data from https://dps.psx.com.pk/market-watch
2026-07-27 06:23:10 | DEBUG    | fetch_data           | Response status: 200
2026-07-27 06:23:10 | DEBUG    | fetch_data           | Response content type: text/html; charset=utf-8
2026-07-27 06:23:10 | DEBUG    | fetch_data           | Response size: 462507 bytes
2026-07-27 06:23:10 | INFO     | fetch_data           | ✅ Data fetched successfully (Status: 200)
2026-07-27 06:23:10 | DEBUG    | parse_json           | Attempting JSON parsing...
2026-07-27 06:23:10 | DEBUG    | parse_json           | Response preview: <table class="tbl" data-page-length="25"><thead class="tbl__head"><!-- tr--><!--   th(colspan="11")--><!--   th.center(colspan="2", style="width: 110px;") TOTAL BUY ORDERS--><!--   th.center(colspan="2", style="width: 110px;") TOTAL SELL ORDERS--><tr><th data-name="symbol">SYMBOL</th><th data-name="sector">SECTOR</th><th data-name="listed">LISTED IN</th><th class="right" data-name="ldcp">LDCP</th><th class="right" data-name="open">OPEN</th><th class="right" data-name="high">HIGH</th><th class="r
2026-07-27 06:23:10 | WARNING  | parse_json           | ⚠️ JSON parsing failed: Expecting value: line 1 column 1 (char 0)
2026-07-27 06:23:10 | INFO     | run                  | JSON parsing failed, trying HTML fallback...
2026-07-27 06:23:10 | INFO     | parse_html           | Attempting HTML fallback parsing...
2026-07-27 06:23:10 | DEBUG    | parse_html           | Found 1 table(s) in HTML
2026-07-27 06:23:10 | DEBUG    | parse_html           | Table columns: ['SYMBOL', 'SECTOR', 'LISTED IN', 'LDCP', 'OPEN', 'HIGH', 'LOW', 'CURRENT', 'CHANGE', 'CHANGE (%)', 'VOLUME']
2026-07-27 06:23:10 | DEBUG    | parse_html           | Table shape: (484, 11)
2026-07-27 06:23:10 | INFO     | parse_html           | ✅ HTML parsed successfully (484 rows)
2026-07-27 06:23:10 | INFO     | clean_data           | Cleaning data...
2026-07-27 06:23:10 | DEBUG    | clean_data           | Initial shape: (484, 11)
2026-07-27 06:23:10 | DEBUG    | clean_data           | Initial columns: ['SYMBOL', 'SECTOR', 'LISTED IN', 'LDCP', 'OPEN', 'HIGH', 'LOW', 'CURRENT', 'CHANGE', 'CHANGE (%)', 'VOLUME']
2026-07-27 06:23:10 | DEBUG    | clean_data           | Removed 'LISTED IN' column
2026-07-27 06:23:10 | DEBUG    | clean_data           | Converted LDCP from float64 to numeric
2026-07-27 06:23:10 | DEBUG    | clean_data           | Converted OPEN from float64 to numeric
2026-07-27 06:23:10 | DEBUG    | clean_data           | Converted HIGH from float64 to numeric
2026-07-27 06:23:10 | DEBUG    | clean_data           | Converted LOW from float64 to numeric
2026-07-27 06:23:10 | DEBUG    | clean_data           | Converted CURRENT from float64 to numeric
2026-07-27 06:23:10 | DEBUG    | clean_data           | Converted CHANGE from float64 to numeric
2026-07-27 06:23:10 | WARNING  | clean_data           | Column CHANGE (%): 484 values could not be converted to numeric
2026-07-27 06:23:10 | DEBUG    | clean_data           | Converted CHANGE (%) from str to numeric
2026-07-27 06:23:10 | DEBUG    | clean_data           | Converted VOLUME from int64 to numeric
2026-07-27 06:23:10 | INFO     | clean_data           | ✅ Data cleaned (484 rows, 16 columns)
2026-07-27 06:23:10 | DEBUG    | clean_data           | Final columns: ['SYMBOL', 'SECTOR', 'LDCP', 'OPEN', 'HIGH', 'LOW', 'CURRENT', 'CHANGE', 'CHANGE (%)', 'VOLUME', 'YEAR', 'MONTH', 'DAY', 'HOUR', 'MINUTE', 'DATETIME']
2026-07-27 06:23:10 | DEBUG    | get_file_path        | Generated file path: data/2026/07/2026-07-27.xlsx
2026-07-27 06:23:10 | INFO     | save_data            | Saving data to: data/2026/07/2026-07-27.xlsx
2026-07-27 06:23:10 | DEBUG    | _create_backup       | Backup created: data/2026/07/backups/2026-07-27_backup_20260727_062310.xlsx
2026-07-27 06:23:10 | DEBUG    | _cleanup_old_backups | Removed old backup: 2026-07-27_backup_20260727_055709.xlsx
2026-07-27 06:23:10 | DEBUG    | save_data            | Existing file found, merging data...
2026-07-27 06:23:12 | DEBUG    | save_data            | Loaded 20463 existing rows
2026-07-27 06:23:12 | DEBUG    | save_data            | Combined to 20947 rows
2026-07-27 06:23:12 | DEBUG    | save_data            | Writing to temporary file...
2026-07-27 06:23:16 | DEBUG    | save_data            | Data written to temp file: /home/runner/work/Thalorae-BackLioraen/Thalorae-BackLioraen/data/2026/07/tmpcof6mnj2.xlsx
2026-07-27 06:23:16 | DEBUG    | save_data            | Temp file moved to final location
2026-07-27 06:23:16 | INFO     | save_data            | ✅ Data saved successfully (20947 total rows, 1,558,195 bytes)
2026-07-27 06:23:16 | INFO     | run                  | ======================================================================
2026-07-27 06:23:16 | INFO     | run                  | 📊 EXECUTION SUMMARY:
2026-07-27 06:23:16 | INFO     | run                  |    ✅ Status: SUCCESS
2026-07-27 06:23:16 | INFO     | run                  |    - Rows processed: 484
2026-07-27 06:23:16 | INFO     | run                  |    - Unique symbols: 484
2026-07-27 06:23:16 | INFO     | run                  |    - Timestamp: 2026-07-27 11:23:03
2026-07-27 06:23:16 | INFO     | run                  |    - File: data/2026/07/2026-07-27.xlsx
2026-07-27 06:23:16 | INFO     | run                  | ======================================================================
2026-07-27 06:23:16 | DEBUG    | run                  | Sample data (first row):
2026-07-27 06:23:16 | DEBUG    | run                  | {'SYMBOL': 'TSBL', 'SECTOR': 813, 'LDCP': 2.24, 'OPEN': 2.32, 'HIGH': 2.44, 'LOW': 2.26, 'CURRENT': 2.4, 'CHANGE': 0.16, 'CHANGE (%)': nan, 'VOLUME': 29103461, 'YEAR': 2026, 'MONTH': 7, 'DAY': 27, 'HOUR': 11, 'MINUTE': 23, 'DATETIME': '2026-07-27 11:23'}
2026-07-27 06:23:16 | DEBUG    | close                | Session closed
2026-07-27 06:28:17 | INFO     | run                  | ======================================================================
2026-07-27 06:28:17 | INFO     | run                  | 🚀 MARKET DATA SCRAPER - SINGLE EXECUTION
2026-07-27 06:28:17 | INFO     | run                  | ======================================================================
2026-07-27 06:28:17 | INFO     | run                  | Execution Time: 2026-07-27 11:28:17 PKT
2026-07-27 06:28:17 | INFO     | run                  | Configuration:
2026-07-27 06:28:17 | INFO     | run                  |    - Timezone: Asia/Karachi
2026-07-27 06:28:17 | INFO     | run                  |    - Data directory: data
2026-07-27 06:28:17 | INFO     | run                  |    - Log directory: logs
2026-07-27 06:28:17 | INFO     | run                  |    - Excluded symbols: {'XS', 'XR', 'XT', 'XD'}
2026-07-27 06:28:17 | INFO     | run                  | ======================================================================
2026-07-27 06:28:17 | INFO     | fetch_data           | Fetching data (Attempt 1/3)...
2026-07-27 06:28:17 | DEBUG    | fetch_data           | Establishing session with https://dps.psx.com.pk/
2026-07-27 06:28:21 | DEBUG    | fetch_data           | Requesting data from https://dps.psx.com.pk/market-watch
2026-07-27 06:28:24 | DEBUG    | fetch_data           | Response status: 200
2026-07-27 06:28:24 | DEBUG    | fetch_data           | Response content type: text/html; charset=utf-8
2026-07-27 06:28:24 | DEBUG    | fetch_data           | Response size: 462678 bytes
2026-07-27 06:28:24 | INFO     | fetch_data           | ✅ Data fetched successfully (Status: 200)
2026-07-27 06:28:24 | DEBUG    | parse_json           | Attempting JSON parsing...
2026-07-27 06:28:24 | DEBUG    | parse_json           | Response preview: <table class="tbl" data-page-length="25"><thead class="tbl__head"><!-- tr--><!--   th(colspan="11")--><!--   th.center(colspan="2", style="width: 110px;") TOTAL BUY ORDERS--><!--   th.center(colspan="2", style="width: 110px;") TOTAL SELL ORDERS--><tr><th data-name="symbol">SYMBOL</th><th data-name="sector">SECTOR</th><th data-name="listed">LISTED IN</th><th class="right" data-name="ldcp">LDCP</th><th class="right" data-name="open">OPEN</th><th class="right" data-name="high">HIGH</th><th class="r
2026-07-27 06:28:24 | WARNING  | parse_json           | ⚠️ JSON parsing failed: Expecting value: line 1 column 1 (char 0)
2026-07-27 06:28:24 | INFO     | run                  | JSON parsing failed, trying HTML fallback...
2026-07-27 06:28:24 | INFO     | parse_html           | Attempting HTML fallback parsing...
2026-07-27 06:28:24 | DEBUG    | parse_html           | Found 1 table(s) in HTML
2026-07-27 06:28:24 | DEBUG    | parse_html           | Table columns: ['SYMBOL', 'SECTOR', 'LISTED IN', 'LDCP', 'OPEN', 'HIGH', 'LOW', 'CURRENT', 'CHANGE', 'CHANGE (%)', 'VOLUME']
2026-07-27 06:28:24 | DEBUG    | parse_html           | Table shape: (484, 11)
2026-07-27 06:28:24 | INFO     | parse_html           | ✅ HTML parsed successfully (484 rows)
2026-07-27 06:28:24 | INFO     | clean_data           | Cleaning data...
2026-07-27 06:28:24 | DEBUG    | clean_data           | Initial shape: (484, 11)
2026-07-27 06:28:24 | DEBUG    | clean_data           | Initial columns: ['SYMBOL', 'SECTOR', 'LISTED IN', 'LDCP', 'OPEN', 'HIGH', 'LOW', 'CURRENT', 'CHANGE', 'CHANGE (%)', 'VOLUME']
2026-07-27 06:28:24 | DEBUG    | clean_data           | Removed 'LISTED IN' column
2026-07-27 06:28:24 | DEBUG    | clean_data           | Converted LDCP from float64 to numeric
2026-07-27 06:28:24 | DEBUG    | clean_data           | Converted OPEN from float64 to numeric
2026-07-27 06:28:24 | DEBUG    | clean_data           | Converted HIGH from float64 to numeric
2026-07-27 06:28:24 | DEBUG    | clean_data           | Converted LOW from float64 to numeric
2026-07-27 06:28:24 | DEBUG    | clean_data           | Converted CURRENT from float64 to numeric
2026-07-27 06:28:24 | DEBUG    | clean_data           | Converted CHANGE from float64 to numeric
2026-07-27 06:28:24 | WARNING  | clean_data           | Column CHANGE (%): 484 values could not be converted to numeric
2026-07-27 06:28:24 | DEBUG    | clean_data           | Converted CHANGE (%) from str to numeric
2026-07-27 06:28:24 | DEBUG    | clean_data           | Converted VOLUME from int64 to numeric
2026-07-27 06:28:24 | INFO     | clean_data           | ✅ Data cleaned (484 rows, 16 columns)
2026-07-27 06:28:24 | DEBUG    | clean_data           | Final columns: ['SYMBOL', 'SECTOR', 'LDCP', 'OPEN', 'HIGH', 'LOW', 'CURRENT', 'CHANGE', 'CHANGE (%)', 'VOLUME', 'YEAR', 'MONTH', 'DAY', 'HOUR', 'MINUTE', 'DATETIME']
2026-07-27 06:28:24 | DEBUG    | get_file_path        | Generated file path: data/2026/07/2026-07-27.xlsx
2026-07-27 06:28:24 | INFO     | save_data            | Saving data to: data/2026/07/2026-07-27.xlsx
2026-07-27 06:28:24 | DEBUG    | _create_backup       | Backup created: data/2026/07/backups/2026-07-27_backup_20260727_062824.xlsx
2026-07-27 06:28:24 | DEBUG    | _cleanup_old_backups | Removed old backup: 2026-07-27_backup_20260727_060222.xlsx
2026-07-27 06:28:24 | DEBUG    | save_data            | Existing file found, merging data...
2026-07-27 06:28:26 | DEBUG    | save_data            | Loaded 20947 existing rows
2026-07-27 06:28:26 | DEBUG    | save_data            | Combined to 21431 rows
2026-07-27 06:28:26 | DEBUG    | save_data            | Writing to temporary file...
2026-07-27 06:28:30 | DEBUG    | save_data            | Data written to temp file: /home/runner/work/Thalorae-BackLioraen/Thalorae-BackLioraen/data/2026/07/tmp5cwsxowc.xlsx
2026-07-27 06:28:30 | DEBUG    | save_data            | Temp file moved to final location
2026-07-27 06:28:30 | INFO     | save_data            | ✅ Data saved successfully (21431 total rows, 1,594,250 bytes)
2026-07-27 06:28:30 | INFO     | run                  | ======================================================================
2026-07-27 06:28:30 | INFO     | run                  | 📊 EXECUTION SUMMARY:
2026-07-27 06:28:30 | INFO     | run                  |    ✅ Status: SUCCESS
2026-07-27 06:28:30 | INFO     | run                  |    - Rows processed: 484
2026-07-27 06:28:30 | INFO     | run                  |    - Unique symbols: 484
2026-07-27 06:28:30 | INFO     | run                  |    - Timestamp: 2026-07-27 11:28:17
2026-07-27 06:28:30 | INFO     | run                  |    - File: data/2026/07/2026-07-27.xlsx
2026-07-27 06:28:30 | INFO     | run                  | ======================================================================
2026-07-27 06:28:30 | DEBUG    | run                  | Sample data (first row):
2026-07-27 06:28:30 | DEBUG    | run                  | {'SYMBOL': 'TSBL', 'SECTOR': 813, 'LDCP': 2.24, 'OPEN': 2.32, 'HIGH': 2.44, 'LOW': 2.26, 'CURRENT': 2.41, 'CHANGE': 0.17, 'CHANGE (%)': nan, 'VOLUME': 29284387, 'YEAR': 2026, 'MONTH': 7, 'DAY': 27, 'HOUR': 11, 'MINUTE': 28, 'DATETIME': '2026-07-27 11:28'}
2026-07-27 06:28:30 | DEBUG    | close                | Session closed
2026-07-27 06:33:31 | INFO     | run                  | ======================================================================
2026-07-27 06:33:31 | INFO     | run                  | 🚀 MARKET DATA SCRAPER - SINGLE EXECUTION
2026-07-27 06:33:31 | INFO     | run                  | ======================================================================
2026-07-27 06:33:31 | INFO     | run                  | Execution Time: 2026-07-27 11:33:31 PKT
2026-07-27 06:33:31 | INFO     | run                  | Configuration:
2026-07-27 06:33:31 | INFO     | run                  |    - Timezone: Asia/Karachi
2026-07-27 06:33:31 | INFO     | run                  |    - Data directory: data
2026-07-27 06:33:31 | INFO     | run                  |    - Log directory: logs
2026-07-27 06:33:31 | INFO     | run                  |    - Excluded symbols: {'XD', 'XR', 'XT', 'XS'}
2026-07-27 06:33:31 | INFO     | run                  | ======================================================================
2026-07-27 06:33:31 | INFO     | fetch_data           | Fetching data (Attempt 1/3)...
2026-07-27 06:33:31 | DEBUG    | fetch_data           | Establishing session with https://dps.psx.com.pk/
2026-07-27 06:33:34 | DEBUG    | fetch_data           | Requesting data from https://dps.psx.com.pk/market-watch
2026-07-27 06:33:36 | DEBUG    | fetch_data           | Response status: 200
2026-07-27 06:33:36 | DEBUG    | fetch_data           | Response content type: text/html; charset=utf-8
2026-07-27 06:33:36 | DEBUG    | fetch_data           | Response size: 462646 bytes
2026-07-27 06:33:36 | INFO     | fetch_data           | ✅ Data fetched successfully (Status: 200)
2026-07-27 06:33:36 | DEBUG    | parse_json           | Attempting JSON parsing...
2026-07-27 06:33:36 | DEBUG    | parse_json           | Response preview: <table class="tbl" data-page-length="25"><thead class="tbl__head"><!-- tr--><!--   th(colspan="11")--><!--   th.center(colspan="2", style="width: 110px;") TOTAL BUY ORDERS--><!--   th.center(colspan="2", style="width: 110px;") TOTAL SELL ORDERS--><tr><th data-name="symbol">SYMBOL</th><th data-name="sector">SECTOR</th><th data-name="listed">LISTED IN</th><th class="right" data-name="ldcp">LDCP</th><th class="right" data-name="open">OPEN</th><th class="right" data-name="high">HIGH</th><th class="r
2026-07-27 06:33:36 | WARNING  | parse_json           | ⚠️ JSON parsing failed: Expecting value: line 1 column 1 (char 0)
2026-07-27 06:33:36 | INFO     | run                  | JSON parsing failed, trying HTML fallback...
2026-07-27 06:33:36 | INFO     | parse_html           | Attempting HTML fallback parsing...
2026-07-27 06:33:36 | DEBUG    | parse_html           | Found 1 table(s) in HTML
2026-07-27 06:33:36 | DEBUG    | parse_html           | Table columns: ['SYMBOL', 'SECTOR', 'LISTED IN', 'LDCP', 'OPEN', 'HIGH', 'LOW', 'CURRENT', 'CHANGE', 'CHANGE (%)', 'VOLUME']
2026-07-27 06:33:36 | DEBUG    | parse_html           | Table shape: (484, 11)
2026-07-27 06:33:36 | INFO     | parse_html           | ✅ HTML parsed successfully (484 rows)
2026-07-27 06:33:36 | INFO     | clean_data           | Cleaning data...
2026-07-27 06:33:36 | DEBUG    | clean_data           | Initial shape: (484, 11)
2026-07-27 06:33:36 | DEBUG    | clean_data           | Initial columns: ['SYMBOL', 'SECTOR', 'LISTED IN', 'LDCP', 'OPEN', 'HIGH', 'LOW', 'CURRENT', 'CHANGE', 'CHANGE (%)', 'VOLUME']
2026-07-27 06:33:36 | DEBUG    | clean_data           | Removed 'LISTED IN' column
2026-07-27 06:33:36 | DEBUG    | clean_data           | Converted LDCP from float64 to numeric
2026-07-27 06:33:36 | DEBUG    | clean_data           | Converted OPEN from float64 to numeric
2026-07-27 06:33:36 | DEBUG    | clean_data           | Converted HIGH from float64 to numeric
2026-07-27 06:33:36 | DEBUG    | clean_data           | Converted LOW from float64 to numeric
2026-07-27 06:33:36 | DEBUG    | clean_data           | Converted CURRENT from float64 to numeric
2026-07-27 06:33:36 | DEBUG    | clean_data           | Converted CHANGE from float64 to numeric
2026-07-27 06:33:36 | WARNING  | clean_data           | Column CHANGE (%): 484 values could not be converted to numeric
2026-07-27 06:33:36 | DEBUG    | clean_data           | Converted CHANGE (%) from str to numeric
2026-07-27 06:33:36 | DEBUG    | clean_data           | Converted VOLUME from int64 to numeric
2026-07-27 06:33:36 | INFO     | clean_data           | ✅ Data cleaned (484 rows, 16 columns)
2026-07-27 06:33:36 | DEBUG    | clean_data           | Final columns: ['SYMBOL', 'SECTOR', 'LDCP', 'OPEN', 'HIGH', 'LOW', 'CURRENT', 'CHANGE', 'CHANGE (%)', 'VOLUME', 'YEAR', 'MONTH', 'DAY', 'HOUR', 'MINUTE', 'DATETIME']
2026-07-27 06:33:36 | DEBUG    | get_file_path        | Generated file path: data/2026/07/2026-07-27.xlsx
2026-07-27 06:33:36 | INFO     | save_data            | Saving data to: data/2026/07/2026-07-27.xlsx
2026-07-27 06:33:36 | DEBUG    | _create_backup       | Backup created: data/2026/07/backups/2026-07-27_backup_20260727_063336.xlsx
2026-07-27 06:33:36 | DEBUG    | _cleanup_old_backups | Removed old backup: 2026-07-27_backup_20260727_060733.xlsx
2026-07-27 06:33:36 | DEBUG    | save_data            | Existing file found, merging data...
2026-07-27 06:33:38 | DEBUG    | save_data            | Loaded 21431 existing rows
2026-07-27 06:33:38 | DEBUG    | save_data            | Combined to 21915 rows
2026-07-27 06:33:38 | DEBUG    | save_data            | Writing to temporary file...
2026-07-27 06:33:42 | DEBUG    | save_data            | Data written to temp file: /home/runner/work/Thalorae-BackLioraen/Thalorae-BackLioraen/data/2026/07/tmp_tvnhicc.xlsx
2026-07-27 06:33:42 | DEBUG    | save_data            | Temp file moved to final location
2026-07-27 06:33:42 | INFO     | save_data            | ✅ Data saved successfully (21915 total rows, 1,630,155 bytes)
2026-07-27 06:33:42 | INFO     | run                  | ======================================================================
2026-07-27 06:33:42 | INFO     | run                  | 📊 EXECUTION SUMMARY:
2026-07-27 06:33:42 | INFO     | run                  |    ✅ Status: SUCCESS
2026-07-27 06:33:42 | INFO     | run                  |    - Rows processed: 484
2026-07-27 06:33:42 | INFO     | run                  |    - Unique symbols: 484
2026-07-27 06:33:42 | INFO     | run                  |    - Timestamp: 2026-07-27 11:33:31
2026-07-27 06:33:42 | INFO     | run                  |    - File: data/2026/07/2026-07-27.xlsx
2026-07-27 06:33:42 | INFO     | run                  | ======================================================================
2026-07-27 06:33:42 | DEBUG    | run                  | Sample data (first row):
2026-07-27 06:33:42 | DEBUG    | run                  | {'SYMBOL': 'TSBL', 'SECTOR': 813, 'LDCP': 2.24, 'OPEN': 2.32, 'HIGH': 2.44, 'LOW': 2.26, 'CURRENT': 2.4, 'CHANGE': 0.16, 'CHANGE (%)': nan, 'VOLUME': 29343996, 'YEAR': 2026, 'MONTH': 7, 'DAY': 27, 'HOUR': 11, 'MINUTE': 33, 'DATETIME': '2026-07-27 11:33'}
2026-07-27 06:33:42 | DEBUG    | close                | Session closed
2026-07-27 06:38:43 | INFO     | run                  | ======================================================================
2026-07-27 06:38:43 | INFO     | run                  | 🚀 MARKET DATA SCRAPER - SINGLE EXECUTION
2026-07-27 06:38:43 | INFO     | run                  | ======================================================================
2026-07-27 06:38:43 | INFO     | run                  | Execution Time: 2026-07-27 11:38:43 PKT
2026-07-27 06:38:43 | INFO     | run                  | Configuration:
2026-07-27 06:38:43 | INFO     | run                  |    - Timezone: Asia/Karachi
2026-07-27 06:38:43 | INFO     | run                  |    - Data directory: data
2026-07-27 06:38:43 | INFO     | run                  |    - Log directory: logs
2026-07-27 06:38:43 | INFO     | run                  |    - Excluded symbols: {'XS', 'XD', 'XT', 'XR'}
2026-07-27 06:38:43 | INFO     | run                  | ======================================================================
2026-07-27 06:38:43 | INFO     | fetch_data           | Fetching data (Attempt 1/3)...
2026-07-27 06:38:43 | DEBUG    | fetch_data           | Establishing session with https://dps.psx.com.pk/
2026-07-27 06:38:47 | DEBUG    | fetch_data           | Requesting data from https://dps.psx.com.pk/market-watch
2026-07-27 06:38:48 | DEBUG    | fetch_data           | Response status: 200
2026-07-27 06:38:48 | DEBUG    | fetch_data           | Response content type: text/html; charset=utf-8
2026-07-27 06:38:48 | DEBUG    | fetch_data           | Response size: 462659 bytes
2026-07-27 06:38:48 | INFO     | fetch_data           | ✅ Data fetched successfully (Status: 200)
2026-07-27 06:38:48 | DEBUG    | parse_json           | Attempting JSON parsing...
2026-07-27 06:38:48 | DEBUG    | parse_json           | Response preview: <table class="tbl" data-page-length="25"><thead class="tbl__head"><!-- tr--><!--   th(colspan="11")--><!--   th.center(colspan="2", style="width: 110px;") TOTAL BUY ORDERS--><!--   th.center(colspan="2", style="width: 110px;") TOTAL SELL ORDERS--><tr><th data-name="symbol">SYMBOL</th><th data-name="sector">SECTOR</th><th data-name="listed">LISTED IN</th><th class="right" data-name="ldcp">LDCP</th><th class="right" data-name="open">OPEN</th><th class="right" data-name="high">HIGH</th><th class="r
2026-07-27 06:38:48 | WARNING  | parse_json           | ⚠️ JSON parsing failed: Expecting value: line 1 column 1 (char 0)
2026-07-27 06:38:48 | INFO     | run                  | JSON parsing failed, trying HTML fallback...
2026-07-27 06:38:48 | INFO     | parse_html           | Attempting HTML fallback parsing...
2026-07-27 06:38:48 | DEBUG    | parse_html           | Found 1 table(s) in HTML
2026-07-27 06:38:48 | DEBUG    | parse_html           | Table columns: ['SYMBOL', 'SECTOR', 'LISTED IN', 'LDCP', 'OPEN', 'HIGH', 'LOW', 'CURRENT', 'CHANGE', 'CHANGE (%)', 'VOLUME']
2026-07-27 06:38:48 | DEBUG    | parse_html           | Table shape: (484, 11)
2026-07-27 06:38:48 | INFO     | parse_html           | ✅ HTML parsed successfully (484 rows)
2026-07-27 06:38:48 | INFO     | clean_data           | Cleaning data...
2026-07-27 06:38:48 | DEBUG    | clean_data           | Initial shape: (484, 11)
2026-07-27 06:38:48 | DEBUG    | clean_data           | Initial columns: ['SYMBOL', 'SECTOR', 'LISTED IN', 'LDCP', 'OPEN', 'HIGH', 'LOW', 'CURRENT', 'CHANGE', 'CHANGE (%)', 'VOLUME']
2026-07-27 06:38:48 | DEBUG    | clean_data           | Removed 'LISTED IN' column
2026-07-27 06:38:48 | DEBUG    | clean_data           | Converted LDCP from float64 to numeric
2026-07-27 06:38:48 | DEBUG    | clean_data           | Converted OPEN from float64 to numeric
2026-07-27 06:38:48 | DEBUG    | clean_data           | Converted HIGH from float64 to numeric
2026-07-27 06:38:48 | DEBUG    | clean_data           | Converted LOW from float64 to numeric
2026-07-27 06:38:48 | DEBUG    | clean_data           | Converted CURRENT from float64 to numeric
2026-07-27 06:38:48 | DEBUG    | clean_data           | Converted CHANGE from float64 to numeric
2026-07-27 06:38:48 | WARNING  | clean_data           | Column CHANGE (%): 484 values could not be converted to numeric
2026-07-27 06:38:48 | DEBUG    | clean_data           | Converted CHANGE (%) from str to numeric
2026-07-27 06:38:48 | DEBUG    | clean_data           | Converted VOLUME from int64 to numeric
2026-07-27 06:38:48 | INFO     | clean_data           | ✅ Data cleaned (484 rows, 16 columns)
2026-07-27 06:38:48 | DEBUG    | clean_data           | Final columns: ['SYMBOL', 'SECTOR', 'LDCP', 'OPEN', 'HIGH', 'LOW', 'CURRENT', 'CHANGE', 'CHANGE (%)', 'VOLUME', 'YEAR', 'MONTH', 'DAY', 'HOUR', 'MINUTE', 'DATETIME']
2026-07-27 06:38:48 | DEBUG    | get_file_path        | Generated file path: data/2026/07/2026-07-27.xlsx
2026-07-27 06:38:48 | INFO     | save_data            | Saving data to: data/2026/07/2026-07-27.xlsx
2026-07-27 06:38:48 | DEBUG    | _create_backup       | Backup created: data/2026/07/backups/2026-07-27_backup_20260727_063848.xlsx
2026-07-27 06:38:48 | DEBUG    | _cleanup_old_backups | Removed old backup: 2026-07-27_backup_20260727_061244.xlsx
2026-07-27 06:38:48 | DEBUG    | save_data            | Existing file found, merging data...
2026-07-27 06:38:51 | DEBUG    | save_data            | Loaded 21915 existing rows
2026-07-27 06:38:51 | DEBUG    | save_data            | Combined to 22399 rows
2026-07-27 06:38:51 | DEBUG    | save_data            | Writing to temporary file...
2026-07-27 06:38:55 | DEBUG    | save_data            | Data written to temp file: /home/runner/work/Thalorae-BackLioraen/Thalorae-BackLioraen/data/2026/07/tmputpphst0.xlsx
2026-07-27 06:38:55 | DEBUG    | save_data            | Temp file moved to final location
2026-07-27 06:38:55 | INFO     | save_data            | ✅ Data saved successfully (22399 total rows, 1,666,099 bytes)
2026-07-27 06:38:55 | INFO     | run                  | ======================================================================
2026-07-27 06:38:55 | INFO     | run                  | 📊 EXECUTION SUMMARY:
2026-07-27 06:38:55 | INFO     | run                  |    ✅ Status: SUCCESS
2026-07-27 06:38:55 | INFO     | run                  |    - Rows processed: 484
2026-07-27 06:38:55 | INFO     | run                  |    - Unique symbols: 484
2026-07-27 06:38:55 | INFO     | run                  |    - Timestamp: 2026-07-27 11:38:43
2026-07-27 06:38:55 | INFO     | run                  |    - File: data/2026/07/2026-07-27.xlsx
2026-07-27 06:38:55 | INFO     | run                  | ======================================================================
2026-07-27 06:38:55 | DEBUG    | run                  | Sample data (first row):
2026-07-27 06:38:55 | DEBUG    | run                  | {'SYMBOL': 'CNERGY', 'SECTOR': 825, 'LDCP': 10.29, 'OPEN': 10.6, 'HIGH': 10.89, 'LOW': 10.59, 'CURRENT': 10.85, 'CHANGE': 0.56, 'CHANGE (%)': nan, 'VOLUME': 35594074, 'YEAR': 2026, 'MONTH': 7, 'DAY': 27, 'HOUR': 11, 'MINUTE': 38, 'DATETIME': '2026-07-27 11:38'}
2026-07-27 06:38:55 | DEBUG    | close                | Session closed
2026-07-27 06:43:55 | INFO     | run                  | ======================================================================
2026-07-27 06:43:55 | INFO     | run                  | 🚀 MARKET DATA SCRAPER - SINGLE EXECUTION
2026-07-27 06:43:55 | INFO     | run                  | ======================================================================
2026-07-27 06:43:55 | INFO     | run                  | Execution Time: 2026-07-27 11:43:55 PKT
2026-07-27 06:43:55 | INFO     | run                  | Configuration:
2026-07-27 06:43:55 | INFO     | run                  |    - Timezone: Asia/Karachi
2026-07-27 06:43:55 | INFO     | run                  |    - Data directory: data
2026-07-27 06:43:55 | INFO     | run                  |    - Log directory: logs
2026-07-27 06:43:55 | INFO     | run                  |    - Excluded symbols: {'XD', 'XT', 'XS', 'XR'}
2026-07-27 06:43:55 | INFO     | run                  | ======================================================================
2026-07-27 06:43:55 | INFO     | fetch_data           | Fetching data (Attempt 1/3)...
2026-07-27 06:43:55 | DEBUG    | fetch_data           | Establishing session with https://dps.psx.com.pk/
2026-07-27 06:44:00 | DEBUG    | fetch_data           | Requesting data from https://dps.psx.com.pk/market-watch
2026-07-27 06:44:02 | DEBUG    | fetch_data           | Response status: 200
2026-07-27 06:44:02 | DEBUG    | fetch_data           | Response content type: text/html; charset=utf-8
2026-07-27 06:44:02 | DEBUG    | fetch_data           | Response size: 462552 bytes
2026-07-27 06:44:02 | INFO     | fetch_data           | ✅ Data fetched successfully (Status: 200)
2026-07-27 06:44:02 | DEBUG    | parse_json           | Attempting JSON parsing...
2026-07-27 06:44:02 | DEBUG    | parse_json           | Response preview: <table class="tbl" data-page-length="25"><thead class="tbl__head"><!-- tr--><!--   th(colspan="11")--><!--   th.center(colspan="2", style="width: 110px;") TOTAL BUY ORDERS--><!--   th.center(colspan="2", style="width: 110px;") TOTAL SELL ORDERS--><tr><th data-name="symbol">SYMBOL</th><th data-name="sector">SECTOR</th><th data-name="listed">LISTED IN</th><th class="right" data-name="ldcp">LDCP</th><th class="right" data-name="open">OPEN</th><th class="right" data-name="high">HIGH</th><th class="r
2026-07-27 06:44:02 | WARNING  | parse_json           | ⚠️ JSON parsing failed: Expecting value: line 1 column 1 (char 0)
2026-07-27 06:44:02 | INFO     | run                  | JSON parsing failed, trying HTML fallback...
2026-07-27 06:44:02 | INFO     | parse_html           | Attempting HTML fallback parsing...
2026-07-27 06:44:02 | DEBUG    | parse_html           | Found 1 table(s) in HTML
2026-07-27 06:44:02 | DEBUG    | parse_html           | Table columns: ['SYMBOL', 'SECTOR', 'LISTED IN', 'LDCP', 'OPEN', 'HIGH', 'LOW', 'CURRENT', 'CHANGE', 'CHANGE (%)', 'VOLUME']
2026-07-27 06:44:02 | DEBUG    | parse_html           | Table shape: (484, 11)
2026-07-27 06:44:02 | INFO     | parse_html           | ✅ HTML parsed successfully (484 rows)
2026-07-27 06:44:02 | INFO     | clean_data           | Cleaning data...
2026-07-27 06:44:02 | DEBUG    | clean_data           | Initial shape: (484, 11)
2026-07-27 06:44:02 | DEBUG    | clean_data           | Initial columns: ['SYMBOL', 'SECTOR', 'LISTED IN', 'LDCP', 'OPEN', 'HIGH', 'LOW', 'CURRENT', 'CHANGE', 'CHANGE (%)', 'VOLUME']
2026-07-27 06:44:02 | DEBUG    | clean_data           | Removed 'LISTED IN' column
2026-07-27 06:44:02 | DEBUG    | clean_data           | Converted LDCP from float64 to numeric
2026-07-27 06:44:02 | DEBUG    | clean_data           | Converted OPEN from float64 to numeric
2026-07-27 06:44:02 | DEBUG    | clean_data           | Converted HIGH from float64 to numeric
2026-07-27 06:44:02 | DEBUG    | clean_data           | Converted LOW from float64 to numeric
2026-07-27 06:44:02 | DEBUG    | clean_data           | Converted CURRENT from float64 to numeric
2026-07-27 06:44:02 | DEBUG    | clean_data           | Converted CHANGE from float64 to numeric
2026-07-27 06:44:02 | WARNING  | clean_data           | Column CHANGE (%): 484 values could not be converted to numeric
2026-07-27 06:44:02 | DEBUG    | clean_data           | Converted CHANGE (%) from str to numeric
2026-07-27 06:44:02 | DEBUG    | clean_data           | Converted VOLUME from int64 to numeric
2026-07-27 06:44:02 | INFO     | clean_data           | ✅ Data cleaned (484 rows, 16 columns)
2026-07-27 06:44:02 | DEBUG    | clean_data           | Final columns: ['SYMBOL', 'SECTOR', 'LDCP', 'OPEN', 'HIGH', 'LOW', 'CURRENT', 'CHANGE', 'CHANGE (%)', 'VOLUME', 'YEAR', 'MONTH', 'DAY', 'HOUR', 'MINUTE', 'DATETIME']
2026-07-27 06:44:02 | DEBUG    | get_file_path        | Generated file path: data/2026/07/2026-07-27.xlsx
2026-07-27 06:44:02 | INFO     | save_data            | Saving data to: data/2026/07/2026-07-27.xlsx
2026-07-27 06:44:02 | DEBUG    | _create_backup       | Backup created: data/2026/07/backups/2026-07-27_backup_20260727_064402.xlsx
2026-07-27 06:44:02 | DEBUG    | _cleanup_old_backups | Removed old backup: 2026-07-27_backup_20260727_061756.xlsx
2026-07-27 06:44:02 | DEBUG    | save_data            | Existing file found, merging data...
2026-07-27 06:44:05 | DEBUG    | save_data            | Loaded 22399 existing rows
2026-07-27 06:44:05 | DEBUG    | save_data            | Combined to 22883 rows
2026-07-27 06:44:05 | DEBUG    | save_data            | Writing to temporary file...
2026-07-27 06:44:09 | DEBUG    | save_data            | Data written to temp file: /home/runner/work/Thalorae-BackLioraen/Thalorae-BackLioraen/data/2026/07/tmpqyzqhur9.xlsx
2026-07-27 06:44:09 | DEBUG    | save_data            | Temp file moved to final location
2026-07-27 06:44:09 | INFO     | save_data            | ✅ Data saved successfully (22883 total rows, 1,702,077 bytes)
2026-07-27 06:44:09 | INFO     | run                  | ======================================================================
2026-07-27 06:44:09 | INFO     | run                  | 📊 EXECUTION SUMMARY:
2026-07-27 06:44:09 | INFO     | run                  |    ✅ Status: SUCCESS
2026-07-27 06:44:09 | INFO     | run                  |    - Rows processed: 484
2026-07-27 06:44:09 | INFO     | run                  |    - Unique symbols: 484
2026-07-27 06:44:09 | INFO     | run                  |    - Timestamp: 2026-07-27 11:43:55
2026-07-27 06:44:09 | INFO     | run                  |    - File: data/2026/07/2026-07-27.xlsx
2026-07-27 06:44:09 | INFO     | run                  | ======================================================================
2026-07-27 06:44:09 | DEBUG    | run                  | Sample data (first row):
2026-07-27 06:44:09 | DEBUG    | run                  | {'SYMBOL': 'CNERGY', 'SECTOR': 825, 'LDCP': 10.29, 'OPEN': 10.6, 'HIGH': 10.98, 'LOW': 10.59, 'CURRENT': 10.92, 'CHANGE': 0.63, 'CHANGE (%)': nan, 'VOLUME': 46681061, 'YEAR': 2026, 'MONTH': 7, 'DAY': 27, 'HOUR': 11, 'MINUTE': 43, 'DATETIME': '2026-07-27 11:43'}
2026-07-27 06:44:09 | DEBUG    | close                | Session closed
2026-07-27 06:49:10 | INFO     | run                  | ======================================================================
2026-07-27 06:49:10 | INFO     | run                  | 🚀 MARKET DATA SCRAPER - SINGLE EXECUTION
2026-07-27 06:49:10 | INFO     | run                  | ======================================================================
2026-07-27 06:49:10 | INFO     | run                  | Execution Time: 2026-07-27 11:49:10 PKT
2026-07-27 06:49:10 | INFO     | run                  | Configuration:
2026-07-27 06:49:10 | INFO     | run                  |    - Timezone: Asia/Karachi
2026-07-27 06:49:10 | INFO     | run                  |    - Data directory: data
2026-07-27 06:49:10 | INFO     | run                  |    - Log directory: logs
2026-07-27 06:49:10 | INFO     | run                  |    - Excluded symbols: {'XR', 'XS', 'XT', 'XD'}
2026-07-27 06:49:10 | INFO     | run                  | ======================================================================
2026-07-27 06:49:10 | INFO     | fetch_data           | Fetching data (Attempt 1/3)...
2026-07-27 06:49:10 | DEBUG    | fetch_data           | Establishing session with https://dps.psx.com.pk/
2026-07-27 06:49:13 | DEBUG    | fetch_data           | Requesting data from https://dps.psx.com.pk/market-watch
2026-07-27 06:49:14 | DEBUG    | fetch_data           | Response status: 200
2026-07-27 06:49:14 | DEBUG    | fetch_data           | Response content type: text/html; charset=utf-8
2026-07-27 06:49:14 | DEBUG    | fetch_data           | Response size: 465654 bytes
2026-07-27 06:49:14 | INFO     | fetch_data           | ✅ Data fetched successfully (Status: 200)
2026-07-27 06:49:14 | DEBUG    | parse_json           | Attempting JSON parsing...
2026-07-27 06:49:14 | DEBUG    | parse_json           | Response preview: <table class="tbl" data-page-length="25"><thead class="tbl__head"><!-- tr--><!--   th(colspan="11")--><!--   th.center(colspan="2", style="width: 110px;") TOTAL BUY ORDERS--><!--   th.center(colspan="2", style="width: 110px;") TOTAL SELL ORDERS--><tr><th data-name="symbol">SYMBOL</th><th data-name="sector">SECTOR</th><th data-name="listed">LISTED IN</th><th class="right" data-name="ldcp">LDCP</th><th class="right" data-name="open">OPEN</th><th class="right" data-name="high">HIGH</th><th class="r
2026-07-27 06:49:14 | WARNING  | parse_json           | ⚠️ JSON parsing failed: Expecting value: line 1 column 1 (char 0)
2026-07-27 06:49:14 | INFO     | run                  | JSON parsing failed, trying HTML fallback...
2026-07-27 06:49:14 | INFO     | parse_html           | Attempting HTML fallback parsing...
2026-07-27 06:49:14 | DEBUG    | parse_html           | Found 1 table(s) in HTML
2026-07-27 06:49:14 | DEBUG    | parse_html           | Table columns: ['SYMBOL', 'SECTOR', 'LISTED IN', 'LDCP', 'OPEN', 'HIGH', 'LOW', 'CURRENT', 'CHANGE', 'CHANGE (%)', 'VOLUME']
2026-07-27 06:49:14 | DEBUG    | parse_html           | Table shape: (487, 11)
2026-07-27 06:49:14 | INFO     | parse_html           | ✅ HTML parsed successfully (487 rows)
2026-07-27 06:49:14 | INFO     | clean_data           | Cleaning data...
2026-07-27 06:49:14 | DEBUG    | clean_data           | Initial shape: (487, 11)
2026-07-27 06:49:14 | DEBUG    | clean_data           | Initial columns: ['SYMBOL', 'SECTOR', 'LISTED IN', 'LDCP', 'OPEN', 'HIGH', 'LOW', 'CURRENT', 'CHANGE', 'CHANGE (%)', 'VOLUME']
2026-07-27 06:49:14 | DEBUG    | clean_data           | Removed 'LISTED IN' column
2026-07-27 06:49:14 | DEBUG    | clean_data           | Converted LDCP from float64 to numeric
2026-07-27 06:49:14 | DEBUG    | clean_data           | Converted OPEN from float64 to numeric
2026-07-27 06:49:14 | DEBUG    | clean_data           | Converted HIGH from float64 to numeric
2026-07-27 06:49:14 | DEBUG    | clean_data           | Converted LOW from float64 to numeric
2026-07-27 06:49:14 | DEBUG    | clean_data           | Converted CURRENT from float64 to numeric
2026-07-27 06:49:14 | DEBUG    | clean_data           | Converted CHANGE from float64 to numeric
2026-07-27 06:49:14 | WARNING  | clean_data           | Column CHANGE (%): 487 values could not be converted to numeric
2026-07-27 06:49:14 | DEBUG    | clean_data           | Converted CHANGE (%) from str to numeric
2026-07-27 06:49:14 | DEBUG    | clean_data           | Converted VOLUME from int64 to numeric
2026-07-27 06:49:14 | INFO     | clean_data           | ✅ Data cleaned (487 rows, 16 columns)
2026-07-27 06:49:14 | DEBUG    | clean_data           | Final columns: ['SYMBOL', 'SECTOR', 'LDCP', 'OPEN', 'HIGH', 'LOW', 'CURRENT', 'CHANGE', 'CHANGE (%)', 'VOLUME', 'YEAR', 'MONTH', 'DAY', 'HOUR', 'MINUTE', 'DATETIME']
2026-07-27 06:49:14 | DEBUG    | get_file_path        | Generated file path: data/2026/07/2026-07-27.xlsx
2026-07-27 06:49:14 | INFO     | save_data            | Saving data to: data/2026/07/2026-07-27.xlsx
2026-07-27 06:49:14 | DEBUG    | _create_backup       | Backup created: data/2026/07/backups/2026-07-27_backup_20260727_064914.xlsx
2026-07-27 06:49:14 | DEBUG    | _cleanup_old_backups | Removed old backup: 2026-07-27_backup_20260727_062310.xlsx
2026-07-27 06:49:14 | DEBUG    | save_data            | Existing file found, merging data...
2026-07-27 06:49:16 | DEBUG    | save_data            | Loaded 22883 existing rows
2026-07-27 06:49:16 | DEBUG    | save_data            | Combined to 23370 rows
2026-07-27 06:49:16 | DEBUG    | save_data            | Writing to temporary file...
2026-07-27 06:49:21 | DEBUG    | save_data            | Data written to temp file: /home/runner/work/Thalorae-BackLioraen/Thalorae-BackLioraen/data/2026/07/tmpi20r02tk.xlsx
2026-07-27 06:49:21 | DEBUG    | save_data            | Temp file moved to final location
2026-07-27 06:49:21 | INFO     | save_data            | ✅ Data saved successfully (23370 total rows, 1,738,323 bytes)
2026-07-27 06:49:21 | INFO     | run                  | ======================================================================
2026-07-27 06:49:21 | INFO     | run                  | 📊 EXECUTION SUMMARY:
2026-07-27 06:49:21 | INFO     | run                  |    ✅ Status: SUCCESS
2026-07-27 06:49:21 | INFO     | run                  |    - Rows processed: 487
2026-07-27 06:49:21 | INFO     | run                  |    - Unique symbols: 487
2026-07-27 06:49:21 | INFO     | run                  |    - Timestamp: 2026-07-27 11:49:10
2026-07-27 06:49:21 | INFO     | run                  |    - File: data/2026/07/2026-07-27.xlsx
2026-07-27 06:49:21 | INFO     | run                  | ======================================================================
2026-07-27 06:49:21 | DEBUG    | run                  | Sample data (first row):
2026-07-27 06:49:21 | DEBUG    | run                  | {'SYMBOL': 'CNERGY', 'SECTOR': 825, 'LDCP': 10.29, 'OPEN': 10.6, 'HIGH': 10.98, 'LOW': 10.59, 'CURRENT': 10.93, 'CHANGE': 0.64, 'CHANGE (%)': nan, 'VOLUME': 51074568, 'YEAR': 2026, 'MONTH': 7, 'DAY': 27, 'HOUR': 11, 'MINUTE': 49, 'DATETIME': '2026-07-27 11:49'}
2026-07-27 06:49:21 | DEBUG    | close                | Session closed
2026-07-27 06:54:21 | INFO     | run                  | ======================================================================
2026-07-27 06:54:21 | INFO     | run                  | 🚀 MARKET DATA SCRAPER - SINGLE EXECUTION
2026-07-27 06:54:21 | INFO     | run                  | ======================================================================
2026-07-27 06:54:21 | INFO     | run                  | Execution Time: 2026-07-27 11:54:21 PKT
2026-07-27 06:54:21 | INFO     | run                  | Configuration:
2026-07-27 06:54:21 | INFO     | run                  |    - Timezone: Asia/Karachi
2026-07-27 06:54:21 | INFO     | run                  |    - Data directory: data
2026-07-27 06:54:21 | INFO     | run                  |    - Log directory: logs
2026-07-27 06:54:21 | INFO     | run                  |    - Excluded symbols: {'XT', 'XS', 'XD', 'XR'}
2026-07-27 06:54:21 | INFO     | run                  | ======================================================================
2026-07-27 06:54:21 | INFO     | fetch_data           | Fetching data (Attempt 1/3)...
2026-07-27 06:54:21 | DEBUG    | fetch_data           | Establishing session with https://dps.psx.com.pk/
2026-07-27 06:54:24 | DEBUG    | fetch_data           | Requesting data from https://dps.psx.com.pk/market-watch
2026-07-27 06:54:26 | DEBUG    | fetch_data           | Response status: 200
2026-07-27 06:54:26 | DEBUG    | fetch_data           | Response content type: text/html; charset=utf-8
2026-07-27 06:54:26 | DEBUG    | fetch_data           | Response size: 465623 bytes
2026-07-27 06:54:26 | INFO     | fetch_data           | ✅ Data fetched successfully (Status: 200)
2026-07-27 06:54:26 | DEBUG    | parse_json           | Attempting JSON parsing...
2026-07-27 06:54:26 | DEBUG    | parse_json           | Response preview: <table class="tbl" data-page-length="25"><thead class="tbl__head"><!-- tr--><!--   th(colspan="11")--><!--   th.center(colspan="2", style="width: 110px;") TOTAL BUY ORDERS--><!--   th.center(colspan="2", style="width: 110px;") TOTAL SELL ORDERS--><tr><th data-name="symbol">SYMBOL</th><th data-name="sector">SECTOR</th><th data-name="listed">LISTED IN</th><th class="right" data-name="ldcp">LDCP</th><th class="right" data-name="open">OPEN</th><th class="right" data-name="high">HIGH</th><th class="r
2026-07-27 06:54:26 | WARNING  | parse_json           | ⚠️ JSON parsing failed: Expecting value: line 1 column 1 (char 0)
2026-07-27 06:54:26 | INFO     | run                  | JSON parsing failed, trying HTML fallback...
2026-07-27 06:54:26 | INFO     | parse_html           | Attempting HTML fallback parsing...
2026-07-27 06:54:26 | DEBUG    | parse_html           | Found 1 table(s) in HTML
2026-07-27 06:54:26 | DEBUG    | parse_html           | Table columns: ['SYMBOL', 'SECTOR', 'LISTED IN', 'LDCP', 'OPEN', 'HIGH', 'LOW', 'CURRENT', 'CHANGE', 'CHANGE (%)', 'VOLUME']
2026-07-27 06:54:26 | DEBUG    | parse_html           | Table shape: (487, 11)
2026-07-27 06:54:26 | INFO     | parse_html           | ✅ HTML parsed successfully (487 rows)
2026-07-27 06:54:26 | INFO     | clean_data           | Cleaning data...
2026-07-27 06:54:26 | DEBUG    | clean_data           | Initial shape: (487, 11)
2026-07-27 06:54:26 | DEBUG    | clean_data           | Initial columns: ['SYMBOL', 'SECTOR', 'LISTED IN', 'LDCP', 'OPEN', 'HIGH', 'LOW', 'CURRENT', 'CHANGE', 'CHANGE (%)', 'VOLUME']
2026-07-27 06:54:26 | DEBUG    | clean_data           | Removed 'LISTED IN' column
2026-07-27 06:54:26 | DEBUG    | clean_data           | Converted LDCP from float64 to numeric
2026-07-27 06:54:26 | DEBUG    | clean_data           | Converted OPEN from float64 to numeric
2026-07-27 06:54:26 | DEBUG    | clean_data           | Converted HIGH from float64 to numeric
2026-07-27 06:54:26 | DEBUG    | clean_data           | Converted LOW from float64 to numeric
2026-07-27 06:54:26 | DEBUG    | clean_data           | Converted CURRENT from float64 to numeric
2026-07-27 06:54:26 | DEBUG    | clean_data           | Converted CHANGE from float64 to numeric
2026-07-27 06:54:26 | WARNING  | clean_data           | Column CHANGE (%): 487 values could not be converted to numeric
2026-07-27 06:54:26 | DEBUG    | clean_data           | Converted CHANGE (%) from str to numeric
2026-07-27 06:54:26 | DEBUG    | clean_data           | Converted VOLUME from int64 to numeric
2026-07-27 06:54:26 | INFO     | clean_data           | ✅ Data cleaned (487 rows, 16 columns)
2026-07-27 06:54:26 | DEBUG    | clean_data           | Final columns: ['SYMBOL', 'SECTOR', 'LDCP', 'OPEN', 'HIGH', 'LOW', 'CURRENT', 'CHANGE', 'CHANGE (%)', 'VOLUME', 'YEAR', 'MONTH', 'DAY', 'HOUR', 'MINUTE', 'DATETIME']
2026-07-27 06:54:26 | DEBUG    | get_file_path        | Generated file path: data/2026/07/2026-07-27.xlsx
2026-07-27 06:54:26 | INFO     | save_data            | Saving data to: data/2026/07/2026-07-27.xlsx
2026-07-27 06:54:26 | DEBUG    | _create_backup       | Backup created: data/2026/07/backups/2026-07-27_backup_20260727_065426.xlsx
2026-07-27 06:54:26 | DEBUG    | _cleanup_old_backups | Removed old backup: 2026-07-27_backup_20260727_062824.xlsx
2026-07-27 06:54:26 | DEBUG    | save_data            | Existing file found, merging data...
2026-07-27 06:54:28 | DEBUG    | save_data            | Loaded 23370 existing rows
2026-07-27 06:54:28 | DEBUG    | save_data            | Combined to 23857 rows
2026-07-27 06:54:28 | DEBUG    | save_data            | Writing to temporary file...
2026-07-27 06:54:33 | DEBUG    | save_data            | Data written to temp file: /home/runner/work/Thalorae-BackLioraen/Thalorae-BackLioraen/data/2026/07/tmpxgfs9_f_.xlsx
2026-07-27 06:54:33 | DEBUG    | save_data            | Temp file moved to final location
2026-07-27 06:54:33 | INFO     | save_data            | ✅ Data saved successfully (23857 total rows, 1,774,471 bytes)
2026-07-27 06:54:33 | INFO     | run                  | ======================================================================
2026-07-27 06:54:33 | INFO     | run                  | 📊 EXECUTION SUMMARY:
2026-07-27 06:54:33 | INFO     | run                  |    ✅ Status: SUCCESS
2026-07-27 06:54:33 | INFO     | run                  |    - Rows processed: 487
2026-07-27 06:54:33 | INFO     | run                  |    - Unique symbols: 487
2026-07-27 06:54:33 | INFO     | run                  |    - Timestamp: 2026-07-27 11:54:21
2026-07-27 06:54:33 | INFO     | run                  |    - File: data/2026/07/2026-07-27.xlsx
2026-07-27 06:54:33 | INFO     | run                  | ======================================================================
2026-07-27 06:54:33 | DEBUG    | run                  | Sample data (first row):
2026-07-27 06:54:33 | DEBUG    | run                  | {'SYMBOL': 'CNERGY', 'SECTOR': 825, 'LDCP': 10.29, 'OPEN': 10.6, 'HIGH': 10.99, 'LOW': 10.59, 'CURRENT': 10.96, 'CHANGE': 0.67, 'CHANGE (%)': nan, 'VOLUME': 55302320, 'YEAR': 2026, 'MONTH': 7, 'DAY': 27, 'HOUR': 11, 'MINUTE': 54, 'DATETIME': '2026-07-27 11:54'}
2026-07-27 06:54:33 | DEBUG    | close                | Session closed
2026-07-27 06:59:33 | INFO     | run                  | ======================================================================
2026-07-27 06:59:33 | INFO     | run                  | 🚀 MARKET DATA SCRAPER - SINGLE EXECUTION
2026-07-27 06:59:33 | INFO     | run                  | ======================================================================
2026-07-27 06:59:33 | INFO     | run                  | Execution Time: 2026-07-27 11:59:33 PKT
2026-07-27 06:59:33 | INFO     | run                  | Configuration:
2026-07-27 06:59:33 | INFO     | run                  |    - Timezone: Asia/Karachi
2026-07-27 06:59:33 | INFO     | run                  |    - Data directory: data
2026-07-27 06:59:33 | INFO     | run                  |    - Log directory: logs
2026-07-27 06:59:33 | INFO     | run                  |    - Excluded symbols: {'XR', 'XS', 'XD', 'XT'}
2026-07-27 06:59:33 | INFO     | run                  | ======================================================================
2026-07-27 06:59:33 | INFO     | fetch_data           | Fetching data (Attempt 1/3)...
2026-07-27 06:59:33 | DEBUG    | fetch_data           | Establishing session with https://dps.psx.com.pk/
2026-07-27 06:59:37 | DEBUG    | fetch_data           | Requesting data from https://dps.psx.com.pk/market-watch
2026-07-27 06:59:38 | DEBUG    | fetch_data           | Response status: 200
2026-07-27 06:59:38 | DEBUG    | fetch_data           | Response content type: text/html; charset=utf-8
2026-07-27 06:59:38 | DEBUG    | fetch_data           | Response size: 465766 bytes
2026-07-27 06:59:38 | INFO     | fetch_data           | ✅ Data fetched successfully (Status: 200)
2026-07-27 06:59:38 | DEBUG    | parse_json           | Attempting JSON parsing...
2026-07-27 06:59:38 | DEBUG    | parse_json           | Response preview: <table class="tbl" data-page-length="25"><thead class="tbl__head"><!-- tr--><!--   th(colspan="11")--><!--   th.center(colspan="2", style="width: 110px;") TOTAL BUY ORDERS--><!--   th.center(colspan="2", style="width: 110px;") TOTAL SELL ORDERS--><tr><th data-name="symbol">SYMBOL</th><th data-name="sector">SECTOR</th><th data-name="listed">LISTED IN</th><th class="right" data-name="ldcp">LDCP</th><th class="right" data-name="open">OPEN</th><th class="right" data-name="high">HIGH</th><th class="r
2026-07-27 06:59:38 | WARNING  | parse_json           | ⚠️ JSON parsing failed: Expecting value: line 1 column 1 (char 0)
2026-07-27 06:59:38 | INFO     | run                  | JSON parsing failed, trying HTML fallback...
2026-07-27 06:59:38 | INFO     | parse_html           | Attempting HTML fallback parsing...
2026-07-27 06:59:38 | DEBUG    | parse_html           | Found 1 table(s) in HTML
2026-07-27 06:59:38 | DEBUG    | parse_html           | Table columns: ['SYMBOL', 'SECTOR', 'LISTED IN', 'LDCP', 'OPEN', 'HIGH', 'LOW', 'CURRENT', 'CHANGE', 'CHANGE (%)', 'VOLUME']
2026-07-27 06:59:38 | DEBUG    | parse_html           | Table shape: (487, 11)
2026-07-27 06:59:38 | INFO     | parse_html           | ✅ HTML parsed successfully (487 rows)
2026-07-27 06:59:38 | INFO     | clean_data           | Cleaning data...
2026-07-27 06:59:38 | DEBUG    | clean_data           | Initial shape: (487, 11)
2026-07-27 06:59:38 | DEBUG    | clean_data           | Initial columns: ['SYMBOL', 'SECTOR', 'LISTED IN', 'LDCP', 'OPEN', 'HIGH', 'LOW', 'CURRENT', 'CHANGE', 'CHANGE (%)', 'VOLUME']
2026-07-27 06:59:38 | DEBUG    | clean_data           | Removed 'LISTED IN' column
2026-07-27 06:59:38 | DEBUG    | clean_data           | Converted LDCP from float64 to numeric
2026-07-27 06:59:38 | DEBUG    | clean_data           | Converted OPEN from float64 to numeric
2026-07-27 06:59:38 | DEBUG    | clean_data           | Converted HIGH from float64 to numeric
2026-07-27 06:59:38 | DEBUG    | clean_data           | Converted LOW from float64 to numeric
2026-07-27 06:59:38 | DEBUG    | clean_data           | Converted CURRENT from float64 to numeric
2026-07-27 06:59:38 | DEBUG    | clean_data           | Converted CHANGE from float64 to numeric
2026-07-27 06:59:38 | WARNING  | clean_data           | Column CHANGE (%): 487 values could not be converted to numeric
2026-07-27 06:59:38 | DEBUG    | clean_data           | Converted CHANGE (%) from str to numeric
2026-07-27 06:59:38 | DEBUG    | clean_data           | Converted VOLUME from int64 to numeric
2026-07-27 06:59:38 | INFO     | clean_data           | ✅ Data cleaned (487 rows, 16 columns)
2026-07-27 06:59:38 | DEBUG    | clean_data           | Final columns: ['SYMBOL', 'SECTOR', 'LDCP', 'OPEN', 'HIGH', 'LOW', 'CURRENT', 'CHANGE', 'CHANGE (%)', 'VOLUME', 'YEAR', 'MONTH', 'DAY', 'HOUR', 'MINUTE', 'DATETIME']
2026-07-27 06:59:38 | DEBUG    | get_file_path        | Generated file path: data/2026/07/2026-07-27.xlsx
2026-07-27 06:59:38 | INFO     | save_data            | Saving data to: data/2026/07/2026-07-27.xlsx
2026-07-27 06:59:38 | DEBUG    | _create_backup       | Backup created: data/2026/07/backups/2026-07-27_backup_20260727_065938.xlsx
2026-07-27 06:59:38 | DEBUG    | _cleanup_old_backups | Removed old backup: 2026-07-27_backup_20260727_063336.xlsx
2026-07-27 06:59:38 | DEBUG    | save_data            | Existing file found, merging data...
2026-07-27 06:59:41 | DEBUG    | save_data            | Loaded 23857 existing rows
2026-07-27 06:59:41 | DEBUG    | save_data            | Combined to 24344 rows
2026-07-27 06:59:41 | DEBUG    | save_data            | Writing to temporary file...
2026-07-27 06:59:45 | DEBUG    | save_data            | Data written to temp file: /home/runner/work/Thalorae-BackLioraen/Thalorae-BackLioraen/data/2026/07/tmpdapf4zx_.xlsx
2026-07-27 06:59:45 | DEBUG    | save_data            | Temp file moved to final location
2026-07-27 06:59:45 | INFO     | save_data            | ✅ Data saved successfully (24344 total rows, 1,810,725 bytes)
2026-07-27 06:59:45 | INFO     | run                  | ======================================================================
2026-07-27 06:59:45 | INFO     | run                  | 📊 EXECUTION SUMMARY:
2026-07-27 06:59:45 | INFO     | run                  |    ✅ Status: SUCCESS
2026-07-27 06:59:45 | INFO     | run                  |    - Rows processed: 487
2026-07-27 06:59:45 | INFO     | run                  |    - Unique symbols: 487
2026-07-27 06:59:45 | INFO     | run                  |    - Timestamp: 2026-07-27 11:59:33
2026-07-27 06:59:45 | INFO     | run                  |    - File: data/2026/07/2026-07-27.xlsx
2026-07-27 06:59:45 | INFO     | run                  | ======================================================================
2026-07-27 06:59:45 | DEBUG    | run                  | Sample data (first row):
2026-07-27 06:59:45 | DEBUG    | run                  | {'SYMBOL': 'CNERGY', 'SECTOR': 825, 'LDCP': 10.29, 'OPEN': 10.6, 'HIGH': 10.99, 'LOW': 10.59, 'CURRENT': 10.92, 'CHANGE': 0.63, 'CHANGE (%)': nan, 'VOLUME': 56772703, 'YEAR': 2026, 'MONTH': 7, 'DAY': 27, 'HOUR': 11, 'MINUTE': 59, 'DATETIME': '2026-07-27 11:59'}
2026-07-27 06:59:45 | DEBUG    | close                | Session closed
2026-07-27 07:04:46 | INFO     | run                  | ======================================================================
2026-07-27 07:04:46 | INFO     | run                  | 🚀 MARKET DATA SCRAPER - SINGLE EXECUTION
2026-07-27 07:04:46 | INFO     | run                  | ======================================================================
2026-07-27 07:04:46 | INFO     | run                  | Execution Time: 2026-07-27 12:04:46 PKT
2026-07-27 07:04:46 | INFO     | run                  | Configuration:
2026-07-27 07:04:46 | INFO     | run                  |    - Timezone: Asia/Karachi
2026-07-27 07:04:46 | INFO     | run                  |    - Data directory: data
2026-07-27 07:04:46 | INFO     | run                  |    - Log directory: logs
2026-07-27 07:04:46 | INFO     | run                  |    - Excluded symbols: {'XD', 'XS', 'XT', 'XR'}
2026-07-27 07:04:46 | INFO     | run                  | ======================================================================
2026-07-27 07:04:46 | INFO     | fetch_data           | Fetching data (Attempt 1/3)...
2026-07-27 07:04:46 | DEBUG    | fetch_data           | Establishing session with https://dps.psx.com.pk/
2026-07-27 07:04:49 | DEBUG    | fetch_data           | Requesting data from https://dps.psx.com.pk/market-watch
2026-07-27 07:04:50 | DEBUG    | fetch_data           | Response status: 200
2026-07-27 07:04:50 | DEBUG    | fetch_data           | Response content type: text/html; charset=utf-8
2026-07-27 07:04:50 | DEBUG    | fetch_data           | Response size: 466743 bytes
2026-07-27 07:04:50 | INFO     | fetch_data           | ✅ Data fetched successfully (Status: 200)
2026-07-27 07:04:50 | DEBUG    | parse_json           | Attempting JSON parsing...
2026-07-27 07:04:50 | DEBUG    | parse_json           | Response preview: <table class="tbl" data-page-length="25"><thead class="tbl__head"><!-- tr--><!--   th(colspan="11")--><!--   th.center(colspan="2", style="width: 110px;") TOTAL BUY ORDERS--><!--   th.center(colspan="2", style="width: 110px;") TOTAL SELL ORDERS--><tr><th data-name="symbol">SYMBOL</th><th data-name="sector">SECTOR</th><th data-name="listed">LISTED IN</th><th class="right" data-name="ldcp">LDCP</th><th class="right" data-name="open">OPEN</th><th class="right" data-name="high">HIGH</th><th class="r
2026-07-27 07:04:50 | WARNING  | parse_json           | ⚠️ JSON parsing failed: Expecting value: line 1 column 1 (char 0)
2026-07-27 07:04:50 | INFO     | run                  | JSON parsing failed, trying HTML fallback...
2026-07-27 07:04:50 | INFO     | parse_html           | Attempting HTML fallback parsing...
2026-07-27 07:04:50 | DEBUG    | parse_html           | Found 1 table(s) in HTML
2026-07-27 07:04:50 | DEBUG    | parse_html           | Table columns: ['SYMBOL', 'SECTOR', 'LISTED IN', 'LDCP', 'OPEN', 'HIGH', 'LOW', 'CURRENT', 'CHANGE', 'CHANGE (%)', 'VOLUME']
2026-07-27 07:04:50 | DEBUG    | parse_html           | Table shape: (488, 11)
2026-07-27 07:04:50 | INFO     | parse_html           | ✅ HTML parsed successfully (488 rows)
2026-07-27 07:04:50 | INFO     | clean_data           | Cleaning data...
2026-07-27 07:04:50 | DEBUG    | clean_data           | Initial shape: (488, 11)
2026-07-27 07:04:50 | DEBUG    | clean_data           | Initial columns: ['SYMBOL', 'SECTOR', 'LISTED IN', 'LDCP', 'OPEN', 'HIGH', 'LOW', 'CURRENT', 'CHANGE', 'CHANGE (%)', 'VOLUME']
2026-07-27 07:04:50 | DEBUG    | clean_data           | Removed 'LISTED IN' column
2026-07-27 07:04:50 | DEBUG    | clean_data           | Converted LDCP from float64 to numeric
2026-07-27 07:04:50 | DEBUG    | clean_data           | Converted OPEN from float64 to numeric
2026-07-27 07:04:50 | DEBUG    | clean_data           | Converted HIGH from float64 to numeric
2026-07-27 07:04:50 | DEBUG    | clean_data           | Converted LOW from float64 to numeric
2026-07-27 07:04:50 | DEBUG    | clean_data           | Converted CURRENT from float64 to numeric
2026-07-27 07:04:50 | DEBUG    | clean_data           | Converted CHANGE from float64 to numeric
2026-07-27 07:04:50 | WARNING  | clean_data           | Column CHANGE (%): 488 values could not be converted to numeric
2026-07-27 07:04:50 | DEBUG    | clean_data           | Converted CHANGE (%) from str to numeric
2026-07-27 07:04:50 | DEBUG    | clean_data           | Converted VOLUME from int64 to numeric
2026-07-27 07:04:50 | INFO     | clean_data           | ✅ Data cleaned (488 rows, 16 columns)
2026-07-27 07:04:50 | DEBUG    | clean_data           | Final columns: ['SYMBOL', 'SECTOR', 'LDCP', 'OPEN', 'HIGH', 'LOW', 'CURRENT', 'CHANGE', 'CHANGE (%)', 'VOLUME', 'YEAR', 'MONTH', 'DAY', 'HOUR', 'MINUTE', 'DATETIME']
2026-07-27 07:04:50 | DEBUG    | get_file_path        | Generated file path: data/2026/07/2026-07-27.xlsx
2026-07-27 07:04:50 | INFO     | save_data            | Saving data to: data/2026/07/2026-07-27.xlsx
2026-07-27 07:04:50 | DEBUG    | _create_backup       | Backup created: data/2026/07/backups/2026-07-27_backup_20260727_070450.xlsx
2026-07-27 07:04:50 | DEBUG    | _cleanup_old_backups | Removed old backup: 2026-07-27_backup_20260727_063848.xlsx
2026-07-27 07:04:50 | DEBUG    | save_data            | Existing file found, merging data...
2026-07-27 07:04:53 | DEBUG    | save_data            | Loaded 24344 existing rows
2026-07-27 07:04:53 | DEBUG    | save_data            | Combined to 24832 rows
2026-07-27 07:04:53 | DEBUG    | save_data            | Writing to temporary file...
2026-07-27 07:04:57 | DEBUG    | save_data            | Data written to temp file: /home/runner/work/Thalorae-BackLioraen/Thalorae-BackLioraen/data/2026/07/tmp6spmewj2.xlsx
2026-07-27 07:04:57 | DEBUG    | save_data            | Temp file moved to final location
2026-07-27 07:04:57 | INFO     | save_data            | ✅ Data saved successfully (24832 total rows, 1,847,072 bytes)
2026-07-27 07:04:57 | INFO     | run                  | ======================================================================
2026-07-27 07:04:57 | INFO     | run                  | 📊 EXECUTION SUMMARY:
2026-07-27 07:04:57 | INFO     | run                  |    ✅ Status: SUCCESS
2026-07-27 07:04:57 | INFO     | run                  |    - Rows processed: 488
2026-07-27 07:04:57 | INFO     | run                  |    - Unique symbols: 488
2026-07-27 07:04:57 | INFO     | run                  |    - Timestamp: 2026-07-27 12:04:46
2026-07-27 07:04:57 | INFO     | run                  |    - File: data/2026/07/2026-07-27.xlsx
2026-07-27 07:04:57 | INFO     | run                  | ======================================================================
2026-07-27 07:04:57 | DEBUG    | run                  | Sample data (first row):
2026-07-27 07:04:57 | DEBUG    | run                  | {'SYMBOL': 'CNERGY', 'SECTOR': 825, 'LDCP': 10.29, 'OPEN': 10.6, 'HIGH': 10.99, 'LOW': 10.59, 'CURRENT': 10.93, 'CHANGE': 0.64, 'CHANGE (%)': nan, 'VOLUME': 57207369, 'YEAR': 2026, 'MONTH': 7, 'DAY': 27, 'HOUR': 12, 'MINUTE': 4, 'DATETIME': '2026-07-27 12:04'}
2026-07-27 07:04:57 | DEBUG    | close                | Session closed
2026-07-27 07:09:58 | INFO     | run                  | ======================================================================
2026-07-27 07:09:58 | INFO     | run                  | 🚀 MARKET DATA SCRAPER - SINGLE EXECUTION
2026-07-27 07:09:58 | INFO     | run                  | ======================================================================
2026-07-27 07:09:58 | INFO     | run                  | Execution Time: 2026-07-27 12:09:58 PKT
2026-07-27 07:09:58 | INFO     | run                  | Configuration:
2026-07-27 07:09:58 | INFO     | run                  |    - Timezone: Asia/Karachi
2026-07-27 07:09:58 | INFO     | run                  |    - Data directory: data
2026-07-27 07:09:58 | INFO     | run                  |    - Log directory: logs
2026-07-27 07:09:58 | INFO     | run                  |    - Excluded symbols: {'XT', 'XD', 'XS', 'XR'}
2026-07-27 07:09:58 | INFO     | run                  | ======================================================================
2026-07-27 07:09:58 | INFO     | fetch_data           | Fetching data (Attempt 1/3)...
2026-07-27 07:09:58 | DEBUG    | fetch_data           | Establishing session with https://dps.psx.com.pk/
2026-07-27 07:10:02 | DEBUG    | fetch_data           | Requesting data from https://dps.psx.com.pk/market-watch
2026-07-27 07:10:05 | DEBUG    | fetch_data           | Response status: 200
2026-07-27 07:10:05 | DEBUG    | fetch_data           | Response content type: text/html; charset=utf-8
2026-07-27 07:10:05 | DEBUG    | fetch_data           | Response size: 467935 bytes
2026-07-27 07:10:05 | INFO     | fetch_data           | ✅ Data fetched successfully (Status: 200)
2026-07-27 07:10:05 | DEBUG    | parse_json           | Attempting JSON parsing...
2026-07-27 07:10:05 | DEBUG    | parse_json           | Response preview: <table class="tbl" data-page-length="25"><thead class="tbl__head"><!-- tr--><!--   th(colspan="11")--><!--   th.center(colspan="2", style="width: 110px;") TOTAL BUY ORDERS--><!--   th.center(colspan="2", style="width: 110px;") TOTAL SELL ORDERS--><tr><th data-name="symbol">SYMBOL</th><th data-name="sector">SECTOR</th><th data-name="listed">LISTED IN</th><th class="right" data-name="ldcp">LDCP</th><th class="right" data-name="open">OPEN</th><th class="right" data-name="high">HIGH</th><th class="r
2026-07-27 07:10:05 | WARNING  | parse_json           | ⚠️ JSON parsing failed: Expecting value: line 1 column 1 (char 0)
2026-07-27 07:10:05 | INFO     | run                  | JSON parsing failed, trying HTML fallback...
2026-07-27 07:10:05 | INFO     | parse_html           | Attempting HTML fallback parsing...
2026-07-27 07:10:05 | DEBUG    | parse_html           | Found 1 table(s) in HTML
2026-07-27 07:10:05 | DEBUG    | parse_html           | Table columns: ['SYMBOL', 'SECTOR', 'LISTED IN', 'LDCP', 'OPEN', 'HIGH', 'LOW', 'CURRENT', 'CHANGE', 'CHANGE (%)', 'VOLUME']
2026-07-27 07:10:05 | DEBUG    | parse_html           | Table shape: (489, 11)
2026-07-27 07:10:05 | INFO     | parse_html           | ✅ HTML parsed successfully (489 rows)
2026-07-27 07:10:05 | INFO     | clean_data           | Cleaning data...
2026-07-27 07:10:05 | DEBUG    | clean_data           | Initial shape: (489, 11)
2026-07-27 07:10:05 | DEBUG    | clean_data           | Initial columns: ['SYMBOL', 'SECTOR', 'LISTED IN', 'LDCP', 'OPEN', 'HIGH', 'LOW', 'CURRENT', 'CHANGE', 'CHANGE (%)', 'VOLUME']
2026-07-27 07:10:05 | DEBUG    | clean_data           | Removed 'LISTED IN' column
2026-07-27 07:10:05 | DEBUG    | clean_data           | Converted LDCP from float64 to numeric
2026-07-27 07:10:05 | DEBUG    | clean_data           | Converted OPEN from float64 to numeric
2026-07-27 07:10:05 | DEBUG    | clean_data           | Converted HIGH from float64 to numeric
2026-07-27 07:10:05 | DEBUG    | clean_data           | Converted LOW from float64 to numeric
2026-07-27 07:10:05 | DEBUG    | clean_data           | Converted CURRENT from float64 to numeric
2026-07-27 07:10:05 | DEBUG    | clean_data           | Converted CHANGE from float64 to numeric
2026-07-27 07:10:05 | WARNING  | clean_data           | Column CHANGE (%): 489 values could not be converted to numeric
2026-07-27 07:10:05 | DEBUG    | clean_data           | Converted CHANGE (%) from str to numeric
2026-07-27 07:10:05 | DEBUG    | clean_data           | Converted VOLUME from int64 to numeric
2026-07-27 07:10:05 | INFO     | clean_data           | ✅ Data cleaned (489 rows, 16 columns)
2026-07-27 07:10:05 | DEBUG    | clean_data           | Final columns: ['SYMBOL', 'SECTOR', 'LDCP', 'OPEN', 'HIGH', 'LOW', 'CURRENT', 'CHANGE', 'CHANGE (%)', 'VOLUME', 'YEAR', 'MONTH', 'DAY', 'HOUR', 'MINUTE', 'DATETIME']
2026-07-27 07:10:05 | DEBUG    | get_file_path        | Generated file path: data/2026/07/2026-07-27.xlsx
2026-07-27 07:10:05 | INFO     | save_data            | Saving data to: data/2026/07/2026-07-27.xlsx
2026-07-27 07:10:05 | DEBUG    | _create_backup       | Backup created: data/2026/07/backups/2026-07-27_backup_20260727_071005.xlsx
2026-07-27 07:10:05 | DEBUG    | _cleanup_old_backups | Removed old backup: 2026-07-27_backup_20260727_064402.xlsx
2026-07-27 07:10:05 | DEBUG    | save_data            | Existing file found, merging data...
2026-07-27 07:10:08 | DEBUG    | save_data            | Loaded 24832 existing rows
2026-07-27 07:10:08 | DEBUG    | save_data            | Combined to 25321 rows
2026-07-27 07:10:08 | DEBUG    | save_data            | Writing to temporary file...
2026-07-27 07:10:12 | DEBUG    | save_data            | Data written to temp file: /home/runner/work/Thalorae-BackLioraen/Thalorae-BackLioraen/data/2026/07/tmp1tdf9m9y.xlsx
2026-07-27 07:10:12 | DEBUG    | save_data            | Temp file moved to final location
2026-07-27 07:10:12 | INFO     | save_data            | ✅ Data saved successfully (25321 total rows, 1,883,488 bytes)
2026-07-27 07:10:12 | INFO     | run                  | ======================================================================
2026-07-27 07:10:12 | INFO     | run                  | 📊 EXECUTION SUMMARY:
2026-07-27 07:10:12 | INFO     | run                  |    ✅ Status: SUCCESS
2026-07-27 07:10:12 | INFO     | run                  |    - Rows processed: 489
2026-07-27 07:10:12 | INFO     | run                  |    - Unique symbols: 489
2026-07-27 07:10:12 | INFO     | run                  |    - Timestamp: 2026-07-27 12:09:58
2026-07-27 07:10:12 | INFO     | run                  |    - File: data/2026/07/2026-07-27.xlsx
2026-07-27 07:10:12 | INFO     | run                  | ======================================================================
2026-07-27 07:10:12 | DEBUG    | run                  | Sample data (first row):
2026-07-27 07:10:12 | DEBUG    | run                  | {'SYMBOL': 'CNERGY', 'SECTOR': 825, 'LDCP': 10.29, 'OPEN': 10.6, 'HIGH': 10.99, 'LOW': 10.59, 'CURRENT': 10.9, 'CHANGE': 0.61, 'CHANGE (%)': nan, 'VOLUME': 58173898, 'YEAR': 2026, 'MONTH': 7, 'DAY': 27, 'HOUR': 12, 'MINUTE': 9, 'DATETIME': '2026-07-27 12:09'}
2026-07-27 07:10:12 | DEBUG    | close                | Session closed
2026-07-27 07:15:13 | INFO     | run                  | ======================================================================
2026-07-27 07:15:13 | INFO     | run                  | 🚀 MARKET DATA SCRAPER - SINGLE EXECUTION
2026-07-27 07:15:13 | INFO     | run                  | ======================================================================
2026-07-27 07:15:13 | INFO     | run                  | Execution Time: 2026-07-27 12:15:13 PKT
2026-07-27 07:15:13 | INFO     | run                  | Configuration:
2026-07-27 07:15:13 | INFO     | run                  |    - Timezone: Asia/Karachi
2026-07-27 07:15:13 | INFO     | run                  |    - Data directory: data
2026-07-27 07:15:13 | INFO     | run                  |    - Log directory: logs
2026-07-27 07:15:13 | INFO     | run                  |    - Excluded symbols: {'XS', 'XD', 'XT', 'XR'}
2026-07-27 07:15:13 | INFO     | run                  | ======================================================================
2026-07-27 07:15:13 | INFO     | fetch_data           | Fetching data (Attempt 1/3)...
2026-07-27 07:15:13 | DEBUG    | fetch_data           | Establishing session with https://dps.psx.com.pk/
2026-07-27 07:15:17 | DEBUG    | fetch_data           | Requesting data from https://dps.psx.com.pk/market-watch
2026-07-27 07:15:17 | DEBUG    | fetch_data           | Response status: 200
2026-07-27 07:15:17 | DEBUG    | fetch_data           | Response content type: text/html; charset=utf-8
2026-07-27 07:15:17 | DEBUG    | fetch_data           | Response size: 467994 bytes
2026-07-27 07:15:17 | INFO     | fetch_data           | ✅ Data fetched successfully (Status: 200)
2026-07-27 07:15:17 | DEBUG    | parse_json           | Attempting JSON parsing...
2026-07-27 07:15:17 | DEBUG    | parse_json           | Response preview: <table class="tbl" data-page-length="25"><thead class="tbl__head"><!-- tr--><!--   th(colspan="11")--><!--   th.center(colspan="2", style="width: 110px;") TOTAL BUY ORDERS--><!--   th.center(colspan="2", style="width: 110px;") TOTAL SELL ORDERS--><tr><th data-name="symbol">SYMBOL</th><th data-name="sector">SECTOR</th><th data-name="listed">LISTED IN</th><th class="right" data-name="ldcp">LDCP</th><th class="right" data-name="open">OPEN</th><th class="right" data-name="high">HIGH</th><th class="r
2026-07-27 07:15:17 | WARNING  | parse_json           | ⚠️ JSON parsing failed: Expecting value: line 1 column 1 (char 0)
2026-07-27 07:15:17 | INFO     | run                  | JSON parsing failed, trying HTML fallback...
2026-07-27 07:15:17 | INFO     | parse_html           | Attempting HTML fallback parsing...
2026-07-27 07:15:17 | DEBUG    | parse_html           | Found 1 table(s) in HTML
2026-07-27 07:15:17 | DEBUG    | parse_html           | Table columns: ['SYMBOL', 'SECTOR', 'LISTED IN', 'LDCP', 'OPEN', 'HIGH', 'LOW', 'CURRENT', 'CHANGE', 'CHANGE (%)', 'VOLUME']
2026-07-27 07:15:17 | DEBUG    | parse_html           | Table shape: (489, 11)
2026-07-27 07:15:17 | INFO     | parse_html           | ✅ HTML parsed successfully (489 rows)
2026-07-27 07:15:17 | INFO     | clean_data           | Cleaning data...
2026-07-27 07:15:17 | DEBUG    | clean_data           | Initial shape: (489, 11)
2026-07-27 07:15:17 | DEBUG    | clean_data           | Initial columns: ['SYMBOL', 'SECTOR', 'LISTED IN', 'LDCP', 'OPEN', 'HIGH', 'LOW', 'CURRENT', 'CHANGE', 'CHANGE (%)', 'VOLUME']
2026-07-27 07:15:17 | DEBUG    | clean_data           | Removed 'LISTED IN' column
2026-07-27 07:15:17 | DEBUG    | clean_data           | Converted LDCP from float64 to numeric
2026-07-27 07:15:17 | DEBUG    | clean_data           | Converted OPEN from float64 to numeric
2026-07-27 07:15:17 | DEBUG    | clean_data           | Converted HIGH from float64 to numeric
2026-07-27 07:15:17 | DEBUG    | clean_data           | Converted LOW from float64 to numeric
2026-07-27 07:15:17 | DEBUG    | clean_data           | Converted CURRENT from float64 to numeric
2026-07-27 07:15:17 | DEBUG    | clean_data           | Converted CHANGE from float64 to numeric
2026-07-27 07:15:17 | WARNING  | clean_data           | Column CHANGE (%): 489 values could not be converted to numeric
2026-07-27 07:15:17 | DEBUG    | clean_data           | Converted CHANGE (%) from str to numeric
2026-07-27 07:15:17 | DEBUG    | clean_data           | Converted VOLUME from int64 to numeric
2026-07-27 07:15:17 | INFO     | clean_data           | ✅ Data cleaned (489 rows, 16 columns)
2026-07-27 07:15:17 | DEBUG    | clean_data           | Final columns: ['SYMBOL', 'SECTOR', 'LDCP', 'OPEN', 'HIGH', 'LOW', 'CURRENT', 'CHANGE', 'CHANGE (%)', 'VOLUME', 'YEAR', 'MONTH', 'DAY', 'HOUR', 'MINUTE', 'DATETIME']
2026-07-27 07:15:17 | DEBUG    | get_file_path        | Generated file path: data/2026/07/2026-07-27.xlsx
2026-07-27 07:15:17 | INFO     | save_data            | Saving data to: data/2026/07/2026-07-27.xlsx
2026-07-27 07:15:17 | DEBUG    | _create_backup       | Backup created: data/2026/07/backups/2026-07-27_backup_20260727_071517.xlsx
2026-07-27 07:15:17 | DEBUG    | _cleanup_old_backups | Removed old backup: 2026-07-27_backup_20260727_064914.xlsx
2026-07-27 07:15:17 | DEBUG    | save_data            | Existing file found, merging data...
2026-07-27 07:15:20 | DEBUG    | save_data            | Loaded 25321 existing rows
2026-07-27 07:15:20 | DEBUG    | save_data            | Combined to 25810 rows
2026-07-27 07:15:20 | DEBUG    | save_data            | Writing to temporary file...
2026-07-27 07:15:25 | DEBUG    | save_data            | Data written to temp file: /home/runner/work/Thalorae-BackLioraen/Thalorae-BackLioraen/data/2026/07/tmpkm05q0p5.xlsx
2026-07-27 07:15:25 | DEBUG    | save_data            | Temp file moved to final location
2026-07-27 07:15:25 | INFO     | save_data            | ✅ Data saved successfully (25810 total rows, 1,919,988 bytes)
2026-07-27 07:15:25 | INFO     | run                  | ======================================================================
2026-07-27 07:15:25 | INFO     | run                  | 📊 EXECUTION SUMMARY:
2026-07-27 07:15:25 | INFO     | run                  |    ✅ Status: SUCCESS
2026-07-27 07:15:25 | INFO     | run                  |    - Rows processed: 489
2026-07-27 07:15:25 | INFO     | run                  |    - Unique symbols: 489
2026-07-27 07:15:25 | INFO     | run                  |    - Timestamp: 2026-07-27 12:15:13
2026-07-27 07:15:25 | INFO     | run                  |    - File: data/2026/07/2026-07-27.xlsx
2026-07-27 07:15:25 | INFO     | run                  | ======================================================================
2026-07-27 07:15:25 | DEBUG    | run                  | Sample data (first row):
2026-07-27 07:15:25 | DEBUG    | run                  | {'SYMBOL': 'CNERGY', 'SECTOR': 825, 'LDCP': 10.29, 'OPEN': 10.6, 'HIGH': 10.99, 'LOW': 10.59, 'CURRENT': 10.9, 'CHANGE': 0.61, 'CHANGE (%)': nan, 'VOLUME': 58576105, 'YEAR': 2026, 'MONTH': 7, 'DAY': 27, 'HOUR': 12, 'MINUTE': 15, 'DATETIME': '2026-07-27 12:15'}
2026-07-27 07:15:25 | DEBUG    | close                | Session closed
2026-07-27 07:20:25 | INFO     | run                  | ======================================================================
2026-07-27 07:20:25 | INFO     | run                  | 🚀 MARKET DATA SCRAPER - SINGLE EXECUTION
2026-07-27 07:20:25 | INFO     | run                  | ======================================================================
2026-07-27 07:20:25 | INFO     | run                  | Execution Time: 2026-07-27 12:20:25 PKT
2026-07-27 07:20:25 | INFO     | run                  | Configuration:
2026-07-27 07:20:25 | INFO     | run                  |    - Timezone: Asia/Karachi
2026-07-27 07:20:25 | INFO     | run                  |    - Data directory: data
2026-07-27 07:20:25 | INFO     | run                  |    - Log directory: logs
2026-07-27 07:20:25 | INFO     | run                  |    - Excluded symbols: {'XS', 'XD', 'XR', 'XT'}
2026-07-27 07:20:25 | INFO     | run                  | ======================================================================
2026-07-27 07:20:25 | INFO     | fetch_data           | Fetching data (Attempt 1/3)...
2026-07-27 07:20:25 | DEBUG    | fetch_data           | Establishing session with https://dps.psx.com.pk/
2026-07-27 07:20:33 | DEBUG    | fetch_data           | Requesting data from https://dps.psx.com.pk/market-watch
2026-07-27 07:20:34 | DEBUG    | fetch_data           | Response status: 200
2026-07-27 07:20:34 | DEBUG    | fetch_data           | Response content type: text/html; charset=utf-8
2026-07-27 07:20:34 | DEBUG    | fetch_data           | Response size: 468815 bytes
2026-07-27 07:20:34 | INFO     | fetch_data           | ✅ Data fetched successfully (Status: 200)
2026-07-27 07:20:34 | DEBUG    | parse_json           | Attempting JSON parsing...
2026-07-27 07:20:34 | DEBUG    | parse_json           | Response preview: <table class="tbl" data-page-length="25"><thead class="tbl__head"><!-- tr--><!--   th(colspan="11")--><!--   th.center(colspan="2", style="width: 110px;") TOTAL BUY ORDERS--><!--   th.center(colspan="2", style="width: 110px;") TOTAL SELL ORDERS--><tr><th data-name="symbol">SYMBOL</th><th data-name="sector">SECTOR</th><th data-name="listed">LISTED IN</th><th class="right" data-name="ldcp">LDCP</th><th class="right" data-name="open">OPEN</th><th class="right" data-name="high">HIGH</th><th class="r
2026-07-27 07:20:34 | WARNING  | parse_json           | ⚠️ JSON parsing failed: Expecting value: line 1 column 1 (char 0)
2026-07-27 07:20:34 | INFO     | run                  | JSON parsing failed, trying HTML fallback...
2026-07-27 07:20:34 | INFO     | parse_html           | Attempting HTML fallback parsing...
2026-07-27 07:20:34 | DEBUG    | parse_html           | Found 1 table(s) in HTML
2026-07-27 07:20:34 | DEBUG    | parse_html           | Table columns: ['SYMBOL', 'SECTOR', 'LISTED IN', 'LDCP', 'OPEN', 'HIGH', 'LOW', 'CURRENT', 'CHANGE', 'CHANGE (%)', 'VOLUME']
2026-07-27 07:20:34 | DEBUG    | parse_html           | Table shape: (490, 11)
2026-07-27 07:20:34 | INFO     | parse_html           | ✅ HTML parsed successfully (490 rows)
2026-07-27 07:20:34 | INFO     | clean_data           | Cleaning data...
2026-07-27 07:20:34 | DEBUG    | clean_data           | Initial shape: (490, 11)
2026-07-27 07:20:34 | DEBUG    | clean_data           | Initial columns: ['SYMBOL', 'SECTOR', 'LISTED IN', 'LDCP', 'OPEN', 'HIGH', 'LOW', 'CURRENT', 'CHANGE', 'CHANGE (%)', 'VOLUME']
2026-07-27 07:20:34 | DEBUG    | clean_data           | Removed 'LISTED IN' column
2026-07-27 07:20:34 | DEBUG    | clean_data           | Converted LDCP from float64 to numeric
2026-07-27 07:20:34 | DEBUG    | clean_data           | Converted OPEN from float64 to numeric
2026-07-27 07:20:34 | DEBUG    | clean_data           | Converted HIGH from float64 to numeric
2026-07-27 07:20:34 | DEBUG    | clean_data           | Converted LOW from float64 to numeric
2026-07-27 07:20:34 | DEBUG    | clean_data           | Converted CURRENT from float64 to numeric
2026-07-27 07:20:34 | DEBUG    | clean_data           | Converted CHANGE from float64 to numeric
2026-07-27 07:20:34 | WARNING  | clean_data           | Column CHANGE (%): 490 values could not be converted to numeric
2026-07-27 07:20:34 | DEBUG    | clean_data           | Converted CHANGE (%) from str to numeric
2026-07-27 07:20:34 | DEBUG    | clean_data           | Converted VOLUME from int64 to numeric
2026-07-27 07:20:34 | INFO     | clean_data           | ✅ Data cleaned (490 rows, 16 columns)
2026-07-27 07:20:34 | DEBUG    | clean_data           | Final columns: ['SYMBOL', 'SECTOR', 'LDCP', 'OPEN', 'HIGH', 'LOW', 'CURRENT', 'CHANGE', 'CHANGE (%)', 'VOLUME', 'YEAR', 'MONTH', 'DAY', 'HOUR', 'MINUTE', 'DATETIME']
2026-07-27 07:20:34 | DEBUG    | get_file_path        | Generated file path: data/2026/07/2026-07-27.xlsx
2026-07-27 07:20:34 | INFO     | save_data            | Saving data to: data/2026/07/2026-07-27.xlsx
2026-07-27 07:20:34 | DEBUG    | _create_backup       | Backup created: data/2026/07/backups/2026-07-27_backup_20260727_072034.xlsx
2026-07-27 07:20:34 | DEBUG    | _cleanup_old_backups | Removed old backup: 2026-07-27_backup_20260727_065426.xlsx
2026-07-27 07:20:34 | DEBUG    | save_data            | Existing file found, merging data...
2026-07-27 07:20:37 | DEBUG    | save_data            | Loaded 25810 existing rows
2026-07-27 07:20:37 | DEBUG    | save_data            | Combined to 26300 rows
2026-07-27 07:20:37 | DEBUG    | save_data            | Writing to temporary file...
2026-07-27 07:20:42 | DEBUG    | save_data            | Data written to temp file: /home/runner/work/Thalorae-BackLioraen/Thalorae-BackLioraen/data/2026/07/tmp3of5tayo.xlsx
2026-07-27 07:20:42 | DEBUG    | save_data            | Temp file moved to final location
2026-07-27 07:20:42 | INFO     | save_data            | ✅ Data saved successfully (26300 total rows, 1,956,625 bytes)
2026-07-27 07:20:42 | INFO     | run                  | ======================================================================
2026-07-27 07:20:42 | INFO     | run                  | 📊 EXECUTION SUMMARY:
2026-07-27 07:20:42 | INFO     | run                  |    ✅ Status: SUCCESS
2026-07-27 07:20:42 | INFO     | run                  |    - Rows processed: 490
2026-07-27 07:20:42 | INFO     | run                  |    - Unique symbols: 490
2026-07-27 07:20:42 | INFO     | run                  |    - Timestamp: 2026-07-27 12:20:25
2026-07-27 07:20:42 | INFO     | run                  |    - File: data/2026/07/2026-07-27.xlsx
2026-07-27 07:20:42 | INFO     | run                  | ======================================================================
2026-07-27 07:20:42 | DEBUG    | run                  | Sample data (first row):
2026-07-27 07:20:42 | DEBUG    | run                  | {'SYMBOL': 'CNERGY', 'SECTOR': 825, 'LDCP': 10.29, 'OPEN': 10.6, 'HIGH': 10.99, 'LOW': 10.59, 'CURRENT': 10.92, 'CHANGE': 0.63, 'CHANGE (%)': nan, 'VOLUME': 59368307, 'YEAR': 2026, 'MONTH': 7, 'DAY': 27, 'HOUR': 12, 'MINUTE': 20, 'DATETIME': '2026-07-27 12:20'}
2026-07-27 07:20:42 | DEBUG    | close                | Session closed
2026-07-27 07:25:43 | INFO     | run                  | ======================================================================
2026-07-27 07:25:43 | INFO     | run                  | 🚀 MARKET DATA SCRAPER - SINGLE EXECUTION
2026-07-27 07:25:43 | INFO     | run                  | ======================================================================
2026-07-27 07:25:43 | INFO     | run                  | Execution Time: 2026-07-27 12:25:43 PKT
2026-07-27 07:25:43 | INFO     | run                  | Configuration:
2026-07-27 07:25:43 | INFO     | run                  |    - Timezone: Asia/Karachi
2026-07-27 07:25:43 | INFO     | run                  |    - Data directory: data
2026-07-27 07:25:43 | INFO     | run                  |    - Log directory: logs
2026-07-27 07:25:43 | INFO     | run                  |    - Excluded symbols: {'XR', 'XS', 'XT', 'XD'}
2026-07-27 07:25:43 | INFO     | run                  | ======================================================================
2026-07-27 07:25:43 | INFO     | fetch_data           | Fetching data (Attempt 1/3)...
2026-07-27 07:25:43 | DEBUG    | fetch_data           | Establishing session with https://dps.psx.com.pk/
2026-07-27 07:25:47 | DEBUG    | fetch_data           | Requesting data from https://dps.psx.com.pk/market-watch
2026-07-27 07:25:47 | DEBUG    | fetch_data           | Response status: 200
2026-07-27 07:25:47 | DEBUG    | fetch_data           | Response content type: text/html; charset=utf-8
2026-07-27 07:25:47 | DEBUG    | fetch_data           | Response size: 469005 bytes
2026-07-27 07:25:47 | INFO     | fetch_data           | ✅ Data fetched successfully (Status: 200)
2026-07-27 07:25:47 | DEBUG    | parse_json           | Attempting JSON parsing...
2026-07-27 07:25:47 | DEBUG    | parse_json           | Response preview: <table class="tbl" data-page-length="25"><thead class="tbl__head"><!-- tr--><!--   th(colspan="11")--><!--   th.center(colspan="2", style="width: 110px;") TOTAL BUY ORDERS--><!--   th.center(colspan="2", style="width: 110px;") TOTAL SELL ORDERS--><tr><th data-name="symbol">SYMBOL</th><th data-name="sector">SECTOR</th><th data-name="listed">LISTED IN</th><th class="right" data-name="ldcp">LDCP</th><th class="right" data-name="open">OPEN</th><th class="right" data-name="high">HIGH</th><th class="r
2026-07-27 07:25:47 | WARNING  | parse_json           | ⚠️ JSON parsing failed: Expecting value: line 1 column 1 (char 0)
2026-07-27 07:25:47 | INFO     | run                  | JSON parsing failed, trying HTML fallback...
2026-07-27 07:25:47 | INFO     | parse_html           | Attempting HTML fallback parsing...
2026-07-27 07:25:47 | DEBUG    | parse_html           | Found 1 table(s) in HTML
2026-07-27 07:25:47 | DEBUG    | parse_html           | Table columns: ['SYMBOL', 'SECTOR', 'LISTED IN', 'LDCP', 'OPEN', 'HIGH', 'LOW', 'CURRENT', 'CHANGE', 'CHANGE (%)', 'VOLUME']
2026-07-27 07:25:47 | DEBUG    | parse_html           | Table shape: (490, 11)
2026-07-27 07:25:47 | INFO     | parse_html           | ✅ HTML parsed successfully (490 rows)
2026-07-27 07:25:47 | INFO     | clean_data           | Cleaning data...
2026-07-27 07:25:47 | DEBUG    | clean_data           | Initial shape: (490, 11)
2026-07-27 07:25:47 | DEBUG    | clean_data           | Initial columns: ['SYMBOL', 'SECTOR', 'LISTED IN', 'LDCP', 'OPEN', 'HIGH', 'LOW', 'CURRENT', 'CHANGE', 'CHANGE (%)', 'VOLUME']
2026-07-27 07:25:47 | DEBUG    | clean_data           | Removed 'LISTED IN' column
2026-07-27 07:25:47 | DEBUG    | clean_data           | Converted LDCP from float64 to numeric
2026-07-27 07:25:47 | DEBUG    | clean_data           | Converted OPEN from float64 to numeric
2026-07-27 07:25:47 | DEBUG    | clean_data           | Converted HIGH from float64 to numeric
2026-07-27 07:25:47 | DEBUG    | clean_data           | Converted LOW from float64 to numeric
2026-07-27 07:25:47 | DEBUG    | clean_data           | Converted CURRENT from float64 to numeric
2026-07-27 07:25:47 | DEBUG    | clean_data           | Converted CHANGE from float64 to numeric
2026-07-27 07:25:47 | WARNING  | clean_data           | Column CHANGE (%): 490 values could not be converted to numeric
2026-07-27 07:25:47 | DEBUG    | clean_data           | Converted CHANGE (%) from str to numeric
2026-07-27 07:25:47 | DEBUG    | clean_data           | Converted VOLUME from int64 to numeric
2026-07-27 07:25:47 | INFO     | clean_data           | ✅ Data cleaned (490 rows, 16 columns)
2026-07-27 07:25:47 | DEBUG    | clean_data           | Final columns: ['SYMBOL', 'SECTOR', 'LDCP', 'OPEN', 'HIGH', 'LOW', 'CURRENT', 'CHANGE', 'CHANGE (%)', 'VOLUME', 'YEAR', 'MONTH', 'DAY', 'HOUR', 'MINUTE', 'DATETIME']
2026-07-27 07:25:47 | DEBUG    | get_file_path        | Generated file path: data/2026/07/2026-07-27.xlsx
2026-07-27 07:25:47 | INFO     | save_data            | Saving data to: data/2026/07/2026-07-27.xlsx
2026-07-27 07:25:47 | DEBUG    | _create_backup       | Backup created: data/2026/07/backups/2026-07-27_backup_20260727_072547.xlsx
2026-07-27 07:25:47 | DEBUG    | _cleanup_old_backups | Removed old backup: 2026-07-27_backup_20260727_065938.xlsx
2026-07-27 07:25:47 | DEBUG    | save_data            | Existing file found, merging data...
2026-07-27 07:25:50 | DEBUG    | save_data            | Loaded 26300 existing rows
2026-07-27 07:25:50 | DEBUG    | save_data            | Combined to 26790 rows
2026-07-27 07:25:50 | DEBUG    | save_data            | Writing to temporary file...
2026-07-27 07:25:55 | DEBUG    | save_data            | Data written to temp file: /home/runner/work/Thalorae-BackLioraen/Thalorae-BackLioraen/data/2026/07/tmpsxw3h1y4.xlsx
2026-07-27 07:25:55 | DEBUG    | save_data            | Temp file moved to final location
2026-07-27 07:25:55 | INFO     | save_data            | ✅ Data saved successfully (26790 total rows, 1,993,189 bytes)
2026-07-27 07:25:55 | INFO     | run                  | ======================================================================
2026-07-27 07:25:55 | INFO     | run                  | 📊 EXECUTION SUMMARY:
2026-07-27 07:25:55 | INFO     | run                  |    ✅ Status: SUCCESS
2026-07-27 07:25:55 | INFO     | run                  |    - Rows processed: 490
2026-07-27 07:25:55 | INFO     | run                  |    - Unique symbols: 490
2026-07-27 07:25:55 | INFO     | run                  |    - Timestamp: 2026-07-27 12:25:43
2026-07-27 07:25:55 | INFO     | run                  |    - File: data/2026/07/2026-07-27.xlsx
2026-07-27 07:25:55 | INFO     | run                  | ======================================================================
2026-07-27 07:25:55 | DEBUG    | run                  | Sample data (first row):
2026-07-27 07:25:55 | DEBUG    | run                  | {'SYMBOL': 'CNERGY', 'SECTOR': 825, 'LDCP': 10.29, 'OPEN': 10.6, 'HIGH': 10.99, 'LOW': 10.59, 'CURRENT': 10.91, 'CHANGE': 0.62, 'CHANGE (%)': nan, 'VOLUME': 59655557, 'YEAR': 2026, 'MONTH': 7, 'DAY': 27, 'HOUR': 12, 'MINUTE': 25, 'DATETIME': '2026-07-27 12:25'}
2026-07-27 07:25:55 | DEBUG    | close                | Session closed
2026-07-27 07:30:56 | INFO     | run                  | ======================================================================
2026-07-27 07:30:56 | INFO     | run                  | 🚀 MARKET DATA SCRAPER - SINGLE EXECUTION
2026-07-27 07:30:56 | INFO     | run                  | ======================================================================
2026-07-27 07:30:56 | INFO     | run                  | Execution Time: 2026-07-27 12:30:56 PKT
2026-07-27 07:30:56 | INFO     | run                  | Configuration:
2026-07-27 07:30:56 | INFO     | run                  |    - Timezone: Asia/Karachi
2026-07-27 07:30:56 | INFO     | run                  |    - Data directory: data
2026-07-27 07:30:56 | INFO     | run                  |    - Log directory: logs
2026-07-27 07:30:56 | INFO     | run                  |    - Excluded symbols: {'XT', 'XD', 'XS', 'XR'}
2026-07-27 07:30:56 | INFO     | run                  | ======================================================================
2026-07-27 07:30:56 | INFO     | fetch_data           | Fetching data (Attempt 1/3)...
2026-07-27 07:30:56 | DEBUG    | fetch_data           | Establishing session with https://dps.psx.com.pk/
2026-07-27 07:31:00 | DEBUG    | fetch_data           | Requesting data from https://dps.psx.com.pk/market-watch
2026-07-27 07:31:01 | DEBUG    | fetch_data           | Response status: 200
2026-07-27 07:31:01 | DEBUG    | fetch_data           | Response content type: text/html; charset=utf-8
2026-07-27 07:31:01 | DEBUG    | fetch_data           | Response size: 469761 bytes
2026-07-27 07:31:01 | INFO     | fetch_data           | ✅ Data fetched successfully (Status: 200)
2026-07-27 07:31:01 | DEBUG    | parse_json           | Attempting JSON parsing...
2026-07-27 07:31:01 | DEBUG    | parse_json           | Response preview: <table class="tbl" data-page-length="25"><thead class="tbl__head"><!-- tr--><!--   th(colspan="11")--><!--   th.center(colspan="2", style="width: 110px;") TOTAL BUY ORDERS--><!--   th.center(colspan="2", style="width: 110px;") TOTAL SELL ORDERS--><tr><th data-name="symbol">SYMBOL</th><th data-name="sector">SECTOR</th><th data-name="listed">LISTED IN</th><th class="right" data-name="ldcp">LDCP</th><th class="right" data-name="open">OPEN</th><th class="right" data-name="high">HIGH</th><th class="r
2026-07-27 07:31:01 | WARNING  | parse_json           | ⚠️ JSON parsing failed: Expecting value: line 1 column 1 (char 0)
2026-07-27 07:31:01 | INFO     | run                  | JSON parsing failed, trying HTML fallback...
2026-07-27 07:31:01 | INFO     | parse_html           | Attempting HTML fallback parsing...
2026-07-27 07:31:02 | DEBUG    | parse_html           | Found 1 table(s) in HTML
2026-07-27 07:31:02 | DEBUG    | parse_html           | Table columns: ['SYMBOL', 'SECTOR', 'LISTED IN', 'LDCP', 'OPEN', 'HIGH', 'LOW', 'CURRENT', 'CHANGE', 'CHANGE (%)', 'VOLUME']
2026-07-27 07:31:02 | DEBUG    | parse_html           | Table shape: (491, 11)
2026-07-27 07:31:02 | INFO     | parse_html           | ✅ HTML parsed successfully (491 rows)
2026-07-27 07:31:02 | INFO     | clean_data           | Cleaning data...
2026-07-27 07:31:02 | DEBUG    | clean_data           | Initial shape: (491, 11)
2026-07-27 07:31:02 | DEBUG    | clean_data           | Initial columns: ['SYMBOL', 'SECTOR', 'LISTED IN', 'LDCP', 'OPEN', 'HIGH', 'LOW', 'CURRENT', 'CHANGE', 'CHANGE (%)', 'VOLUME']
2026-07-27 07:31:02 | DEBUG    | clean_data           | Removed 'LISTED IN' column
2026-07-27 07:31:02 | DEBUG    | clean_data           | Converted LDCP from float64 to numeric
2026-07-27 07:31:02 | DEBUG    | clean_data           | Converted OPEN from float64 to numeric
2026-07-27 07:31:02 | DEBUG    | clean_data           | Converted HIGH from float64 to numeric
2026-07-27 07:31:02 | DEBUG    | clean_data           | Converted LOW from float64 to numeric
2026-07-27 07:31:02 | DEBUG    | clean_data           | Converted CURRENT from float64 to numeric
2026-07-27 07:31:02 | DEBUG    | clean_data           | Converted CHANGE from float64 to numeric
2026-07-27 07:31:02 | WARNING  | clean_data           | Column CHANGE (%): 491 values could not be converted to numeric
2026-07-27 07:31:02 | DEBUG    | clean_data           | Converted CHANGE (%) from str to numeric
2026-07-27 07:31:02 | DEBUG    | clean_data           | Converted VOLUME from int64 to numeric
2026-07-27 07:31:02 | INFO     | clean_data           | ✅ Data cleaned (491 rows, 16 columns)
2026-07-27 07:31:02 | DEBUG    | clean_data           | Final columns: ['SYMBOL', 'SECTOR', 'LDCP', 'OPEN', 'HIGH', 'LOW', 'CURRENT', 'CHANGE', 'CHANGE (%)', 'VOLUME', 'YEAR', 'MONTH', 'DAY', 'HOUR', 'MINUTE', 'DATETIME']
2026-07-27 07:31:02 | DEBUG    | get_file_path        | Generated file path: data/2026/07/2026-07-27.xlsx
2026-07-27 07:31:02 | INFO     | save_data            | Saving data to: data/2026/07/2026-07-27.xlsx
2026-07-27 07:31:02 | DEBUG    | _create_backup       | Backup created: data/2026/07/backups/2026-07-27_backup_20260727_073102.xlsx
2026-07-27 07:31:02 | DEBUG    | _cleanup_old_backups | Removed old backup: 2026-07-27_backup_20260727_070450.xlsx
2026-07-27 07:31:02 | DEBUG    | save_data            | Existing file found, merging data...
2026-07-27 07:31:04 | DEBUG    | save_data            | Loaded 26790 existing rows
2026-07-27 07:31:04 | DEBUG    | save_data            | Combined to 27281 rows
2026-07-27 07:31:04 | DEBUG    | save_data            | Writing to temporary file...
2026-07-27 07:31:09 | DEBUG    | save_data            | Data written to temp file: /home/runner/work/Thalorae-BackLioraen/Thalorae-BackLioraen/data/2026/07/tmps5_it65g.xlsx
2026-07-27 07:31:09 | DEBUG    | save_data            | Temp file moved to final location
2026-07-27 07:31:09 | INFO     | save_data            | ✅ Data saved successfully (27281 total rows, 2,029,865 bytes)
2026-07-27 07:31:09 | INFO     | run                  | ======================================================================
2026-07-27 07:31:09 | INFO     | run                  | 📊 EXECUTION SUMMARY:
2026-07-27 07:31:09 | INFO     | run                  |    ✅ Status: SUCCESS
2026-07-27 07:31:09 | INFO     | run                  |    - Rows processed: 491
2026-07-27 07:31:09 | INFO     | run                  |    - Unique symbols: 491
2026-07-27 07:31:09 | INFO     | run                  |    - Timestamp: 2026-07-27 12:30:56
2026-07-27 07:31:09 | INFO     | run                  |    - File: data/2026/07/2026-07-27.xlsx
2026-07-27 07:31:09 | INFO     | run                  | ======================================================================
2026-07-27 07:31:09 | DEBUG    | run                  | Sample data (first row):
2026-07-27 07:31:09 | DEBUG    | run                  | {'SYMBOL': 'CNERGY', 'SECTOR': 825, 'LDCP': 10.29, 'OPEN': 10.6, 'HIGH': 10.99, 'LOW': 10.59, 'CURRENT': 10.88, 'CHANGE': 0.59, 'CHANGE (%)': nan, 'VOLUME': 60528774, 'YEAR': 2026, 'MONTH': 7, 'DAY': 27, 'HOUR': 12, 'MINUTE': 30, 'DATETIME': '2026-07-27 12:30'}
2026-07-27 07:31:09 | DEBUG    | close                | Session closed
2026-07-27 07:36:10 | INFO     | run                  | ======================================================================
2026-07-27 07:36:10 | INFO     | run                  | 🚀 MARKET DATA SCRAPER - SINGLE EXECUTION
2026-07-27 07:36:10 | INFO     | run                  | ======================================================================
2026-07-27 07:36:10 | INFO     | run                  | Execution Time: 2026-07-27 12:36:10 PKT
2026-07-27 07:36:10 | INFO     | run                  | Configuration:
2026-07-27 07:36:10 | INFO     | run                  |    - Timezone: Asia/Karachi
2026-07-27 07:36:10 | INFO     | run                  |    - Data directory: data
2026-07-27 07:36:10 | INFO     | run                  |    - Log directory: logs
2026-07-27 07:36:10 | INFO     | run                  |    - Excluded symbols: {'XD', 'XT', 'XR', 'XS'}
2026-07-27 07:36:10 | INFO     | run                  | ======================================================================
2026-07-27 07:36:10 | INFO     | fetch_data           | Fetching data (Attempt 1/3)...
2026-07-27 07:36:10 | DEBUG    | fetch_data           | Establishing session with https://dps.psx.com.pk/
2026-07-27 07:36:13 | DEBUG    | fetch_data           | Requesting data from https://dps.psx.com.pk/market-watch
2026-07-27 07:36:15 | DEBUG    | fetch_data           | Response status: 200
2026-07-27 07:36:15 | DEBUG    | fetch_data           | Response content type: text/html; charset=utf-8
2026-07-27 07:36:15 | DEBUG    | fetch_data           | Response size: 470073 bytes
2026-07-27 07:36:15 | INFO     | fetch_data           | ✅ Data fetched successfully (Status: 200)
2026-07-27 07:36:15 | DEBUG    | parse_json           | Attempting JSON parsing...
2026-07-27 07:36:15 | DEBUG    | parse_json           | Response preview: <table class="tbl" data-page-length="25"><thead class="tbl__head"><!-- tr--><!--   th(colspan="11")--><!--   th.center(colspan="2", style="width: 110px;") TOTAL BUY ORDERS--><!--   th.center(colspan="2", style="width: 110px;") TOTAL SELL ORDERS--><tr><th data-name="symbol">SYMBOL</th><th data-name="sector">SECTOR</th><th data-name="listed">LISTED IN</th><th class="right" data-name="ldcp">LDCP</th><th class="right" data-name="open">OPEN</th><th class="right" data-name="high">HIGH</th><th class="r
2026-07-27 07:36:15 | WARNING  | parse_json           | ⚠️ JSON parsing failed: Expecting value: line 1 column 1 (char 0)
2026-07-27 07:36:15 | INFO     | run                  | JSON parsing failed, trying HTML fallback...
2026-07-27 07:36:15 | INFO     | parse_html           | Attempting HTML fallback parsing...
2026-07-27 07:36:15 | DEBUG    | parse_html           | Found 1 table(s) in HTML
2026-07-27 07:36:15 | DEBUG    | parse_html           | Table columns: ['SYMBOL', 'SECTOR', 'LISTED IN', 'LDCP', 'OPEN', 'HIGH', 'LOW', 'CURRENT', 'CHANGE', 'CHANGE (%)', 'VOLUME']
2026-07-27 07:36:15 | DEBUG    | parse_html           | Table shape: (491, 11)
2026-07-27 07:36:15 | INFO     | parse_html           | ✅ HTML parsed successfully (491 rows)
2026-07-27 07:36:15 | INFO     | clean_data           | Cleaning data...
2026-07-27 07:36:15 | DEBUG    | clean_data           | Initial shape: (491, 11)
2026-07-27 07:36:15 | DEBUG    | clean_data           | Initial columns: ['SYMBOL', 'SECTOR', 'LISTED IN', 'LDCP', 'OPEN', 'HIGH', 'LOW', 'CURRENT', 'CHANGE', 'CHANGE (%)', 'VOLUME']
2026-07-27 07:36:15 | DEBUG    | clean_data           | Removed 'LISTED IN' column
2026-07-27 07:36:15 | DEBUG    | clean_data           | Converted LDCP from float64 to numeric
2026-07-27 07:36:15 | DEBUG    | clean_data           | Converted OPEN from float64 to numeric
2026-07-27 07:36:15 | DEBUG    | clean_data           | Converted HIGH from float64 to numeric
2026-07-27 07:36:15 | DEBUG    | clean_data           | Converted LOW from float64 to numeric
2026-07-27 07:36:15 | DEBUG    | clean_data           | Converted CURRENT from float64 to numeric
2026-07-27 07:36:15 | DEBUG    | clean_data           | Converted CHANGE from float64 to numeric
2026-07-27 07:36:15 | WARNING  | clean_data           | Column CHANGE (%): 491 values could not be converted to numeric
2026-07-27 07:36:15 | DEBUG    | clean_data           | Converted CHANGE (%) from str to numeric
2026-07-27 07:36:15 | DEBUG    | clean_data           | Converted VOLUME from int64 to numeric
2026-07-27 07:36:15 | INFO     | clean_data           | ✅ Data cleaned (491 rows, 16 columns)
2026-07-27 07:36:15 | DEBUG    | clean_data           | Final columns: ['SYMBOL', 'SECTOR', 'LDCP', 'OPEN', 'HIGH', 'LOW', 'CURRENT', 'CHANGE', 'CHANGE (%)', 'VOLUME', 'YEAR', 'MONTH', 'DAY', 'HOUR', 'MINUTE', 'DATETIME']
2026-07-27 07:36:15 | DEBUG    | get_file_path        | Generated file path: data/2026/07/2026-07-27.xlsx
2026-07-27 07:36:15 | INFO     | save_data            | Saving data to: data/2026/07/2026-07-27.xlsx
2026-07-27 07:36:15 | DEBUG    | _create_backup       | Backup created: data/2026/07/backups/2026-07-27_backup_20260727_073615.xlsx
2026-07-27 07:36:15 | DEBUG    | _cleanup_old_backups | Removed old backup: 2026-07-27_backup_20260727_071005.xlsx
2026-07-27 07:36:15 | DEBUG    | save_data            | Existing file found, merging data...
2026-07-27 07:36:18 | DEBUG    | save_data            | Loaded 27281 existing rows
2026-07-27 07:36:18 | DEBUG    | save_data            | Combined to 27772 rows
2026-07-27 07:36:18 | DEBUG    | save_data            | Writing to temporary file...
2026-07-27 07:36:23 | DEBUG    | save_data            | Data written to temp file: /home/runner/work/Thalorae-BackLioraen/Thalorae-BackLioraen/data/2026/07/tmpcrntfrus.xlsx
2026-07-27 07:36:23 | DEBUG    | save_data            | Temp file moved to final location
2026-07-27 07:36:23 | INFO     | save_data            | ✅ Data saved successfully (27772 total rows, 2,066,514 bytes)
2026-07-27 07:36:23 | INFO     | run                  | ======================================================================
2026-07-27 07:36:23 | INFO     | run                  | 📊 EXECUTION SUMMARY:
2026-07-27 07:36:23 | INFO     | run                  |    ✅ Status: SUCCESS
2026-07-27 07:36:23 | INFO     | run                  |    - Rows processed: 491
2026-07-27 07:36:23 | INFO     | run                  |    - Unique symbols: 491
2026-07-27 07:36:23 | INFO     | run                  |    - Timestamp: 2026-07-27 12:36:10
2026-07-27 07:36:23 | INFO     | run                  |    - File: data/2026/07/2026-07-27.xlsx
2026-07-27 07:36:23 | INFO     | run                  | ======================================================================
2026-07-27 07:36:23 | DEBUG    | run                  | Sample data (first row):
2026-07-27 07:36:23 | DEBUG    | run                  | {'SYMBOL': 'CNERGY', 'SECTOR': 825, 'LDCP': 10.29, 'OPEN': 10.6, 'HIGH': 10.99, 'LOW': 10.59, 'CURRENT': 10.84, 'CHANGE': 0.55, 'CHANGE (%)': nan, 'VOLUME': 61291271, 'YEAR': 2026, 'MONTH': 7, 'DAY': 27, 'HOUR': 12, 'MINUTE': 36, 'DATETIME': '2026-07-27 12:36'}
2026-07-27 07:36:23 | DEBUG    | close                | Session closed
2026-07-27 07:41:23 | INFO     | run                  | ======================================================================
2026-07-27 07:41:23 | INFO     | run                  | 🚀 MARKET DATA SCRAPER - SINGLE EXECUTION
2026-07-27 07:41:23 | INFO     | run                  | ======================================================================
2026-07-27 07:41:23 | INFO     | run                  | Execution Time: 2026-07-27 12:41:23 PKT
2026-07-27 07:41:23 | INFO     | run                  | Configuration:
2026-07-27 07:41:23 | INFO     | run                  |    - Timezone: Asia/Karachi
2026-07-27 07:41:23 | INFO     | run                  |    - Data directory: data
2026-07-27 07:41:23 | INFO     | run                  |    - Log directory: logs
2026-07-27 07:41:23 | INFO     | run                  |    - Excluded symbols: {'XD', 'XS', 'XT', 'XR'}
2026-07-27 07:41:23 | INFO     | run                  | ======================================================================
2026-07-27 07:41:23 | INFO     | fetch_data           | Fetching data (Attempt 1/3)...
2026-07-27 07:41:23 | DEBUG    | fetch_data           | Establishing session with https://dps.psx.com.pk/
2026-07-27 07:41:27 | DEBUG    | fetch_data           | Requesting data from https://dps.psx.com.pk/market-watch
2026-07-27 07:41:30 | DEBUG    | fetch_data           | Response status: 200
2026-07-27 07:41:30 | DEBUG    | fetch_data           | Response content type: text/html; charset=utf-8
2026-07-27 07:41:30 | DEBUG    | fetch_data           | Response size: 470053 bytes
2026-07-27 07:41:30 | INFO     | fetch_data           | ✅ Data fetched successfully (Status: 200)
2026-07-27 07:41:30 | DEBUG    | parse_json           | Attempting JSON parsing...
2026-07-27 07:41:30 | DEBUG    | parse_json           | Response preview: <table class="tbl" data-page-length="25"><thead class="tbl__head"><!-- tr--><!--   th(colspan="11")--><!--   th.center(colspan="2", style="width: 110px;") TOTAL BUY ORDERS--><!--   th.center(colspan="2", style="width: 110px;") TOTAL SELL ORDERS--><tr><th data-name="symbol">SYMBOL</th><th data-name="sector">SECTOR</th><th data-name="listed">LISTED IN</th><th class="right" data-name="ldcp">LDCP</th><th class="right" data-name="open">OPEN</th><th class="right" data-name="high">HIGH</th><th class="r
2026-07-27 07:41:30 | WARNING  | parse_json           | ⚠️ JSON parsing failed: Expecting value: line 1 column 1 (char 0)
2026-07-27 07:41:30 | INFO     | run                  | JSON parsing failed, trying HTML fallback...
2026-07-27 07:41:30 | INFO     | parse_html           | Attempting HTML fallback parsing...
2026-07-27 07:41:30 | DEBUG    | parse_html           | Found 1 table(s) in HTML
2026-07-27 07:41:30 | DEBUG    | parse_html           | Table columns: ['SYMBOL', 'SECTOR', 'LISTED IN', 'LDCP', 'OPEN', 'HIGH', 'LOW', 'CURRENT', 'CHANGE', 'CHANGE (%)', 'VOLUME']
2026-07-27 07:41:30 | DEBUG    | parse_html           | Table shape: (491, 11)
2026-07-27 07:41:30 | INFO     | parse_html           | ✅ HTML parsed successfully (491 rows)
2026-07-27 07:41:30 | INFO     | clean_data           | Cleaning data...
2026-07-27 07:41:30 | DEBUG    | clean_data           | Initial shape: (491, 11)
2026-07-27 07:41:30 | DEBUG    | clean_data           | Initial columns: ['SYMBOL', 'SECTOR', 'LISTED IN', 'LDCP', 'OPEN', 'HIGH', 'LOW', 'CURRENT', 'CHANGE', 'CHANGE (%)', 'VOLUME']
2026-07-27 07:41:30 | DEBUG    | clean_data           | Removed 'LISTED IN' column
2026-07-27 07:41:30 | DEBUG    | clean_data           | Converted LDCP from float64 to numeric
2026-07-27 07:41:30 | DEBUG    | clean_data           | Converted OPEN from float64 to numeric
2026-07-27 07:41:30 | DEBUG    | clean_data           | Converted HIGH from float64 to numeric
2026-07-27 07:41:30 | DEBUG    | clean_data           | Converted LOW from float64 to numeric
2026-07-27 07:41:30 | DEBUG    | clean_data           | Converted CURRENT from float64 to numeric
2026-07-27 07:41:30 | DEBUG    | clean_data           | Converted CHANGE from float64 to numeric
2026-07-27 07:41:30 | WARNING  | clean_data           | Column CHANGE (%): 491 values could not be converted to numeric
2026-07-27 07:41:30 | DEBUG    | clean_data           | Converted CHANGE (%) from str to numeric
2026-07-27 07:41:30 | DEBUG    | clean_data           | Converted VOLUME from int64 to numeric
2026-07-27 07:41:30 | INFO     | clean_data           | ✅ Data cleaned (491 rows, 16 columns)
2026-07-27 07:41:30 | DEBUG    | clean_data           | Final columns: ['SYMBOL', 'SECTOR', 'LDCP', 'OPEN', 'HIGH', 'LOW', 'CURRENT', 'CHANGE', 'CHANGE (%)', 'VOLUME', 'YEAR', 'MONTH', 'DAY', 'HOUR', 'MINUTE', 'DATETIME']
2026-07-27 07:41:30 | DEBUG    | get_file_path        | Generated file path: data/2026/07/2026-07-27.xlsx
2026-07-27 07:41:30 | INFO     | save_data            | Saving data to: data/2026/07/2026-07-27.xlsx
2026-07-27 07:41:30 | DEBUG    | _create_backup       | Backup created: data/2026/07/backups/2026-07-27_backup_20260727_074130.xlsx
2026-07-27 07:41:30 | DEBUG    | _cleanup_old_backups | Removed old backup: 2026-07-27_backup_20260727_071517.xlsx
2026-07-27 07:41:30 | DEBUG    | save_data            | Existing file found, merging data...
2026-07-27 07:41:33 | DEBUG    | save_data            | Loaded 27772 existing rows
2026-07-27 07:41:33 | DEBUG    | save_data            | Combined to 28263 rows
2026-07-27 07:41:33 | DEBUG    | save_data            | Writing to temporary file...
2026-07-27 07:41:38 | DEBUG    | save_data            | Data written to temp file: /home/runner/work/Thalorae-BackLioraen/Thalorae-BackLioraen/data/2026/07/tmpfjn63tas.xlsx
2026-07-27 07:41:38 | DEBUG    | save_data            | Temp file moved to final location
2026-07-27 07:41:38 | INFO     | save_data            | ✅ Data saved successfully (28263 total rows, 2,103,098 bytes)
2026-07-27 07:41:38 | INFO     | run                  | ======================================================================
2026-07-27 07:41:38 | INFO     | run                  | 📊 EXECUTION SUMMARY:
2026-07-27 07:41:38 | INFO     | run                  |    ✅ Status: SUCCESS
2026-07-27 07:41:38 | INFO     | run                  |    - Rows processed: 491
2026-07-27 07:41:38 | INFO     | run                  |    - Unique symbols: 491
2026-07-27 07:41:38 | INFO     | run                  |    - Timestamp: 2026-07-27 12:41:23
2026-07-27 07:41:38 | INFO     | run                  |    - File: data/2026/07/2026-07-27.xlsx
2026-07-27 07:41:38 | INFO     | run                  | ======================================================================
2026-07-27 07:41:38 | DEBUG    | run                  | Sample data (first row):
2026-07-27 07:41:38 | DEBUG    | run                  | {'SYMBOL': 'CNERGY', 'SECTOR': 825, 'LDCP': 10.29, 'OPEN': 10.6, 'HIGH': 10.99, 'LOW': 10.59, 'CURRENT': 10.82, 'CHANGE': 0.53, 'CHANGE (%)': nan, 'VOLUME': 62132832, 'YEAR': 2026, 'MONTH': 7, 'DAY': 27, 'HOUR': 12, 'MINUTE': 41, 'DATETIME': '2026-07-27 12:41'}
2026-07-27 07:41:38 | DEBUG    | close                | Session closed
2026-07-27 07:46:39 | INFO     | run                  | ======================================================================
2026-07-27 07:46:39 | INFO     | run                  | 🚀 MARKET DATA SCRAPER - SINGLE EXECUTION
2026-07-27 07:46:39 | INFO     | run                  | ======================================================================
2026-07-27 07:46:39 | INFO     | run                  | Execution Time: 2026-07-27 12:46:39 PKT
2026-07-27 07:46:39 | INFO     | run                  | Configuration:
2026-07-27 07:46:39 | INFO     | run                  |    - Timezone: Asia/Karachi
2026-07-27 07:46:39 | INFO     | run                  |    - Data directory: data
2026-07-27 07:46:39 | INFO     | run                  |    - Log directory: logs
2026-07-27 07:46:39 | INFO     | run                  |    - Excluded symbols: {'XT', 'XR', 'XD', 'XS'}
2026-07-27 07:46:39 | INFO     | run                  | ======================================================================
2026-07-27 07:46:39 | INFO     | fetch_data           | Fetching data (Attempt 1/3)...
2026-07-27 07:46:39 | DEBUG    | fetch_data           | Establishing session with https://dps.psx.com.pk/
2026-07-27 07:46:41 | DEBUG    | fetch_data           | Requesting data from https://dps.psx.com.pk/market-watch
2026-07-27 07:46:44 | DEBUG    | fetch_data           | Response status: 200
2026-07-27 07:46:44 | DEBUG    | fetch_data           | Response content type: text/html; charset=utf-8
2026-07-27 07:46:44 | DEBUG    | fetch_data           | Response size: 469899 bytes
2026-07-27 07:46:44 | INFO     | fetch_data           | ✅ Data fetched successfully (Status: 200)
2026-07-27 07:46:44 | DEBUG    | parse_json           | Attempting JSON parsing...
2026-07-27 07:46:44 | DEBUG    | parse_json           | Response preview: <table class="tbl" data-page-length="25"><thead class="tbl__head"><!-- tr--><!--   th(colspan="11")--><!--   th.center(colspan="2", style="width: 110px;") TOTAL BUY ORDERS--><!--   th.center(colspan="2", style="width: 110px;") TOTAL SELL ORDERS--><tr><th data-name="symbol">SYMBOL</th><th data-name="sector">SECTOR</th><th data-name="listed">LISTED IN</th><th class="right" data-name="ldcp">LDCP</th><th class="right" data-name="open">OPEN</th><th class="right" data-name="high">HIGH</th><th class="r
2026-07-27 07:46:44 | WARNING  | parse_json           | ⚠️ JSON parsing failed: Expecting value: line 1 column 1 (char 0)
2026-07-27 07:46:44 | INFO     | run                  | JSON parsing failed, trying HTML fallback...
2026-07-27 07:46:44 | INFO     | parse_html           | Attempting HTML fallback parsing...
2026-07-27 07:46:44 | DEBUG    | parse_html           | Found 1 table(s) in HTML
2026-07-27 07:46:44 | DEBUG    | parse_html           | Table columns: ['SYMBOL', 'SECTOR', 'LISTED IN', 'LDCP', 'OPEN', 'HIGH', 'LOW', 'CURRENT', 'CHANGE', 'CHANGE (%)', 'VOLUME']
2026-07-27 07:46:44 | DEBUG    | parse_html           | Table shape: (491, 11)
2026-07-27 07:46:44 | INFO     | parse_html           | ✅ HTML parsed successfully (491 rows)
2026-07-27 07:46:44 | INFO     | clean_data           | Cleaning data...
2026-07-27 07:46:44 | DEBUG    | clean_data           | Initial shape: (491, 11)
2026-07-27 07:46:44 | DEBUG    | clean_data           | Initial columns: ['SYMBOL', 'SECTOR', 'LISTED IN', 'LDCP', 'OPEN', 'HIGH', 'LOW', 'CURRENT', 'CHANGE', 'CHANGE (%)', 'VOLUME']
2026-07-27 07:46:44 | DEBUG    | clean_data           | Removed 'LISTED IN' column
2026-07-27 07:46:44 | DEBUG    | clean_data           | Converted LDCP from float64 to numeric
2026-07-27 07:46:44 | DEBUG    | clean_data           | Converted OPEN from float64 to numeric
2026-07-27 07:46:44 | DEBUG    | clean_data           | Converted HIGH from float64 to numeric
2026-07-27 07:46:44 | DEBUG    | clean_data           | Converted LOW from float64 to numeric
2026-07-27 07:46:44 | DEBUG    | clean_data           | Converted CURRENT from float64 to numeric
2026-07-27 07:46:44 | DEBUG    | clean_data           | Converted CHANGE from float64 to numeric
2026-07-27 07:46:44 | WARNING  | clean_data           | Column CHANGE (%): 491 values could not be converted to numeric
2026-07-27 07:46:44 | DEBUG    | clean_data           | Converted CHANGE (%) from str to numeric
2026-07-27 07:46:44 | DEBUG    | clean_data           | Converted VOLUME from int64 to numeric
2026-07-27 07:46:44 | INFO     | clean_data           | ✅ Data cleaned (491 rows, 16 columns)
2026-07-27 07:46:44 | DEBUG    | clean_data           | Final columns: ['SYMBOL', 'SECTOR', 'LDCP', 'OPEN', 'HIGH', 'LOW', 'CURRENT', 'CHANGE', 'CHANGE (%)', 'VOLUME', 'YEAR', 'MONTH', 'DAY', 'HOUR', 'MINUTE', 'DATETIME']
2026-07-27 07:46:44 | DEBUG    | get_file_path        | Generated file path: data/2026/07/2026-07-27.xlsx
2026-07-27 07:46:44 | INFO     | save_data            | Saving data to: data/2026/07/2026-07-27.xlsx
2026-07-27 07:46:44 | DEBUG    | _create_backup       | Backup created: data/2026/07/backups/2026-07-27_backup_20260727_074644.xlsx
2026-07-27 07:46:44 | DEBUG    | _cleanup_old_backups | Removed old backup: 2026-07-27_backup_20260727_072034.xlsx
2026-07-27 07:46:44 | DEBUG    | save_data            | Existing file found, merging data...
2026-07-27 07:46:47 | DEBUG    | save_data            | Loaded 28263 existing rows
2026-07-27 07:46:47 | DEBUG    | save_data            | Combined to 28754 rows
2026-07-27 07:46:47 | DEBUG    | save_data            | Writing to temporary file...
2026-07-27 07:46:52 | DEBUG    | save_data            | Data written to temp file: /home/runner/work/Thalorae-BackLioraen/Thalorae-BackLioraen/data/2026/07/tmp37wthud3.xlsx
2026-07-27 07:46:52 | DEBUG    | save_data            | Temp file moved to final location
2026-07-27 07:46:52 | INFO     | save_data            | ✅ Data saved successfully (28754 total rows, 2,139,750 bytes)
2026-07-27 07:46:52 | INFO     | run                  | ======================================================================
2026-07-27 07:46:52 | INFO     | run                  | 📊 EXECUTION SUMMARY:
2026-07-27 07:46:52 | INFO     | run                  |    ✅ Status: SUCCESS
2026-07-27 07:46:52 | INFO     | run                  |    - Rows processed: 491
2026-07-27 07:46:52 | INFO     | run                  |    - Unique symbols: 491
2026-07-27 07:46:52 | INFO     | run                  |    - Timestamp: 2026-07-27 12:46:39
2026-07-27 07:46:52 | INFO     | run                  |    - File: data/2026/07/2026-07-27.xlsx
2026-07-27 07:46:52 | INFO     | run                  | ======================================================================
2026-07-27 07:46:52 | DEBUG    | run                  | Sample data (first row):
2026-07-27 07:46:52 | DEBUG    | run                  | {'SYMBOL': 'CNERGY', 'SECTOR': 825, 'LDCP': 10.29, 'OPEN': 10.6, 'HIGH': 10.99, 'LOW': 10.59, 'CURRENT': 10.82, 'CHANGE': 0.53, 'CHANGE (%)': nan, 'VOLUME': 62260447, 'YEAR': 2026, 'MONTH': 7, 'DAY': 27, 'HOUR': 12, 'MINUTE': 46, 'DATETIME': '2026-07-27 12:46'}
2026-07-27 07:46:52 | DEBUG    | close                | Session closed
