2026-06-12 02:06:03 | INFO     | run                  | ======================================================================
2026-06-12 02:06:03 | INFO     | run                  | 🚀 MARKET DATA SCRAPER - SINGLE EXECUTION
2026-06-12 02:06:03 | INFO     | run                  | ======================================================================
2026-06-12 02:06:03 | INFO     | run                  | Execution Time: 2026-06-12 07:06:03 PKT
2026-06-12 02:06:03 | INFO     | run                  | Configuration:
2026-06-12 02:06:03 | INFO     | run                  |    - Timezone: Asia/Karachi
2026-06-12 02:06:03 | INFO     | run                  |    - Data directory: data
2026-06-12 02:06:03 | INFO     | run                  |    - Log directory: logs
2026-06-12 02:06:03 | INFO     | run                  | ======================================================================
2026-06-12 02:06:03 | INFO     | fetch_data           | Fetching data (Attempt 1/3)...
2026-06-12 02:06:03 | DEBUG    | fetch_data           | Establishing session with https://dps.psx.com.pk/
2026-06-12 02:06:06 | DEBUG    | fetch_data           | Requesting data from https://dps.psx.com.pk/market-watch
2026-06-12 02:06:07 | DEBUG    | fetch_data           | Response status: 200
2026-06-12 02:06:07 | DEBUG    | fetch_data           | Response content type: text/html; charset=utf-8
2026-06-12 02:06:07 | DEBUG    | fetch_data           | Response size: 466508 bytes
2026-06-12 02:06:07 | INFO     | fetch_data           | ✅ Data fetched successfully (Status: 200)
2026-06-12 02:06:07 | DEBUG    | parse_json           | Attempting JSON parsing...
2026-06-12 02:06:07 | DEBUG    | parse_json           | Response preview: <table class="tbl" data-page-length="25"><thead class="tbl__head"><!-- tr--><!--   th(colspan="11")--><!--   th.center(colspan="2", style="width: 110px;") TOTAL BUY ORDERS--><!--   th.center(colspan="2", style="width: 110px;") TOTAL SELL ORDERS--><tr><th data-name="symbol">SYMBOL</th><th data-name="sector">SECTOR</th><th data-name="listed">LISTED IN</th><th class="right" data-name="ldcp">LDCP</th><th class="right" data-name="open">OPEN</th><th class="right" data-name="high">HIGH</th><th class="r
2026-06-12 02:06:07 | WARNING  | parse_json           | ⚠️ JSON parsing failed: Expecting value: line 1 column 1 (char 0)
2026-06-12 02:06:07 | INFO     | run                  | JSON parsing failed, trying HTML fallback...
2026-06-12 02:06:07 | INFO     | parse_html           | Attempting HTML fallback parsing...
2026-06-12 02:06:08 | DEBUG    | parse_html           | Found 1 table(s) in HTML
2026-06-12 02:06:08 | DEBUG    | parse_html           | Table columns: ['SYMBOL', 'SECTOR', 'LISTED IN', 'LDCP', 'OPEN', 'HIGH', 'LOW', 'CURRENT', 'CHANGE', 'CHANGE (%)', 'VOLUME']
2026-06-12 02:06:08 | DEBUG    | parse_html           | Table shape: (487, 11)
2026-06-12 02:06:08 | INFO     | parse_html           | ✅ HTML parsed successfully (487 rows)
2026-06-12 02:06:08 | INFO     | clean_data           | Cleaning data...
2026-06-12 02:06:08 | DEBUG    | clean_data           | Initial shape: (487, 11)
2026-06-12 02:06:08 | DEBUG    | clean_data           | Initial columns: ['SYMBOL', 'SECTOR', 'LISTED IN', 'LDCP', 'OPEN', 'HIGH', 'LOW', 'CURRENT', 'CHANGE', 'CHANGE (%)', 'VOLUME']
2026-06-12 02:06:08 | DEBUG    | clean_data           | Removed 'LISTED IN' column
2026-06-12 02:06:08 | DEBUG    | clean_data           | Converted LDCP from float64 to numeric
2026-06-12 02:06:08 | DEBUG    | clean_data           | Converted OPEN from float64 to numeric
2026-06-12 02:06:08 | DEBUG    | clean_data           | Converted HIGH from float64 to numeric
2026-06-12 02:06:08 | DEBUG    | clean_data           | Converted LOW from float64 to numeric
2026-06-12 02:06:08 | DEBUG    | clean_data           | Converted CURRENT from float64 to numeric
2026-06-12 02:06:08 | DEBUG    | clean_data           | Converted CHANGE from float64 to numeric
2026-06-12 02:06:08 | DEBUG    | clean_data           | Converted CHANGE (%) from str to numeric
2026-06-12 02:06:08 | DEBUG    | clean_data           | Converted VOLUME from int64 to numeric
2026-06-12 02:06:08 | INFO     | clean_data           | ✅ Data cleaned (487 rows, 16 columns)
2026-06-12 02:06:08 | DEBUG    | clean_data           | Final columns: ['SYMBOL', 'SECTOR', 'LDCP', 'OPEN', 'HIGH', 'LOW', 'CURRENT', 'CHANGE', 'CHANGE (%)', 'VOLUME', 'YEAR', 'MONTH', 'DAY', 'HOUR', 'MINUTE', 'DATETIME']
2026-06-12 02:06:08 | DEBUG    | get_file_path        | Generated file path: data/2026/06/2026-06-12.xlsx
2026-06-12 02:06:08 | INFO     | save_data            | Saving data to: data/2026/06/2026-06-12.xlsx
2026-06-12 02:06:08 | DEBUG    | save_data            | Writing to temporary file...
2026-06-12 02:06:08 | DEBUG    | save_data            | Data written to temp file: /home/runner/work/Thalorae-BackLioraen/Thalorae-BackLioraen/data/2026/06/tmpnwpnp71u.xlsx
2026-06-12 02:06:08 | DEBUG    | save_data            | Temp file moved to final location
2026-06-12 02:06:08 | INFO     | save_data            | ✅ Data saved successfully (487 total rows, 41254 bytes)
2026-06-12 02:06:08 | INFO     | run                  | ======================================================================
2026-06-12 02:06:08 | INFO     | run                  | 📊 EXECUTION SUMMARY:
2026-06-12 02:06:08 | INFO     | run                  |    ✅ Status: SUCCESS
2026-06-12 02:06:08 | INFO     | run                  |    - Rows processed: 487
2026-06-12 02:06:08 | INFO     | run                  |    - Unique symbols: 487
2026-06-12 02:06:08 | INFO     | run                  |    - Timestamp: 2026-06-12 07:06:03
2026-06-12 02:06:08 | INFO     | run                  |    - File: data/2026/06/2026-06-12.xlsx
2026-06-12 02:06:08 | INFO     | run                  | ======================================================================
2026-06-12 02:06:08 | DEBUG    | run                  | Sample data (first row):
2026-06-12 02:06:08 | DEBUG    | run                  | {'SYMBOL': 'FNEL', 'SECTOR': 813, 'LDCP': 1.35, 'OPEN': 1.31, 'HIGH': 1.45, 'LOW': 1.29, 'CURRENT': 1.35, 'CHANGE': 0.04, 'CHANGE (%)': nan, 'VOLUME': 118360814, 'YEAR': 2026, 'MONTH': 6, 'DAY': 12, 'HOUR': 7, 'MINUTE': 6, 'DATETIME': '2026-06-12 07:06'}
2026-06-12 02:11:08 | INFO     | run                  | ======================================================================
2026-06-12 02:11:08 | INFO     | run                  | 🚀 MARKET DATA SCRAPER - SINGLE EXECUTION
2026-06-12 02:11:08 | INFO     | run                  | ======================================================================
2026-06-12 02:11:08 | INFO     | run                  | Execution Time: 2026-06-12 07:11:08 PKT
2026-06-12 02:11:08 | INFO     | run                  | Configuration:
2026-06-12 02:11:08 | INFO     | run                  |    - Timezone: Asia/Karachi
2026-06-12 02:11:08 | INFO     | run                  |    - Data directory: data
2026-06-12 02:11:08 | INFO     | run                  |    - Log directory: logs
2026-06-12 02:11:08 | INFO     | run                  | ======================================================================
2026-06-12 02:11:08 | INFO     | fetch_data           | Fetching data (Attempt 1/3)...
2026-06-12 02:11:08 | DEBUG    | fetch_data           | Establishing session with https://dps.psx.com.pk/
2026-06-12 02:11:12 | DEBUG    | fetch_data           | Requesting data from https://dps.psx.com.pk/market-watch
2026-06-12 02:11:14 | DEBUG    | fetch_data           | Response status: 200
2026-06-12 02:11:14 | DEBUG    | fetch_data           | Response content type: text/html; charset=utf-8
2026-06-12 02:11:14 | DEBUG    | fetch_data           | Response size: 466508 bytes
2026-06-12 02:11:14 | INFO     | fetch_data           | ✅ Data fetched successfully (Status: 200)
2026-06-12 02:11:14 | DEBUG    | parse_json           | Attempting JSON parsing...
2026-06-12 02:11:14 | DEBUG    | parse_json           | Response preview: <table class="tbl" data-page-length="25"><thead class="tbl__head"><!-- tr--><!--   th(colspan="11")--><!--   th.center(colspan="2", style="width: 110px;") TOTAL BUY ORDERS--><!--   th.center(colspan="2", style="width: 110px;") TOTAL SELL ORDERS--><tr><th data-name="symbol">SYMBOL</th><th data-name="sector">SECTOR</th><th data-name="listed">LISTED IN</th><th class="right" data-name="ldcp">LDCP</th><th class="right" data-name="open">OPEN</th><th class="right" data-name="high">HIGH</th><th class="r
2026-06-12 02:11:14 | WARNING  | parse_json           | ⚠️ JSON parsing failed: Expecting value: line 1 column 1 (char 0)
2026-06-12 02:11:14 | INFO     | run                  | JSON parsing failed, trying HTML fallback...
2026-06-12 02:11:14 | INFO     | parse_html           | Attempting HTML fallback parsing...
2026-06-12 02:11:14 | DEBUG    | parse_html           | Found 1 table(s) in HTML
2026-06-12 02:11:14 | DEBUG    | parse_html           | Table columns: ['SYMBOL', 'SECTOR', 'LISTED IN', 'LDCP', 'OPEN', 'HIGH', 'LOW', 'CURRENT', 'CHANGE', 'CHANGE (%)', 'VOLUME']
2026-06-12 02:11:14 | DEBUG    | parse_html           | Table shape: (487, 11)
2026-06-12 02:11:14 | INFO     | parse_html           | ✅ HTML parsed successfully (487 rows)
2026-06-12 02:11:14 | INFO     | clean_data           | Cleaning data...
2026-06-12 02:11:14 | DEBUG    | clean_data           | Initial shape: (487, 11)
2026-06-12 02:11:14 | DEBUG    | clean_data           | Initial columns: ['SYMBOL', 'SECTOR', 'LISTED IN', 'LDCP', 'OPEN', 'HIGH', 'LOW', 'CURRENT', 'CHANGE', 'CHANGE (%)', 'VOLUME']
2026-06-12 02:11:14 | DEBUG    | clean_data           | Removed 'LISTED IN' column
2026-06-12 02:11:14 | DEBUG    | clean_data           | Converted LDCP from float64 to numeric
2026-06-12 02:11:14 | DEBUG    | clean_data           | Converted OPEN from float64 to numeric
2026-06-12 02:11:14 | DEBUG    | clean_data           | Converted HIGH from float64 to numeric
2026-06-12 02:11:14 | DEBUG    | clean_data           | Converted LOW from float64 to numeric
2026-06-12 02:11:14 | DEBUG    | clean_data           | Converted CURRENT from float64 to numeric
2026-06-12 02:11:14 | DEBUG    | clean_data           | Converted CHANGE from float64 to numeric
2026-06-12 02:11:14 | DEBUG    | clean_data           | Converted CHANGE (%) from str to numeric
2026-06-12 02:11:14 | DEBUG    | clean_data           | Converted VOLUME from int64 to numeric
2026-06-12 02:11:14 | INFO     | clean_data           | ✅ Data cleaned (487 rows, 16 columns)
2026-06-12 02:11:14 | DEBUG    | clean_data           | Final columns: ['SYMBOL', 'SECTOR', 'LDCP', 'OPEN', 'HIGH', 'LOW', 'CURRENT', 'CHANGE', 'CHANGE (%)', 'VOLUME', 'YEAR', 'MONTH', 'DAY', 'HOUR', 'MINUTE', 'DATETIME']
2026-06-12 02:11:14 | DEBUG    | get_file_path        | Generated file path: data/2026/06/2026-06-12.xlsx
2026-06-12 02:11:14 | INFO     | save_data            | Saving data to: data/2026/06/2026-06-12.xlsx
2026-06-12 02:11:14 | DEBUG    | save_data            | Existing file found, merging data...
2026-06-12 02:11:14 | DEBUG    | save_data            | Loaded 487 existing rows
2026-06-12 02:11:14 | DEBUG    | save_data            | Combined to 974 rows
2026-06-12 02:11:14 | DEBUG    | save_data            | Writing to temporary file...
2026-06-12 02:11:14 | DEBUG    | save_data            | Data written to temp file: /home/runner/work/Thalorae-BackLioraen/Thalorae-BackLioraen/data/2026/06/tmphe8mts22.xlsx
2026-06-12 02:11:14 | DEBUG    | save_data            | Temp file moved to final location
2026-06-12 02:11:14 | INFO     | save_data            | ✅ Data saved successfully (974 total rows, 77332 bytes)
2026-06-12 02:11:14 | INFO     | run                  | ======================================================================
2026-06-12 02:11:14 | INFO     | run                  | 📊 EXECUTION SUMMARY:
2026-06-12 02:11:14 | INFO     | run                  |    ✅ Status: SUCCESS
2026-06-12 02:11:14 | INFO     | run                  |    - Rows processed: 487
2026-06-12 02:11:14 | INFO     | run                  |    - Unique symbols: 487
2026-06-12 02:11:14 | INFO     | run                  |    - Timestamp: 2026-06-12 07:11:08
2026-06-12 02:11:14 | INFO     | run                  |    - File: data/2026/06/2026-06-12.xlsx
2026-06-12 02:11:14 | INFO     | run                  | ======================================================================
2026-06-12 02:11:14 | DEBUG    | run                  | Sample data (first row):
2026-06-12 02:11:14 | DEBUG    | run                  | {'SYMBOL': 'FNEL', 'SECTOR': 813, 'LDCP': 1.35, 'OPEN': 1.31, 'HIGH': 1.45, 'LOW': 1.29, 'CURRENT': 1.35, 'CHANGE': 0.04, 'CHANGE (%)': nan, 'VOLUME': 118360814, 'YEAR': 2026, 'MONTH': 6, 'DAY': 12, 'HOUR': 7, 'MINUTE': 11, 'DATETIME': '2026-06-12 07:11'}
2026-06-12 02:16:14 | INFO     | run                  | ======================================================================
2026-06-12 02:16:14 | INFO     | run                  | 🚀 MARKET DATA SCRAPER - SINGLE EXECUTION
2026-06-12 02:16:14 | INFO     | run                  | ======================================================================
2026-06-12 02:16:14 | INFO     | run                  | Execution Time: 2026-06-12 07:16:14 PKT
2026-06-12 02:16:14 | INFO     | run                  | Configuration:
2026-06-12 02:16:14 | INFO     | run                  |    - Timezone: Asia/Karachi
2026-06-12 02:16:14 | INFO     | run                  |    - Data directory: data
2026-06-12 02:16:14 | INFO     | run                  |    - Log directory: logs
2026-06-12 02:16:14 | INFO     | run                  | ======================================================================
2026-06-12 02:16:14 | INFO     | fetch_data           | Fetching data (Attempt 1/3)...
2026-06-12 02:16:14 | DEBUG    | fetch_data           | Establishing session with https://dps.psx.com.pk/
2026-06-12 02:16:17 | DEBUG    | fetch_data           | Requesting data from https://dps.psx.com.pk/market-watch
2026-06-12 02:16:19 | DEBUG    | fetch_data           | Response status: 200
2026-06-12 02:16:19 | DEBUG    | fetch_data           | Response content type: text/html; charset=utf-8
2026-06-12 02:16:19 | DEBUG    | fetch_data           | Response size: 466508 bytes
2026-06-12 02:16:19 | INFO     | fetch_data           | ✅ Data fetched successfully (Status: 200)
2026-06-12 02:16:19 | DEBUG    | parse_json           | Attempting JSON parsing...
2026-06-12 02:16:19 | DEBUG    | parse_json           | Response preview: <table class="tbl" data-page-length="25"><thead class="tbl__head"><!-- tr--><!--   th(colspan="11")--><!--   th.center(colspan="2", style="width: 110px;") TOTAL BUY ORDERS--><!--   th.center(colspan="2", style="width: 110px;") TOTAL SELL ORDERS--><tr><th data-name="symbol">SYMBOL</th><th data-name="sector">SECTOR</th><th data-name="listed">LISTED IN</th><th class="right" data-name="ldcp">LDCP</th><th class="right" data-name="open">OPEN</th><th class="right" data-name="high">HIGH</th><th class="r
2026-06-12 02:16:19 | WARNING  | parse_json           | ⚠️ JSON parsing failed: Expecting value: line 1 column 1 (char 0)
2026-06-12 02:16:19 | INFO     | run                  | JSON parsing failed, trying HTML fallback...
2026-06-12 02:16:19 | INFO     | parse_html           | Attempting HTML fallback parsing...
2026-06-12 02:16:19 | DEBUG    | parse_html           | Found 1 table(s) in HTML
2026-06-12 02:16:19 | DEBUG    | parse_html           | Table columns: ['SYMBOL', 'SECTOR', 'LISTED IN', 'LDCP', 'OPEN', 'HIGH', 'LOW', 'CURRENT', 'CHANGE', 'CHANGE (%)', 'VOLUME']
2026-06-12 02:16:19 | DEBUG    | parse_html           | Table shape: (487, 11)
2026-06-12 02:16:19 | INFO     | parse_html           | ✅ HTML parsed successfully (487 rows)
2026-06-12 02:16:19 | INFO     | clean_data           | Cleaning data...
2026-06-12 02:16:19 | DEBUG    | clean_data           | Initial shape: (487, 11)
2026-06-12 02:16:19 | DEBUG    | clean_data           | Initial columns: ['SYMBOL', 'SECTOR', 'LISTED IN', 'LDCP', 'OPEN', 'HIGH', 'LOW', 'CURRENT', 'CHANGE', 'CHANGE (%)', 'VOLUME']
2026-06-12 02:16:19 | DEBUG    | clean_data           | Removed 'LISTED IN' column
2026-06-12 02:16:19 | DEBUG    | clean_data           | Converted LDCP from float64 to numeric
2026-06-12 02:16:19 | DEBUG    | clean_data           | Converted OPEN from float64 to numeric
2026-06-12 02:16:19 | DEBUG    | clean_data           | Converted HIGH from float64 to numeric
2026-06-12 02:16:19 | DEBUG    | clean_data           | Converted LOW from float64 to numeric
2026-06-12 02:16:19 | DEBUG    | clean_data           | Converted CURRENT from float64 to numeric
2026-06-12 02:16:19 | DEBUG    | clean_data           | Converted CHANGE from float64 to numeric
2026-06-12 02:16:19 | DEBUG    | clean_data           | Converted CHANGE (%) from str to numeric
2026-06-12 02:16:19 | DEBUG    | clean_data           | Converted VOLUME from int64 to numeric
2026-06-12 02:16:19 | INFO     | clean_data           | ✅ Data cleaned (487 rows, 16 columns)
2026-06-12 02:16:19 | DEBUG    | clean_data           | Final columns: ['SYMBOL', 'SECTOR', 'LDCP', 'OPEN', 'HIGH', 'LOW', 'CURRENT', 'CHANGE', 'CHANGE (%)', 'VOLUME', 'YEAR', 'MONTH', 'DAY', 'HOUR', 'MINUTE', 'DATETIME']
2026-06-12 02:16:19 | DEBUG    | get_file_path        | Generated file path: data/2026/06/2026-06-12.xlsx
2026-06-12 02:16:19 | INFO     | save_data            | Saving data to: data/2026/06/2026-06-12.xlsx
2026-06-12 02:16:19 | DEBUG    | save_data            | Existing file found, merging data...
2026-06-12 02:16:19 | DEBUG    | save_data            | Loaded 974 existing rows
2026-06-12 02:16:19 | DEBUG    | save_data            | Combined to 1461 rows
2026-06-12 02:16:19 | DEBUG    | save_data            | Writing to temporary file...
2026-06-12 02:16:20 | DEBUG    | save_data            | Data written to temp file: /home/runner/work/Thalorae-BackLioraen/Thalorae-BackLioraen/data/2026/06/tmpi2mb_9bu.xlsx
2026-06-12 02:16:20 | DEBUG    | save_data            | Temp file moved to final location
2026-06-12 02:16:20 | INFO     | save_data            | ✅ Data saved successfully (1461 total rows, 113420 bytes)
2026-06-12 02:16:20 | INFO     | run                  | ======================================================================
2026-06-12 02:16:20 | INFO     | run                  | 📊 EXECUTION SUMMARY:
2026-06-12 02:16:20 | INFO     | run                  |    ✅ Status: SUCCESS
2026-06-12 02:16:20 | INFO     | run                  |    - Rows processed: 487
2026-06-12 02:16:20 | INFO     | run                  |    - Unique symbols: 487
2026-06-12 02:16:20 | INFO     | run                  |    - Timestamp: 2026-06-12 07:16:14
2026-06-12 02:16:20 | INFO     | run                  |    - File: data/2026/06/2026-06-12.xlsx
2026-06-12 02:16:20 | INFO     | run                  | ======================================================================
2026-06-12 02:16:20 | DEBUG    | run                  | Sample data (first row):
2026-06-12 02:16:20 | DEBUG    | run                  | {'SYMBOL': 'FNEL', 'SECTOR': 813, 'LDCP': 1.35, 'OPEN': 1.31, 'HIGH': 1.45, 'LOW': 1.29, 'CURRENT': 1.35, 'CHANGE': 0.04, 'CHANGE (%)': nan, 'VOLUME': 118360814, 'YEAR': 2026, 'MONTH': 6, 'DAY': 12, 'HOUR': 7, 'MINUTE': 16, 'DATETIME': '2026-06-12 07:16'}
2026-06-12 02:21:20 | INFO     | run                  | ======================================================================
2026-06-12 02:21:20 | INFO     | run                  | 🚀 MARKET DATA SCRAPER - SINGLE EXECUTION
2026-06-12 02:21:20 | INFO     | run                  | ======================================================================
2026-06-12 02:21:20 | INFO     | run                  | Execution Time: 2026-06-12 07:21:20 PKT
2026-06-12 02:21:20 | INFO     | run                  | Configuration:
2026-06-12 02:21:20 | INFO     | run                  |    - Timezone: Asia/Karachi
2026-06-12 02:21:20 | INFO     | run                  |    - Data directory: data
2026-06-12 02:21:20 | INFO     | run                  |    - Log directory: logs
2026-06-12 02:21:20 | INFO     | run                  | ======================================================================
2026-06-12 02:21:20 | INFO     | fetch_data           | Fetching data (Attempt 1/3)...
2026-06-12 02:21:20 | DEBUG    | fetch_data           | Establishing session with https://dps.psx.com.pk/
2026-06-12 02:21:25 | DEBUG    | fetch_data           | Requesting data from https://dps.psx.com.pk/market-watch
2026-06-12 02:21:26 | DEBUG    | fetch_data           | Response status: 200
2026-06-12 02:21:26 | DEBUG    | fetch_data           | Response content type: text/html; charset=utf-8
2026-06-12 02:21:26 | DEBUG    | fetch_data           | Response size: 466508 bytes
2026-06-12 02:21:26 | INFO     | fetch_data           | ✅ Data fetched successfully (Status: 200)
2026-06-12 02:21:26 | DEBUG    | parse_json           | Attempting JSON parsing...
2026-06-12 02:21:26 | DEBUG    | parse_json           | Response preview: <table class="tbl" data-page-length="25"><thead class="tbl__head"><!-- tr--><!--   th(colspan="11")--><!--   th.center(colspan="2", style="width: 110px;") TOTAL BUY ORDERS--><!--   th.center(colspan="2", style="width: 110px;") TOTAL SELL ORDERS--><tr><th data-name="symbol">SYMBOL</th><th data-name="sector">SECTOR</th><th data-name="listed">LISTED IN</th><th class="right" data-name="ldcp">LDCP</th><th class="right" data-name="open">OPEN</th><th class="right" data-name="high">HIGH</th><th class="r
2026-06-12 02:21:26 | WARNING  | parse_json           | ⚠️ JSON parsing failed: Expecting value: line 1 column 1 (char 0)
2026-06-12 02:21:26 | INFO     | run                  | JSON parsing failed, trying HTML fallback...
2026-06-12 02:21:26 | INFO     | parse_html           | Attempting HTML fallback parsing...
2026-06-12 02:21:27 | DEBUG    | parse_html           | Found 1 table(s) in HTML
2026-06-12 02:21:27 | DEBUG    | parse_html           | Table columns: ['SYMBOL', 'SECTOR', 'LISTED IN', 'LDCP', 'OPEN', 'HIGH', 'LOW', 'CURRENT', 'CHANGE', 'CHANGE (%)', 'VOLUME']
2026-06-12 02:21:27 | DEBUG    | parse_html           | Table shape: (487, 11)
2026-06-12 02:21:27 | INFO     | parse_html           | ✅ HTML parsed successfully (487 rows)
2026-06-12 02:21:27 | INFO     | clean_data           | Cleaning data...
2026-06-12 02:21:27 | DEBUG    | clean_data           | Initial shape: (487, 11)
2026-06-12 02:21:27 | DEBUG    | clean_data           | Initial columns: ['SYMBOL', 'SECTOR', 'LISTED IN', 'LDCP', 'OPEN', 'HIGH', 'LOW', 'CURRENT', 'CHANGE', 'CHANGE (%)', 'VOLUME']
2026-06-12 02:21:27 | DEBUG    | clean_data           | Removed 'LISTED IN' column
2026-06-12 02:21:27 | DEBUG    | clean_data           | Converted LDCP from float64 to numeric
2026-06-12 02:21:27 | DEBUG    | clean_data           | Converted OPEN from float64 to numeric
2026-06-12 02:21:27 | DEBUG    | clean_data           | Converted HIGH from float64 to numeric
2026-06-12 02:21:27 | DEBUG    | clean_data           | Converted LOW from float64 to numeric
2026-06-12 02:21:27 | DEBUG    | clean_data           | Converted CURRENT from float64 to numeric
2026-06-12 02:21:27 | DEBUG    | clean_data           | Converted CHANGE from float64 to numeric
2026-06-12 02:21:27 | DEBUG    | clean_data           | Converted CHANGE (%) from str to numeric
2026-06-12 02:21:27 | DEBUG    | clean_data           | Converted VOLUME from int64 to numeric
2026-06-12 02:21:27 | INFO     | clean_data           | ✅ Data cleaned (487 rows, 16 columns)
2026-06-12 02:21:27 | DEBUG    | clean_data           | Final columns: ['SYMBOL', 'SECTOR', 'LDCP', 'OPEN', 'HIGH', 'LOW', 'CURRENT', 'CHANGE', 'CHANGE (%)', 'VOLUME', 'YEAR', 'MONTH', 'DAY', 'HOUR', 'MINUTE', 'DATETIME']
2026-06-12 02:21:27 | DEBUG    | get_file_path        | Generated file path: data/2026/06/2026-06-12.xlsx
2026-06-12 02:21:27 | INFO     | save_data            | Saving data to: data/2026/06/2026-06-12.xlsx
2026-06-12 02:21:27 | DEBUG    | save_data            | Existing file found, merging data...
2026-06-12 02:21:27 | DEBUG    | save_data            | Loaded 1461 existing rows
2026-06-12 02:21:27 | DEBUG    | save_data            | Combined to 1948 rows
2026-06-12 02:21:27 | DEBUG    | save_data            | Writing to temporary file...
2026-06-12 02:21:27 | DEBUG    | save_data            | Data written to temp file: /home/runner/work/Thalorae-BackLioraen/Thalorae-BackLioraen/data/2026/06/tmp_1mjtuqd.xlsx
2026-06-12 02:21:27 | DEBUG    | save_data            | Temp file moved to final location
2026-06-12 02:21:27 | INFO     | save_data            | ✅ Data saved successfully (1948 total rows, 149492 bytes)
2026-06-12 02:21:27 | INFO     | run                  | ======================================================================
2026-06-12 02:21:27 | INFO     | run                  | 📊 EXECUTION SUMMARY:
2026-06-12 02:21:27 | INFO     | run                  |    ✅ Status: SUCCESS
2026-06-12 02:21:27 | INFO     | run                  |    - Rows processed: 487
2026-06-12 02:21:27 | INFO     | run                  |    - Unique symbols: 487
2026-06-12 02:21:27 | INFO     | run                  |    - Timestamp: 2026-06-12 07:21:20
2026-06-12 02:21:27 | INFO     | run                  |    - File: data/2026/06/2026-06-12.xlsx
2026-06-12 02:21:27 | INFO     | run                  | ======================================================================
2026-06-12 02:21:27 | DEBUG    | run                  | Sample data (first row):
2026-06-12 02:21:27 | DEBUG    | run                  | {'SYMBOL': 'FNEL', 'SECTOR': 813, 'LDCP': 1.35, 'OPEN': 1.31, 'HIGH': 1.45, 'LOW': 1.29, 'CURRENT': 1.35, 'CHANGE': 0.04, 'CHANGE (%)': nan, 'VOLUME': 118360814, 'YEAR': 2026, 'MONTH': 6, 'DAY': 12, 'HOUR': 7, 'MINUTE': 21, 'DATETIME': '2026-06-12 07:21'}
2026-06-12 02:26:27 | INFO     | run                  | ======================================================================
2026-06-12 02:26:27 | INFO     | run                  | 🚀 MARKET DATA SCRAPER - SINGLE EXECUTION
2026-06-12 02:26:27 | INFO     | run                  | ======================================================================
2026-06-12 02:26:27 | INFO     | run                  | Execution Time: 2026-06-12 07:26:27 PKT
2026-06-12 02:26:27 | INFO     | run                  | Configuration:
2026-06-12 02:26:27 | INFO     | run                  |    - Timezone: Asia/Karachi
2026-06-12 02:26:27 | INFO     | run                  |    - Data directory: data
2026-06-12 02:26:27 | INFO     | run                  |    - Log directory: logs
2026-06-12 02:26:27 | INFO     | run                  | ======================================================================
2026-06-12 02:26:27 | INFO     | fetch_data           | Fetching data (Attempt 1/3)...
2026-06-12 02:26:27 | DEBUG    | fetch_data           | Establishing session with https://dps.psx.com.pk/
2026-06-12 02:26:30 | DEBUG    | fetch_data           | Requesting data from https://dps.psx.com.pk/market-watch
2026-06-12 02:26:32 | DEBUG    | fetch_data           | Response status: 200
2026-06-12 02:26:32 | DEBUG    | fetch_data           | Response content type: text/html; charset=utf-8
2026-06-12 02:26:32 | DEBUG    | fetch_data           | Response size: 466508 bytes
2026-06-12 02:26:32 | INFO     | fetch_data           | ✅ Data fetched successfully (Status: 200)
2026-06-12 02:26:32 | DEBUG    | parse_json           | Attempting JSON parsing...
2026-06-12 02:26:32 | DEBUG    | parse_json           | Response preview: <table class="tbl" data-page-length="25"><thead class="tbl__head"><!-- tr--><!--   th(colspan="11")--><!--   th.center(colspan="2", style="width: 110px;") TOTAL BUY ORDERS--><!--   th.center(colspan="2", style="width: 110px;") TOTAL SELL ORDERS--><tr><th data-name="symbol">SYMBOL</th><th data-name="sector">SECTOR</th><th data-name="listed">LISTED IN</th><th class="right" data-name="ldcp">LDCP</th><th class="right" data-name="open">OPEN</th><th class="right" data-name="high">HIGH</th><th class="r
2026-06-12 02:26:32 | WARNING  | parse_json           | ⚠️ JSON parsing failed: Expecting value: line 1 column 1 (char 0)
2026-06-12 02:26:32 | INFO     | run                  | JSON parsing failed, trying HTML fallback...
2026-06-12 02:26:32 | INFO     | parse_html           | Attempting HTML fallback parsing...
2026-06-12 02:26:32 | DEBUG    | parse_html           | Found 1 table(s) in HTML
2026-06-12 02:26:32 | DEBUG    | parse_html           | Table columns: ['SYMBOL', 'SECTOR', 'LISTED IN', 'LDCP', 'OPEN', 'HIGH', 'LOW', 'CURRENT', 'CHANGE', 'CHANGE (%)', 'VOLUME']
2026-06-12 02:26:32 | DEBUG    | parse_html           | Table shape: (487, 11)
2026-06-12 02:26:32 | INFO     | parse_html           | ✅ HTML parsed successfully (487 rows)
2026-06-12 02:26:32 | INFO     | clean_data           | Cleaning data...
2026-06-12 02:26:32 | DEBUG    | clean_data           | Initial shape: (487, 11)
2026-06-12 02:26:32 | DEBUG    | clean_data           | Initial columns: ['SYMBOL', 'SECTOR', 'LISTED IN', 'LDCP', 'OPEN', 'HIGH', 'LOW', 'CURRENT', 'CHANGE', 'CHANGE (%)', 'VOLUME']
2026-06-12 02:26:32 | DEBUG    | clean_data           | Removed 'LISTED IN' column
2026-06-12 02:26:32 | DEBUG    | clean_data           | Converted LDCP from float64 to numeric
2026-06-12 02:26:32 | DEBUG    | clean_data           | Converted OPEN from float64 to numeric
2026-06-12 02:26:32 | DEBUG    | clean_data           | Converted HIGH from float64 to numeric
2026-06-12 02:26:32 | DEBUG    | clean_data           | Converted LOW from float64 to numeric
2026-06-12 02:26:32 | DEBUG    | clean_data           | Converted CURRENT from float64 to numeric
2026-06-12 02:26:32 | DEBUG    | clean_data           | Converted CHANGE from float64 to numeric
2026-06-12 02:26:32 | DEBUG    | clean_data           | Converted CHANGE (%) from str to numeric
2026-06-12 02:26:32 | DEBUG    | clean_data           | Converted VOLUME from int64 to numeric
2026-06-12 02:26:32 | INFO     | clean_data           | ✅ Data cleaned (487 rows, 16 columns)
2026-06-12 02:26:32 | DEBUG    | clean_data           | Final columns: ['SYMBOL', 'SECTOR', 'LDCP', 'OPEN', 'HIGH', 'LOW', 'CURRENT', 'CHANGE', 'CHANGE (%)', 'VOLUME', 'YEAR', 'MONTH', 'DAY', 'HOUR', 'MINUTE', 'DATETIME']
2026-06-12 02:26:32 | DEBUG    | get_file_path        | Generated file path: data/2026/06/2026-06-12.xlsx
2026-06-12 02:26:32 | INFO     | save_data            | Saving data to: data/2026/06/2026-06-12.xlsx
2026-06-12 02:26:32 | DEBUG    | save_data            | Existing file found, merging data...
2026-06-12 02:26:32 | DEBUG    | save_data            | Loaded 1948 existing rows
2026-06-12 02:26:32 | DEBUG    | save_data            | Combined to 2435 rows
2026-06-12 02:26:32 | DEBUG    | save_data            | Writing to temporary file...
2026-06-12 02:26:33 | DEBUG    | save_data            | Data written to temp file: /home/runner/work/Thalorae-BackLioraen/Thalorae-BackLioraen/data/2026/06/tmpotxk1kg7.xlsx
2026-06-12 02:26:33 | DEBUG    | save_data            | Temp file moved to final location
2026-06-12 02:26:33 | INFO     | save_data            | ✅ Data saved successfully (2435 total rows, 185568 bytes)
2026-06-12 02:26:33 | INFO     | run                  | ======================================================================
2026-06-12 02:26:33 | INFO     | run                  | 📊 EXECUTION SUMMARY:
2026-06-12 02:26:33 | INFO     | run                  |    ✅ Status: SUCCESS
2026-06-12 02:26:33 | INFO     | run                  |    - Rows processed: 487
2026-06-12 02:26:33 | INFO     | run                  |    - Unique symbols: 487
2026-06-12 02:26:33 | INFO     | run                  |    - Timestamp: 2026-06-12 07:26:27
2026-06-12 02:26:33 | INFO     | run                  |    - File: data/2026/06/2026-06-12.xlsx
2026-06-12 02:26:33 | INFO     | run                  | ======================================================================
2026-06-12 02:26:33 | DEBUG    | run                  | Sample data (first row):
2026-06-12 02:26:33 | DEBUG    | run                  | {'SYMBOL': 'FNEL', 'SECTOR': 813, 'LDCP': 1.35, 'OPEN': 1.31, 'HIGH': 1.45, 'LOW': 1.29, 'CURRENT': 1.35, 'CHANGE': 0.04, 'CHANGE (%)': nan, 'VOLUME': 118360814, 'YEAR': 2026, 'MONTH': 6, 'DAY': 12, 'HOUR': 7, 'MINUTE': 26, 'DATETIME': '2026-06-12 07:26'}
2026-06-12 02:31:33 | INFO     | run                  | ======================================================================
2026-06-12 02:31:33 | INFO     | run                  | 🚀 MARKET DATA SCRAPER - SINGLE EXECUTION
2026-06-12 02:31:33 | INFO     | run                  | ======================================================================
2026-06-12 02:31:33 | INFO     | run                  | Execution Time: 2026-06-12 07:31:33 PKT
2026-06-12 02:31:33 | INFO     | run                  | Configuration:
2026-06-12 02:31:33 | INFO     | run                  |    - Timezone: Asia/Karachi
2026-06-12 02:31:33 | INFO     | run                  |    - Data directory: data
2026-06-12 02:31:33 | INFO     | run                  |    - Log directory: logs
2026-06-12 02:31:33 | INFO     | run                  | ======================================================================
2026-06-12 02:31:33 | INFO     | fetch_data           | Fetching data (Attempt 1/3)...
2026-06-12 02:31:33 | DEBUG    | fetch_data           | Establishing session with https://dps.psx.com.pk/
2026-06-12 02:31:37 | DEBUG    | fetch_data           | Requesting data from https://dps.psx.com.pk/market-watch
2026-06-12 02:31:39 | DEBUG    | fetch_data           | Response status: 200
2026-06-12 02:31:39 | DEBUG    | fetch_data           | Response content type: text/html; charset=utf-8
2026-06-12 02:31:39 | DEBUG    | fetch_data           | Response size: 466508 bytes
2026-06-12 02:31:39 | INFO     | fetch_data           | ✅ Data fetched successfully (Status: 200)
2026-06-12 02:31:39 | DEBUG    | parse_json           | Attempting JSON parsing...
2026-06-12 02:31:39 | DEBUG    | parse_json           | Response preview: <table class="tbl" data-page-length="25"><thead class="tbl__head"><!-- tr--><!--   th(colspan="11")--><!--   th.center(colspan="2", style="width: 110px;") TOTAL BUY ORDERS--><!--   th.center(colspan="2", style="width: 110px;") TOTAL SELL ORDERS--><tr><th data-name="symbol">SYMBOL</th><th data-name="sector">SECTOR</th><th data-name="listed">LISTED IN</th><th class="right" data-name="ldcp">LDCP</th><th class="right" data-name="open">OPEN</th><th class="right" data-name="high">HIGH</th><th class="r
2026-06-12 02:31:39 | WARNING  | parse_json           | ⚠️ JSON parsing failed: Expecting value: line 1 column 1 (char 0)
2026-06-12 02:31:39 | INFO     | run                  | JSON parsing failed, trying HTML fallback...
2026-06-12 02:31:39 | INFO     | parse_html           | Attempting HTML fallback parsing...
2026-06-12 02:31:39 | DEBUG    | parse_html           | Found 1 table(s) in HTML
2026-06-12 02:31:39 | DEBUG    | parse_html           | Table columns: ['SYMBOL', 'SECTOR', 'LISTED IN', 'LDCP', 'OPEN', 'HIGH', 'LOW', 'CURRENT', 'CHANGE', 'CHANGE (%)', 'VOLUME']
2026-06-12 02:31:39 | DEBUG    | parse_html           | Table shape: (487, 11)
2026-06-12 02:31:39 | INFO     | parse_html           | ✅ HTML parsed successfully (487 rows)
2026-06-12 02:31:39 | INFO     | clean_data           | Cleaning data...
2026-06-12 02:31:39 | DEBUG    | clean_data           | Initial shape: (487, 11)
2026-06-12 02:31:39 | DEBUG    | clean_data           | Initial columns: ['SYMBOL', 'SECTOR', 'LISTED IN', 'LDCP', 'OPEN', 'HIGH', 'LOW', 'CURRENT', 'CHANGE', 'CHANGE (%)', 'VOLUME']
2026-06-12 02:31:39 | DEBUG    | clean_data           | Removed 'LISTED IN' column
2026-06-12 02:31:39 | DEBUG    | clean_data           | Converted LDCP from float64 to numeric
2026-06-12 02:31:39 | DEBUG    | clean_data           | Converted OPEN from float64 to numeric
2026-06-12 02:31:39 | DEBUG    | clean_data           | Converted HIGH from float64 to numeric
2026-06-12 02:31:39 | DEBUG    | clean_data           | Converted LOW from float64 to numeric
2026-06-12 02:31:39 | DEBUG    | clean_data           | Converted CURRENT from float64 to numeric
2026-06-12 02:31:39 | DEBUG    | clean_data           | Converted CHANGE from float64 to numeric
2026-06-12 02:31:39 | DEBUG    | clean_data           | Converted CHANGE (%) from str to numeric
2026-06-12 02:31:39 | DEBUG    | clean_data           | Converted VOLUME from int64 to numeric
2026-06-12 02:31:39 | INFO     | clean_data           | ✅ Data cleaned (487 rows, 16 columns)
2026-06-12 02:31:39 | DEBUG    | clean_data           | Final columns: ['SYMBOL', 'SECTOR', 'LDCP', 'OPEN', 'HIGH', 'LOW', 'CURRENT', 'CHANGE', 'CHANGE (%)', 'VOLUME', 'YEAR', 'MONTH', 'DAY', 'HOUR', 'MINUTE', 'DATETIME']
2026-06-12 02:31:39 | DEBUG    | get_file_path        | Generated file path: data/2026/06/2026-06-12.xlsx
2026-06-12 02:31:39 | INFO     | save_data            | Saving data to: data/2026/06/2026-06-12.xlsx
2026-06-12 02:31:39 | DEBUG    | save_data            | Existing file found, merging data...
2026-06-12 02:31:39 | DEBUG    | save_data            | Loaded 2435 existing rows
2026-06-12 02:31:39 | DEBUG    | save_data            | Combined to 2922 rows
2026-06-12 02:31:39 | DEBUG    | save_data            | Writing to temporary file...
2026-06-12 02:31:40 | DEBUG    | save_data            | Data written to temp file: /home/runner/work/Thalorae-BackLioraen/Thalorae-BackLioraen/data/2026/06/tmpb6dgttux.xlsx
2026-06-12 02:31:40 | DEBUG    | save_data            | Temp file moved to final location
2026-06-12 02:31:40 | INFO     | save_data            | ✅ Data saved successfully (2922 total rows, 221630 bytes)
2026-06-12 02:31:40 | INFO     | run                  | ======================================================================
2026-06-12 02:31:40 | INFO     | run                  | 📊 EXECUTION SUMMARY:
2026-06-12 02:31:40 | INFO     | run                  |    ✅ Status: SUCCESS
2026-06-12 02:31:40 | INFO     | run                  |    - Rows processed: 487
2026-06-12 02:31:40 | INFO     | run                  |    - Unique symbols: 487
2026-06-12 02:31:40 | INFO     | run                  |    - Timestamp: 2026-06-12 07:31:33
2026-06-12 02:31:40 | INFO     | run                  |    - File: data/2026/06/2026-06-12.xlsx
2026-06-12 02:31:40 | INFO     | run                  | ======================================================================
2026-06-12 02:31:40 | DEBUG    | run                  | Sample data (first row):
2026-06-12 02:31:40 | DEBUG    | run                  | {'SYMBOL': 'FNEL', 'SECTOR': 813, 'LDCP': 1.35, 'OPEN': 1.31, 'HIGH': 1.45, 'LOW': 1.29, 'CURRENT': 1.35, 'CHANGE': 0.04, 'CHANGE (%)': nan, 'VOLUME': 118360814, 'YEAR': 2026, 'MONTH': 6, 'DAY': 12, 'HOUR': 7, 'MINUTE': 31, 'DATETIME': '2026-06-12 07:31'}
2026-06-12 02:36:40 | INFO     | run                  | ======================================================================
2026-06-12 02:36:40 | INFO     | run                  | 🚀 MARKET DATA SCRAPER - SINGLE EXECUTION
2026-06-12 02:36:40 | INFO     | run                  | ======================================================================
2026-06-12 02:36:40 | INFO     | run                  | Execution Time: 2026-06-12 07:36:40 PKT
2026-06-12 02:36:40 | INFO     | run                  | Configuration:
2026-06-12 02:36:40 | INFO     | run                  |    - Timezone: Asia/Karachi
2026-06-12 02:36:40 | INFO     | run                  |    - Data directory: data
2026-06-12 02:36:40 | INFO     | run                  |    - Log directory: logs
2026-06-12 02:36:40 | INFO     | run                  | ======================================================================
2026-06-12 02:36:40 | INFO     | fetch_data           | Fetching data (Attempt 1/3)...
2026-06-12 02:36:40 | DEBUG    | fetch_data           | Establishing session with https://dps.psx.com.pk/
2026-06-12 02:36:44 | DEBUG    | fetch_data           | Requesting data from https://dps.psx.com.pk/market-watch
2026-06-12 02:36:46 | DEBUG    | fetch_data           | Response status: 200
2026-06-12 02:36:46 | DEBUG    | fetch_data           | Response content type: text/html; charset=utf-8
2026-06-12 02:36:46 | DEBUG    | fetch_data           | Response size: 466508 bytes
2026-06-12 02:36:46 | INFO     | fetch_data           | ✅ Data fetched successfully (Status: 200)
2026-06-12 02:36:46 | DEBUG    | parse_json           | Attempting JSON parsing...
2026-06-12 02:36:46 | DEBUG    | parse_json           | Response preview: <table class="tbl" data-page-length="25"><thead class="tbl__head"><!-- tr--><!--   th(colspan="11")--><!--   th.center(colspan="2", style="width: 110px;") TOTAL BUY ORDERS--><!--   th.center(colspan="2", style="width: 110px;") TOTAL SELL ORDERS--><tr><th data-name="symbol">SYMBOL</th><th data-name="sector">SECTOR</th><th data-name="listed">LISTED IN</th><th class="right" data-name="ldcp">LDCP</th><th class="right" data-name="open">OPEN</th><th class="right" data-name="high">HIGH</th><th class="r
2026-06-12 02:36:46 | WARNING  | parse_json           | ⚠️ JSON parsing failed: Expecting value: line 1 column 1 (char 0)
2026-06-12 02:36:46 | INFO     | run                  | JSON parsing failed, trying HTML fallback...
2026-06-12 02:36:46 | INFO     | parse_html           | Attempting HTML fallback parsing...
2026-06-12 02:36:46 | DEBUG    | parse_html           | Found 1 table(s) in HTML
2026-06-12 02:36:46 | DEBUG    | parse_html           | Table columns: ['SYMBOL', 'SECTOR', 'LISTED IN', 'LDCP', 'OPEN', 'HIGH', 'LOW', 'CURRENT', 'CHANGE', 'CHANGE (%)', 'VOLUME']
2026-06-12 02:36:46 | DEBUG    | parse_html           | Table shape: (487, 11)
2026-06-12 02:36:46 | INFO     | parse_html           | ✅ HTML parsed successfully (487 rows)
2026-06-12 02:36:46 | INFO     | clean_data           | Cleaning data...
2026-06-12 02:36:46 | DEBUG    | clean_data           | Initial shape: (487, 11)
2026-06-12 02:36:46 | DEBUG    | clean_data           | Initial columns: ['SYMBOL', 'SECTOR', 'LISTED IN', 'LDCP', 'OPEN', 'HIGH', 'LOW', 'CURRENT', 'CHANGE', 'CHANGE (%)', 'VOLUME']
2026-06-12 02:36:46 | DEBUG    | clean_data           | Removed 'LISTED IN' column
2026-06-12 02:36:46 | DEBUG    | clean_data           | Converted LDCP from float64 to numeric
2026-06-12 02:36:46 | DEBUG    | clean_data           | Converted OPEN from float64 to numeric
2026-06-12 02:36:46 | DEBUG    | clean_data           | Converted HIGH from float64 to numeric
2026-06-12 02:36:46 | DEBUG    | clean_data           | Converted LOW from float64 to numeric
2026-06-12 02:36:46 | DEBUG    | clean_data           | Converted CURRENT from float64 to numeric
2026-06-12 02:36:46 | DEBUG    | clean_data           | Converted CHANGE from float64 to numeric
2026-06-12 02:36:46 | DEBUG    | clean_data           | Converted CHANGE (%) from str to numeric
2026-06-12 02:36:46 | DEBUG    | clean_data           | Converted VOLUME from int64 to numeric
2026-06-12 02:36:46 | INFO     | clean_data           | ✅ Data cleaned (487 rows, 16 columns)
2026-06-12 02:36:46 | DEBUG    | clean_data           | Final columns: ['SYMBOL', 'SECTOR', 'LDCP', 'OPEN', 'HIGH', 'LOW', 'CURRENT', 'CHANGE', 'CHANGE (%)', 'VOLUME', 'YEAR', 'MONTH', 'DAY', 'HOUR', 'MINUTE', 'DATETIME']
2026-06-12 02:36:46 | DEBUG    | get_file_path        | Generated file path: data/2026/06/2026-06-12.xlsx
2026-06-12 02:36:46 | INFO     | save_data            | Saving data to: data/2026/06/2026-06-12.xlsx
2026-06-12 02:36:46 | DEBUG    | save_data            | Existing file found, merging data...
2026-06-12 02:36:47 | DEBUG    | save_data            | Loaded 2922 existing rows
2026-06-12 02:36:47 | DEBUG    | save_data            | Combined to 3409 rows
2026-06-12 02:36:47 | DEBUG    | save_data            | Writing to temporary file...
2026-06-12 02:36:47 | DEBUG    | save_data            | Data written to temp file: /home/runner/work/Thalorae-BackLioraen/Thalorae-BackLioraen/data/2026/06/tmpxzfgf4xu.xlsx
2026-06-12 02:36:47 | DEBUG    | save_data            | Temp file moved to final location
2026-06-12 02:36:47 | INFO     | save_data            | ✅ Data saved successfully (3409 total rows, 257680 bytes)
2026-06-12 02:36:47 | INFO     | run                  | ======================================================================
2026-06-12 02:36:47 | INFO     | run                  | 📊 EXECUTION SUMMARY:
2026-06-12 02:36:47 | INFO     | run                  |    ✅ Status: SUCCESS
2026-06-12 02:36:47 | INFO     | run                  |    - Rows processed: 487
2026-06-12 02:36:47 | INFO     | run                  |    - Unique symbols: 487
2026-06-12 02:36:47 | INFO     | run                  |    - Timestamp: 2026-06-12 07:36:40
2026-06-12 02:36:47 | INFO     | run                  |    - File: data/2026/06/2026-06-12.xlsx
2026-06-12 02:36:47 | INFO     | run                  | ======================================================================
2026-06-12 02:36:47 | DEBUG    | run                  | Sample data (first row):
2026-06-12 02:36:47 | DEBUG    | run                  | {'SYMBOL': 'FNEL', 'SECTOR': 813, 'LDCP': 1.35, 'OPEN': 1.31, 'HIGH': 1.45, 'LOW': 1.29, 'CURRENT': 1.35, 'CHANGE': 0.04, 'CHANGE (%)': nan, 'VOLUME': 118360814, 'YEAR': 2026, 'MONTH': 6, 'DAY': 12, 'HOUR': 7, 'MINUTE': 36, 'DATETIME': '2026-06-12 07:36'}
2026-06-12 02:41:48 | INFO     | run                  | ======================================================================
2026-06-12 02:41:48 | INFO     | run                  | 🚀 MARKET DATA SCRAPER - SINGLE EXECUTION
2026-06-12 02:41:48 | INFO     | run                  | ======================================================================
2026-06-12 02:41:48 | INFO     | run                  | Execution Time: 2026-06-12 07:41:48 PKT
2026-06-12 02:41:48 | INFO     | run                  | Configuration:
2026-06-12 02:41:48 | INFO     | run                  |    - Timezone: Asia/Karachi
2026-06-12 02:41:48 | INFO     | run                  |    - Data directory: data
2026-06-12 02:41:48 | INFO     | run                  |    - Log directory: logs
2026-06-12 02:41:48 | INFO     | run                  | ======================================================================
2026-06-12 02:41:48 | INFO     | fetch_data           | Fetching data (Attempt 1/3)...
2026-06-12 02:41:48 | DEBUG    | fetch_data           | Establishing session with https://dps.psx.com.pk/
2026-06-12 02:41:50 | DEBUG    | fetch_data           | Requesting data from https://dps.psx.com.pk/market-watch
2026-06-12 02:41:52 | DEBUG    | fetch_data           | Response status: 200
2026-06-12 02:41:52 | DEBUG    | fetch_data           | Response content type: text/html; charset=utf-8
2026-06-12 02:41:52 | DEBUG    | fetch_data           | Response size: 466508 bytes
2026-06-12 02:41:52 | INFO     | fetch_data           | ✅ Data fetched successfully (Status: 200)
2026-06-12 02:41:52 | DEBUG    | parse_json           | Attempting JSON parsing...
2026-06-12 02:41:52 | DEBUG    | parse_json           | Response preview: <table class="tbl" data-page-length="25"><thead class="tbl__head"><!-- tr--><!--   th(colspan="11")--><!--   th.center(colspan="2", style="width: 110px;") TOTAL BUY ORDERS--><!--   th.center(colspan="2", style="width: 110px;") TOTAL SELL ORDERS--><tr><th data-name="symbol">SYMBOL</th><th data-name="sector">SECTOR</th><th data-name="listed">LISTED IN</th><th class="right" data-name="ldcp">LDCP</th><th class="right" data-name="open">OPEN</th><th class="right" data-name="high">HIGH</th><th class="r
2026-06-12 02:41:52 | WARNING  | parse_json           | ⚠️ JSON parsing failed: Expecting value: line 1 column 1 (char 0)
2026-06-12 02:41:52 | INFO     | run                  | JSON parsing failed, trying HTML fallback...
2026-06-12 02:41:52 | INFO     | parse_html           | Attempting HTML fallback parsing...
2026-06-12 02:41:52 | DEBUG    | parse_html           | Found 1 table(s) in HTML
2026-06-12 02:41:52 | DEBUG    | parse_html           | Table columns: ['SYMBOL', 'SECTOR', 'LISTED IN', 'LDCP', 'OPEN', 'HIGH', 'LOW', 'CURRENT', 'CHANGE', 'CHANGE (%)', 'VOLUME']
2026-06-12 02:41:52 | DEBUG    | parse_html           | Table shape: (487, 11)
2026-06-12 02:41:52 | INFO     | parse_html           | ✅ HTML parsed successfully (487 rows)
2026-06-12 02:41:52 | INFO     | clean_data           | Cleaning data...
2026-06-12 02:41:52 | DEBUG    | clean_data           | Initial shape: (487, 11)
2026-06-12 02:41:52 | DEBUG    | clean_data           | Initial columns: ['SYMBOL', 'SECTOR', 'LISTED IN', 'LDCP', 'OPEN', 'HIGH', 'LOW', 'CURRENT', 'CHANGE', 'CHANGE (%)', 'VOLUME']
2026-06-12 02:41:52 | DEBUG    | clean_data           | Removed 'LISTED IN' column
2026-06-12 02:41:52 | DEBUG    | clean_data           | Converted LDCP from float64 to numeric
2026-06-12 02:41:52 | DEBUG    | clean_data           | Converted OPEN from float64 to numeric
2026-06-12 02:41:52 | DEBUG    | clean_data           | Converted HIGH from float64 to numeric
2026-06-12 02:41:52 | DEBUG    | clean_data           | Converted LOW from float64 to numeric
2026-06-12 02:41:52 | DEBUG    | clean_data           | Converted CURRENT from float64 to numeric
2026-06-12 02:41:52 | DEBUG    | clean_data           | Converted CHANGE from float64 to numeric
2026-06-12 02:41:52 | DEBUG    | clean_data           | Converted CHANGE (%) from str to numeric
2026-06-12 02:41:52 | DEBUG    | clean_data           | Converted VOLUME from int64 to numeric
2026-06-12 02:41:52 | INFO     | clean_data           | ✅ Data cleaned (487 rows, 16 columns)
2026-06-12 02:41:52 | DEBUG    | clean_data           | Final columns: ['SYMBOL', 'SECTOR', 'LDCP', 'OPEN', 'HIGH', 'LOW', 'CURRENT', 'CHANGE', 'CHANGE (%)', 'VOLUME', 'YEAR', 'MONTH', 'DAY', 'HOUR', 'MINUTE', 'DATETIME']
2026-06-12 02:41:52 | DEBUG    | get_file_path        | Generated file path: data/2026/06/2026-06-12.xlsx
2026-06-12 02:41:52 | INFO     | save_data            | Saving data to: data/2026/06/2026-06-12.xlsx
2026-06-12 02:41:52 | DEBUG    | save_data            | Existing file found, merging data...
2026-06-12 02:41:53 | DEBUG    | save_data            | Loaded 3409 existing rows
2026-06-12 02:41:53 | DEBUG    | save_data            | Combined to 3896 rows
2026-06-12 02:41:53 | DEBUG    | save_data            | Writing to temporary file...
2026-06-12 02:41:54 | DEBUG    | save_data            | Data written to temp file: /home/runner/work/Thalorae-BackLioraen/Thalorae-BackLioraen/data/2026/06/tmpry64am4x.xlsx
2026-06-12 02:41:54 | DEBUG    | save_data            | Temp file moved to final location
2026-06-12 02:41:54 | INFO     | save_data            | ✅ Data saved successfully (3896 total rows, 293743 bytes)
2026-06-12 02:41:54 | INFO     | run                  | ======================================================================
2026-06-12 02:41:54 | INFO     | run                  | 📊 EXECUTION SUMMARY:
2026-06-12 02:41:54 | INFO     | run                  |    ✅ Status: SUCCESS
2026-06-12 02:41:54 | INFO     | run                  |    - Rows processed: 487
2026-06-12 02:41:54 | INFO     | run                  |    - Unique symbols: 487
2026-06-12 02:41:54 | INFO     | run                  |    - Timestamp: 2026-06-12 07:41:48
2026-06-12 02:41:54 | INFO     | run                  |    - File: data/2026/06/2026-06-12.xlsx
2026-06-12 02:41:54 | INFO     | run                  | ======================================================================
2026-06-12 02:41:54 | DEBUG    | run                  | Sample data (first row):
2026-06-12 02:41:54 | DEBUG    | run                  | {'SYMBOL': 'FNEL', 'SECTOR': 813, 'LDCP': 1.35, 'OPEN': 1.31, 'HIGH': 1.45, 'LOW': 1.29, 'CURRENT': 1.35, 'CHANGE': 0.04, 'CHANGE (%)': nan, 'VOLUME': 118360814, 'YEAR': 2026, 'MONTH': 6, 'DAY': 12, 'HOUR': 7, 'MINUTE': 41, 'DATETIME': '2026-06-12 07:41'}
2026-06-12 02:46:54 | INFO     | run                  | ======================================================================
2026-06-12 02:46:54 | INFO     | run                  | 🚀 MARKET DATA SCRAPER - SINGLE EXECUTION
2026-06-12 02:46:54 | INFO     | run                  | ======================================================================
2026-06-12 02:46:54 | INFO     | run                  | Execution Time: 2026-06-12 07:46:54 PKT
2026-06-12 02:46:54 | INFO     | run                  | Configuration:
2026-06-12 02:46:54 | INFO     | run                  |    - Timezone: Asia/Karachi
2026-06-12 02:46:54 | INFO     | run                  |    - Data directory: data
2026-06-12 02:46:54 | INFO     | run                  |    - Log directory: logs
2026-06-12 02:46:54 | INFO     | run                  | ======================================================================
2026-06-12 02:46:54 | INFO     | fetch_data           | Fetching data (Attempt 1/3)...
2026-06-12 02:46:54 | DEBUG    | fetch_data           | Establishing session with https://dps.psx.com.pk/
2026-06-12 02:46:58 | DEBUG    | fetch_data           | Requesting data from https://dps.psx.com.pk/market-watch
2026-06-12 02:47:00 | DEBUG    | fetch_data           | Response status: 200
2026-06-12 02:47:00 | DEBUG    | fetch_data           | Response content type: text/html; charset=utf-8
2026-06-12 02:47:00 | DEBUG    | fetch_data           | Response size: 466508 bytes
2026-06-12 02:47:00 | INFO     | fetch_data           | ✅ Data fetched successfully (Status: 200)
2026-06-12 02:47:00 | DEBUG    | parse_json           | Attempting JSON parsing...
2026-06-12 02:47:00 | DEBUG    | parse_json           | Response preview: <table class="tbl" data-page-length="25"><thead class="tbl__head"><!-- tr--><!--   th(colspan="11")--><!--   th.center(colspan="2", style="width: 110px;") TOTAL BUY ORDERS--><!--   th.center(colspan="2", style="width: 110px;") TOTAL SELL ORDERS--><tr><th data-name="symbol">SYMBOL</th><th data-name="sector">SECTOR</th><th data-name="listed">LISTED IN</th><th class="right" data-name="ldcp">LDCP</th><th class="right" data-name="open">OPEN</th><th class="right" data-name="high">HIGH</th><th class="r
2026-06-12 02:47:00 | WARNING  | parse_json           | ⚠️ JSON parsing failed: Expecting value: line 1 column 1 (char 0)
2026-06-12 02:47:00 | INFO     | run                  | JSON parsing failed, trying HTML fallback...
2026-06-12 02:47:00 | INFO     | parse_html           | Attempting HTML fallback parsing...
2026-06-12 02:47:00 | DEBUG    | parse_html           | Found 1 table(s) in HTML
2026-06-12 02:47:00 | DEBUG    | parse_html           | Table columns: ['SYMBOL', 'SECTOR', 'LISTED IN', 'LDCP', 'OPEN', 'HIGH', 'LOW', 'CURRENT', 'CHANGE', 'CHANGE (%)', 'VOLUME']
2026-06-12 02:47:00 | DEBUG    | parse_html           | Table shape: (487, 11)
2026-06-12 02:47:00 | INFO     | parse_html           | ✅ HTML parsed successfully (487 rows)
2026-06-12 02:47:00 | INFO     | clean_data           | Cleaning data...
2026-06-12 02:47:00 | DEBUG    | clean_data           | Initial shape: (487, 11)
2026-06-12 02:47:00 | DEBUG    | clean_data           | Initial columns: ['SYMBOL', 'SECTOR', 'LISTED IN', 'LDCP', 'OPEN', 'HIGH', 'LOW', 'CURRENT', 'CHANGE', 'CHANGE (%)', 'VOLUME']
2026-06-12 02:47:00 | DEBUG    | clean_data           | Removed 'LISTED IN' column
2026-06-12 02:47:00 | DEBUG    | clean_data           | Converted LDCP from float64 to numeric
2026-06-12 02:47:00 | DEBUG    | clean_data           | Converted OPEN from float64 to numeric
2026-06-12 02:47:00 | DEBUG    | clean_data           | Converted HIGH from float64 to numeric
2026-06-12 02:47:00 | DEBUG    | clean_data           | Converted LOW from float64 to numeric
2026-06-12 02:47:00 | DEBUG    | clean_data           | Converted CURRENT from float64 to numeric
2026-06-12 02:47:00 | DEBUG    | clean_data           | Converted CHANGE from float64 to numeric
2026-06-12 02:47:00 | DEBUG    | clean_data           | Converted CHANGE (%) from str to numeric
2026-06-12 02:47:00 | DEBUG    | clean_data           | Converted VOLUME from int64 to numeric
2026-06-12 02:47:00 | INFO     | clean_data           | ✅ Data cleaned (487 rows, 16 columns)
2026-06-12 02:47:00 | DEBUG    | clean_data           | Final columns: ['SYMBOL', 'SECTOR', 'LDCP', 'OPEN', 'HIGH', 'LOW', 'CURRENT', 'CHANGE', 'CHANGE (%)', 'VOLUME', 'YEAR', 'MONTH', 'DAY', 'HOUR', 'MINUTE', 'DATETIME']
2026-06-12 02:47:00 | DEBUG    | get_file_path        | Generated file path: data/2026/06/2026-06-12.xlsx
2026-06-12 02:47:00 | INFO     | save_data            | Saving data to: data/2026/06/2026-06-12.xlsx
2026-06-12 02:47:00 | DEBUG    | save_data            | Existing file found, merging data...
2026-06-12 02:47:01 | DEBUG    | save_data            | Loaded 3896 existing rows
2026-06-12 02:47:01 | DEBUG    | save_data            | Combined to 4383 rows
2026-06-12 02:47:01 | DEBUG    | save_data            | Writing to temporary file...
2026-06-12 02:47:01 | DEBUG    | save_data            | Data written to temp file: /home/runner/work/Thalorae-BackLioraen/Thalorae-BackLioraen/data/2026/06/tmp4n_hiq9m.xlsx
2026-06-12 02:47:01 | DEBUG    | save_data            | Temp file moved to final location
2026-06-12 02:47:01 | INFO     | save_data            | ✅ Data saved successfully (4383 total rows, 329826 bytes)
2026-06-12 02:47:01 | INFO     | run                  | ======================================================================
2026-06-12 02:47:01 | INFO     | run                  | 📊 EXECUTION SUMMARY:
2026-06-12 02:47:01 | INFO     | run                  |    ✅ Status: SUCCESS
2026-06-12 02:47:01 | INFO     | run                  |    - Rows processed: 487
2026-06-12 02:47:01 | INFO     | run                  |    - Unique symbols: 487
2026-06-12 02:47:01 | INFO     | run                  |    - Timestamp: 2026-06-12 07:46:54
2026-06-12 02:47:01 | INFO     | run                  |    - File: data/2026/06/2026-06-12.xlsx
2026-06-12 02:47:01 | INFO     | run                  | ======================================================================
2026-06-12 02:47:01 | DEBUG    | run                  | Sample data (first row):
2026-06-12 02:47:01 | DEBUG    | run                  | {'SYMBOL': 'FNEL', 'SECTOR': 813, 'LDCP': 1.35, 'OPEN': 1.31, 'HIGH': 1.45, 'LOW': 1.29, 'CURRENT': 1.35, 'CHANGE': 0.04, 'CHANGE (%)': nan, 'VOLUME': 118360814, 'YEAR': 2026, 'MONTH': 6, 'DAY': 12, 'HOUR': 7, 'MINUTE': 46, 'DATETIME': '2026-06-12 07:46'}
2026-06-12 02:52:02 | INFO     | run                  | ======================================================================
2026-06-12 02:52:02 | INFO     | run                  | 🚀 MARKET DATA SCRAPER - SINGLE EXECUTION
2026-06-12 02:52:02 | INFO     | run                  | ======================================================================
2026-06-12 02:52:02 | INFO     | run                  | Execution Time: 2026-06-12 07:52:02 PKT
2026-06-12 02:52:02 | INFO     | run                  | Configuration:
2026-06-12 02:52:02 | INFO     | run                  |    - Timezone: Asia/Karachi
2026-06-12 02:52:02 | INFO     | run                  |    - Data directory: data
2026-06-12 02:52:02 | INFO     | run                  |    - Log directory: logs
2026-06-12 02:52:02 | INFO     | run                  | ======================================================================
2026-06-12 02:52:02 | INFO     | fetch_data           | Fetching data (Attempt 1/3)...
2026-06-12 02:52:02 | DEBUG    | fetch_data           | Establishing session with https://dps.psx.com.pk/
2026-06-12 02:52:05 | DEBUG    | fetch_data           | Requesting data from https://dps.psx.com.pk/market-watch
2026-06-12 02:52:07 | DEBUG    | fetch_data           | Response status: 200
2026-06-12 02:52:07 | DEBUG    | fetch_data           | Response content type: text/html; charset=utf-8
2026-06-12 02:52:07 | DEBUG    | fetch_data           | Response size: 466508 bytes
2026-06-12 02:52:07 | INFO     | fetch_data           | ✅ Data fetched successfully (Status: 200)
2026-06-12 02:52:07 | DEBUG    | parse_json           | Attempting JSON parsing...
2026-06-12 02:52:07 | DEBUG    | parse_json           | Response preview: <table class="tbl" data-page-length="25"><thead class="tbl__head"><!-- tr--><!--   th(colspan="11")--><!--   th.center(colspan="2", style="width: 110px;") TOTAL BUY ORDERS--><!--   th.center(colspan="2", style="width: 110px;") TOTAL SELL ORDERS--><tr><th data-name="symbol">SYMBOL</th><th data-name="sector">SECTOR</th><th data-name="listed">LISTED IN</th><th class="right" data-name="ldcp">LDCP</th><th class="right" data-name="open">OPEN</th><th class="right" data-name="high">HIGH</th><th class="r
2026-06-12 02:52:07 | WARNING  | parse_json           | ⚠️ JSON parsing failed: Expecting value: line 1 column 1 (char 0)
2026-06-12 02:52:07 | INFO     | run                  | JSON parsing failed, trying HTML fallback...
2026-06-12 02:52:07 | INFO     | parse_html           | Attempting HTML fallback parsing...
2026-06-12 02:52:07 | DEBUG    | parse_html           | Found 1 table(s) in HTML
2026-06-12 02:52:07 | DEBUG    | parse_html           | Table columns: ['SYMBOL', 'SECTOR', 'LISTED IN', 'LDCP', 'OPEN', 'HIGH', 'LOW', 'CURRENT', 'CHANGE', 'CHANGE (%)', 'VOLUME']
2026-06-12 02:52:07 | DEBUG    | parse_html           | Table shape: (487, 11)
2026-06-12 02:52:07 | INFO     | parse_html           | ✅ HTML parsed successfully (487 rows)
2026-06-12 02:52:07 | INFO     | clean_data           | Cleaning data...
2026-06-12 02:52:07 | DEBUG    | clean_data           | Initial shape: (487, 11)
2026-06-12 02:52:07 | DEBUG    | clean_data           | Initial columns: ['SYMBOL', 'SECTOR', 'LISTED IN', 'LDCP', 'OPEN', 'HIGH', 'LOW', 'CURRENT', 'CHANGE', 'CHANGE (%)', 'VOLUME']
2026-06-12 02:52:07 | DEBUG    | clean_data           | Removed 'LISTED IN' column
2026-06-12 02:52:07 | DEBUG    | clean_data           | Converted LDCP from float64 to numeric
2026-06-12 02:52:07 | DEBUG    | clean_data           | Converted OPEN from float64 to numeric
2026-06-12 02:52:07 | DEBUG    | clean_data           | Converted HIGH from float64 to numeric
2026-06-12 02:52:07 | DEBUG    | clean_data           | Converted LOW from float64 to numeric
2026-06-12 02:52:07 | DEBUG    | clean_data           | Converted CURRENT from float64 to numeric
2026-06-12 02:52:07 | DEBUG    | clean_data           | Converted CHANGE from float64 to numeric
2026-06-12 02:52:07 | DEBUG    | clean_data           | Converted CHANGE (%) from str to numeric
2026-06-12 02:52:07 | DEBUG    | clean_data           | Converted VOLUME from int64 to numeric
2026-06-12 02:52:07 | INFO     | clean_data           | ✅ Data cleaned (487 rows, 16 columns)
2026-06-12 02:52:07 | DEBUG    | clean_data           | Final columns: ['SYMBOL', 'SECTOR', 'LDCP', 'OPEN', 'HIGH', 'LOW', 'CURRENT', 'CHANGE', 'CHANGE (%)', 'VOLUME', 'YEAR', 'MONTH', 'DAY', 'HOUR', 'MINUTE', 'DATETIME']
2026-06-12 02:52:07 | DEBUG    | get_file_path        | Generated file path: data/2026/06/2026-06-12.xlsx
2026-06-12 02:52:07 | INFO     | save_data            | Saving data to: data/2026/06/2026-06-12.xlsx
2026-06-12 02:52:07 | DEBUG    | save_data            | Existing file found, merging data...
2026-06-12 02:52:07 | DEBUG    | save_data            | Loaded 4383 existing rows
2026-06-12 02:52:07 | DEBUG    | save_data            | Combined to 4870 rows
2026-06-12 02:52:07 | DEBUG    | save_data            | Writing to temporary file...
2026-06-12 02:52:08 | DEBUG    | save_data            | Data written to temp file: /home/runner/work/Thalorae-BackLioraen/Thalorae-BackLioraen/data/2026/06/tmp0zcqoxoy.xlsx
2026-06-12 02:52:08 | DEBUG    | save_data            | Temp file moved to final location
2026-06-12 02:52:08 | INFO     | save_data            | ✅ Data saved successfully (4870 total rows, 365892 bytes)
2026-06-12 02:52:08 | INFO     | run                  | ======================================================================
2026-06-12 02:52:08 | INFO     | run                  | 📊 EXECUTION SUMMARY:
2026-06-12 02:52:08 | INFO     | run                  |    ✅ Status: SUCCESS
2026-06-12 02:52:08 | INFO     | run                  |    - Rows processed: 487
2026-06-12 02:52:08 | INFO     | run                  |    - Unique symbols: 487
2026-06-12 02:52:08 | INFO     | run                  |    - Timestamp: 2026-06-12 07:52:02
2026-06-12 02:52:08 | INFO     | run                  |    - File: data/2026/06/2026-06-12.xlsx
2026-06-12 02:52:08 | INFO     | run                  | ======================================================================
2026-06-12 02:52:08 | DEBUG    | run                  | Sample data (first row):
2026-06-12 02:52:08 | DEBUG    | run                  | {'SYMBOL': 'FNEL', 'SECTOR': 813, 'LDCP': 1.35, 'OPEN': 1.31, 'HIGH': 1.45, 'LOW': 1.29, 'CURRENT': 1.35, 'CHANGE': 0.04, 'CHANGE (%)': nan, 'VOLUME': 118360814, 'YEAR': 2026, 'MONTH': 6, 'DAY': 12, 'HOUR': 7, 'MINUTE': 52, 'DATETIME': '2026-06-12 07:52'}
2026-06-12 02:57:09 | INFO     | run                  | ======================================================================
2026-06-12 02:57:09 | INFO     | run                  | 🚀 MARKET DATA SCRAPER - SINGLE EXECUTION
2026-06-12 02:57:09 | INFO     | run                  | ======================================================================
2026-06-12 02:57:09 | INFO     | run                  | Execution Time: 2026-06-12 07:57:09 PKT
2026-06-12 02:57:09 | INFO     | run                  | Configuration:
2026-06-12 02:57:09 | INFO     | run                  |    - Timezone: Asia/Karachi
2026-06-12 02:57:09 | INFO     | run                  |    - Data directory: data
2026-06-12 02:57:09 | INFO     | run                  |    - Log directory: logs
2026-06-12 02:57:09 | INFO     | run                  | ======================================================================
2026-06-12 02:57:09 | INFO     | fetch_data           | Fetching data (Attempt 1/3)...
2026-06-12 02:57:09 | DEBUG    | fetch_data           | Establishing session with https://dps.psx.com.pk/
2026-06-12 02:57:13 | DEBUG    | fetch_data           | Requesting data from https://dps.psx.com.pk/market-watch
2026-06-12 02:57:15 | DEBUG    | fetch_data           | Response status: 200
2026-06-12 02:57:15 | DEBUG    | fetch_data           | Response content type: text/html; charset=utf-8
2026-06-12 02:57:15 | DEBUG    | fetch_data           | Response size: 466508 bytes
2026-06-12 02:57:15 | INFO     | fetch_data           | ✅ Data fetched successfully (Status: 200)
2026-06-12 02:57:15 | DEBUG    | parse_json           | Attempting JSON parsing...
2026-06-12 02:57:15 | DEBUG    | parse_json           | Response preview: <table class="tbl" data-page-length="25"><thead class="tbl__head"><!-- tr--><!--   th(colspan="11")--><!--   th.center(colspan="2", style="width: 110px;") TOTAL BUY ORDERS--><!--   th.center(colspan="2", style="width: 110px;") TOTAL SELL ORDERS--><tr><th data-name="symbol">SYMBOL</th><th data-name="sector">SECTOR</th><th data-name="listed">LISTED IN</th><th class="right" data-name="ldcp">LDCP</th><th class="right" data-name="open">OPEN</th><th class="right" data-name="high">HIGH</th><th class="r
2026-06-12 02:57:15 | WARNING  | parse_json           | ⚠️ JSON parsing failed: Expecting value: line 1 column 1 (char 0)
2026-06-12 02:57:15 | INFO     | run                  | JSON parsing failed, trying HTML fallback...
2026-06-12 02:57:15 | INFO     | parse_html           | Attempting HTML fallback parsing...
2026-06-12 02:57:15 | DEBUG    | parse_html           | Found 1 table(s) in HTML
2026-06-12 02:57:15 | DEBUG    | parse_html           | Table columns: ['SYMBOL', 'SECTOR', 'LISTED IN', 'LDCP', 'OPEN', 'HIGH', 'LOW', 'CURRENT', 'CHANGE', 'CHANGE (%)', 'VOLUME']
2026-06-12 02:57:15 | DEBUG    | parse_html           | Table shape: (487, 11)
2026-06-12 02:57:15 | INFO     | parse_html           | ✅ HTML parsed successfully (487 rows)
2026-06-12 02:57:15 | INFO     | clean_data           | Cleaning data...
2026-06-12 02:57:15 | DEBUG    | clean_data           | Initial shape: (487, 11)
2026-06-12 02:57:15 | DEBUG    | clean_data           | Initial columns: ['SYMBOL', 'SECTOR', 'LISTED IN', 'LDCP', 'OPEN', 'HIGH', 'LOW', 'CURRENT', 'CHANGE', 'CHANGE (%)', 'VOLUME']
2026-06-12 02:57:15 | DEBUG    | clean_data           | Removed 'LISTED IN' column
2026-06-12 02:57:15 | DEBUG    | clean_data           | Converted LDCP from float64 to numeric
2026-06-12 02:57:15 | DEBUG    | clean_data           | Converted OPEN from float64 to numeric
2026-06-12 02:57:15 | DEBUG    | clean_data           | Converted HIGH from float64 to numeric
2026-06-12 02:57:15 | DEBUG    | clean_data           | Converted LOW from float64 to numeric
2026-06-12 02:57:15 | DEBUG    | clean_data           | Converted CURRENT from float64 to numeric
2026-06-12 02:57:15 | DEBUG    | clean_data           | Converted CHANGE from float64 to numeric
2026-06-12 02:57:15 | DEBUG    | clean_data           | Converted CHANGE (%) from str to numeric
2026-06-12 02:57:15 | DEBUG    | clean_data           | Converted VOLUME from int64 to numeric
2026-06-12 02:57:15 | INFO     | clean_data           | ✅ Data cleaned (487 rows, 16 columns)
2026-06-12 02:57:15 | DEBUG    | clean_data           | Final columns: ['SYMBOL', 'SECTOR', 'LDCP', 'OPEN', 'HIGH', 'LOW', 'CURRENT', 'CHANGE', 'CHANGE (%)', 'VOLUME', 'YEAR', 'MONTH', 'DAY', 'HOUR', 'MINUTE', 'DATETIME']
2026-06-12 02:57:15 | DEBUG    | get_file_path        | Generated file path: data/2026/06/2026-06-12.xlsx
2026-06-12 02:57:15 | INFO     | save_data            | Saving data to: data/2026/06/2026-06-12.xlsx
2026-06-12 02:57:15 | DEBUG    | save_data            | Existing file found, merging data...
2026-06-12 02:57:15 | DEBUG    | save_data            | Loaded 4870 existing rows
2026-06-12 02:57:15 | DEBUG    | save_data            | Combined to 5357 rows
2026-06-12 02:57:15 | DEBUG    | save_data            | Writing to temporary file...
2026-06-12 02:57:16 | DEBUG    | save_data            | Data written to temp file: /home/runner/work/Thalorae-BackLioraen/Thalorae-BackLioraen/data/2026/06/tmp1k9y8fgy.xlsx
2026-06-12 02:57:16 | DEBUG    | save_data            | Temp file moved to final location
2026-06-12 02:57:16 | INFO     | save_data            | ✅ Data saved successfully (5357 total rows, 401948 bytes)
2026-06-12 02:57:16 | INFO     | run                  | ======================================================================
2026-06-12 02:57:16 | INFO     | run                  | 📊 EXECUTION SUMMARY:
2026-06-12 02:57:16 | INFO     | run                  |    ✅ Status: SUCCESS
2026-06-12 02:57:16 | INFO     | run                  |    - Rows processed: 487
2026-06-12 02:57:16 | INFO     | run                  |    - Unique symbols: 487
2026-06-12 02:57:16 | INFO     | run                  |    - Timestamp: 2026-06-12 07:57:09
2026-06-12 02:57:16 | INFO     | run                  |    - File: data/2026/06/2026-06-12.xlsx
2026-06-12 02:57:16 | INFO     | run                  | ======================================================================
2026-06-12 02:57:16 | DEBUG    | run                  | Sample data (first row):
2026-06-12 02:57:16 | DEBUG    | run                  | {'SYMBOL': 'FNEL', 'SECTOR': 813, 'LDCP': 1.35, 'OPEN': 1.31, 'HIGH': 1.45, 'LOW': 1.29, 'CURRENT': 1.35, 'CHANGE': 0.04, 'CHANGE (%)': nan, 'VOLUME': 118360814, 'YEAR': 2026, 'MONTH': 6, 'DAY': 12, 'HOUR': 7, 'MINUTE': 57, 'DATETIME': '2026-06-12 07:57'}
2026-06-12 03:02:17 | INFO     | run                  | ======================================================================
2026-06-12 03:02:17 | INFO     | run                  | 🚀 MARKET DATA SCRAPER - SINGLE EXECUTION
2026-06-12 03:02:17 | INFO     | run                  | ======================================================================
2026-06-12 03:02:17 | INFO     | run                  | Execution Time: 2026-06-12 08:02:17 PKT
2026-06-12 03:02:17 | INFO     | run                  | Configuration:
2026-06-12 03:02:17 | INFO     | run                  |    - Timezone: Asia/Karachi
2026-06-12 03:02:17 | INFO     | run                  |    - Data directory: data
2026-06-12 03:02:17 | INFO     | run                  |    - Log directory: logs
2026-06-12 03:02:17 | INFO     | run                  | ======================================================================
2026-06-12 03:02:17 | INFO     | fetch_data           | Fetching data (Attempt 1/3)...
2026-06-12 03:02:17 | DEBUG    | fetch_data           | Establishing session with https://dps.psx.com.pk/
2026-06-12 03:02:19 | DEBUG    | fetch_data           | Requesting data from https://dps.psx.com.pk/market-watch
2026-06-12 03:02:21 | DEBUG    | fetch_data           | Response status: 200
2026-06-12 03:02:21 | DEBUG    | fetch_data           | Response content type: text/html; charset=utf-8
2026-06-12 03:02:21 | DEBUG    | fetch_data           | Response size: 466508 bytes
2026-06-12 03:02:21 | INFO     | fetch_data           | ✅ Data fetched successfully (Status: 200)
2026-06-12 03:02:21 | DEBUG    | parse_json           | Attempting JSON parsing...
2026-06-12 03:02:21 | DEBUG    | parse_json           | Response preview: <table class="tbl" data-page-length="25"><thead class="tbl__head"><!-- tr--><!--   th(colspan="11")--><!--   th.center(colspan="2", style="width: 110px;") TOTAL BUY ORDERS--><!--   th.center(colspan="2", style="width: 110px;") TOTAL SELL ORDERS--><tr><th data-name="symbol">SYMBOL</th><th data-name="sector">SECTOR</th><th data-name="listed">LISTED IN</th><th class="right" data-name="ldcp">LDCP</th><th class="right" data-name="open">OPEN</th><th class="right" data-name="high">HIGH</th><th class="r
2026-06-12 03:02:21 | WARNING  | parse_json           | ⚠️ JSON parsing failed: Expecting value: line 1 column 1 (char 0)
2026-06-12 03:02:21 | INFO     | run                  | JSON parsing failed, trying HTML fallback...
2026-06-12 03:02:21 | INFO     | parse_html           | Attempting HTML fallback parsing...
2026-06-12 03:02:21 | DEBUG    | parse_html           | Found 1 table(s) in HTML
2026-06-12 03:02:21 | DEBUG    | parse_html           | Table columns: ['SYMBOL', 'SECTOR', 'LISTED IN', 'LDCP', 'OPEN', 'HIGH', 'LOW', 'CURRENT', 'CHANGE', 'CHANGE (%)', 'VOLUME']
2026-06-12 03:02:21 | DEBUG    | parse_html           | Table shape: (487, 11)
2026-06-12 03:02:21 | INFO     | parse_html           | ✅ HTML parsed successfully (487 rows)
2026-06-12 03:02:21 | INFO     | clean_data           | Cleaning data...
2026-06-12 03:02:21 | DEBUG    | clean_data           | Initial shape: (487, 11)
2026-06-12 03:02:21 | DEBUG    | clean_data           | Initial columns: ['SYMBOL', 'SECTOR', 'LISTED IN', 'LDCP', 'OPEN', 'HIGH', 'LOW', 'CURRENT', 'CHANGE', 'CHANGE (%)', 'VOLUME']
2026-06-12 03:02:21 | DEBUG    | clean_data           | Removed 'LISTED IN' column
2026-06-12 03:02:21 | DEBUG    | clean_data           | Converted LDCP from float64 to numeric
2026-06-12 03:02:21 | DEBUG    | clean_data           | Converted OPEN from float64 to numeric
2026-06-12 03:02:21 | DEBUG    | clean_data           | Converted HIGH from float64 to numeric
2026-06-12 03:02:21 | DEBUG    | clean_data           | Converted LOW from float64 to numeric
2026-06-12 03:02:21 | DEBUG    | clean_data           | Converted CURRENT from float64 to numeric
2026-06-12 03:02:21 | DEBUG    | clean_data           | Converted CHANGE from float64 to numeric
2026-06-12 03:02:21 | DEBUG    | clean_data           | Converted CHANGE (%) from str to numeric
2026-06-12 03:02:21 | DEBUG    | clean_data           | Converted VOLUME from int64 to numeric
2026-06-12 03:02:21 | INFO     | clean_data           | ✅ Data cleaned (487 rows, 16 columns)
2026-06-12 03:02:21 | DEBUG    | clean_data           | Final columns: ['SYMBOL', 'SECTOR', 'LDCP', 'OPEN', 'HIGH', 'LOW', 'CURRENT', 'CHANGE', 'CHANGE (%)', 'VOLUME', 'YEAR', 'MONTH', 'DAY', 'HOUR', 'MINUTE', 'DATETIME']
2026-06-12 03:02:21 | DEBUG    | get_file_path        | Generated file path: data/2026/06/2026-06-12.xlsx
2026-06-12 03:02:21 | INFO     | save_data            | Saving data to: data/2026/06/2026-06-12.xlsx
2026-06-12 03:02:21 | DEBUG    | save_data            | Existing file found, merging data...
2026-06-12 03:02:22 | DEBUG    | save_data            | Loaded 5357 existing rows
2026-06-12 03:02:22 | DEBUG    | save_data            | Combined to 5844 rows
2026-06-12 03:02:22 | DEBUG    | save_data            | Writing to temporary file...
2026-06-12 03:02:23 | DEBUG    | save_data            | Data written to temp file: /home/runner/work/Thalorae-BackLioraen/Thalorae-BackLioraen/data/2026/06/tmpizemiu48.xlsx
2026-06-12 03:02:23 | DEBUG    | save_data            | Temp file moved to final location
2026-06-12 03:02:23 | INFO     | save_data            | ✅ Data saved successfully (5844 total rows, 438032 bytes)
2026-06-12 03:02:23 | INFO     | run                  | ======================================================================
2026-06-12 03:02:23 | INFO     | run                  | 📊 EXECUTION SUMMARY:
2026-06-12 03:02:23 | INFO     | run                  |    ✅ Status: SUCCESS
2026-06-12 03:02:23 | INFO     | run                  |    - Rows processed: 487
2026-06-12 03:02:23 | INFO     | run                  |    - Unique symbols: 487
2026-06-12 03:02:23 | INFO     | run                  |    - Timestamp: 2026-06-12 08:02:17
2026-06-12 03:02:23 | INFO     | run                  |    - File: data/2026/06/2026-06-12.xlsx
2026-06-12 03:02:23 | INFO     | run                  | ======================================================================
2026-06-12 03:02:23 | DEBUG    | run                  | Sample data (first row):
2026-06-12 03:02:23 | DEBUG    | run                  | {'SYMBOL': 'FNEL', 'SECTOR': 813, 'LDCP': 1.35, 'OPEN': 1.31, 'HIGH': 1.45, 'LOW': 1.29, 'CURRENT': 1.35, 'CHANGE': 0.04, 'CHANGE (%)': nan, 'VOLUME': 118360814, 'YEAR': 2026, 'MONTH': 6, 'DAY': 12, 'HOUR': 8, 'MINUTE': 2, 'DATETIME': '2026-06-12 08:02'}
2026-06-12 03:07:23 | INFO     | run                  | ======================================================================
2026-06-12 03:07:23 | INFO     | run                  | 🚀 MARKET DATA SCRAPER - SINGLE EXECUTION
2026-06-12 03:07:23 | INFO     | run                  | ======================================================================
2026-06-12 03:07:23 | INFO     | run                  | Execution Time: 2026-06-12 08:07:23 PKT
2026-06-12 03:07:23 | INFO     | run                  | Configuration:
2026-06-12 03:07:23 | INFO     | run                  |    - Timezone: Asia/Karachi
2026-06-12 03:07:23 | INFO     | run                  |    - Data directory: data
2026-06-12 03:07:23 | INFO     | run                  |    - Log directory: logs
2026-06-12 03:07:23 | INFO     | run                  | ======================================================================
2026-06-12 03:07:23 | INFO     | fetch_data           | Fetching data (Attempt 1/3)...
2026-06-12 03:07:23 | DEBUG    | fetch_data           | Establishing session with https://dps.psx.com.pk/
2026-06-12 03:07:27 | DEBUG    | fetch_data           | Requesting data from https://dps.psx.com.pk/market-watch
2026-06-12 03:07:29 | DEBUG    | fetch_data           | Response status: 200
2026-06-12 03:07:29 | DEBUG    | fetch_data           | Response content type: text/html; charset=utf-8
2026-06-12 03:07:29 | DEBUG    | fetch_data           | Response size: 466508 bytes
2026-06-12 03:07:29 | INFO     | fetch_data           | ✅ Data fetched successfully (Status: 200)
2026-06-12 03:07:29 | DEBUG    | parse_json           | Attempting JSON parsing...
2026-06-12 03:07:29 | DEBUG    | parse_json           | Response preview: <table class="tbl" data-page-length="25"><thead class="tbl__head"><!-- tr--><!--   th(colspan="11")--><!--   th.center(colspan="2", style="width: 110px;") TOTAL BUY ORDERS--><!--   th.center(colspan="2", style="width: 110px;") TOTAL SELL ORDERS--><tr><th data-name="symbol">SYMBOL</th><th data-name="sector">SECTOR</th><th data-name="listed">LISTED IN</th><th class="right" data-name="ldcp">LDCP</th><th class="right" data-name="open">OPEN</th><th class="right" data-name="high">HIGH</th><th class="r
2026-06-12 03:07:29 | WARNING  | parse_json           | ⚠️ JSON parsing failed: Expecting value: line 1 column 1 (char 0)
2026-06-12 03:07:29 | INFO     | run                  | JSON parsing failed, trying HTML fallback...
2026-06-12 03:07:29 | INFO     | parse_html           | Attempting HTML fallback parsing...
2026-06-12 03:07:29 | DEBUG    | parse_html           | Found 1 table(s) in HTML
2026-06-12 03:07:29 | DEBUG    | parse_html           | Table columns: ['SYMBOL', 'SECTOR', 'LISTED IN', 'LDCP', 'OPEN', 'HIGH', 'LOW', 'CURRENT', 'CHANGE', 'CHANGE (%)', 'VOLUME']
2026-06-12 03:07:29 | DEBUG    | parse_html           | Table shape: (487, 11)
2026-06-12 03:07:29 | INFO     | parse_html           | ✅ HTML parsed successfully (487 rows)
2026-06-12 03:07:29 | INFO     | clean_data           | Cleaning data...
2026-06-12 03:07:29 | DEBUG    | clean_data           | Initial shape: (487, 11)
2026-06-12 03:07:29 | DEBUG    | clean_data           | Initial columns: ['SYMBOL', 'SECTOR', 'LISTED IN', 'LDCP', 'OPEN', 'HIGH', 'LOW', 'CURRENT', 'CHANGE', 'CHANGE (%)', 'VOLUME']
2026-06-12 03:07:29 | DEBUG    | clean_data           | Removed 'LISTED IN' column
2026-06-12 03:07:29 | DEBUG    | clean_data           | Converted LDCP from float64 to numeric
2026-06-12 03:07:29 | DEBUG    | clean_data           | Converted OPEN from float64 to numeric
2026-06-12 03:07:29 | DEBUG    | clean_data           | Converted HIGH from float64 to numeric
2026-06-12 03:07:29 | DEBUG    | clean_data           | Converted LOW from float64 to numeric
2026-06-12 03:07:29 | DEBUG    | clean_data           | Converted CURRENT from float64 to numeric
2026-06-12 03:07:29 | DEBUG    | clean_data           | Converted CHANGE from float64 to numeric
2026-06-12 03:07:29 | DEBUG    | clean_data           | Converted CHANGE (%) from str to numeric
2026-06-12 03:07:29 | DEBUG    | clean_data           | Converted VOLUME from int64 to numeric
2026-06-12 03:07:29 | INFO     | clean_data           | ✅ Data cleaned (487 rows, 16 columns)
2026-06-12 03:07:29 | DEBUG    | clean_data           | Final columns: ['SYMBOL', 'SECTOR', 'LDCP', 'OPEN', 'HIGH', 'LOW', 'CURRENT', 'CHANGE', 'CHANGE (%)', 'VOLUME', 'YEAR', 'MONTH', 'DAY', 'HOUR', 'MINUTE', 'DATETIME']
2026-06-12 03:07:29 | DEBUG    | get_file_path        | Generated file path: data/2026/06/2026-06-12.xlsx
2026-06-12 03:07:29 | INFO     | save_data            | Saving data to: data/2026/06/2026-06-12.xlsx
2026-06-12 03:07:29 | DEBUG    | save_data            | Existing file found, merging data...
2026-06-12 03:07:29 | DEBUG    | save_data            | Loaded 5844 existing rows
2026-06-12 03:07:29 | DEBUG    | save_data            | Combined to 6331 rows
2026-06-12 03:07:29 | DEBUG    | save_data            | Writing to temporary file...
2026-06-12 03:07:30 | DEBUG    | save_data            | Data written to temp file: /home/runner/work/Thalorae-BackLioraen/Thalorae-BackLioraen/data/2026/06/tmppcagkybh.xlsx
2026-06-12 03:07:30 | DEBUG    | save_data            | Temp file moved to final location
2026-06-12 03:07:30 | INFO     | save_data            | ✅ Data saved successfully (6331 total rows, 474118 bytes)
2026-06-12 03:07:30 | INFO     | run                  | ======================================================================
2026-06-12 03:07:30 | INFO     | run                  | 📊 EXECUTION SUMMARY:
2026-06-12 03:07:30 | INFO     | run                  |    ✅ Status: SUCCESS
2026-06-12 03:07:30 | INFO     | run                  |    - Rows processed: 487
2026-06-12 03:07:30 | INFO     | run                  |    - Unique symbols: 487
2026-06-12 03:07:30 | INFO     | run                  |    - Timestamp: 2026-06-12 08:07:23
2026-06-12 03:07:30 | INFO     | run                  |    - File: data/2026/06/2026-06-12.xlsx
2026-06-12 03:07:30 | INFO     | run                  | ======================================================================
2026-06-12 03:07:30 | DEBUG    | run                  | Sample data (first row):
2026-06-12 03:07:30 | DEBUG    | run                  | {'SYMBOL': 'FNEL', 'SECTOR': 813, 'LDCP': 1.35, 'OPEN': 1.31, 'HIGH': 1.45, 'LOW': 1.29, 'CURRENT': 1.35, 'CHANGE': 0.04, 'CHANGE (%)': nan, 'VOLUME': 118360814, 'YEAR': 2026, 'MONTH': 6, 'DAY': 12, 'HOUR': 8, 'MINUTE': 7, 'DATETIME': '2026-06-12 08:07'}
2026-06-12 03:12:31 | INFO     | run                  | ======================================================================
2026-06-12 03:12:31 | INFO     | run                  | 🚀 MARKET DATA SCRAPER - SINGLE EXECUTION
2026-06-12 03:12:31 | INFO     | run                  | ======================================================================
2026-06-12 03:12:31 | INFO     | run                  | Execution Time: 2026-06-12 08:12:31 PKT
2026-06-12 03:12:31 | INFO     | run                  | Configuration:
2026-06-12 03:12:31 | INFO     | run                  |    - Timezone: Asia/Karachi
2026-06-12 03:12:31 | INFO     | run                  |    - Data directory: data
2026-06-12 03:12:31 | INFO     | run                  |    - Log directory: logs
2026-06-12 03:12:31 | INFO     | run                  | ======================================================================
2026-06-12 03:12:31 | INFO     | fetch_data           | Fetching data (Attempt 1/3)...
2026-06-12 03:12:31 | DEBUG    | fetch_data           | Establishing session with https://dps.psx.com.pk/
2026-06-12 03:12:35 | DEBUG    | fetch_data           | Requesting data from https://dps.psx.com.pk/market-watch
2026-06-12 03:12:37 | DEBUG    | fetch_data           | Response status: 200
2026-06-12 03:12:37 | DEBUG    | fetch_data           | Response content type: text/html; charset=utf-8
2026-06-12 03:12:37 | DEBUG    | fetch_data           | Response size: 466508 bytes
2026-06-12 03:12:37 | INFO     | fetch_data           | ✅ Data fetched successfully (Status: 200)
2026-06-12 03:12:37 | DEBUG    | parse_json           | Attempting JSON parsing...
2026-06-12 03:12:37 | DEBUG    | parse_json           | Response preview: <table class="tbl" data-page-length="25"><thead class="tbl__head"><!-- tr--><!--   th(colspan="11")--><!--   th.center(colspan="2", style="width: 110px;") TOTAL BUY ORDERS--><!--   th.center(colspan="2", style="width: 110px;") TOTAL SELL ORDERS--><tr><th data-name="symbol">SYMBOL</th><th data-name="sector">SECTOR</th><th data-name="listed">LISTED IN</th><th class="right" data-name="ldcp">LDCP</th><th class="right" data-name="open">OPEN</th><th class="right" data-name="high">HIGH</th><th class="r
2026-06-12 03:12:37 | WARNING  | parse_json           | ⚠️ JSON parsing failed: Expecting value: line 1 column 1 (char 0)
2026-06-12 03:12:37 | INFO     | run                  | JSON parsing failed, trying HTML fallback...
2026-06-12 03:12:37 | INFO     | parse_html           | Attempting HTML fallback parsing...
2026-06-12 03:12:37 | DEBUG    | parse_html           | Found 1 table(s) in HTML
2026-06-12 03:12:37 | DEBUG    | parse_html           | Table columns: ['SYMBOL', 'SECTOR', 'LISTED IN', 'LDCP', 'OPEN', 'HIGH', 'LOW', 'CURRENT', 'CHANGE', 'CHANGE (%)', 'VOLUME']
2026-06-12 03:12:37 | DEBUG    | parse_html           | Table shape: (487, 11)
2026-06-12 03:12:37 | INFO     | parse_html           | ✅ HTML parsed successfully (487 rows)
2026-06-12 03:12:37 | INFO     | clean_data           | Cleaning data...
2026-06-12 03:12:37 | DEBUG    | clean_data           | Initial shape: (487, 11)
2026-06-12 03:12:37 | DEBUG    | clean_data           | Initial columns: ['SYMBOL', 'SECTOR', 'LISTED IN', 'LDCP', 'OPEN', 'HIGH', 'LOW', 'CURRENT', 'CHANGE', 'CHANGE (%)', 'VOLUME']
2026-06-12 03:12:37 | DEBUG    | clean_data           | Removed 'LISTED IN' column
2026-06-12 03:12:37 | DEBUG    | clean_data           | Converted LDCP from float64 to numeric
2026-06-12 03:12:37 | DEBUG    | clean_data           | Converted OPEN from float64 to numeric
2026-06-12 03:12:37 | DEBUG    | clean_data           | Converted HIGH from float64 to numeric
2026-06-12 03:12:37 | DEBUG    | clean_data           | Converted LOW from float64 to numeric
2026-06-12 03:12:37 | DEBUG    | clean_data           | Converted CURRENT from float64 to numeric
2026-06-12 03:12:37 | DEBUG    | clean_data           | Converted CHANGE from float64 to numeric
2026-06-12 03:12:37 | DEBUG    | clean_data           | Converted CHANGE (%) from str to numeric
2026-06-12 03:12:37 | DEBUG    | clean_data           | Converted VOLUME from int64 to numeric
2026-06-12 03:12:37 | INFO     | clean_data           | ✅ Data cleaned (487 rows, 16 columns)
2026-06-12 03:12:37 | DEBUG    | clean_data           | Final columns: ['SYMBOL', 'SECTOR', 'LDCP', 'OPEN', 'HIGH', 'LOW', 'CURRENT', 'CHANGE', 'CHANGE (%)', 'VOLUME', 'YEAR', 'MONTH', 'DAY', 'HOUR', 'MINUTE', 'DATETIME']
2026-06-12 03:12:37 | DEBUG    | get_file_path        | Generated file path: data/2026/06/2026-06-12.xlsx
2026-06-12 03:12:37 | INFO     | save_data            | Saving data to: data/2026/06/2026-06-12.xlsx
2026-06-12 03:12:37 | DEBUG    | save_data            | Existing file found, merging data...
2026-06-12 03:12:37 | DEBUG    | save_data            | Loaded 6331 existing rows
2026-06-12 03:12:37 | DEBUG    | save_data            | Combined to 6818 rows
2026-06-12 03:12:37 | DEBUG    | save_data            | Writing to temporary file...
2026-06-12 03:12:39 | DEBUG    | save_data            | Data written to temp file: /home/runner/work/Thalorae-BackLioraen/Thalorae-BackLioraen/data/2026/06/tmpgs3dexjp.xlsx
2026-06-12 03:12:39 | DEBUG    | save_data            | Temp file moved to final location
2026-06-12 03:12:39 | INFO     | save_data            | ✅ Data saved successfully (6818 total rows, 509960 bytes)
2026-06-12 03:12:39 | INFO     | run                  | ======================================================================
2026-06-12 03:12:39 | INFO     | run                  | 📊 EXECUTION SUMMARY:
2026-06-12 03:12:39 | INFO     | run                  |    ✅ Status: SUCCESS
2026-06-12 03:12:39 | INFO     | run                  |    - Rows processed: 487
2026-06-12 03:12:39 | INFO     | run                  |    - Unique symbols: 487
2026-06-12 03:12:39 | INFO     | run                  |    - Timestamp: 2026-06-12 08:12:31
2026-06-12 03:12:39 | INFO     | run                  |    - File: data/2026/06/2026-06-12.xlsx
2026-06-12 03:12:39 | INFO     | run                  | ======================================================================
2026-06-12 03:12:39 | DEBUG    | run                  | Sample data (first row):
2026-06-12 03:12:39 | DEBUG    | run                  | {'SYMBOL': 'FNEL', 'SECTOR': 813, 'LDCP': 1.35, 'OPEN': 1.31, 'HIGH': 1.45, 'LOW': 1.29, 'CURRENT': 1.35, 'CHANGE': 0.04, 'CHANGE (%)': nan, 'VOLUME': 118360814, 'YEAR': 2026, 'MONTH': 6, 'DAY': 12, 'HOUR': 8, 'MINUTE': 12, 'DATETIME': '2026-06-12 08:12'}
2026-06-12 03:17:39 | INFO     | run                  | ======================================================================
2026-06-12 03:17:39 | INFO     | run                  | 🚀 MARKET DATA SCRAPER - SINGLE EXECUTION
2026-06-12 03:17:39 | INFO     | run                  | ======================================================================
2026-06-12 03:17:39 | INFO     | run                  | Execution Time: 2026-06-12 08:17:39 PKT
2026-06-12 03:17:39 | INFO     | run                  | Configuration:
2026-06-12 03:17:39 | INFO     | run                  |    - Timezone: Asia/Karachi
2026-06-12 03:17:39 | INFO     | run                  |    - Data directory: data
2026-06-12 03:17:39 | INFO     | run                  |    - Log directory: logs
2026-06-12 03:17:39 | INFO     | run                  | ======================================================================
2026-06-12 03:17:39 | INFO     | fetch_data           | Fetching data (Attempt 1/3)...
2026-06-12 03:17:39 | DEBUG    | fetch_data           | Establishing session with https://dps.psx.com.pk/
2026-06-12 03:17:43 | DEBUG    | fetch_data           | Requesting data from https://dps.psx.com.pk/market-watch
2026-06-12 03:17:45 | DEBUG    | fetch_data           | Response status: 200
2026-06-12 03:17:45 | DEBUG    | fetch_data           | Response content type: text/html; charset=utf-8
2026-06-12 03:17:45 | DEBUG    | fetch_data           | Response size: 466508 bytes
2026-06-12 03:17:45 | INFO     | fetch_data           | ✅ Data fetched successfully (Status: 200)
2026-06-12 03:17:45 | DEBUG    | parse_json           | Attempting JSON parsing...
2026-06-12 03:17:45 | DEBUG    | parse_json           | Response preview: <table class="tbl" data-page-length="25"><thead class="tbl__head"><!-- tr--><!--   th(colspan="11")--><!--   th.center(colspan="2", style="width: 110px;") TOTAL BUY ORDERS--><!--   th.center(colspan="2", style="width: 110px;") TOTAL SELL ORDERS--><tr><th data-name="symbol">SYMBOL</th><th data-name="sector">SECTOR</th><th data-name="listed">LISTED IN</th><th class="right" data-name="ldcp">LDCP</th><th class="right" data-name="open">OPEN</th><th class="right" data-name="high">HIGH</th><th class="r
2026-06-12 03:17:45 | WARNING  | parse_json           | ⚠️ JSON parsing failed: Expecting value: line 1 column 1 (char 0)
2026-06-12 03:17:45 | INFO     | run                  | JSON parsing failed, trying HTML fallback...
2026-06-12 03:17:45 | INFO     | parse_html           | Attempting HTML fallback parsing...
2026-06-12 03:17:45 | DEBUG    | parse_html           | Found 1 table(s) in HTML
2026-06-12 03:17:45 | DEBUG    | parse_html           | Table columns: ['SYMBOL', 'SECTOR', 'LISTED IN', 'LDCP', 'OPEN', 'HIGH', 'LOW', 'CURRENT', 'CHANGE', 'CHANGE (%)', 'VOLUME']
2026-06-12 03:17:45 | DEBUG    | parse_html           | Table shape: (487, 11)
2026-06-12 03:17:45 | INFO     | parse_html           | ✅ HTML parsed successfully (487 rows)
2026-06-12 03:17:45 | INFO     | clean_data           | Cleaning data...
2026-06-12 03:17:45 | DEBUG    | clean_data           | Initial shape: (487, 11)
2026-06-12 03:17:45 | DEBUG    | clean_data           | Initial columns: ['SYMBOL', 'SECTOR', 'LISTED IN', 'LDCP', 'OPEN', 'HIGH', 'LOW', 'CURRENT', 'CHANGE', 'CHANGE (%)', 'VOLUME']
2026-06-12 03:17:45 | DEBUG    | clean_data           | Removed 'LISTED IN' column
2026-06-12 03:17:45 | DEBUG    | clean_data           | Converted LDCP from float64 to numeric
2026-06-12 03:17:45 | DEBUG    | clean_data           | Converted OPEN from float64 to numeric
2026-06-12 03:17:45 | DEBUG    | clean_data           | Converted HIGH from float64 to numeric
2026-06-12 03:17:45 | DEBUG    | clean_data           | Converted LOW from float64 to numeric
2026-06-12 03:17:45 | DEBUG    | clean_data           | Converted CURRENT from float64 to numeric
2026-06-12 03:17:45 | DEBUG    | clean_data           | Converted CHANGE from float64 to numeric
2026-06-12 03:17:45 | DEBUG    | clean_data           | Converted CHANGE (%) from str to numeric
2026-06-12 03:17:45 | DEBUG    | clean_data           | Converted VOLUME from int64 to numeric
2026-06-12 03:17:45 | INFO     | clean_data           | ✅ Data cleaned (487 rows, 16 columns)
2026-06-12 03:17:45 | DEBUG    | clean_data           | Final columns: ['SYMBOL', 'SECTOR', 'LDCP', 'OPEN', 'HIGH', 'LOW', 'CURRENT', 'CHANGE', 'CHANGE (%)', 'VOLUME', 'YEAR', 'MONTH', 'DAY', 'HOUR', 'MINUTE', 'DATETIME']
2026-06-12 03:17:45 | DEBUG    | get_file_path        | Generated file path: data/2026/06/2026-06-12.xlsx
2026-06-12 03:17:45 | INFO     | save_data            | Saving data to: data/2026/06/2026-06-12.xlsx
2026-06-12 03:17:45 | DEBUG    | save_data            | Existing file found, merging data...
2026-06-12 03:17:46 | DEBUG    | save_data            | Loaded 6818 existing rows
2026-06-12 03:17:46 | DEBUG    | save_data            | Combined to 7305 rows
2026-06-12 03:17:46 | DEBUG    | save_data            | Writing to temporary file...
2026-06-12 03:17:47 | DEBUG    | save_data            | Data written to temp file: /home/runner/work/Thalorae-BackLioraen/Thalorae-BackLioraen/data/2026/06/tmpnb34jru3.xlsx
2026-06-12 03:17:47 | DEBUG    | save_data            | Temp file moved to final location
2026-06-12 03:17:47 | INFO     | save_data            | ✅ Data saved successfully (7305 total rows, 546116 bytes)
2026-06-12 03:17:47 | INFO     | run                  | ======================================================================
2026-06-12 03:17:47 | INFO     | run                  | 📊 EXECUTION SUMMARY:
2026-06-12 03:17:47 | INFO     | run                  |    ✅ Status: SUCCESS
2026-06-12 03:17:47 | INFO     | run                  |    - Rows processed: 487
2026-06-12 03:17:47 | INFO     | run                  |    - Unique symbols: 487
2026-06-12 03:17:47 | INFO     | run                  |    - Timestamp: 2026-06-12 08:17:39
2026-06-12 03:17:47 | INFO     | run                  |    - File: data/2026/06/2026-06-12.xlsx
2026-06-12 03:17:47 | INFO     | run                  | ======================================================================
2026-06-12 03:17:47 | DEBUG    | run                  | Sample data (first row):
2026-06-12 03:17:47 | DEBUG    | run                  | {'SYMBOL': 'FNEL', 'SECTOR': 813, 'LDCP': 1.35, 'OPEN': 1.31, 'HIGH': 1.45, 'LOW': 1.29, 'CURRENT': 1.35, 'CHANGE': 0.04, 'CHANGE (%)': nan, 'VOLUME': 118360814, 'YEAR': 2026, 'MONTH': 6, 'DAY': 12, 'HOUR': 8, 'MINUTE': 17, 'DATETIME': '2026-06-12 08:17'}
2026-06-12 03:22:48 | INFO     | run                  | ======================================================================
2026-06-12 03:22:48 | INFO     | run                  | 🚀 MARKET DATA SCRAPER - SINGLE EXECUTION
2026-06-12 03:22:48 | INFO     | run                  | ======================================================================
2026-06-12 03:22:48 | INFO     | run                  | Execution Time: 2026-06-12 08:22:48 PKT
2026-06-12 03:22:48 | INFO     | run                  | Configuration:
2026-06-12 03:22:48 | INFO     | run                  |    - Timezone: Asia/Karachi
2026-06-12 03:22:48 | INFO     | run                  |    - Data directory: data
2026-06-12 03:22:48 | INFO     | run                  |    - Log directory: logs
2026-06-12 03:22:48 | INFO     | run                  | ======================================================================
2026-06-12 03:22:48 | INFO     | fetch_data           | Fetching data (Attempt 1/3)...
2026-06-12 03:22:48 | DEBUG    | fetch_data           | Establishing session with https://dps.psx.com.pk/
2026-06-12 03:22:51 | DEBUG    | fetch_data           | Requesting data from https://dps.psx.com.pk/market-watch
2026-06-12 03:22:53 | DEBUG    | fetch_data           | Response status: 200
2026-06-12 03:22:53 | DEBUG    | fetch_data           | Response content type: text/html; charset=utf-8
2026-06-12 03:22:53 | DEBUG    | fetch_data           | Response size: 466508 bytes
2026-06-12 03:22:53 | INFO     | fetch_data           | ✅ Data fetched successfully (Status: 200)
2026-06-12 03:22:53 | DEBUG    | parse_json           | Attempting JSON parsing...
2026-06-12 03:22:53 | DEBUG    | parse_json           | Response preview: <table class="tbl" data-page-length="25"><thead class="tbl__head"><!-- tr--><!--   th(colspan="11")--><!--   th.center(colspan="2", style="width: 110px;") TOTAL BUY ORDERS--><!--   th.center(colspan="2", style="width: 110px;") TOTAL SELL ORDERS--><tr><th data-name="symbol">SYMBOL</th><th data-name="sector">SECTOR</th><th data-name="listed">LISTED IN</th><th class="right" data-name="ldcp">LDCP</th><th class="right" data-name="open">OPEN</th><th class="right" data-name="high">HIGH</th><th class="r
2026-06-12 03:22:53 | WARNING  | parse_json           | ⚠️ JSON parsing failed: Expecting value: line 1 column 1 (char 0)
2026-06-12 03:22:53 | INFO     | run                  | JSON parsing failed, trying HTML fallback...
2026-06-12 03:22:53 | INFO     | parse_html           | Attempting HTML fallback parsing...
2026-06-12 03:22:53 | DEBUG    | parse_html           | Found 1 table(s) in HTML
2026-06-12 03:22:53 | DEBUG    | parse_html           | Table columns: ['SYMBOL', 'SECTOR', 'LISTED IN', 'LDCP', 'OPEN', 'HIGH', 'LOW', 'CURRENT', 'CHANGE', 'CHANGE (%)', 'VOLUME']
2026-06-12 03:22:53 | DEBUG    | parse_html           | Table shape: (487, 11)
2026-06-12 03:22:53 | INFO     | parse_html           | ✅ HTML parsed successfully (487 rows)
2026-06-12 03:22:53 | INFO     | clean_data           | Cleaning data...
2026-06-12 03:22:53 | DEBUG    | clean_data           | Initial shape: (487, 11)
2026-06-12 03:22:53 | DEBUG    | clean_data           | Initial columns: ['SYMBOL', 'SECTOR', 'LISTED IN', 'LDCP', 'OPEN', 'HIGH', 'LOW', 'CURRENT', 'CHANGE', 'CHANGE (%)', 'VOLUME']
2026-06-12 03:22:53 | DEBUG    | clean_data           | Removed 'LISTED IN' column
2026-06-12 03:22:53 | DEBUG    | clean_data           | Converted LDCP from float64 to numeric
2026-06-12 03:22:53 | DEBUG    | clean_data           | Converted OPEN from float64 to numeric
2026-06-12 03:22:53 | DEBUG    | clean_data           | Converted HIGH from float64 to numeric
2026-06-12 03:22:53 | DEBUG    | clean_data           | Converted LOW from float64 to numeric
2026-06-12 03:22:53 | DEBUG    | clean_data           | Converted CURRENT from float64 to numeric
2026-06-12 03:22:53 | DEBUG    | clean_data           | Converted CHANGE from float64 to numeric
2026-06-12 03:22:53 | DEBUG    | clean_data           | Converted CHANGE (%) from str to numeric
2026-06-12 03:22:53 | DEBUG    | clean_data           | Converted VOLUME from int64 to numeric
2026-06-12 03:22:53 | INFO     | clean_data           | ✅ Data cleaned (487 rows, 16 columns)
2026-06-12 03:22:53 | DEBUG    | clean_data           | Final columns: ['SYMBOL', 'SECTOR', 'LDCP', 'OPEN', 'HIGH', 'LOW', 'CURRENT', 'CHANGE', 'CHANGE (%)', 'VOLUME', 'YEAR', 'MONTH', 'DAY', 'HOUR', 'MINUTE', 'DATETIME']
2026-06-12 03:22:53 | DEBUG    | get_file_path        | Generated file path: data/2026/06/2026-06-12.xlsx
2026-06-12 03:22:53 | INFO     | save_data            | Saving data to: data/2026/06/2026-06-12.xlsx
2026-06-12 03:22:53 | DEBUG    | save_data            | Existing file found, merging data...
2026-06-12 03:22:53 | DEBUG    | save_data            | Loaded 7305 existing rows
2026-06-12 03:22:53 | DEBUG    | save_data            | Combined to 7792 rows
2026-06-12 03:22:53 | DEBUG    | save_data            | Writing to temporary file...
2026-06-12 03:22:55 | DEBUG    | save_data            | Data written to temp file: /home/runner/work/Thalorae-BackLioraen/Thalorae-BackLioraen/data/2026/06/tmpvkiwd0k9.xlsx
2026-06-12 03:22:55 | DEBUG    | save_data            | Temp file moved to final location
2026-06-12 03:22:55 | INFO     | save_data            | ✅ Data saved successfully (7792 total rows, 582165 bytes)
2026-06-12 03:22:55 | INFO     | run                  | ======================================================================
2026-06-12 03:22:55 | INFO     | run                  | 📊 EXECUTION SUMMARY:
2026-06-12 03:22:55 | INFO     | run                  |    ✅ Status: SUCCESS
2026-06-12 03:22:55 | INFO     | run                  |    - Rows processed: 487
2026-06-12 03:22:55 | INFO     | run                  |    - Unique symbols: 487
2026-06-12 03:22:55 | INFO     | run                  |    - Timestamp: 2026-06-12 08:22:48
2026-06-12 03:22:55 | INFO     | run                  |    - File: data/2026/06/2026-06-12.xlsx
2026-06-12 03:22:55 | INFO     | run                  | ======================================================================
2026-06-12 03:22:55 | DEBUG    | run                  | Sample data (first row):
2026-06-12 03:22:55 | DEBUG    | run                  | {'SYMBOL': 'FNEL', 'SECTOR': 813, 'LDCP': 1.35, 'OPEN': 1.31, 'HIGH': 1.45, 'LOW': 1.29, 'CURRENT': 1.35, 'CHANGE': 0.04, 'CHANGE (%)': nan, 'VOLUME': 118360814, 'YEAR': 2026, 'MONTH': 6, 'DAY': 12, 'HOUR': 8, 'MINUTE': 22, 'DATETIME': '2026-06-12 08:22'}
2026-06-12 03:27:55 | INFO     | run                  | ======================================================================
2026-06-12 03:27:55 | INFO     | run                  | 🚀 MARKET DATA SCRAPER - SINGLE EXECUTION
2026-06-12 03:27:55 | INFO     | run                  | ======================================================================
2026-06-12 03:27:55 | INFO     | run                  | Execution Time: 2026-06-12 08:27:55 PKT
2026-06-12 03:27:55 | INFO     | run                  | Configuration:
2026-06-12 03:27:55 | INFO     | run                  |    - Timezone: Asia/Karachi
2026-06-12 03:27:55 | INFO     | run                  |    - Data directory: data
2026-06-12 03:27:55 | INFO     | run                  |    - Log directory: logs
2026-06-12 03:27:55 | INFO     | run                  | ======================================================================
2026-06-12 03:27:55 | INFO     | fetch_data           | Fetching data (Attempt 1/3)...
2026-06-12 03:27:55 | DEBUG    | fetch_data           | Establishing session with https://dps.psx.com.pk/
2026-06-12 03:27:58 | DEBUG    | fetch_data           | Requesting data from https://dps.psx.com.pk/market-watch
2026-06-12 03:28:00 | DEBUG    | fetch_data           | Response status: 200
2026-06-12 03:28:00 | DEBUG    | fetch_data           | Response content type: text/html; charset=utf-8
2026-06-12 03:28:00 | DEBUG    | fetch_data           | Response size: 466508 bytes
2026-06-12 03:28:00 | INFO     | fetch_data           | ✅ Data fetched successfully (Status: 200)
2026-06-12 03:28:00 | DEBUG    | parse_json           | Attempting JSON parsing...
2026-06-12 03:28:00 | DEBUG    | parse_json           | Response preview: <table class="tbl" data-page-length="25"><thead class="tbl__head"><!-- tr--><!--   th(colspan="11")--><!--   th.center(colspan="2", style="width: 110px;") TOTAL BUY ORDERS--><!--   th.center(colspan="2", style="width: 110px;") TOTAL SELL ORDERS--><tr><th data-name="symbol">SYMBOL</th><th data-name="sector">SECTOR</th><th data-name="listed">LISTED IN</th><th class="right" data-name="ldcp">LDCP</th><th class="right" data-name="open">OPEN</th><th class="right" data-name="high">HIGH</th><th class="r
2026-06-12 03:28:00 | WARNING  | parse_json           | ⚠️ JSON parsing failed: Expecting value: line 1 column 1 (char 0)
2026-06-12 03:28:00 | INFO     | run                  | JSON parsing failed, trying HTML fallback...
2026-06-12 03:28:00 | INFO     | parse_html           | Attempting HTML fallback parsing...
2026-06-12 03:28:00 | DEBUG    | parse_html           | Found 1 table(s) in HTML
2026-06-12 03:28:00 | DEBUG    | parse_html           | Table columns: ['SYMBOL', 'SECTOR', 'LISTED IN', 'LDCP', 'OPEN', 'HIGH', 'LOW', 'CURRENT', 'CHANGE', 'CHANGE (%)', 'VOLUME']
2026-06-12 03:28:00 | DEBUG    | parse_html           | Table shape: (487, 11)
2026-06-12 03:28:00 | INFO     | parse_html           | ✅ HTML parsed successfully (487 rows)
2026-06-12 03:28:00 | INFO     | clean_data           | Cleaning data...
2026-06-12 03:28:00 | DEBUG    | clean_data           | Initial shape: (487, 11)
2026-06-12 03:28:00 | DEBUG    | clean_data           | Initial columns: ['SYMBOL', 'SECTOR', 'LISTED IN', 'LDCP', 'OPEN', 'HIGH', 'LOW', 'CURRENT', 'CHANGE', 'CHANGE (%)', 'VOLUME']
2026-06-12 03:28:00 | DEBUG    | clean_data           | Removed 'LISTED IN' column
2026-06-12 03:28:00 | DEBUG    | clean_data           | Converted LDCP from float64 to numeric
2026-06-12 03:28:00 | DEBUG    | clean_data           | Converted OPEN from float64 to numeric
2026-06-12 03:28:00 | DEBUG    | clean_data           | Converted HIGH from float64 to numeric
2026-06-12 03:28:00 | DEBUG    | clean_data           | Converted LOW from float64 to numeric
2026-06-12 03:28:00 | DEBUG    | clean_data           | Converted CURRENT from float64 to numeric
2026-06-12 03:28:00 | DEBUG    | clean_data           | Converted CHANGE from float64 to numeric
2026-06-12 03:28:00 | DEBUG    | clean_data           | Converted CHANGE (%) from str to numeric
2026-06-12 03:28:00 | DEBUG    | clean_data           | Converted VOLUME from int64 to numeric
2026-06-12 03:28:00 | INFO     | clean_data           | ✅ Data cleaned (487 rows, 16 columns)
2026-06-12 03:28:00 | DEBUG    | clean_data           | Final columns: ['SYMBOL', 'SECTOR', 'LDCP', 'OPEN', 'HIGH', 'LOW', 'CURRENT', 'CHANGE', 'CHANGE (%)', 'VOLUME', 'YEAR', 'MONTH', 'DAY', 'HOUR', 'MINUTE', 'DATETIME']
2026-06-12 03:28:00 | DEBUG    | get_file_path        | Generated file path: data/2026/06/2026-06-12.xlsx
2026-06-12 03:28:00 | INFO     | save_data            | Saving data to: data/2026/06/2026-06-12.xlsx
2026-06-12 03:28:00 | DEBUG    | save_data            | Existing file found, merging data...
2026-06-12 03:28:01 | DEBUG    | save_data            | Loaded 7792 existing rows
2026-06-12 03:28:01 | DEBUG    | save_data            | Combined to 8279 rows
2026-06-12 03:28:01 | DEBUG    | save_data            | Writing to temporary file...
2026-06-12 03:28:03 | DEBUG    | save_data            | Data written to temp file: /home/runner/work/Thalorae-BackLioraen/Thalorae-BackLioraen/data/2026/06/tmpbgsyervu.xlsx
2026-06-12 03:28:03 | DEBUG    | save_data            | Temp file moved to final location
2026-06-12 03:28:03 | INFO     | save_data            | ✅ Data saved successfully (8279 total rows, 618280 bytes)
2026-06-12 03:28:03 | INFO     | run                  | ======================================================================
2026-06-12 03:28:03 | INFO     | run                  | 📊 EXECUTION SUMMARY:
2026-06-12 03:28:03 | INFO     | run                  |    ✅ Status: SUCCESS
2026-06-12 03:28:03 | INFO     | run                  |    - Rows processed: 487
2026-06-12 03:28:03 | INFO     | run                  |    - Unique symbols: 487
2026-06-12 03:28:03 | INFO     | run                  |    - Timestamp: 2026-06-12 08:27:55
2026-06-12 03:28:03 | INFO     | run                  |    - File: data/2026/06/2026-06-12.xlsx
2026-06-12 03:28:03 | INFO     | run                  | ======================================================================
2026-06-12 03:28:03 | DEBUG    | run                  | Sample data (first row):
2026-06-12 03:28:03 | DEBUG    | run                  | {'SYMBOL': 'FNEL', 'SECTOR': 813, 'LDCP': 1.35, 'OPEN': 1.31, 'HIGH': 1.45, 'LOW': 1.29, 'CURRENT': 1.35, 'CHANGE': 0.04, 'CHANGE (%)': nan, 'VOLUME': 118360814, 'YEAR': 2026, 'MONTH': 6, 'DAY': 12, 'HOUR': 8, 'MINUTE': 27, 'DATETIME': '2026-06-12 08:27'}
2026-06-12 03:33:03 | INFO     | run                  | ======================================================================
2026-06-12 03:33:03 | INFO     | run                  | 🚀 MARKET DATA SCRAPER - SINGLE EXECUTION
2026-06-12 03:33:03 | INFO     | run                  | ======================================================================
2026-06-12 03:33:03 | INFO     | run                  | Execution Time: 2026-06-12 08:33:03 PKT
2026-06-12 03:33:03 | INFO     | run                  | Configuration:
2026-06-12 03:33:03 | INFO     | run                  |    - Timezone: Asia/Karachi
2026-06-12 03:33:03 | INFO     | run                  |    - Data directory: data
2026-06-12 03:33:03 | INFO     | run                  |    - Log directory: logs
2026-06-12 03:33:03 | INFO     | run                  | ======================================================================
2026-06-12 03:33:03 | INFO     | fetch_data           | Fetching data (Attempt 1/3)...
2026-06-12 03:33:03 | DEBUG    | fetch_data           | Establishing session with https://dps.psx.com.pk/
2026-06-12 03:33:07 | DEBUG    | fetch_data           | Requesting data from https://dps.psx.com.pk/market-watch
2026-06-12 03:33:09 | DEBUG    | fetch_data           | Response status: 200
2026-06-12 03:33:09 | DEBUG    | fetch_data           | Response content type: text/html; charset=utf-8
2026-06-12 03:33:09 | DEBUG    | fetch_data           | Response size: 466508 bytes
2026-06-12 03:33:09 | INFO     | fetch_data           | ✅ Data fetched successfully (Status: 200)
2026-06-12 03:33:09 | DEBUG    | parse_json           | Attempting JSON parsing...
2026-06-12 03:33:09 | DEBUG    | parse_json           | Response preview: <table class="tbl" data-page-length="25"><thead class="tbl__head"><!-- tr--><!--   th(colspan="11")--><!--   th.center(colspan="2", style="width: 110px;") TOTAL BUY ORDERS--><!--   th.center(colspan="2", style="width: 110px;") TOTAL SELL ORDERS--><tr><th data-name="symbol">SYMBOL</th><th data-name="sector">SECTOR</th><th data-name="listed">LISTED IN</th><th class="right" data-name="ldcp">LDCP</th><th class="right" data-name="open">OPEN</th><th class="right" data-name="high">HIGH</th><th class="r
2026-06-12 03:33:09 | WARNING  | parse_json           | ⚠️ JSON parsing failed: Expecting value: line 1 column 1 (char 0)
2026-06-12 03:33:09 | INFO     | run                  | JSON parsing failed, trying HTML fallback...
2026-06-12 03:33:09 | INFO     | parse_html           | Attempting HTML fallback parsing...
2026-06-12 03:33:09 | DEBUG    | parse_html           | Found 1 table(s) in HTML
2026-06-12 03:33:09 | DEBUG    | parse_html           | Table columns: ['SYMBOL', 'SECTOR', 'LISTED IN', 'LDCP', 'OPEN', 'HIGH', 'LOW', 'CURRENT', 'CHANGE', 'CHANGE (%)', 'VOLUME']
2026-06-12 03:33:09 | DEBUG    | parse_html           | Table shape: (487, 11)
2026-06-12 03:33:09 | INFO     | parse_html           | ✅ HTML parsed successfully (487 rows)
2026-06-12 03:33:09 | INFO     | clean_data           | Cleaning data...
2026-06-12 03:33:09 | DEBUG    | clean_data           | Initial shape: (487, 11)
2026-06-12 03:33:09 | DEBUG    | clean_data           | Initial columns: ['SYMBOL', 'SECTOR', 'LISTED IN', 'LDCP', 'OPEN', 'HIGH', 'LOW', 'CURRENT', 'CHANGE', 'CHANGE (%)', 'VOLUME']
2026-06-12 03:33:09 | DEBUG    | clean_data           | Removed 'LISTED IN' column
2026-06-12 03:33:09 | DEBUG    | clean_data           | Converted LDCP from float64 to numeric
2026-06-12 03:33:09 | DEBUG    | clean_data           | Converted OPEN from float64 to numeric
2026-06-12 03:33:09 | DEBUG    | clean_data           | Converted HIGH from float64 to numeric
2026-06-12 03:33:09 | DEBUG    | clean_data           | Converted LOW from float64 to numeric
2026-06-12 03:33:09 | DEBUG    | clean_data           | Converted CURRENT from float64 to numeric
2026-06-12 03:33:09 | DEBUG    | clean_data           | Converted CHANGE from float64 to numeric
2026-06-12 03:33:09 | DEBUG    | clean_data           | Converted CHANGE (%) from str to numeric
2026-06-12 03:33:09 | DEBUG    | clean_data           | Converted VOLUME from int64 to numeric
2026-06-12 03:33:09 | INFO     | clean_data           | ✅ Data cleaned (487 rows, 16 columns)
2026-06-12 03:33:09 | DEBUG    | clean_data           | Final columns: ['SYMBOL', 'SECTOR', 'LDCP', 'OPEN', 'HIGH', 'LOW', 'CURRENT', 'CHANGE', 'CHANGE (%)', 'VOLUME', 'YEAR', 'MONTH', 'DAY', 'HOUR', 'MINUTE', 'DATETIME']
2026-06-12 03:33:09 | DEBUG    | get_file_path        | Generated file path: data/2026/06/2026-06-12.xlsx
2026-06-12 03:33:09 | INFO     | save_data            | Saving data to: data/2026/06/2026-06-12.xlsx
2026-06-12 03:33:09 | DEBUG    | save_data            | Existing file found, merging data...
2026-06-12 03:33:10 | DEBUG    | save_data            | Loaded 8279 existing rows
2026-06-12 03:33:10 | DEBUG    | save_data            | Combined to 8766 rows
2026-06-12 03:33:10 | DEBUG    | save_data            | Writing to temporary file...
2026-06-12 03:33:11 | DEBUG    | save_data            | Data written to temp file: /home/runner/work/Thalorae-BackLioraen/Thalorae-BackLioraen/data/2026/06/tmp00bmnnww.xlsx
2026-06-12 03:33:11 | DEBUG    | save_data            | Temp file moved to final location
2026-06-12 03:33:11 | INFO     | save_data            | ✅ Data saved successfully (8766 total rows, 654361 bytes)
2026-06-12 03:33:11 | INFO     | run                  | ======================================================================
2026-06-12 03:33:11 | INFO     | run                  | 📊 EXECUTION SUMMARY:
2026-06-12 03:33:11 | INFO     | run                  |    ✅ Status: SUCCESS
2026-06-12 03:33:11 | INFO     | run                  |    - Rows processed: 487
2026-06-12 03:33:11 | INFO     | run                  |    - Unique symbols: 487
2026-06-12 03:33:11 | INFO     | run                  |    - Timestamp: 2026-06-12 08:33:03
2026-06-12 03:33:11 | INFO     | run                  |    - File: data/2026/06/2026-06-12.xlsx
2026-06-12 03:33:11 | INFO     | run                  | ======================================================================
2026-06-12 03:33:11 | DEBUG    | run                  | Sample data (first row):
2026-06-12 03:33:11 | DEBUG    | run                  | {'SYMBOL': 'FNEL', 'SECTOR': 813, 'LDCP': 1.35, 'OPEN': 1.31, 'HIGH': 1.45, 'LOW': 1.29, 'CURRENT': 1.35, 'CHANGE': 0.04, 'CHANGE (%)': nan, 'VOLUME': 118360814, 'YEAR': 2026, 'MONTH': 6, 'DAY': 12, 'HOUR': 8, 'MINUTE': 33, 'DATETIME': '2026-06-12 08:33'}
2026-06-12 03:38:12 | INFO     | run                  | ======================================================================
2026-06-12 03:38:12 | INFO     | run                  | 🚀 MARKET DATA SCRAPER - SINGLE EXECUTION
2026-06-12 03:38:12 | INFO     | run                  | ======================================================================
2026-06-12 03:38:12 | INFO     | run                  | Execution Time: 2026-06-12 08:38:12 PKT
2026-06-12 03:38:12 | INFO     | run                  | Configuration:
2026-06-12 03:38:12 | INFO     | run                  |    - Timezone: Asia/Karachi
2026-06-12 03:38:12 | INFO     | run                  |    - Data directory: data
2026-06-12 03:38:12 | INFO     | run                  |    - Log directory: logs
2026-06-12 03:38:12 | INFO     | run                  | ======================================================================
2026-06-12 03:38:12 | INFO     | fetch_data           | Fetching data (Attempt 1/3)...
2026-06-12 03:38:12 | DEBUG    | fetch_data           | Establishing session with https://dps.psx.com.pk/
2026-06-12 03:38:14 | DEBUG    | fetch_data           | Requesting data from https://dps.psx.com.pk/market-watch
2026-06-12 03:38:16 | DEBUG    | fetch_data           | Response status: 200
2026-06-12 03:38:16 | DEBUG    | fetch_data           | Response content type: text/html; charset=utf-8
2026-06-12 03:38:16 | DEBUG    | fetch_data           | Response size: 466508 bytes
2026-06-12 03:38:16 | INFO     | fetch_data           | ✅ Data fetched successfully (Status: 200)
2026-06-12 03:38:16 | DEBUG    | parse_json           | Attempting JSON parsing...
2026-06-12 03:38:16 | DEBUG    | parse_json           | Response preview: <table class="tbl" data-page-length="25"><thead class="tbl__head"><!-- tr--><!--   th(colspan="11")--><!--   th.center(colspan="2", style="width: 110px;") TOTAL BUY ORDERS--><!--   th.center(colspan="2", style="width: 110px;") TOTAL SELL ORDERS--><tr><th data-name="symbol">SYMBOL</th><th data-name="sector">SECTOR</th><th data-name="listed">LISTED IN</th><th class="right" data-name="ldcp">LDCP</th><th class="right" data-name="open">OPEN</th><th class="right" data-name="high">HIGH</th><th class="r
2026-06-12 03:38:16 | WARNING  | parse_json           | ⚠️ JSON parsing failed: Expecting value: line 1 column 1 (char 0)
2026-06-12 03:38:16 | INFO     | run                  | JSON parsing failed, trying HTML fallback...
2026-06-12 03:38:16 | INFO     | parse_html           | Attempting HTML fallback parsing...
2026-06-12 03:38:16 | DEBUG    | parse_html           | Found 1 table(s) in HTML
2026-06-12 03:38:16 | DEBUG    | parse_html           | Table columns: ['SYMBOL', 'SECTOR', 'LISTED IN', 'LDCP', 'OPEN', 'HIGH', 'LOW', 'CURRENT', 'CHANGE', 'CHANGE (%)', 'VOLUME']
2026-06-12 03:38:16 | DEBUG    | parse_html           | Table shape: (487, 11)
2026-06-12 03:38:16 | INFO     | parse_html           | ✅ HTML parsed successfully (487 rows)
2026-06-12 03:38:16 | INFO     | clean_data           | Cleaning data...
2026-06-12 03:38:16 | DEBUG    | clean_data           | Initial shape: (487, 11)
2026-06-12 03:38:16 | DEBUG    | clean_data           | Initial columns: ['SYMBOL', 'SECTOR', 'LISTED IN', 'LDCP', 'OPEN', 'HIGH', 'LOW', 'CURRENT', 'CHANGE', 'CHANGE (%)', 'VOLUME']
2026-06-12 03:38:16 | DEBUG    | clean_data           | Removed 'LISTED IN' column
2026-06-12 03:38:16 | DEBUG    | clean_data           | Converted LDCP from float64 to numeric
2026-06-12 03:38:16 | DEBUG    | clean_data           | Converted OPEN from float64 to numeric
2026-06-12 03:38:16 | DEBUG    | clean_data           | Converted HIGH from float64 to numeric
2026-06-12 03:38:16 | DEBUG    | clean_data           | Converted LOW from float64 to numeric
2026-06-12 03:38:16 | DEBUG    | clean_data           | Converted CURRENT from float64 to numeric
2026-06-12 03:38:16 | DEBUG    | clean_data           | Converted CHANGE from float64 to numeric
2026-06-12 03:38:16 | DEBUG    | clean_data           | Converted CHANGE (%) from str to numeric
2026-06-12 03:38:16 | DEBUG    | clean_data           | Converted VOLUME from int64 to numeric
2026-06-12 03:38:16 | INFO     | clean_data           | ✅ Data cleaned (487 rows, 16 columns)
2026-06-12 03:38:16 | DEBUG    | clean_data           | Final columns: ['SYMBOL', 'SECTOR', 'LDCP', 'OPEN', 'HIGH', 'LOW', 'CURRENT', 'CHANGE', 'CHANGE (%)', 'VOLUME', 'YEAR', 'MONTH', 'DAY', 'HOUR', 'MINUTE', 'DATETIME']
2026-06-12 03:38:16 | DEBUG    | get_file_path        | Generated file path: data/2026/06/2026-06-12.xlsx
2026-06-12 03:38:16 | INFO     | save_data            | Saving data to: data/2026/06/2026-06-12.xlsx
2026-06-12 03:38:16 | DEBUG    | save_data            | Existing file found, merging data...
2026-06-12 03:38:17 | DEBUG    | save_data            | Loaded 8766 existing rows
2026-06-12 03:38:17 | DEBUG    | save_data            | Combined to 9253 rows
2026-06-12 03:38:17 | DEBUG    | save_data            | Writing to temporary file...
2026-06-12 03:38:19 | DEBUG    | save_data            | Data written to temp file: /home/runner/work/Thalorae-BackLioraen/Thalorae-BackLioraen/data/2026/06/tmp_2pjo3ba.xlsx
2026-06-12 03:38:19 | DEBUG    | save_data            | Temp file moved to final location
2026-06-12 03:38:19 | INFO     | save_data            | ✅ Data saved successfully (9253 total rows, 690437 bytes)
2026-06-12 03:38:19 | INFO     | run                  | ======================================================================
2026-06-12 03:38:19 | INFO     | run                  | 📊 EXECUTION SUMMARY:
2026-06-12 03:38:19 | INFO     | run                  |    ✅ Status: SUCCESS
2026-06-12 03:38:19 | INFO     | run                  |    - Rows processed: 487
2026-06-12 03:38:19 | INFO     | run                  |    - Unique symbols: 487
2026-06-12 03:38:19 | INFO     | run                  |    - Timestamp: 2026-06-12 08:38:12
2026-06-12 03:38:19 | INFO     | run                  |    - File: data/2026/06/2026-06-12.xlsx
2026-06-12 03:38:19 | INFO     | run                  | ======================================================================
2026-06-12 03:38:19 | DEBUG    | run                  | Sample data (first row):
2026-06-12 03:38:19 | DEBUG    | run                  | {'SYMBOL': 'FNEL', 'SECTOR': 813, 'LDCP': 1.35, 'OPEN': 1.31, 'HIGH': 1.45, 'LOW': 1.29, 'CURRENT': 1.35, 'CHANGE': 0.04, 'CHANGE (%)': nan, 'VOLUME': 118360814, 'YEAR': 2026, 'MONTH': 6, 'DAY': 12, 'HOUR': 8, 'MINUTE': 38, 'DATETIME': '2026-06-12 08:38'}
2026-06-12 03:43:19 | INFO     | run                  | ======================================================================
2026-06-12 03:43:19 | INFO     | run                  | 🚀 MARKET DATA SCRAPER - SINGLE EXECUTION
2026-06-12 03:43:19 | INFO     | run                  | ======================================================================
2026-06-12 03:43:19 | INFO     | run                  | Execution Time: 2026-06-12 08:43:19 PKT
2026-06-12 03:43:19 | INFO     | run                  | Configuration:
2026-06-12 03:43:19 | INFO     | run                  |    - Timezone: Asia/Karachi
2026-06-12 03:43:19 | INFO     | run                  |    - Data directory: data
2026-06-12 03:43:19 | INFO     | run                  |    - Log directory: logs
2026-06-12 03:43:19 | INFO     | run                  | ======================================================================
2026-06-12 03:43:19 | INFO     | fetch_data           | Fetching data (Attempt 1/3)...
2026-06-12 03:43:19 | DEBUG    | fetch_data           | Establishing session with https://dps.psx.com.pk/
2026-06-12 03:43:23 | DEBUG    | fetch_data           | Requesting data from https://dps.psx.com.pk/market-watch
2026-06-12 03:43:25 | DEBUG    | fetch_data           | Response status: 200
2026-06-12 03:43:25 | DEBUG    | fetch_data           | Response content type: text/html; charset=utf-8
2026-06-12 03:43:25 | DEBUG    | fetch_data           | Response size: 466508 bytes
2026-06-12 03:43:25 | INFO     | fetch_data           | ✅ Data fetched successfully (Status: 200)
2026-06-12 03:43:25 | DEBUG    | parse_json           | Attempting JSON parsing...
2026-06-12 03:43:25 | DEBUG    | parse_json           | Response preview: <table class="tbl" data-page-length="25"><thead class="tbl__head"><!-- tr--><!--   th(colspan="11")--><!--   th.center(colspan="2", style="width: 110px;") TOTAL BUY ORDERS--><!--   th.center(colspan="2", style="width: 110px;") TOTAL SELL ORDERS--><tr><th data-name="symbol">SYMBOL</th><th data-name="sector">SECTOR</th><th data-name="listed">LISTED IN</th><th class="right" data-name="ldcp">LDCP</th><th class="right" data-name="open">OPEN</th><th class="right" data-name="high">HIGH</th><th class="r
2026-06-12 03:43:25 | WARNING  | parse_json           | ⚠️ JSON parsing failed: Expecting value: line 1 column 1 (char 0)
2026-06-12 03:43:25 | INFO     | run                  | JSON parsing failed, trying HTML fallback...
2026-06-12 03:43:25 | INFO     | parse_html           | Attempting HTML fallback parsing...
2026-06-12 03:43:25 | DEBUG    | parse_html           | Found 1 table(s) in HTML
2026-06-12 03:43:25 | DEBUG    | parse_html           | Table columns: ['SYMBOL', 'SECTOR', 'LISTED IN', 'LDCP', 'OPEN', 'HIGH', 'LOW', 'CURRENT', 'CHANGE', 'CHANGE (%)', 'VOLUME']
2026-06-12 03:43:25 | DEBUG    | parse_html           | Table shape: (487, 11)
2026-06-12 03:43:25 | INFO     | parse_html           | ✅ HTML parsed successfully (487 rows)
2026-06-12 03:43:25 | INFO     | clean_data           | Cleaning data...
2026-06-12 03:43:25 | DEBUG    | clean_data           | Initial shape: (487, 11)
2026-06-12 03:43:25 | DEBUG    | clean_data           | Initial columns: ['SYMBOL', 'SECTOR', 'LISTED IN', 'LDCP', 'OPEN', 'HIGH', 'LOW', 'CURRENT', 'CHANGE', 'CHANGE (%)', 'VOLUME']
2026-06-12 03:43:25 | DEBUG    | clean_data           | Removed 'LISTED IN' column
2026-06-12 03:43:25 | DEBUG    | clean_data           | Converted LDCP from float64 to numeric
2026-06-12 03:43:25 | DEBUG    | clean_data           | Converted OPEN from float64 to numeric
2026-06-12 03:43:25 | DEBUG    | clean_data           | Converted HIGH from float64 to numeric
2026-06-12 03:43:25 | DEBUG    | clean_data           | Converted LOW from float64 to numeric
2026-06-12 03:43:25 | DEBUG    | clean_data           | Converted CURRENT from float64 to numeric
2026-06-12 03:43:25 | DEBUG    | clean_data           | Converted CHANGE from float64 to numeric
2026-06-12 03:43:25 | DEBUG    | clean_data           | Converted CHANGE (%) from str to numeric
2026-06-12 03:43:25 | DEBUG    | clean_data           | Converted VOLUME from int64 to numeric
2026-06-12 03:43:25 | INFO     | clean_data           | ✅ Data cleaned (487 rows, 16 columns)
2026-06-12 03:43:25 | DEBUG    | clean_data           | Final columns: ['SYMBOL', 'SECTOR', 'LDCP', 'OPEN', 'HIGH', 'LOW', 'CURRENT', 'CHANGE', 'CHANGE (%)', 'VOLUME', 'YEAR', 'MONTH', 'DAY', 'HOUR', 'MINUTE', 'DATETIME']
2026-06-12 03:43:25 | DEBUG    | get_file_path        | Generated file path: data/2026/06/2026-06-12.xlsx
2026-06-12 03:43:25 | INFO     | save_data            | Saving data to: data/2026/06/2026-06-12.xlsx
2026-06-12 03:43:25 | DEBUG    | save_data            | Existing file found, merging data...
2026-06-12 03:43:26 | DEBUG    | save_data            | Loaded 9253 existing rows
2026-06-12 03:43:26 | DEBUG    | save_data            | Combined to 9740 rows
2026-06-12 03:43:26 | DEBUG    | save_data            | Writing to temporary file...
2026-06-12 03:43:28 | DEBUG    | save_data            | Data written to temp file: /home/runner/work/Thalorae-BackLioraen/Thalorae-BackLioraen/data/2026/06/tmp70tq6sh0.xlsx
2026-06-12 03:43:28 | DEBUG    | save_data            | Temp file moved to final location
2026-06-12 03:43:28 | INFO     | save_data            | ✅ Data saved successfully (9740 total rows, 726525 bytes)
2026-06-12 03:43:28 | INFO     | run                  | ======================================================================
2026-06-12 03:43:28 | INFO     | run                  | 📊 EXECUTION SUMMARY:
2026-06-12 03:43:28 | INFO     | run                  |    ✅ Status: SUCCESS
2026-06-12 03:43:28 | INFO     | run                  |    - Rows processed: 487
2026-06-12 03:43:28 | INFO     | run                  |    - Unique symbols: 487
2026-06-12 03:43:28 | INFO     | run                  |    - Timestamp: 2026-06-12 08:43:19
2026-06-12 03:43:28 | INFO     | run                  |    - File: data/2026/06/2026-06-12.xlsx
2026-06-12 03:43:28 | INFO     | run                  | ======================================================================
2026-06-12 03:43:28 | DEBUG    | run                  | Sample data (first row):
2026-06-12 03:43:28 | DEBUG    | run                  | {'SYMBOL': 'FNEL', 'SECTOR': 813, 'LDCP': 1.35, 'OPEN': 1.31, 'HIGH': 1.45, 'LOW': 1.29, 'CURRENT': 1.35, 'CHANGE': 0.04, 'CHANGE (%)': nan, 'VOLUME': 118360814, 'YEAR': 2026, 'MONTH': 6, 'DAY': 12, 'HOUR': 8, 'MINUTE': 43, 'DATETIME': '2026-06-12 08:43'}
2026-06-12 03:48:28 | INFO     | run                  | ======================================================================
2026-06-12 03:48:28 | INFO     | run                  | 🚀 MARKET DATA SCRAPER - SINGLE EXECUTION
2026-06-12 03:48:28 | INFO     | run                  | ======================================================================
2026-06-12 03:48:28 | INFO     | run                  | Execution Time: 2026-06-12 08:48:28 PKT
2026-06-12 03:48:28 | INFO     | run                  | Configuration:
2026-06-12 03:48:28 | INFO     | run                  |    - Timezone: Asia/Karachi
2026-06-12 03:48:28 | INFO     | run                  |    - Data directory: data
2026-06-12 03:48:28 | INFO     | run                  |    - Log directory: logs
2026-06-12 03:48:28 | INFO     | run                  | ======================================================================
2026-06-12 03:48:28 | INFO     | fetch_data           | Fetching data (Attempt 1/3)...
2026-06-12 03:48:28 | DEBUG    | fetch_data           | Establishing session with https://dps.psx.com.pk/
2026-06-12 03:48:32 | DEBUG    | fetch_data           | Requesting data from https://dps.psx.com.pk/market-watch
2026-06-12 03:48:34 | DEBUG    | fetch_data           | Response status: 200
2026-06-12 03:48:34 | DEBUG    | fetch_data           | Response content type: text/html; charset=utf-8
2026-06-12 03:48:34 | DEBUG    | fetch_data           | Response size: 466508 bytes
2026-06-12 03:48:34 | INFO     | fetch_data           | ✅ Data fetched successfully (Status: 200)
2026-06-12 03:48:34 | DEBUG    | parse_json           | Attempting JSON parsing...
2026-06-12 03:48:34 | DEBUG    | parse_json           | Response preview: <table class="tbl" data-page-length="25"><thead class="tbl__head"><!-- tr--><!--   th(colspan="11")--><!--   th.center(colspan="2", style="width: 110px;") TOTAL BUY ORDERS--><!--   th.center(colspan="2", style="width: 110px;") TOTAL SELL ORDERS--><tr><th data-name="symbol">SYMBOL</th><th data-name="sector">SECTOR</th><th data-name="listed">LISTED IN</th><th class="right" data-name="ldcp">LDCP</th><th class="right" data-name="open">OPEN</th><th class="right" data-name="high">HIGH</th><th class="r
2026-06-12 03:48:34 | WARNING  | parse_json           | ⚠️ JSON parsing failed: Expecting value: line 1 column 1 (char 0)
2026-06-12 03:48:34 | INFO     | run                  | JSON parsing failed, trying HTML fallback...
2026-06-12 03:48:34 | INFO     | parse_html           | Attempting HTML fallback parsing...
2026-06-12 03:48:34 | DEBUG    | parse_html           | Found 1 table(s) in HTML
2026-06-12 03:48:34 | DEBUG    | parse_html           | Table columns: ['SYMBOL', 'SECTOR', 'LISTED IN', 'LDCP', 'OPEN', 'HIGH', 'LOW', 'CURRENT', 'CHANGE', 'CHANGE (%)', 'VOLUME']
2026-06-12 03:48:34 | DEBUG    | parse_html           | Table shape: (487, 11)
2026-06-12 03:48:34 | INFO     | parse_html           | ✅ HTML parsed successfully (487 rows)
2026-06-12 03:48:34 | INFO     | clean_data           | Cleaning data...
2026-06-12 03:48:34 | DEBUG    | clean_data           | Initial shape: (487, 11)
2026-06-12 03:48:34 | DEBUG    | clean_data           | Initial columns: ['SYMBOL', 'SECTOR', 'LISTED IN', 'LDCP', 'OPEN', 'HIGH', 'LOW', 'CURRENT', 'CHANGE', 'CHANGE (%)', 'VOLUME']
2026-06-12 03:48:34 | DEBUG    | clean_data           | Removed 'LISTED IN' column
2026-06-12 03:48:34 | DEBUG    | clean_data           | Converted LDCP from float64 to numeric
2026-06-12 03:48:34 | DEBUG    | clean_data           | Converted OPEN from float64 to numeric
2026-06-12 03:48:34 | DEBUG    | clean_data           | Converted HIGH from float64 to numeric
2026-06-12 03:48:34 | DEBUG    | clean_data           | Converted LOW from float64 to numeric
2026-06-12 03:48:34 | DEBUG    | clean_data           | Converted CURRENT from float64 to numeric
2026-06-12 03:48:34 | DEBUG    | clean_data           | Converted CHANGE from float64 to numeric
2026-06-12 03:48:34 | DEBUG    | clean_data           | Converted CHANGE (%) from str to numeric
2026-06-12 03:48:34 | DEBUG    | clean_data           | Converted VOLUME from int64 to numeric
2026-06-12 03:48:34 | INFO     | clean_data           | ✅ Data cleaned (487 rows, 16 columns)
2026-06-12 03:48:34 | DEBUG    | clean_data           | Final columns: ['SYMBOL', 'SECTOR', 'LDCP', 'OPEN', 'HIGH', 'LOW', 'CURRENT', 'CHANGE', 'CHANGE (%)', 'VOLUME', 'YEAR', 'MONTH', 'DAY', 'HOUR', 'MINUTE', 'DATETIME']
2026-06-12 03:48:34 | DEBUG    | get_file_path        | Generated file path: data/2026/06/2026-06-12.xlsx
2026-06-12 03:48:34 | INFO     | save_data            | Saving data to: data/2026/06/2026-06-12.xlsx
2026-06-12 03:48:34 | DEBUG    | save_data            | Existing file found, merging data...
2026-06-12 03:48:35 | DEBUG    | save_data            | Loaded 9740 existing rows
2026-06-12 03:48:35 | DEBUG    | save_data            | Combined to 10227 rows
2026-06-12 03:48:35 | DEBUG    | save_data            | Writing to temporary file...
2026-06-12 03:48:37 | DEBUG    | save_data            | Data written to temp file: /home/runner/work/Thalorae-BackLioraen/Thalorae-BackLioraen/data/2026/06/tmpf6ctg35m.xlsx
2026-06-12 03:48:37 | DEBUG    | save_data            | Temp file moved to final location
2026-06-12 03:48:37 | INFO     | save_data            | ✅ Data saved successfully (10227 total rows, 762705 bytes)
2026-06-12 03:48:37 | INFO     | run                  | ======================================================================
2026-06-12 03:48:37 | INFO     | run                  | 📊 EXECUTION SUMMARY:
2026-06-12 03:48:37 | INFO     | run                  |    ✅ Status: SUCCESS
2026-06-12 03:48:37 | INFO     | run                  |    - Rows processed: 487
2026-06-12 03:48:37 | INFO     | run                  |    - Unique symbols: 487
2026-06-12 03:48:37 | INFO     | run                  |    - Timestamp: 2026-06-12 08:48:28
2026-06-12 03:48:37 | INFO     | run                  |    - File: data/2026/06/2026-06-12.xlsx
2026-06-12 03:48:37 | INFO     | run                  | ======================================================================
2026-06-12 03:48:37 | DEBUG    | run                  | Sample data (first row):
2026-06-12 03:48:37 | DEBUG    | run                  | {'SYMBOL': 'FNEL', 'SECTOR': 813, 'LDCP': 1.35, 'OPEN': 1.31, 'HIGH': 1.45, 'LOW': 1.29, 'CURRENT': 1.35, 'CHANGE': 0.04, 'CHANGE (%)': nan, 'VOLUME': 118360814, 'YEAR': 2026, 'MONTH': 6, 'DAY': 12, 'HOUR': 8, 'MINUTE': 48, 'DATETIME': '2026-06-12 08:48'}
2026-06-12 03:53:38 | INFO     | run                  | ======================================================================
2026-06-12 03:53:38 | INFO     | run                  | 🚀 MARKET DATA SCRAPER - SINGLE EXECUTION
2026-06-12 03:53:38 | INFO     | run                  | ======================================================================
2026-06-12 03:53:38 | INFO     | run                  | Execution Time: 2026-06-12 08:53:38 PKT
2026-06-12 03:53:38 | INFO     | run                  | Configuration:
2026-06-12 03:53:38 | INFO     | run                  |    - Timezone: Asia/Karachi
2026-06-12 03:53:38 | INFO     | run                  |    - Data directory: data
2026-06-12 03:53:38 | INFO     | run                  |    - Log directory: logs
2026-06-12 03:53:38 | INFO     | run                  | ======================================================================
2026-06-12 03:53:38 | INFO     | fetch_data           | Fetching data (Attempt 1/3)...
2026-06-12 03:53:38 | DEBUG    | fetch_data           | Establishing session with https://dps.psx.com.pk/
2026-06-12 03:53:42 | DEBUG    | fetch_data           | Requesting data from https://dps.psx.com.pk/market-watch
2026-06-12 03:53:44 | DEBUG    | fetch_data           | Response status: 200
2026-06-12 03:53:44 | DEBUG    | fetch_data           | Response content type: text/html; charset=utf-8
2026-06-12 03:53:44 | DEBUG    | fetch_data           | Response size: 466506 bytes
2026-06-12 03:53:44 | INFO     | fetch_data           | ✅ Data fetched successfully (Status: 200)
2026-06-12 03:53:44 | DEBUG    | parse_json           | Attempting JSON parsing...
2026-06-12 03:53:44 | DEBUG    | parse_json           | Response preview: <table class="tbl" data-page-length="25"><thead class="tbl__head"><!-- tr--><!--   th(colspan="11")--><!--   th.center(colspan="2", style="width: 110px;") TOTAL BUY ORDERS--><!--   th.center(colspan="2", style="width: 110px;") TOTAL SELL ORDERS--><tr><th data-name="symbol">SYMBOL</th><th data-name="sector">SECTOR</th><th data-name="listed">LISTED IN</th><th class="right" data-name="ldcp">LDCP</th><th class="right" data-name="open">OPEN</th><th class="right" data-name="high">HIGH</th><th class="r
2026-06-12 03:53:44 | WARNING  | parse_json           | ⚠️ JSON parsing failed: Expecting value: line 1 column 1 (char 0)
2026-06-12 03:53:44 | INFO     | run                  | JSON parsing failed, trying HTML fallback...
2026-06-12 03:53:44 | INFO     | parse_html           | Attempting HTML fallback parsing...
2026-06-12 03:53:44 | DEBUG    | parse_html           | Found 1 table(s) in HTML
2026-06-12 03:53:44 | DEBUG    | parse_html           | Table columns: ['SYMBOL', 'SECTOR', 'LISTED IN', 'LDCP', 'OPEN', 'HIGH', 'LOW', 'CURRENT', 'CHANGE', 'CHANGE (%)', 'VOLUME']
2026-06-12 03:53:44 | DEBUG    | parse_html           | Table shape: (487, 11)
2026-06-12 03:53:44 | INFO     | parse_html           | ✅ HTML parsed successfully (487 rows)
2026-06-12 03:53:44 | INFO     | clean_data           | Cleaning data...
2026-06-12 03:53:44 | DEBUG    | clean_data           | Initial shape: (487, 11)
2026-06-12 03:53:44 | DEBUG    | clean_data           | Initial columns: ['SYMBOL', 'SECTOR', 'LISTED IN', 'LDCP', 'OPEN', 'HIGH', 'LOW', 'CURRENT', 'CHANGE', 'CHANGE (%)', 'VOLUME']
2026-06-12 03:53:44 | DEBUG    | clean_data           | Removed 'LISTED IN' column
2026-06-12 03:53:44 | DEBUG    | clean_data           | Converted LDCP from float64 to numeric
2026-06-12 03:53:44 | DEBUG    | clean_data           | Converted OPEN from float64 to numeric
2026-06-12 03:53:44 | DEBUG    | clean_data           | Converted HIGH from float64 to numeric
2026-06-12 03:53:44 | DEBUG    | clean_data           | Converted LOW from float64 to numeric
2026-06-12 03:53:44 | DEBUG    | clean_data           | Converted CURRENT from float64 to numeric
2026-06-12 03:53:44 | DEBUG    | clean_data           | Converted CHANGE from float64 to numeric
2026-06-12 03:53:44 | DEBUG    | clean_data           | Converted CHANGE (%) from str to numeric
2026-06-12 03:53:44 | DEBUG    | clean_data           | Converted VOLUME from int64 to numeric
2026-06-12 03:53:44 | INFO     | clean_data           | ✅ Data cleaned (487 rows, 16 columns)
2026-06-12 03:53:44 | DEBUG    | clean_data           | Final columns: ['SYMBOL', 'SECTOR', 'LDCP', 'OPEN', 'HIGH', 'LOW', 'CURRENT', 'CHANGE', 'CHANGE (%)', 'VOLUME', 'YEAR', 'MONTH', 'DAY', 'HOUR', 'MINUTE', 'DATETIME']
2026-06-12 03:53:44 | DEBUG    | get_file_path        | Generated file path: data/2026/06/2026-06-12.xlsx
2026-06-12 03:53:44 | INFO     | save_data            | Saving data to: data/2026/06/2026-06-12.xlsx
2026-06-12 03:53:44 | DEBUG    | save_data            | Existing file found, merging data...
2026-06-12 03:53:45 | DEBUG    | save_data            | Loaded 10227 existing rows
2026-06-12 03:53:45 | DEBUG    | save_data            | Combined to 10714 rows
2026-06-12 03:53:45 | DEBUG    | save_data            | Writing to temporary file...
2026-06-12 03:53:47 | DEBUG    | save_data            | Data written to temp file: /home/runner/work/Thalorae-BackLioraen/Thalorae-BackLioraen/data/2026/06/tmp1iqn7hne.xlsx
2026-06-12 03:53:47 | DEBUG    | save_data            | Temp file moved to final location
2026-06-12 03:53:47 | INFO     | save_data            | ✅ Data saved successfully (10714 total rows, 798636 bytes)
2026-06-12 03:53:47 | INFO     | run                  | ======================================================================
2026-06-12 03:53:47 | INFO     | run                  | 📊 EXECUTION SUMMARY:
2026-06-12 03:53:47 | INFO     | run                  |    ✅ Status: SUCCESS
2026-06-12 03:53:47 | INFO     | run                  |    - Rows processed: 487
2026-06-12 03:53:47 | INFO     | run                  |    - Unique symbols: 487
2026-06-12 03:53:47 | INFO     | run                  |    - Timestamp: 2026-06-12 08:53:38
2026-06-12 03:53:47 | INFO     | run                  |    - File: data/2026/06/2026-06-12.xlsx
2026-06-12 03:53:47 | INFO     | run                  | ======================================================================
2026-06-12 03:53:47 | DEBUG    | run                  | Sample data (first row):
2026-06-12 03:53:47 | DEBUG    | run                  | {'SYMBOL': 'FNEL', 'SECTOR': 813, 'LDCP': 1.35, 'OPEN': 1.31, 'HIGH': 1.45, 'LOW': 1.29, 'CURRENT': 1.35, 'CHANGE': 0.04, 'CHANGE (%)': nan, 'VOLUME': 118360814, 'YEAR': 2026, 'MONTH': 6, 'DAY': 12, 'HOUR': 8, 'MINUTE': 53, 'DATETIME': '2026-06-12 08:53'}
2026-06-12 03:58:47 | INFO     | run                  | ======================================================================
2026-06-12 03:58:47 | INFO     | run                  | 🚀 MARKET DATA SCRAPER - SINGLE EXECUTION
2026-06-12 03:58:47 | INFO     | run                  | ======================================================================
2026-06-12 03:58:47 | INFO     | run                  | Execution Time: 2026-06-12 08:58:47 PKT
2026-06-12 03:58:47 | INFO     | run                  | Configuration:
2026-06-12 03:58:47 | INFO     | run                  |    - Timezone: Asia/Karachi
2026-06-12 03:58:47 | INFO     | run                  |    - Data directory: data
2026-06-12 03:58:47 | INFO     | run                  |    - Log directory: logs
2026-06-12 03:58:47 | INFO     | run                  | ======================================================================
2026-06-12 03:58:47 | INFO     | fetch_data           | Fetching data (Attempt 1/3)...
2026-06-12 03:58:47 | DEBUG    | fetch_data           | Establishing session with https://dps.psx.com.pk/
2026-06-12 03:58:50 | DEBUG    | fetch_data           | Requesting data from https://dps.psx.com.pk/market-watch
2026-06-12 03:58:51 | DEBUG    | fetch_data           | Response status: 200
2026-06-12 03:58:51 | DEBUG    | fetch_data           | Response content type: text/html; charset=utf-8
2026-06-12 03:58:51 | DEBUG    | fetch_data           | Response size: 466506 bytes
2026-06-12 03:58:51 | INFO     | fetch_data           | ✅ Data fetched successfully (Status: 200)
2026-06-12 03:58:51 | DEBUG    | parse_json           | Attempting JSON parsing...
2026-06-12 03:58:51 | DEBUG    | parse_json           | Response preview: <table class="tbl" data-page-length="25"><thead class="tbl__head"><!-- tr--><!--   th(colspan="11")--><!--   th.center(colspan="2", style="width: 110px;") TOTAL BUY ORDERS--><!--   th.center(colspan="2", style="width: 110px;") TOTAL SELL ORDERS--><tr><th data-name="symbol">SYMBOL</th><th data-name="sector">SECTOR</th><th data-name="listed">LISTED IN</th><th class="right" data-name="ldcp">LDCP</th><th class="right" data-name="open">OPEN</th><th class="right" data-name="high">HIGH</th><th class="r
2026-06-12 03:58:51 | WARNING  | parse_json           | ⚠️ JSON parsing failed: Expecting value: line 1 column 1 (char 0)
2026-06-12 03:58:51 | INFO     | run                  | JSON parsing failed, trying HTML fallback...
2026-06-12 03:58:51 | INFO     | parse_html           | Attempting HTML fallback parsing...
2026-06-12 03:58:51 | DEBUG    | parse_html           | Found 1 table(s) in HTML
2026-06-12 03:58:51 | DEBUG    | parse_html           | Table columns: ['SYMBOL', 'SECTOR', 'LISTED IN', 'LDCP', 'OPEN', 'HIGH', 'LOW', 'CURRENT', 'CHANGE', 'CHANGE (%)', 'VOLUME']
2026-06-12 03:58:51 | DEBUG    | parse_html           | Table shape: (487, 11)
2026-06-12 03:58:51 | INFO     | parse_html           | ✅ HTML parsed successfully (487 rows)
2026-06-12 03:58:51 | INFO     | clean_data           | Cleaning data...
2026-06-12 03:58:51 | DEBUG    | clean_data           | Initial shape: (487, 11)
2026-06-12 03:58:51 | DEBUG    | clean_data           | Initial columns: ['SYMBOL', 'SECTOR', 'LISTED IN', 'LDCP', 'OPEN', 'HIGH', 'LOW', 'CURRENT', 'CHANGE', 'CHANGE (%)', 'VOLUME']
2026-06-12 03:58:51 | DEBUG    | clean_data           | Removed 'LISTED IN' column
2026-06-12 03:58:51 | DEBUG    | clean_data           | Converted LDCP from float64 to numeric
2026-06-12 03:58:51 | DEBUG    | clean_data           | Converted OPEN from float64 to numeric
2026-06-12 03:58:51 | DEBUG    | clean_data           | Converted HIGH from float64 to numeric
2026-06-12 03:58:51 | DEBUG    | clean_data           | Converted LOW from float64 to numeric
2026-06-12 03:58:51 | DEBUG    | clean_data           | Converted CURRENT from float64 to numeric
2026-06-12 03:58:51 | DEBUG    | clean_data           | Converted CHANGE from float64 to numeric
2026-06-12 03:58:51 | DEBUG    | clean_data           | Converted CHANGE (%) from str to numeric
2026-06-12 03:58:51 | DEBUG    | clean_data           | Converted VOLUME from int64 to numeric
2026-06-12 03:58:51 | INFO     | clean_data           | ✅ Data cleaned (487 rows, 16 columns)
2026-06-12 03:58:51 | DEBUG    | clean_data           | Final columns: ['SYMBOL', 'SECTOR', 'LDCP', 'OPEN', 'HIGH', 'LOW', 'CURRENT', 'CHANGE', 'CHANGE (%)', 'VOLUME', 'YEAR', 'MONTH', 'DAY', 'HOUR', 'MINUTE', 'DATETIME']
2026-06-12 03:58:51 | DEBUG    | get_file_path        | Generated file path: data/2026/06/2026-06-12.xlsx
2026-06-12 03:58:51 | INFO     | save_data            | Saving data to: data/2026/06/2026-06-12.xlsx
2026-06-12 03:58:51 | DEBUG    | save_data            | Existing file found, merging data...
2026-06-12 03:58:52 | DEBUG    | save_data            | Loaded 10714 existing rows
2026-06-12 03:58:52 | DEBUG    | save_data            | Combined to 11201 rows
2026-06-12 03:58:52 | DEBUG    | save_data            | Writing to temporary file...
2026-06-12 03:58:54 | DEBUG    | save_data            | Data written to temp file: /home/runner/work/Thalorae-BackLioraen/Thalorae-BackLioraen/data/2026/06/tmp4dmx0gt3.xlsx
2026-06-12 03:58:54 | DEBUG    | save_data            | Temp file moved to final location
2026-06-12 03:58:54 | INFO     | save_data            | ✅ Data saved successfully (11201 total rows, 834665 bytes)
2026-06-12 03:58:54 | INFO     | run                  | ======================================================================
2026-06-12 03:58:54 | INFO     | run                  | 📊 EXECUTION SUMMARY:
2026-06-12 03:58:54 | INFO     | run                  |    ✅ Status: SUCCESS
2026-06-12 03:58:54 | INFO     | run                  |    - Rows processed: 487
2026-06-12 03:58:54 | INFO     | run                  |    - Unique symbols: 487
2026-06-12 03:58:54 | INFO     | run                  |    - Timestamp: 2026-06-12 08:58:47
2026-06-12 03:58:54 | INFO     | run                  |    - File: data/2026/06/2026-06-12.xlsx
2026-06-12 03:58:54 | INFO     | run                  | ======================================================================
2026-06-12 03:58:54 | DEBUG    | run                  | Sample data (first row):
2026-06-12 03:58:54 | DEBUG    | run                  | {'SYMBOL': 'FNEL', 'SECTOR': 813, 'LDCP': 1.35, 'OPEN': 1.31, 'HIGH': 1.45, 'LOW': 1.29, 'CURRENT': 1.35, 'CHANGE': 0.04, 'CHANGE (%)': nan, 'VOLUME': 118360814, 'YEAR': 2026, 'MONTH': 6, 'DAY': 12, 'HOUR': 8, 'MINUTE': 58, 'DATETIME': '2026-06-12 08:58'}
2026-06-12 04:03:55 | INFO     | run                  | ======================================================================
2026-06-12 04:03:55 | INFO     | run                  | 🚀 MARKET DATA SCRAPER - SINGLE EXECUTION
2026-06-12 04:03:55 | INFO     | run                  | ======================================================================
2026-06-12 04:03:55 | INFO     | run                  | Execution Time: 2026-06-12 09:03:55 PKT
2026-06-12 04:03:55 | INFO     | run                  | Configuration:
2026-06-12 04:03:55 | INFO     | run                  |    - Timezone: Asia/Karachi
2026-06-12 04:03:55 | INFO     | run                  |    - Data directory: data
2026-06-12 04:03:55 | INFO     | run                  |    - Log directory: logs
2026-06-12 04:03:55 | INFO     | run                  | ======================================================================
2026-06-12 04:03:55 | INFO     | fetch_data           | Fetching data (Attempt 1/3)...
2026-06-12 04:03:55 | DEBUG    | fetch_data           | Establishing session with https://dps.psx.com.pk/
2026-06-12 04:03:59 | DEBUG    | fetch_data           | Requesting data from https://dps.psx.com.pk/market-watch
2026-06-12 04:04:00 | DEBUG    | fetch_data           | Response status: 200
2026-06-12 04:04:00 | DEBUG    | fetch_data           | Response content type: text/html; charset=utf-8
2026-06-12 04:04:00 | DEBUG    | fetch_data           | Response size: 466506 bytes
2026-06-12 04:04:00 | INFO     | fetch_data           | ✅ Data fetched successfully (Status: 200)
2026-06-12 04:04:00 | DEBUG    | parse_json           | Attempting JSON parsing...
2026-06-12 04:04:00 | DEBUG    | parse_json           | Response preview: <table class="tbl" data-page-length="25"><thead class="tbl__head"><!-- tr--><!--   th(colspan="11")--><!--   th.center(colspan="2", style="width: 110px;") TOTAL BUY ORDERS--><!--   th.center(colspan="2", style="width: 110px;") TOTAL SELL ORDERS--><tr><th data-name="symbol">SYMBOL</th><th data-name="sector">SECTOR</th><th data-name="listed">LISTED IN</th><th class="right" data-name="ldcp">LDCP</th><th class="right" data-name="open">OPEN</th><th class="right" data-name="high">HIGH</th><th class="r
2026-06-12 04:04:00 | WARNING  | parse_json           | ⚠️ JSON parsing failed: Expecting value: line 1 column 1 (char 0)
2026-06-12 04:04:00 | INFO     | run                  | JSON parsing failed, trying HTML fallback...
2026-06-12 04:04:00 | INFO     | parse_html           | Attempting HTML fallback parsing...
2026-06-12 04:04:00 | DEBUG    | parse_html           | Found 1 table(s) in HTML
2026-06-12 04:04:01 | DEBUG    | parse_html           | Table columns: ['SYMBOL', 'SECTOR', 'LISTED IN', 'LDCP', 'OPEN', 'HIGH', 'LOW', 'CURRENT', 'CHANGE', 'CHANGE (%)', 'VOLUME']
2026-06-12 04:04:01 | DEBUG    | parse_html           | Table shape: (487, 11)
2026-06-12 04:04:01 | INFO     | parse_html           | ✅ HTML parsed successfully (487 rows)
2026-06-12 04:04:01 | INFO     | clean_data           | Cleaning data...
2026-06-12 04:04:01 | DEBUG    | clean_data           | Initial shape: (487, 11)
2026-06-12 04:04:01 | DEBUG    | clean_data           | Initial columns: ['SYMBOL', 'SECTOR', 'LISTED IN', 'LDCP', 'OPEN', 'HIGH', 'LOW', 'CURRENT', 'CHANGE', 'CHANGE (%)', 'VOLUME']
2026-06-12 04:04:01 | DEBUG    | clean_data           | Removed 'LISTED IN' column
2026-06-12 04:04:01 | DEBUG    | clean_data           | Converted LDCP from float64 to numeric
2026-06-12 04:04:01 | DEBUG    | clean_data           | Converted OPEN from float64 to numeric
2026-06-12 04:04:01 | DEBUG    | clean_data           | Converted HIGH from float64 to numeric
2026-06-12 04:04:01 | DEBUG    | clean_data           | Converted LOW from float64 to numeric
2026-06-12 04:04:01 | DEBUG    | clean_data           | Converted CURRENT from float64 to numeric
2026-06-12 04:04:01 | DEBUG    | clean_data           | Converted CHANGE from float64 to numeric
2026-06-12 04:04:01 | DEBUG    | clean_data           | Converted CHANGE (%) from str to numeric
2026-06-12 04:04:01 | DEBUG    | clean_data           | Converted VOLUME from int64 to numeric
2026-06-12 04:04:01 | INFO     | clean_data           | ✅ Data cleaned (487 rows, 16 columns)
2026-06-12 04:04:01 | DEBUG    | clean_data           | Final columns: ['SYMBOL', 'SECTOR', 'LDCP', 'OPEN', 'HIGH', 'LOW', 'CURRENT', 'CHANGE', 'CHANGE (%)', 'VOLUME', 'YEAR', 'MONTH', 'DAY', 'HOUR', 'MINUTE', 'DATETIME']
2026-06-12 04:04:01 | DEBUG    | get_file_path        | Generated file path: data/2026/06/2026-06-12.xlsx
2026-06-12 04:04:01 | INFO     | save_data            | Saving data to: data/2026/06/2026-06-12.xlsx
2026-06-12 04:04:01 | DEBUG    | save_data            | Existing file found, merging data...
2026-06-12 04:04:02 | DEBUG    | save_data            | Loaded 11201 existing rows
2026-06-12 04:04:02 | DEBUG    | save_data            | Combined to 11688 rows
2026-06-12 04:04:02 | DEBUG    | save_data            | Writing to temporary file...
2026-06-12 04:04:04 | DEBUG    | save_data            | Data written to temp file: /home/runner/work/Thalorae-BackLioraen/Thalorae-BackLioraen/data/2026/06/tmpvs0ucy9m.xlsx
2026-06-12 04:04:04 | DEBUG    | save_data            | Temp file moved to final location
2026-06-12 04:04:04 | INFO     | save_data            | ✅ Data saved successfully (11688 total rows, 870605 bytes)
2026-06-12 04:04:04 | INFO     | run                  | ======================================================================
2026-06-12 04:04:04 | INFO     | run                  | 📊 EXECUTION SUMMARY:
2026-06-12 04:04:04 | INFO     | run                  |    ✅ Status: SUCCESS
2026-06-12 04:04:04 | INFO     | run                  |    - Rows processed: 487
2026-06-12 04:04:04 | INFO     | run                  |    - Unique symbols: 487
2026-06-12 04:04:04 | INFO     | run                  |    - Timestamp: 2026-06-12 09:03:55
2026-06-12 04:04:04 | INFO     | run                  |    - File: data/2026/06/2026-06-12.xlsx
2026-06-12 04:04:04 | INFO     | run                  | ======================================================================
2026-06-12 04:04:04 | DEBUG    | run                  | Sample data (first row):
2026-06-12 04:04:04 | DEBUG    | run                  | {'SYMBOL': 'FNEL', 'SECTOR': 813, 'LDCP': 1.35, 'OPEN': 1.31, 'HIGH': 1.45, 'LOW': 1.29, 'CURRENT': 1.35, 'CHANGE': 0.04, 'CHANGE (%)': nan, 'VOLUME': 118360814, 'YEAR': 2026, 'MONTH': 6, 'DAY': 12, 'HOUR': 9, 'MINUTE': 3, 'DATETIME': '2026-06-12 09:03'}
2026-06-12 04:09:04 | INFO     | run                  | ======================================================================
2026-06-12 04:09:04 | INFO     | run                  | 🚀 MARKET DATA SCRAPER - SINGLE EXECUTION
2026-06-12 04:09:04 | INFO     | run                  | ======================================================================
2026-06-12 04:09:04 | INFO     | run                  | Execution Time: 2026-06-12 09:09:04 PKT
2026-06-12 04:09:04 | INFO     | run                  | Configuration:
2026-06-12 04:09:04 | INFO     | run                  |    - Timezone: Asia/Karachi
2026-06-12 04:09:04 | INFO     | run                  |    - Data directory: data
2026-06-12 04:09:04 | INFO     | run                  |    - Log directory: logs
2026-06-12 04:09:04 | INFO     | run                  | ======================================================================
2026-06-12 04:09:04 | INFO     | fetch_data           | Fetching data (Attempt 1/3)...
2026-06-12 04:09:04 | DEBUG    | fetch_data           | Establishing session with https://dps.psx.com.pk/
2026-06-12 04:09:07 | DEBUG    | fetch_data           | Requesting data from https://dps.psx.com.pk/market-watch
2026-06-12 04:09:09 | DEBUG    | fetch_data           | Response status: 200
2026-06-12 04:09:09 | DEBUG    | fetch_data           | Response content type: text/html; charset=utf-8
2026-06-12 04:09:09 | DEBUG    | fetch_data           | Response size: 466506 bytes
2026-06-12 04:09:09 | INFO     | fetch_data           | ✅ Data fetched successfully (Status: 200)
2026-06-12 04:09:09 | DEBUG    | parse_json           | Attempting JSON parsing...
2026-06-12 04:09:09 | DEBUG    | parse_json           | Response preview: <table class="tbl" data-page-length="25"><thead class="tbl__head"><!-- tr--><!--   th(colspan="11")--><!--   th.center(colspan="2", style="width: 110px;") TOTAL BUY ORDERS--><!--   th.center(colspan="2", style="width: 110px;") TOTAL SELL ORDERS--><tr><th data-name="symbol">SYMBOL</th><th data-name="sector">SECTOR</th><th data-name="listed">LISTED IN</th><th class="right" data-name="ldcp">LDCP</th><th class="right" data-name="open">OPEN</th><th class="right" data-name="high">HIGH</th><th class="r
2026-06-12 04:09:09 | WARNING  | parse_json           | ⚠️ JSON parsing failed: Expecting value: line 1 column 1 (char 0)
2026-06-12 04:09:09 | INFO     | run                  | JSON parsing failed, trying HTML fallback...
2026-06-12 04:09:09 | INFO     | parse_html           | Attempting HTML fallback parsing...
2026-06-12 04:09:09 | DEBUG    | parse_html           | Found 1 table(s) in HTML
2026-06-12 04:09:09 | DEBUG    | parse_html           | Table columns: ['SYMBOL', 'SECTOR', 'LISTED IN', 'LDCP', 'OPEN', 'HIGH', 'LOW', 'CURRENT', 'CHANGE', 'CHANGE (%)', 'VOLUME']
2026-06-12 04:09:09 | DEBUG    | parse_html           | Table shape: (487, 11)
2026-06-12 04:09:09 | INFO     | parse_html           | ✅ HTML parsed successfully (487 rows)
2026-06-12 04:09:09 | INFO     | clean_data           | Cleaning data...
2026-06-12 04:09:09 | DEBUG    | clean_data           | Initial shape: (487, 11)
2026-06-12 04:09:09 | DEBUG    | clean_data           | Initial columns: ['SYMBOL', 'SECTOR', 'LISTED IN', 'LDCP', 'OPEN', 'HIGH', 'LOW', 'CURRENT', 'CHANGE', 'CHANGE (%)', 'VOLUME']
2026-06-12 04:09:09 | DEBUG    | clean_data           | Removed 'LISTED IN' column
2026-06-12 04:09:09 | DEBUG    | clean_data           | Converted LDCP from float64 to numeric
2026-06-12 04:09:09 | DEBUG    | clean_data           | Converted OPEN from float64 to numeric
2026-06-12 04:09:09 | DEBUG    | clean_data           | Converted HIGH from float64 to numeric
2026-06-12 04:09:09 | DEBUG    | clean_data           | Converted LOW from float64 to numeric
2026-06-12 04:09:09 | DEBUG    | clean_data           | Converted CURRENT from float64 to numeric
2026-06-12 04:09:09 | DEBUG    | clean_data           | Converted CHANGE from float64 to numeric
2026-06-12 04:09:09 | DEBUG    | clean_data           | Converted CHANGE (%) from str to numeric
2026-06-12 04:09:09 | DEBUG    | clean_data           | Converted VOLUME from int64 to numeric
2026-06-12 04:09:09 | INFO     | clean_data           | ✅ Data cleaned (487 rows, 16 columns)
2026-06-12 04:09:09 | DEBUG    | clean_data           | Final columns: ['SYMBOL', 'SECTOR', 'LDCP', 'OPEN', 'HIGH', 'LOW', 'CURRENT', 'CHANGE', 'CHANGE (%)', 'VOLUME', 'YEAR', 'MONTH', 'DAY', 'HOUR', 'MINUTE', 'DATETIME']
2026-06-12 04:09:09 | DEBUG    | get_file_path        | Generated file path: data/2026/06/2026-06-12.xlsx
2026-06-12 04:09:09 | INFO     | save_data            | Saving data to: data/2026/06/2026-06-12.xlsx
2026-06-12 04:09:09 | DEBUG    | save_data            | Existing file found, merging data...
2026-06-12 04:09:10 | DEBUG    | save_data            | Loaded 11688 existing rows
2026-06-12 04:09:10 | DEBUG    | save_data            | Combined to 12175 rows
2026-06-12 04:09:10 | DEBUG    | save_data            | Writing to temporary file...
2026-06-12 04:09:12 | DEBUG    | save_data            | Data written to temp file: /home/runner/work/Thalorae-BackLioraen/Thalorae-BackLioraen/data/2026/06/tmpoc6y8dpq.xlsx
2026-06-12 04:09:12 | DEBUG    | save_data            | Temp file moved to final location
2026-06-12 04:09:12 | INFO     | save_data            | ✅ Data saved successfully (12175 total rows, 906534 bytes)
2026-06-12 04:09:12 | INFO     | run                  | ======================================================================
2026-06-12 04:09:12 | INFO     | run                  | 📊 EXECUTION SUMMARY:
2026-06-12 04:09:12 | INFO     | run                  |    ✅ Status: SUCCESS
2026-06-12 04:09:12 | INFO     | run                  |    - Rows processed: 487
2026-06-12 04:09:12 | INFO     | run                  |    - Unique symbols: 487
2026-06-12 04:09:12 | INFO     | run                  |    - Timestamp: 2026-06-12 09:09:04
2026-06-12 04:09:12 | INFO     | run                  |    - File: data/2026/06/2026-06-12.xlsx
2026-06-12 04:09:12 | INFO     | run                  | ======================================================================
2026-06-12 04:09:12 | DEBUG    | run                  | Sample data (first row):
2026-06-12 04:09:12 | DEBUG    | run                  | {'SYMBOL': 'FNEL', 'SECTOR': 813, 'LDCP': 1.35, 'OPEN': 1.31, 'HIGH': 1.45, 'LOW': 1.29, 'CURRENT': 1.35, 'CHANGE': 0.04, 'CHANGE (%)': nan, 'VOLUME': 118360814, 'YEAR': 2026, 'MONTH': 6, 'DAY': 12, 'HOUR': 9, 'MINUTE': 9, 'DATETIME': '2026-06-12 09:09'}
2026-06-12 04:14:13 | INFO     | run                  | ======================================================================
2026-06-12 04:14:13 | INFO     | run                  | 🚀 MARKET DATA SCRAPER - SINGLE EXECUTION
2026-06-12 04:14:13 | INFO     | run                  | ======================================================================
2026-06-12 04:14:13 | INFO     | run                  | Execution Time: 2026-06-12 09:14:13 PKT
2026-06-12 04:14:13 | INFO     | run                  | Configuration:
2026-06-12 04:14:13 | INFO     | run                  |    - Timezone: Asia/Karachi
2026-06-12 04:14:13 | INFO     | run                  |    - Data directory: data
2026-06-12 04:14:13 | INFO     | run                  |    - Log directory: logs
2026-06-12 04:14:13 | INFO     | run                  | ======================================================================
2026-06-12 04:14:13 | INFO     | fetch_data           | Fetching data (Attempt 1/3)...
2026-06-12 04:14:13 | DEBUG    | fetch_data           | Establishing session with https://dps.psx.com.pk/
2026-06-12 04:14:16 | DEBUG    | fetch_data           | Requesting data from https://dps.psx.com.pk/market-watch
2026-06-12 04:14:17 | DEBUG    | fetch_data           | Response status: 200
2026-06-12 04:14:17 | DEBUG    | fetch_data           | Response content type: text/html; charset=utf-8
2026-06-12 04:14:17 | DEBUG    | fetch_data           | Response size: 466506 bytes
2026-06-12 04:14:17 | INFO     | fetch_data           | ✅ Data fetched successfully (Status: 200)
2026-06-12 04:14:17 | DEBUG    | parse_json           | Attempting JSON parsing...
2026-06-12 04:14:17 | DEBUG    | parse_json           | Response preview: <table class="tbl" data-page-length="25"><thead class="tbl__head"><!-- tr--><!--   th(colspan="11")--><!--   th.center(colspan="2", style="width: 110px;") TOTAL BUY ORDERS--><!--   th.center(colspan="2", style="width: 110px;") TOTAL SELL ORDERS--><tr><th data-name="symbol">SYMBOL</th><th data-name="sector">SECTOR</th><th data-name="listed">LISTED IN</th><th class="right" data-name="ldcp">LDCP</th><th class="right" data-name="open">OPEN</th><th class="right" data-name="high">HIGH</th><th class="r
2026-06-12 04:14:17 | WARNING  | parse_json           | ⚠️ JSON parsing failed: Expecting value: line 1 column 1 (char 0)
2026-06-12 04:14:17 | INFO     | run                  | JSON parsing failed, trying HTML fallback...
2026-06-12 04:14:17 | INFO     | parse_html           | Attempting HTML fallback parsing...
2026-06-12 04:14:17 | DEBUG    | parse_html           | Found 1 table(s) in HTML
2026-06-12 04:14:17 | DEBUG    | parse_html           | Table columns: ['SYMBOL', 'SECTOR', 'LISTED IN', 'LDCP', 'OPEN', 'HIGH', 'LOW', 'CURRENT', 'CHANGE', 'CHANGE (%)', 'VOLUME']
2026-06-12 04:14:17 | DEBUG    | parse_html           | Table shape: (487, 11)
2026-06-12 04:14:17 | INFO     | parse_html           | ✅ HTML parsed successfully (487 rows)
2026-06-12 04:14:17 | INFO     | clean_data           | Cleaning data...
2026-06-12 04:14:17 | DEBUG    | clean_data           | Initial shape: (487, 11)
2026-06-12 04:14:17 | DEBUG    | clean_data           | Initial columns: ['SYMBOL', 'SECTOR', 'LISTED IN', 'LDCP', 'OPEN', 'HIGH', 'LOW', 'CURRENT', 'CHANGE', 'CHANGE (%)', 'VOLUME']
2026-06-12 04:14:17 | DEBUG    | clean_data           | Removed 'LISTED IN' column
2026-06-12 04:14:17 | DEBUG    | clean_data           | Converted LDCP from float64 to numeric
2026-06-12 04:14:17 | DEBUG    | clean_data           | Converted OPEN from float64 to numeric
2026-06-12 04:14:17 | DEBUG    | clean_data           | Converted HIGH from float64 to numeric
2026-06-12 04:14:17 | DEBUG    | clean_data           | Converted LOW from float64 to numeric
2026-06-12 04:14:17 | DEBUG    | clean_data           | Converted CURRENT from float64 to numeric
2026-06-12 04:14:17 | DEBUG    | clean_data           | Converted CHANGE from float64 to numeric
2026-06-12 04:14:17 | DEBUG    | clean_data           | Converted CHANGE (%) from str to numeric
2026-06-12 04:14:17 | DEBUG    | clean_data           | Converted VOLUME from int64 to numeric
2026-06-12 04:14:17 | INFO     | clean_data           | ✅ Data cleaned (487 rows, 16 columns)
2026-06-12 04:14:17 | DEBUG    | clean_data           | Final columns: ['SYMBOL', 'SECTOR', 'LDCP', 'OPEN', 'HIGH', 'LOW', 'CURRENT', 'CHANGE', 'CHANGE (%)', 'VOLUME', 'YEAR', 'MONTH', 'DAY', 'HOUR', 'MINUTE', 'DATETIME']
2026-06-12 04:14:17 | DEBUG    | get_file_path        | Generated file path: data/2026/06/2026-06-12.xlsx
2026-06-12 04:14:17 | INFO     | save_data            | Saving data to: data/2026/06/2026-06-12.xlsx
2026-06-12 04:14:17 | DEBUG    | save_data            | Existing file found, merging data...
2026-06-12 04:14:19 | DEBUG    | save_data            | Loaded 12175 existing rows
2026-06-12 04:14:19 | DEBUG    | save_data            | Combined to 12662 rows
2026-06-12 04:14:19 | DEBUG    | save_data            | Writing to temporary file...
2026-06-12 04:14:21 | DEBUG    | save_data            | Data written to temp file: /home/runner/work/Thalorae-BackLioraen/Thalorae-BackLioraen/data/2026/06/tmp23h1nksb.xlsx
2026-06-12 04:14:21 | DEBUG    | save_data            | Temp file moved to final location
2026-06-12 04:14:21 | INFO     | save_data            | ✅ Data saved successfully (12662 total rows, 942517 bytes)
2026-06-12 04:14:21 | INFO     | run                  | ======================================================================
2026-06-12 04:14:21 | INFO     | run                  | 📊 EXECUTION SUMMARY:
2026-06-12 04:14:21 | INFO     | run                  |    ✅ Status: SUCCESS
2026-06-12 04:14:21 | INFO     | run                  |    - Rows processed: 487
2026-06-12 04:14:21 | INFO     | run                  |    - Unique symbols: 487
2026-06-12 04:14:21 | INFO     | run                  |    - Timestamp: 2026-06-12 09:14:13
2026-06-12 04:14:21 | INFO     | run                  |    - File: data/2026/06/2026-06-12.xlsx
2026-06-12 04:14:21 | INFO     | run                  | ======================================================================
2026-06-12 04:14:21 | DEBUG    | run                  | Sample data (first row):
2026-06-12 04:14:21 | DEBUG    | run                  | {'SYMBOL': 'FNEL', 'SECTOR': 813, 'LDCP': 1.35, 'OPEN': 1.31, 'HIGH': 1.45, 'LOW': 1.29, 'CURRENT': 1.35, 'CHANGE': 0.04, 'CHANGE (%)': nan, 'VOLUME': 118360814, 'YEAR': 2026, 'MONTH': 6, 'DAY': 12, 'HOUR': 9, 'MINUTE': 14, 'DATETIME': '2026-06-12 09:14'}
2026-06-12 04:19:21 | INFO     | run                  | ======================================================================
2026-06-12 04:19:21 | INFO     | run                  | 🚀 MARKET DATA SCRAPER - SINGLE EXECUTION
2026-06-12 04:19:21 | INFO     | run                  | ======================================================================
2026-06-12 04:19:21 | INFO     | run                  | Execution Time: 2026-06-12 09:19:21 PKT
2026-06-12 04:19:21 | INFO     | run                  | Configuration:
2026-06-12 04:19:21 | INFO     | run                  |    - Timezone: Asia/Karachi
2026-06-12 04:19:21 | INFO     | run                  |    - Data directory: data
2026-06-12 04:19:21 | INFO     | run                  |    - Log directory: logs
2026-06-12 04:19:21 | INFO     | run                  | ======================================================================
2026-06-12 04:19:21 | INFO     | fetch_data           | Fetching data (Attempt 1/3)...
2026-06-12 04:19:21 | DEBUG    | fetch_data           | Establishing session with https://dps.psx.com.pk/
2026-06-12 04:19:25 | DEBUG    | fetch_data           | Requesting data from https://dps.psx.com.pk/market-watch
2026-06-12 04:19:28 | DEBUG    | fetch_data           | Response status: 200
2026-06-12 04:19:28 | DEBUG    | fetch_data           | Response content type: text/html; charset=utf-8
2026-06-12 04:19:28 | DEBUG    | fetch_data           | Response size: 466506 bytes
2026-06-12 04:19:28 | INFO     | fetch_data           | ✅ Data fetched successfully (Status: 200)
2026-06-12 04:19:28 | DEBUG    | parse_json           | Attempting JSON parsing...
2026-06-12 04:19:28 | DEBUG    | parse_json           | Response preview: <table class="tbl" data-page-length="25"><thead class="tbl__head"><!-- tr--><!--   th(colspan="11")--><!--   th.center(colspan="2", style="width: 110px;") TOTAL BUY ORDERS--><!--   th.center(colspan="2", style="width: 110px;") TOTAL SELL ORDERS--><tr><th data-name="symbol">SYMBOL</th><th data-name="sector">SECTOR</th><th data-name="listed">LISTED IN</th><th class="right" data-name="ldcp">LDCP</th><th class="right" data-name="open">OPEN</th><th class="right" data-name="high">HIGH</th><th class="r
2026-06-12 04:19:28 | WARNING  | parse_json           | ⚠️ JSON parsing failed: Expecting value: line 1 column 1 (char 0)
2026-06-12 04:19:28 | INFO     | run                  | JSON parsing failed, trying HTML fallback...
2026-06-12 04:19:28 | INFO     | parse_html           | Attempting HTML fallback parsing...
2026-06-12 04:19:28 | DEBUG    | parse_html           | Found 1 table(s) in HTML
2026-06-12 04:19:28 | DEBUG    | parse_html           | Table columns: ['SYMBOL', 'SECTOR', 'LISTED IN', 'LDCP', 'OPEN', 'HIGH', 'LOW', 'CURRENT', 'CHANGE', 'CHANGE (%)', 'VOLUME']
2026-06-12 04:19:28 | DEBUG    | parse_html           | Table shape: (487, 11)
2026-06-12 04:19:28 | INFO     | parse_html           | ✅ HTML parsed successfully (487 rows)
2026-06-12 04:19:28 | INFO     | clean_data           | Cleaning data...
2026-06-12 04:19:28 | DEBUG    | clean_data           | Initial shape: (487, 11)
2026-06-12 04:19:28 | DEBUG    | clean_data           | Initial columns: ['SYMBOL', 'SECTOR', 'LISTED IN', 'LDCP', 'OPEN', 'HIGH', 'LOW', 'CURRENT', 'CHANGE', 'CHANGE (%)', 'VOLUME']
2026-06-12 04:19:28 | DEBUG    | clean_data           | Removed 'LISTED IN' column
2026-06-12 04:19:28 | DEBUG    | clean_data           | Converted LDCP from float64 to numeric
2026-06-12 04:19:28 | DEBUG    | clean_data           | Converted OPEN from float64 to numeric
2026-06-12 04:19:28 | DEBUG    | clean_data           | Converted HIGH from float64 to numeric
2026-06-12 04:19:28 | DEBUG    | clean_data           | Converted LOW from float64 to numeric
2026-06-12 04:19:28 | DEBUG    | clean_data           | Converted CURRENT from float64 to numeric
2026-06-12 04:19:28 | DEBUG    | clean_data           | Converted CHANGE from float64 to numeric
2026-06-12 04:19:28 | DEBUG    | clean_data           | Converted CHANGE (%) from str to numeric
2026-06-12 04:19:28 | DEBUG    | clean_data           | Converted VOLUME from int64 to numeric
2026-06-12 04:19:28 | INFO     | clean_data           | ✅ Data cleaned (487 rows, 16 columns)
2026-06-12 04:19:28 | DEBUG    | clean_data           | Final columns: ['SYMBOL', 'SECTOR', 'LDCP', 'OPEN', 'HIGH', 'LOW', 'CURRENT', 'CHANGE', 'CHANGE (%)', 'VOLUME', 'YEAR', 'MONTH', 'DAY', 'HOUR', 'MINUTE', 'DATETIME']
2026-06-12 04:19:28 | DEBUG    | get_file_path        | Generated file path: data/2026/06/2026-06-12.xlsx
2026-06-12 04:19:28 | INFO     | save_data            | Saving data to: data/2026/06/2026-06-12.xlsx
2026-06-12 04:19:28 | DEBUG    | save_data            | Existing file found, merging data...
2026-06-12 04:19:30 | DEBUG    | save_data            | Loaded 12662 existing rows
2026-06-12 04:19:30 | DEBUG    | save_data            | Combined to 13149 rows
2026-06-12 04:19:30 | DEBUG    | save_data            | Writing to temporary file...
2026-06-12 04:19:32 | DEBUG    | save_data            | Data written to temp file: /home/runner/work/Thalorae-BackLioraen/Thalorae-BackLioraen/data/2026/06/tmp2hjtrqcx.xlsx
2026-06-12 04:19:32 | DEBUG    | save_data            | Temp file moved to final location
2026-06-12 04:19:32 | INFO     | save_data            | ✅ Data saved successfully (13149 total rows, 978451 bytes)
2026-06-12 04:19:32 | INFO     | run                  | ======================================================================
2026-06-12 04:19:32 | INFO     | run                  | 📊 EXECUTION SUMMARY:
2026-06-12 04:19:32 | INFO     | run                  |    ✅ Status: SUCCESS
2026-06-12 04:19:32 | INFO     | run                  |    - Rows processed: 487
2026-06-12 04:19:32 | INFO     | run                  |    - Unique symbols: 487
2026-06-12 04:19:32 | INFO     | run                  |    - Timestamp: 2026-06-12 09:19:21
2026-06-12 04:19:32 | INFO     | run                  |    - File: data/2026/06/2026-06-12.xlsx
2026-06-12 04:19:32 | INFO     | run                  | ======================================================================
2026-06-12 04:19:32 | DEBUG    | run                  | Sample data (first row):
2026-06-12 04:19:32 | DEBUG    | run                  | {'SYMBOL': 'FNEL', 'SECTOR': 813, 'LDCP': 1.35, 'OPEN': 1.31, 'HIGH': 1.45, 'LOW': 1.29, 'CURRENT': 1.35, 'CHANGE': 0.04, 'CHANGE (%)': nan, 'VOLUME': 118360814, 'YEAR': 2026, 'MONTH': 6, 'DAY': 12, 'HOUR': 9, 'MINUTE': 19, 'DATETIME': '2026-06-12 09:19'}
2026-06-12 04:24:33 | INFO     | run                  | ======================================================================
2026-06-12 04:24:33 | INFO     | run                  | 🚀 MARKET DATA SCRAPER - SINGLE EXECUTION
2026-06-12 04:24:33 | INFO     | run                  | ======================================================================
2026-06-12 04:24:33 | INFO     | run                  | Execution Time: 2026-06-12 09:24:33 PKT
2026-06-12 04:24:33 | INFO     | run                  | Configuration:
2026-06-12 04:24:33 | INFO     | run                  |    - Timezone: Asia/Karachi
2026-06-12 04:24:33 | INFO     | run                  |    - Data directory: data
2026-06-12 04:24:33 | INFO     | run                  |    - Log directory: logs
2026-06-12 04:24:33 | INFO     | run                  | ======================================================================
2026-06-12 04:24:33 | INFO     | fetch_data           | Fetching data (Attempt 1/3)...
2026-06-12 04:24:33 | DEBUG    | fetch_data           | Establishing session with https://dps.psx.com.pk/
2026-06-12 04:24:36 | DEBUG    | fetch_data           | Requesting data from https://dps.psx.com.pk/market-watch
2026-06-12 04:24:37 | DEBUG    | fetch_data           | Response status: 200
2026-06-12 04:24:37 | DEBUG    | fetch_data           | Response content type: text/html; charset=utf-8
2026-06-12 04:24:37 | DEBUG    | fetch_data           | Response size: 334984 bytes
2026-06-12 04:24:37 | INFO     | fetch_data           | ✅ Data fetched successfully (Status: 200)
2026-06-12 04:24:37 | DEBUG    | parse_json           | Attempting JSON parsing...
2026-06-12 04:24:37 | DEBUG    | parse_json           | Response preview: <table class="tbl" data-page-length="25"><thead class="tbl__head"><!-- tr--><!--   th(colspan="11")--><!--   th.center(colspan="2", style="width: 110px;") TOTAL BUY ORDERS--><!--   th.center(colspan="2", style="width: 110px;") TOTAL SELL ORDERS--><tr><th data-name="symbol">SYMBOL</th><th data-name="sector">SECTOR</th><th data-name="listed">LISTED IN</th><th class="right" data-name="ldcp">LDCP</th><th class="right" data-name="open">OPEN</th><th class="right" data-name="high">HIGH</th><th class="r
2026-06-12 04:24:37 | WARNING  | parse_json           | ⚠️ JSON parsing failed: Expecting value: line 1 column 1 (char 0)
2026-06-12 04:24:37 | INFO     | run                  | JSON parsing failed, trying HTML fallback...
2026-06-12 04:24:37 | INFO     | parse_html           | Attempting HTML fallback parsing...
2026-06-12 04:24:37 | DEBUG    | parse_html           | Found 1 table(s) in HTML
2026-06-12 04:24:37 | DEBUG    | parse_html           | Table columns: ['SYMBOL', 'SECTOR', 'LISTED IN', 'LDCP', 'OPEN', 'HIGH', 'LOW', 'CURRENT', 'CHANGE', 'CHANGE (%)', 'VOLUME']
2026-06-12 04:24:37 | DEBUG    | parse_html           | Table shape: (351, 11)
2026-06-12 04:24:37 | INFO     | parse_html           | ✅ HTML parsed successfully (351 rows)
2026-06-12 04:24:37 | INFO     | clean_data           | Cleaning data...
2026-06-12 04:24:37 | DEBUG    | clean_data           | Initial shape: (351, 11)
2026-06-12 04:24:37 | DEBUG    | clean_data           | Initial columns: ['SYMBOL', 'SECTOR', 'LISTED IN', 'LDCP', 'OPEN', 'HIGH', 'LOW', 'CURRENT', 'CHANGE', 'CHANGE (%)', 'VOLUME']
2026-06-12 04:24:37 | DEBUG    | clean_data           | Removed 'LISTED IN' column
2026-06-12 04:24:37 | DEBUG    | clean_data           | Converted LDCP from float64 to numeric
2026-06-12 04:24:37 | DEBUG    | clean_data           | Converted OPEN from float64 to numeric
2026-06-12 04:24:37 | DEBUG    | clean_data           | Converted HIGH from float64 to numeric
2026-06-12 04:24:37 | DEBUG    | clean_data           | Converted LOW from float64 to numeric
2026-06-12 04:24:37 | DEBUG    | clean_data           | Converted CURRENT from float64 to numeric
2026-06-12 04:24:37 | DEBUG    | clean_data           | Converted CHANGE from float64 to numeric
2026-06-12 04:24:37 | DEBUG    | clean_data           | Converted CHANGE (%) from str to numeric
2026-06-12 04:24:37 | DEBUG    | clean_data           | Converted VOLUME from int64 to numeric
2026-06-12 04:24:37 | INFO     | clean_data           | ✅ Data cleaned (351 rows, 16 columns)
2026-06-12 04:24:37 | DEBUG    | clean_data           | Final columns: ['SYMBOL', 'SECTOR', 'LDCP', 'OPEN', 'HIGH', 'LOW', 'CURRENT', 'CHANGE', 'CHANGE (%)', 'VOLUME', 'YEAR', 'MONTH', 'DAY', 'HOUR', 'MINUTE', 'DATETIME']
2026-06-12 04:24:37 | DEBUG    | get_file_path        | Generated file path: data/2026/06/2026-06-12.xlsx
2026-06-12 04:24:37 | INFO     | save_data            | Saving data to: data/2026/06/2026-06-12.xlsx
2026-06-12 04:24:37 | DEBUG    | save_data            | Existing file found, merging data...
2026-06-12 04:24:38 | DEBUG    | save_data            | Loaded 13149 existing rows
2026-06-12 04:24:38 | DEBUG    | save_data            | Combined to 13500 rows
2026-06-12 04:24:38 | DEBUG    | save_data            | Writing to temporary file...
2026-06-12 04:24:41 | DEBUG    | save_data            | Data written to temp file: /home/runner/work/Thalorae-BackLioraen/Thalorae-BackLioraen/data/2026/06/tmp8pbxwi2g.xlsx
2026-06-12 04:24:41 | DEBUG    | save_data            | Temp file moved to final location
2026-06-12 04:24:41 | INFO     | save_data            | ✅ Data saved successfully (13500 total rows, 1003501 bytes)
2026-06-12 04:24:41 | INFO     | run                  | ======================================================================
2026-06-12 04:24:41 | INFO     | run                  | 📊 EXECUTION SUMMARY:
2026-06-12 04:24:41 | INFO     | run                  |    ✅ Status: SUCCESS
2026-06-12 04:24:41 | INFO     | run                  |    - Rows processed: 351
2026-06-12 04:24:41 | INFO     | run                  |    - Unique symbols: 351
2026-06-12 04:24:41 | INFO     | run                  |    - Timestamp: 2026-06-12 09:24:33
2026-06-12 04:24:41 | INFO     | run                  |    - File: data/2026/06/2026-06-12.xlsx
2026-06-12 04:24:41 | INFO     | run                  | ======================================================================
2026-06-12 04:24:41 | DEBUG    | run                  | Sample data (first row):
2026-06-12 04:24:41 | DEBUG    | run                  | {'SYMBOL': 'SPSL', 'SECTOR': 821, 'LDCP': 21.66, 'OPEN': 22.5, 'HIGH': 23.45, 'LOW': 22.4, 'CURRENT': 23.15, 'CHANGE': 1.49, 'CHANGE (%)': nan, 'VOLUME': 12160228, 'YEAR': 2026, 'MONTH': 6, 'DAY': 12, 'HOUR': 9, 'MINUTE': 24, 'DATETIME': '2026-06-12 09:24'}
2026-06-12 04:29:41 | INFO     | run                  | ======================================================================
2026-06-12 04:29:41 | INFO     | run                  | 🚀 MARKET DATA SCRAPER - SINGLE EXECUTION
2026-06-12 04:29:41 | INFO     | run                  | ======================================================================
2026-06-12 04:29:41 | INFO     | run                  | Execution Time: 2026-06-12 09:29:41 PKT
2026-06-12 04:29:41 | INFO     | run                  | Configuration:
2026-06-12 04:29:41 | INFO     | run                  |    - Timezone: Asia/Karachi
2026-06-12 04:29:41 | INFO     | run                  |    - Data directory: data
2026-06-12 04:29:41 | INFO     | run                  |    - Log directory: logs
2026-06-12 04:29:41 | INFO     | run                  | ======================================================================
2026-06-12 04:29:41 | INFO     | fetch_data           | Fetching data (Attempt 1/3)...
2026-06-12 04:29:41 | DEBUG    | fetch_data           | Establishing session with https://dps.psx.com.pk/
2026-06-12 04:29:45 | DEBUG    | fetch_data           | Requesting data from https://dps.psx.com.pk/market-watch
2026-06-12 04:29:46 | DEBUG    | fetch_data           | Response status: 200
2026-06-12 04:29:46 | DEBUG    | fetch_data           | Response content type: text/html; charset=utf-8
2026-06-12 04:29:46 | DEBUG    | fetch_data           | Response size: 357673 bytes
2026-06-12 04:29:46 | INFO     | fetch_data           | ✅ Data fetched successfully (Status: 200)
2026-06-12 04:29:46 | DEBUG    | parse_json           | Attempting JSON parsing...
2026-06-12 04:29:46 | DEBUG    | parse_json           | Response preview: <table class="tbl" data-page-length="25"><thead class="tbl__head"><!-- tr--><!--   th(colspan="11")--><!--   th.center(colspan="2", style="width: 110px;") TOTAL BUY ORDERS--><!--   th.center(colspan="2", style="width: 110px;") TOTAL SELL ORDERS--><tr><th data-name="symbol">SYMBOL</th><th data-name="sector">SECTOR</th><th data-name="listed">LISTED IN</th><th class="right" data-name="ldcp">LDCP</th><th class="right" data-name="open">OPEN</th><th class="right" data-name="high">HIGH</th><th class="r
2026-06-12 04:29:46 | WARNING  | parse_json           | ⚠️ JSON parsing failed: Expecting value: line 1 column 1 (char 0)
2026-06-12 04:29:46 | INFO     | run                  | JSON parsing failed, trying HTML fallback...
2026-06-12 04:29:46 | INFO     | parse_html           | Attempting HTML fallback parsing...
2026-06-12 04:29:46 | DEBUG    | parse_html           | Found 1 table(s) in HTML
2026-06-12 04:29:46 | DEBUG    | parse_html           | Table columns: ['SYMBOL', 'SECTOR', 'LISTED IN', 'LDCP', 'OPEN', 'HIGH', 'LOW', 'CURRENT', 'CHANGE', 'CHANGE (%)', 'VOLUME']
2026-06-12 04:29:46 | DEBUG    | parse_html           | Table shape: (375, 11)
2026-06-12 04:29:46 | INFO     | parse_html           | ✅ HTML parsed successfully (375 rows)
2026-06-12 04:29:46 | INFO     | clean_data           | Cleaning data...
2026-06-12 04:29:46 | DEBUG    | clean_data           | Initial shape: (375, 11)
2026-06-12 04:29:46 | DEBUG    | clean_data           | Initial columns: ['SYMBOL', 'SECTOR', 'LISTED IN', 'LDCP', 'OPEN', 'HIGH', 'LOW', 'CURRENT', 'CHANGE', 'CHANGE (%)', 'VOLUME']
2026-06-12 04:29:46 | DEBUG    | clean_data           | Removed 'LISTED IN' column
2026-06-12 04:29:46 | DEBUG    | clean_data           | Converted LDCP from float64 to numeric
2026-06-12 04:29:46 | DEBUG    | clean_data           | Converted OPEN from float64 to numeric
2026-06-12 04:29:46 | DEBUG    | clean_data           | Converted HIGH from float64 to numeric
2026-06-12 04:29:46 | DEBUG    | clean_data           | Converted LOW from float64 to numeric
2026-06-12 04:29:46 | DEBUG    | clean_data           | Converted CURRENT from float64 to numeric
2026-06-12 04:29:46 | DEBUG    | clean_data           | Converted CHANGE from float64 to numeric
2026-06-12 04:29:46 | DEBUG    | clean_data           | Converted CHANGE (%) from str to numeric
2026-06-12 04:29:46 | DEBUG    | clean_data           | Converted VOLUME from int64 to numeric
2026-06-12 04:29:46 | INFO     | clean_data           | ✅ Data cleaned (375 rows, 16 columns)
2026-06-12 04:29:46 | DEBUG    | clean_data           | Final columns: ['SYMBOL', 'SECTOR', 'LDCP', 'OPEN', 'HIGH', 'LOW', 'CURRENT', 'CHANGE', 'CHANGE (%)', 'VOLUME', 'YEAR', 'MONTH', 'DAY', 'HOUR', 'MINUTE', 'DATETIME']
2026-06-12 04:29:46 | DEBUG    | get_file_path        | Generated file path: data/2026/06/2026-06-12.xlsx
2026-06-12 04:29:46 | INFO     | save_data            | Saving data to: data/2026/06/2026-06-12.xlsx
2026-06-12 04:29:46 | DEBUG    | save_data            | Existing file found, merging data...
2026-06-12 04:29:48 | DEBUG    | save_data            | Loaded 13500 existing rows
2026-06-12 04:29:48 | DEBUG    | save_data            | Combined to 13875 rows
2026-06-12 04:29:48 | DEBUG    | save_data            | Writing to temporary file...
2026-06-12 04:29:50 | DEBUG    | save_data            | Data written to temp file: /home/runner/work/Thalorae-BackLioraen/Thalorae-BackLioraen/data/2026/06/tmpjqc088p2.xlsx
2026-06-12 04:29:50 | DEBUG    | save_data            | Temp file moved to final location
2026-06-12 04:29:50 | INFO     | save_data            | ✅ Data saved successfully (13875 total rows, 1030607 bytes)
2026-06-12 04:29:50 | INFO     | run                  | ======================================================================
2026-06-12 04:29:50 | INFO     | run                  | 📊 EXECUTION SUMMARY:
2026-06-12 04:29:50 | INFO     | run                  |    ✅ Status: SUCCESS
2026-06-12 04:29:50 | INFO     | run                  |    - Rows processed: 375
2026-06-12 04:29:50 | INFO     | run                  |    - Unique symbols: 375
2026-06-12 04:29:50 | INFO     | run                  |    - Timestamp: 2026-06-12 09:29:41
2026-06-12 04:29:50 | INFO     | run                  |    - File: data/2026/06/2026-06-12.xlsx
2026-06-12 04:29:50 | INFO     | run                  | ======================================================================
2026-06-12 04:29:50 | DEBUG    | run                  | Sample data (first row):
2026-06-12 04:29:50 | DEBUG    | run                  | {'SYMBOL': 'SPSL', 'SECTOR': 821, 'LDCP': 21.66, 'OPEN': 22.5, 'HIGH': 23.45, 'LOW': 22.4, 'CURRENT': 23.08, 'CHANGE': 1.42, 'CHANGE (%)': nan, 'VOLUME': 15487189, 'YEAR': 2026, 'MONTH': 6, 'DAY': 12, 'HOUR': 9, 'MINUTE': 29, 'DATETIME': '2026-06-12 09:29'}
2026-06-12 04:34:51 | INFO     | run                  | ======================================================================
2026-06-12 04:34:51 | INFO     | run                  | 🚀 MARKET DATA SCRAPER - SINGLE EXECUTION
2026-06-12 04:34:51 | INFO     | run                  | ======================================================================
2026-06-12 04:34:51 | INFO     | run                  | Execution Time: 2026-06-12 09:34:51 PKT
2026-06-12 04:34:51 | INFO     | run                  | Configuration:
2026-06-12 04:34:51 | INFO     | run                  |    - Timezone: Asia/Karachi
2026-06-12 04:34:51 | INFO     | run                  |    - Data directory: data
2026-06-12 04:34:51 | INFO     | run                  |    - Log directory: logs
2026-06-12 04:34:51 | INFO     | run                  | ======================================================================
2026-06-12 04:34:51 | INFO     | fetch_data           | Fetching data (Attempt 1/3)...
2026-06-12 04:34:51 | DEBUG    | fetch_data           | Establishing session with https://dps.psx.com.pk/
2026-06-12 04:34:54 | DEBUG    | fetch_data           | Requesting data from https://dps.psx.com.pk/market-watch
2026-06-12 04:34:55 | DEBUG    | fetch_data           | Response status: 200
2026-06-12 04:34:55 | DEBUG    | fetch_data           | Response content type: text/html; charset=utf-8
2026-06-12 04:34:55 | DEBUG    | fetch_data           | Response size: 382594 bytes
2026-06-12 04:34:55 | INFO     | fetch_data           | ✅ Data fetched successfully (Status: 200)
2026-06-12 04:34:55 | DEBUG    | parse_json           | Attempting JSON parsing...
2026-06-12 04:34:55 | DEBUG    | parse_json           | Response preview: <table class="tbl" data-page-length="25"><thead class="tbl__head"><!-- tr--><!--   th(colspan="11")--><!--   th.center(colspan="2", style="width: 110px;") TOTAL BUY ORDERS--><!--   th.center(colspan="2", style="width: 110px;") TOTAL SELL ORDERS--><tr><th data-name="symbol">SYMBOL</th><th data-name="sector">SECTOR</th><th data-name="listed">LISTED IN</th><th class="right" data-name="ldcp">LDCP</th><th class="right" data-name="open">OPEN</th><th class="right" data-name="high">HIGH</th><th class="r
2026-06-12 04:34:55 | WARNING  | parse_json           | ⚠️ JSON parsing failed: Expecting value: line 1 column 1 (char 0)
2026-06-12 04:34:55 | INFO     | run                  | JSON parsing failed, trying HTML fallback...
2026-06-12 04:34:55 | INFO     | parse_html           | Attempting HTML fallback parsing...
2026-06-12 04:34:55 | DEBUG    | parse_html           | Found 1 table(s) in HTML
2026-06-12 04:34:55 | DEBUG    | parse_html           | Table columns: ['SYMBOL', 'SECTOR', 'LISTED IN', 'LDCP', 'OPEN', 'HIGH', 'LOW', 'CURRENT', 'CHANGE', 'CHANGE (%)', 'VOLUME']
2026-06-12 04:34:55 | DEBUG    | parse_html           | Table shape: (401, 11)
2026-06-12 04:34:55 | INFO     | parse_html           | ✅ HTML parsed successfully (401 rows)
2026-06-12 04:34:55 | INFO     | clean_data           | Cleaning data...
2026-06-12 04:34:55 | DEBUG    | clean_data           | Initial shape: (401, 11)
2026-06-12 04:34:55 | DEBUG    | clean_data           | Initial columns: ['SYMBOL', 'SECTOR', 'LISTED IN', 'LDCP', 'OPEN', 'HIGH', 'LOW', 'CURRENT', 'CHANGE', 'CHANGE (%)', 'VOLUME']
2026-06-12 04:34:55 | DEBUG    | clean_data           | Removed 'LISTED IN' column
2026-06-12 04:34:55 | DEBUG    | clean_data           | Converted LDCP from float64 to numeric
2026-06-12 04:34:55 | DEBUG    | clean_data           | Converted OPEN from float64 to numeric
2026-06-12 04:34:55 | DEBUG    | clean_data           | Converted HIGH from float64 to numeric
2026-06-12 04:34:55 | DEBUG    | clean_data           | Converted LOW from float64 to numeric
2026-06-12 04:34:55 | DEBUG    | clean_data           | Converted CURRENT from float64 to numeric
2026-06-12 04:34:55 | DEBUG    | clean_data           | Converted CHANGE from float64 to numeric
2026-06-12 04:34:55 | DEBUG    | clean_data           | Converted CHANGE (%) from str to numeric
2026-06-12 04:34:55 | DEBUG    | clean_data           | Converted VOLUME from int64 to numeric
2026-06-12 04:34:55 | INFO     | clean_data           | ✅ Data cleaned (401 rows, 16 columns)
2026-06-12 04:34:55 | DEBUG    | clean_data           | Final columns: ['SYMBOL', 'SECTOR', 'LDCP', 'OPEN', 'HIGH', 'LOW', 'CURRENT', 'CHANGE', 'CHANGE (%)', 'VOLUME', 'YEAR', 'MONTH', 'DAY', 'HOUR', 'MINUTE', 'DATETIME']
2026-06-12 04:34:55 | DEBUG    | get_file_path        | Generated file path: data/2026/06/2026-06-12.xlsx
2026-06-12 04:34:55 | INFO     | save_data            | Saving data to: data/2026/06/2026-06-12.xlsx
2026-06-12 04:34:55 | DEBUG    | save_data            | Existing file found, merging data...
2026-06-12 04:34:57 | DEBUG    | save_data            | Loaded 13875 existing rows
2026-06-12 04:34:57 | DEBUG    | save_data            | Combined to 14276 rows
2026-06-12 04:34:57 | DEBUG    | save_data            | Writing to temporary file...
2026-06-12 04:34:59 | DEBUG    | save_data            | Data written to temp file: /home/runner/work/Thalorae-BackLioraen/Thalorae-BackLioraen/data/2026/06/tmptnjtqk4j.xlsx
2026-06-12 04:34:59 | DEBUG    | save_data            | Temp file moved to final location
2026-06-12 04:34:59 | INFO     | save_data            | ✅ Data saved successfully (14276 total rows, 1059605 bytes)
2026-06-12 04:34:59 | INFO     | run                  | ======================================================================
2026-06-12 04:34:59 | INFO     | run                  | 📊 EXECUTION SUMMARY:
2026-06-12 04:34:59 | INFO     | run                  |    ✅ Status: SUCCESS
2026-06-12 04:34:59 | INFO     | run                  |    - Rows processed: 401
2026-06-12 04:34:59 | INFO     | run                  |    - Unique symbols: 401
2026-06-12 04:34:59 | INFO     | run                  |    - Timestamp: 2026-06-12 09:34:51
2026-06-12 04:34:59 | INFO     | run                  |    - File: data/2026/06/2026-06-12.xlsx
2026-06-12 04:34:59 | INFO     | run                  | ======================================================================
2026-06-12 04:34:59 | DEBUG    | run                  | Sample data (first row):
2026-06-12 04:34:59 | DEBUG    | run                  | {'SYMBOL': 'SPSL', 'SECTOR': 821, 'LDCP': 21.66, 'OPEN': 22.5, 'HIGH': 23.45, 'LOW': 22.4, 'CURRENT': 23.05, 'CHANGE': 1.39, 'CHANGE (%)': nan, 'VOLUME': 17221024, 'YEAR': 2026, 'MONTH': 6, 'DAY': 12, 'HOUR': 9, 'MINUTE': 34, 'DATETIME': '2026-06-12 09:34'}
2026-06-12 04:40:00 | INFO     | run                  | ======================================================================
2026-06-12 04:40:00 | INFO     | run                  | 🚀 MARKET DATA SCRAPER - SINGLE EXECUTION
2026-06-12 04:40:00 | INFO     | run                  | ======================================================================
2026-06-12 04:40:00 | INFO     | run                  | Execution Time: 2026-06-12 09:40:00 PKT
2026-06-12 04:40:00 | INFO     | run                  | Configuration:
2026-06-12 04:40:00 | INFO     | run                  |    - Timezone: Asia/Karachi
2026-06-12 04:40:00 | INFO     | run                  |    - Data directory: data
2026-06-12 04:40:00 | INFO     | run                  |    - Log directory: logs
2026-06-12 04:40:00 | INFO     | run                  | ======================================================================
2026-06-12 04:40:00 | INFO     | fetch_data           | Fetching data (Attempt 1/3)...
2026-06-12 04:40:00 | DEBUG    | fetch_data           | Establishing session with https://dps.psx.com.pk/
2026-06-12 04:40:04 | DEBUG    | fetch_data           | Requesting data from https://dps.psx.com.pk/market-watch
2026-06-12 04:40:05 | DEBUG    | fetch_data           | Response status: 200
2026-06-12 04:40:05 | DEBUG    | fetch_data           | Response content type: text/html; charset=utf-8
2026-06-12 04:40:05 | DEBUG    | fetch_data           | Response size: 394995 bytes
2026-06-12 04:40:05 | INFO     | fetch_data           | ✅ Data fetched successfully (Status: 200)
2026-06-12 04:40:05 | DEBUG    | parse_json           | Attempting JSON parsing...
2026-06-12 04:40:05 | DEBUG    | parse_json           | Response preview: <table class="tbl" data-page-length="25"><thead class="tbl__head"><!-- tr--><!--   th(colspan="11")--><!--   th.center(colspan="2", style="width: 110px;") TOTAL BUY ORDERS--><!--   th.center(colspan="2", style="width: 110px;") TOTAL SELL ORDERS--><tr><th data-name="symbol">SYMBOL</th><th data-name="sector">SECTOR</th><th data-name="listed">LISTED IN</th><th class="right" data-name="ldcp">LDCP</th><th class="right" data-name="open">OPEN</th><th class="right" data-name="high">HIGH</th><th class="r
2026-06-12 04:40:05 | WARNING  | parse_json           | ⚠️ JSON parsing failed: Expecting value: line 1 column 1 (char 0)
2026-06-12 04:40:05 | INFO     | run                  | JSON parsing failed, trying HTML fallback...
2026-06-12 04:40:05 | INFO     | parse_html           | Attempting HTML fallback parsing...
2026-06-12 04:40:05 | DEBUG    | parse_html           | Found 1 table(s) in HTML
2026-06-12 04:40:05 | DEBUG    | parse_html           | Table columns: ['SYMBOL', 'SECTOR', 'LISTED IN', 'LDCP', 'OPEN', 'HIGH', 'LOW', 'CURRENT', 'CHANGE', 'CHANGE (%)', 'VOLUME']
2026-06-12 04:40:05 | DEBUG    | parse_html           | Table shape: (414, 11)
2026-06-12 04:40:05 | INFO     | parse_html           | ✅ HTML parsed successfully (414 rows)
2026-06-12 04:40:05 | INFO     | clean_data           | Cleaning data...
2026-06-12 04:40:05 | DEBUG    | clean_data           | Initial shape: (414, 11)
2026-06-12 04:40:05 | DEBUG    | clean_data           | Initial columns: ['SYMBOL', 'SECTOR', 'LISTED IN', 'LDCP', 'OPEN', 'HIGH', 'LOW', 'CURRENT', 'CHANGE', 'CHANGE (%)', 'VOLUME']
2026-06-12 04:40:05 | DEBUG    | clean_data           | Removed 'LISTED IN' column
2026-06-12 04:40:05 | DEBUG    | clean_data           | Converted LDCP from float64 to numeric
2026-06-12 04:40:05 | DEBUG    | clean_data           | Converted OPEN from float64 to numeric
2026-06-12 04:40:05 | DEBUG    | clean_data           | Converted HIGH from float64 to numeric
2026-06-12 04:40:05 | DEBUG    | clean_data           | Converted LOW from float64 to numeric
2026-06-12 04:40:05 | DEBUG    | clean_data           | Converted CURRENT from float64 to numeric
2026-06-12 04:40:05 | DEBUG    | clean_data           | Converted CHANGE from float64 to numeric
2026-06-12 04:40:05 | DEBUG    | clean_data           | Converted CHANGE (%) from str to numeric
2026-06-12 04:40:05 | DEBUG    | clean_data           | Converted VOLUME from int64 to numeric
2026-06-12 04:40:05 | INFO     | clean_data           | ✅ Data cleaned (414 rows, 16 columns)
2026-06-12 04:40:05 | DEBUG    | clean_data           | Final columns: ['SYMBOL', 'SECTOR', 'LDCP', 'OPEN', 'HIGH', 'LOW', 'CURRENT', 'CHANGE', 'CHANGE (%)', 'VOLUME', 'YEAR', 'MONTH', 'DAY', 'HOUR', 'MINUTE', 'DATETIME']
2026-06-12 04:40:05 | DEBUG    | get_file_path        | Generated file path: data/2026/06/2026-06-12.xlsx
2026-06-12 04:40:05 | INFO     | save_data            | Saving data to: data/2026/06/2026-06-12.xlsx
2026-06-12 04:40:05 | DEBUG    | save_data            | Existing file found, merging data...
2026-06-12 04:40:06 | DEBUG    | save_data            | Loaded 14276 existing rows
2026-06-12 04:40:06 | DEBUG    | save_data            | Combined to 14690 rows
2026-06-12 04:40:06 | DEBUG    | save_data            | Writing to temporary file...
2026-06-12 04:40:09 | DEBUG    | save_data            | Data written to temp file: /home/runner/work/Thalorae-BackLioraen/Thalorae-BackLioraen/data/2026/06/tmpvdvsr499.xlsx
2026-06-12 04:40:09 | DEBUG    | save_data            | Temp file moved to final location
2026-06-12 04:40:09 | INFO     | save_data            | ✅ Data saved successfully (14690 total rows, 1089580 bytes)
2026-06-12 04:40:09 | INFO     | run                  | ======================================================================
2026-06-12 04:40:09 | INFO     | run                  | 📊 EXECUTION SUMMARY:
2026-06-12 04:40:09 | INFO     | run                  |    ✅ Status: SUCCESS
2026-06-12 04:40:09 | INFO     | run                  |    - Rows processed: 414
2026-06-12 04:40:09 | INFO     | run                  |    - Unique symbols: 414
2026-06-12 04:40:09 | INFO     | run                  |    - Timestamp: 2026-06-12 09:40:00
2026-06-12 04:40:09 | INFO     | run                  |    - File: data/2026/06/2026-06-12.xlsx
2026-06-12 04:40:09 | INFO     | run                  | ======================================================================
2026-06-12 04:40:09 | DEBUG    | run                  | Sample data (first row):
2026-06-12 04:40:09 | DEBUG    | run                  | {'SYMBOL': 'SPSL', 'SECTOR': 821, 'LDCP': 21.66, 'OPEN': 22.5, 'HIGH': 23.45, 'LOW': 22.4, 'CURRENT': 23.17, 'CHANGE': 1.51, 'CHANGE (%)': nan, 'VOLUME': 18819646, 'YEAR': 2026, 'MONTH': 6, 'DAY': 12, 'HOUR': 9, 'MINUTE': 40, 'DATETIME': '2026-06-12 09:40'}
2026-06-12 04:45:09 | INFO     | run                  | ======================================================================
2026-06-12 04:45:09 | INFO     | run                  | 🚀 MARKET DATA SCRAPER - SINGLE EXECUTION
2026-06-12 04:45:09 | INFO     | run                  | ======================================================================
2026-06-12 04:45:09 | INFO     | run                  | Execution Time: 2026-06-12 09:45:09 PKT
2026-06-12 04:45:09 | INFO     | run                  | Configuration:
2026-06-12 04:45:09 | INFO     | run                  |    - Timezone: Asia/Karachi
2026-06-12 04:45:09 | INFO     | run                  |    - Data directory: data
2026-06-12 04:45:09 | INFO     | run                  |    - Log directory: logs
2026-06-12 04:45:09 | INFO     | run                  | ======================================================================
2026-06-12 04:45:09 | INFO     | fetch_data           | Fetching data (Attempt 1/3)...
2026-06-12 04:45:09 | DEBUG    | fetch_data           | Establishing session with https://dps.psx.com.pk/
2026-06-12 04:45:14 | DEBUG    | fetch_data           | Requesting data from https://dps.psx.com.pk/market-watch
2026-06-12 04:45:17 | DEBUG    | fetch_data           | Response status: 200
2026-06-12 04:45:17 | DEBUG    | fetch_data           | Response content type: text/html; charset=utf-8
2026-06-12 04:45:17 | DEBUG    | fetch_data           | Response size: 409388 bytes
2026-06-12 04:45:17 | INFO     | fetch_data           | ✅ Data fetched successfully (Status: 200)
2026-06-12 04:45:17 | DEBUG    | parse_json           | Attempting JSON parsing...
2026-06-12 04:45:17 | DEBUG    | parse_json           | Response preview: <table class="tbl" data-page-length="25"><thead class="tbl__head"><!-- tr--><!--   th(colspan="11")--><!--   th.center(colspan="2", style="width: 110px;") TOTAL BUY ORDERS--><!--   th.center(colspan="2", style="width: 110px;") TOTAL SELL ORDERS--><tr><th data-name="symbol">SYMBOL</th><th data-name="sector">SECTOR</th><th data-name="listed">LISTED IN</th><th class="right" data-name="ldcp">LDCP</th><th class="right" data-name="open">OPEN</th><th class="right" data-name="high">HIGH</th><th class="r
2026-06-12 04:45:17 | WARNING  | parse_json           | ⚠️ JSON parsing failed: Expecting value: line 1 column 1 (char 0)
2026-06-12 04:45:17 | INFO     | run                  | JSON parsing failed, trying HTML fallback...
2026-06-12 04:45:17 | INFO     | parse_html           | Attempting HTML fallback parsing...
2026-06-12 04:45:17 | DEBUG    | parse_html           | Found 1 table(s) in HTML
2026-06-12 04:45:17 | DEBUG    | parse_html           | Table columns: ['SYMBOL', 'SECTOR', 'LISTED IN', 'LDCP', 'OPEN', 'HIGH', 'LOW', 'CURRENT', 'CHANGE', 'CHANGE (%)', 'VOLUME']
2026-06-12 04:45:17 | DEBUG    | parse_html           | Table shape: (429, 11)
2026-06-12 04:45:17 | INFO     | parse_html           | ✅ HTML parsed successfully (429 rows)
2026-06-12 04:45:17 | INFO     | clean_data           | Cleaning data...
2026-06-12 04:45:17 | DEBUG    | clean_data           | Initial shape: (429, 11)
2026-06-12 04:45:17 | DEBUG    | clean_data           | Initial columns: ['SYMBOL', 'SECTOR', 'LISTED IN', 'LDCP', 'OPEN', 'HIGH', 'LOW', 'CURRENT', 'CHANGE', 'CHANGE (%)', 'VOLUME']
2026-06-12 04:45:17 | DEBUG    | clean_data           | Removed 'LISTED IN' column
2026-06-12 04:45:17 | DEBUG    | clean_data           | Converted LDCP from float64 to numeric
2026-06-12 04:45:17 | DEBUG    | clean_data           | Converted OPEN from float64 to numeric
2026-06-12 04:45:17 | DEBUG    | clean_data           | Converted HIGH from float64 to numeric
2026-06-12 04:45:17 | DEBUG    | clean_data           | Converted LOW from float64 to numeric
2026-06-12 04:45:17 | DEBUG    | clean_data           | Converted CURRENT from float64 to numeric
2026-06-12 04:45:17 | DEBUG    | clean_data           | Converted CHANGE from float64 to numeric
2026-06-12 04:45:17 | DEBUG    | clean_data           | Converted CHANGE (%) from str to numeric
2026-06-12 04:45:17 | DEBUG    | clean_data           | Converted VOLUME from int64 to numeric
2026-06-12 04:45:17 | INFO     | clean_data           | ✅ Data cleaned (429 rows, 16 columns)
2026-06-12 04:45:17 | DEBUG    | clean_data           | Final columns: ['SYMBOL', 'SECTOR', 'LDCP', 'OPEN', 'HIGH', 'LOW', 'CURRENT', 'CHANGE', 'CHANGE (%)', 'VOLUME', 'YEAR', 'MONTH', 'DAY', 'HOUR', 'MINUTE', 'DATETIME']
2026-06-12 04:45:17 | DEBUG    | get_file_path        | Generated file path: data/2026/06/2026-06-12.xlsx
2026-06-12 04:45:17 | INFO     | save_data            | Saving data to: data/2026/06/2026-06-12.xlsx
2026-06-12 04:45:17 | DEBUG    | save_data            | Existing file found, merging data...
2026-06-12 04:45:18 | DEBUG    | save_data            | Loaded 14690 existing rows
2026-06-12 04:45:18 | DEBUG    | save_data            | Combined to 15119 rows
2026-06-12 04:45:18 | DEBUG    | save_data            | Writing to temporary file...
2026-06-12 04:45:21 | DEBUG    | save_data            | Data written to temp file: /home/runner/work/Thalorae-BackLioraen/Thalorae-BackLioraen/data/2026/06/tmp3c95anza.xlsx
2026-06-12 04:45:21 | DEBUG    | save_data            | Temp file moved to final location
2026-06-12 04:45:21 | INFO     | save_data            | ✅ Data saved successfully (15119 total rows, 1120668 bytes)
2026-06-12 04:45:21 | INFO     | run                  | ======================================================================
2026-06-12 04:45:21 | INFO     | run                  | 📊 EXECUTION SUMMARY:
2026-06-12 04:45:21 | INFO     | run                  |    ✅ Status: SUCCESS
2026-06-12 04:45:21 | INFO     | run                  |    - Rows processed: 429
2026-06-12 04:45:21 | INFO     | run                  |    - Unique symbols: 429
2026-06-12 04:45:21 | INFO     | run                  |    - Timestamp: 2026-06-12 09:45:09
2026-06-12 04:45:21 | INFO     | run                  |    - File: data/2026/06/2026-06-12.xlsx
2026-06-12 04:45:21 | INFO     | run                  | ======================================================================
2026-06-12 04:45:21 | DEBUG    | run                  | Sample data (first row):
2026-06-12 04:45:21 | DEBUG    | run                  | {'SYMBOL': 'SPSL', 'SECTOR': 821, 'LDCP': 21.66, 'OPEN': 22.5, 'HIGH': 23.45, 'LOW': 22.4, 'CURRENT': 23.26, 'CHANGE': 1.6, 'CHANGE (%)': nan, 'VOLUME': 21034312, 'YEAR': 2026, 'MONTH': 6, 'DAY': 12, 'HOUR': 9, 'MINUTE': 45, 'DATETIME': '2026-06-12 09:45'}
2026-06-12 04:50:21 | INFO     | run                  | ======================================================================
2026-06-12 04:50:21 | INFO     | run                  | 🚀 MARKET DATA SCRAPER - SINGLE EXECUTION
2026-06-12 04:50:21 | INFO     | run                  | ======================================================================
2026-06-12 04:50:21 | INFO     | run                  | Execution Time: 2026-06-12 09:50:21 PKT
2026-06-12 04:50:21 | INFO     | run                  | Configuration:
2026-06-12 04:50:21 | INFO     | run                  |    - Timezone: Asia/Karachi
2026-06-12 04:50:21 | INFO     | run                  |    - Data directory: data
2026-06-12 04:50:21 | INFO     | run                  |    - Log directory: logs
2026-06-12 04:50:21 | INFO     | run                  | ======================================================================
2026-06-12 04:50:21 | INFO     | fetch_data           | Fetching data (Attempt 1/3)...
2026-06-12 04:50:21 | DEBUG    | fetch_data           | Establishing session with https://dps.psx.com.pk/
2026-06-12 04:50:24 | DEBUG    | fetch_data           | Requesting data from https://dps.psx.com.pk/market-watch
2026-06-12 04:50:25 | DEBUG    | fetch_data           | Response status: 200
2026-06-12 04:50:25 | DEBUG    | fetch_data           | Response content type: text/html; charset=utf-8
2026-06-12 04:50:25 | DEBUG    | fetch_data           | Response size: 418985 bytes
2026-06-12 04:50:25 | INFO     | fetch_data           | ✅ Data fetched successfully (Status: 200)
2026-06-12 04:50:25 | DEBUG    | parse_json           | Attempting JSON parsing...
2026-06-12 04:50:25 | DEBUG    | parse_json           | Response preview: <table class="tbl" data-page-length="25"><thead class="tbl__head"><!-- tr--><!--   th(colspan="11")--><!--   th.center(colspan="2", style="width: 110px;") TOTAL BUY ORDERS--><!--   th.center(colspan="2", style="width: 110px;") TOTAL SELL ORDERS--><tr><th data-name="symbol">SYMBOL</th><th data-name="sector">SECTOR</th><th data-name="listed">LISTED IN</th><th class="right" data-name="ldcp">LDCP</th><th class="right" data-name="open">OPEN</th><th class="right" data-name="high">HIGH</th><th class="r
2026-06-12 04:50:25 | WARNING  | parse_json           | ⚠️ JSON parsing failed: Expecting value: line 1 column 1 (char 0)
2026-06-12 04:50:25 | INFO     | run                  | JSON parsing failed, trying HTML fallback...
2026-06-12 04:50:25 | INFO     | parse_html           | Attempting HTML fallback parsing...
2026-06-12 04:50:26 | DEBUG    | parse_html           | Found 1 table(s) in HTML
2026-06-12 04:50:26 | DEBUG    | parse_html           | Table columns: ['SYMBOL', 'SECTOR', 'LISTED IN', 'LDCP', 'OPEN', 'HIGH', 'LOW', 'CURRENT', 'CHANGE', 'CHANGE (%)', 'VOLUME']
2026-06-12 04:50:26 | DEBUG    | parse_html           | Table shape: (439, 11)
2026-06-12 04:50:26 | INFO     | parse_html           | ✅ HTML parsed successfully (439 rows)
2026-06-12 04:50:26 | INFO     | clean_data           | Cleaning data...
2026-06-12 04:50:26 | DEBUG    | clean_data           | Initial shape: (439, 11)
2026-06-12 04:50:26 | DEBUG    | clean_data           | Initial columns: ['SYMBOL', 'SECTOR', 'LISTED IN', 'LDCP', 'OPEN', 'HIGH', 'LOW', 'CURRENT', 'CHANGE', 'CHANGE (%)', 'VOLUME']
2026-06-12 04:50:26 | DEBUG    | clean_data           | Removed 'LISTED IN' column
2026-06-12 04:50:26 | DEBUG    | clean_data           | Converted LDCP from float64 to numeric
2026-06-12 04:50:26 | DEBUG    | clean_data           | Converted OPEN from float64 to numeric
2026-06-12 04:50:26 | DEBUG    | clean_data           | Converted HIGH from float64 to numeric
2026-06-12 04:50:26 | DEBUG    | clean_data           | Converted LOW from float64 to numeric
2026-06-12 04:50:26 | DEBUG    | clean_data           | Converted CURRENT from float64 to numeric
2026-06-12 04:50:26 | DEBUG    | clean_data           | Converted CHANGE from float64 to numeric
2026-06-12 04:50:26 | DEBUG    | clean_data           | Converted CHANGE (%) from str to numeric
2026-06-12 04:50:26 | DEBUG    | clean_data           | Converted VOLUME from int64 to numeric
2026-06-12 04:50:26 | INFO     | clean_data           | ✅ Data cleaned (439 rows, 16 columns)
2026-06-12 04:50:26 | DEBUG    | clean_data           | Final columns: ['SYMBOL', 'SECTOR', 'LDCP', 'OPEN', 'HIGH', 'LOW', 'CURRENT', 'CHANGE', 'CHANGE (%)', 'VOLUME', 'YEAR', 'MONTH', 'DAY', 'HOUR', 'MINUTE', 'DATETIME']
2026-06-12 04:50:26 | DEBUG    | get_file_path        | Generated file path: data/2026/06/2026-06-12.xlsx
2026-06-12 04:50:26 | INFO     | save_data            | Saving data to: data/2026/06/2026-06-12.xlsx
2026-06-12 04:50:26 | DEBUG    | save_data            | Existing file found, merging data...
2026-06-12 04:50:27 | DEBUG    | save_data            | Loaded 15119 existing rows
2026-06-12 04:50:27 | DEBUG    | save_data            | Combined to 15558 rows
2026-06-12 04:50:27 | DEBUG    | save_data            | Writing to temporary file...
2026-06-12 04:50:30 | DEBUG    | save_data            | Data written to temp file: /home/runner/work/Thalorae-BackLioraen/Thalorae-BackLioraen/data/2026/06/tmpdd1bcb9_.xlsx
2026-06-12 04:50:30 | DEBUG    | save_data            | Temp file moved to final location
2026-06-12 04:50:30 | INFO     | save_data            | ✅ Data saved successfully (15558 total rows, 1152531 bytes)
2026-06-12 04:50:30 | INFO     | run                  | ======================================================================
2026-06-12 04:50:30 | INFO     | run                  | 📊 EXECUTION SUMMARY:
2026-06-12 04:50:30 | INFO     | run                  |    ✅ Status: SUCCESS
2026-06-12 04:50:30 | INFO     | run                  |    - Rows processed: 439
2026-06-12 04:50:30 | INFO     | run                  |    - Unique symbols: 439
2026-06-12 04:50:30 | INFO     | run                  |    - Timestamp: 2026-06-12 09:50:21
2026-06-12 04:50:30 | INFO     | run                  |    - File: data/2026/06/2026-06-12.xlsx
2026-06-12 04:50:30 | INFO     | run                  | ======================================================================
2026-06-12 04:50:30 | DEBUG    | run                  | Sample data (first row):
2026-06-12 04:50:30 | DEBUG    | run                  | {'SYMBOL': 'SPSL', 'SECTOR': 821, 'LDCP': 21.66, 'OPEN': 22.5, 'HIGH': 23.45, 'LOW': 22.4, 'CURRENT': 23.25, 'CHANGE': 1.59, 'CHANGE (%)': nan, 'VOLUME': 22234011, 'YEAR': 2026, 'MONTH': 6, 'DAY': 12, 'HOUR': 9, 'MINUTE': 50, 'DATETIME': '2026-06-12 09:50'}
2026-06-12 04:55:30 | INFO     | run                  | ======================================================================
2026-06-12 04:55:30 | INFO     | run                  | 🚀 MARKET DATA SCRAPER - SINGLE EXECUTION
2026-06-12 04:55:30 | INFO     | run                  | ======================================================================
2026-06-12 04:55:30 | INFO     | run                  | Execution Time: 2026-06-12 09:55:30 PKT
2026-06-12 04:55:30 | INFO     | run                  | Configuration:
2026-06-12 04:55:30 | INFO     | run                  |    - Timezone: Asia/Karachi
2026-06-12 04:55:30 | INFO     | run                  |    - Data directory: data
2026-06-12 04:55:30 | INFO     | run                  |    - Log directory: logs
2026-06-12 04:55:30 | INFO     | run                  | ======================================================================
2026-06-12 04:55:30 | INFO     | fetch_data           | Fetching data (Attempt 1/3)...
2026-06-12 04:55:30 | DEBUG    | fetch_data           | Establishing session with https://dps.psx.com.pk/
2026-06-12 04:55:35 | DEBUG    | fetch_data           | Requesting data from https://dps.psx.com.pk/market-watch
2026-06-12 04:55:36 | DEBUG    | fetch_data           | Response status: 200
2026-06-12 04:55:36 | DEBUG    | fetch_data           | Response content type: text/html; charset=utf-8
2026-06-12 04:55:36 | DEBUG    | fetch_data           | Response size: 422833 bytes
2026-06-12 04:55:36 | INFO     | fetch_data           | ✅ Data fetched successfully (Status: 200)
2026-06-12 04:55:36 | DEBUG    | parse_json           | Attempting JSON parsing...
2026-06-12 04:55:36 | DEBUG    | parse_json           | Response preview: <table class="tbl" data-page-length="25"><thead class="tbl__head"><!-- tr--><!--   th(colspan="11")--><!--   th.center(colspan="2", style="width: 110px;") TOTAL BUY ORDERS--><!--   th.center(colspan="2", style="width: 110px;") TOTAL SELL ORDERS--><tr><th data-name="symbol">SYMBOL</th><th data-name="sector">SECTOR</th><th data-name="listed">LISTED IN</th><th class="right" data-name="ldcp">LDCP</th><th class="right" data-name="open">OPEN</th><th class="right" data-name="high">HIGH</th><th class="r
2026-06-12 04:55:36 | WARNING  | parse_json           | ⚠️ JSON parsing failed: Expecting value: line 1 column 1 (char 0)
2026-06-12 04:55:36 | INFO     | run                  | JSON parsing failed, trying HTML fallback...
2026-06-12 04:55:36 | INFO     | parse_html           | Attempting HTML fallback parsing...
2026-06-12 04:55:36 | DEBUG    | parse_html           | Found 1 table(s) in HTML
2026-06-12 04:55:36 | DEBUG    | parse_html           | Table columns: ['SYMBOL', 'SECTOR', 'LISTED IN', 'LDCP', 'OPEN', 'HIGH', 'LOW', 'CURRENT', 'CHANGE', 'CHANGE (%)', 'VOLUME']
2026-06-12 04:55:36 | DEBUG    | parse_html           | Table shape: (443, 11)
2026-06-12 04:55:36 | INFO     | parse_html           | ✅ HTML parsed successfully (443 rows)
2026-06-12 04:55:36 | INFO     | clean_data           | Cleaning data...
2026-06-12 04:55:36 | DEBUG    | clean_data           | Initial shape: (443, 11)
2026-06-12 04:55:36 | DEBUG    | clean_data           | Initial columns: ['SYMBOL', 'SECTOR', 'LISTED IN', 'LDCP', 'OPEN', 'HIGH', 'LOW', 'CURRENT', 'CHANGE', 'CHANGE (%)', 'VOLUME']
2026-06-12 04:55:36 | DEBUG    | clean_data           | Removed 'LISTED IN' column
2026-06-12 04:55:36 | DEBUG    | clean_data           | Converted LDCP from float64 to numeric
2026-06-12 04:55:36 | DEBUG    | clean_data           | Converted OPEN from float64 to numeric
2026-06-12 04:55:36 | DEBUG    | clean_data           | Converted HIGH from float64 to numeric
2026-06-12 04:55:36 | DEBUG    | clean_data           | Converted LOW from float64 to numeric
2026-06-12 04:55:36 | DEBUG    | clean_data           | Converted CURRENT from float64 to numeric
2026-06-12 04:55:36 | DEBUG    | clean_data           | Converted CHANGE from float64 to numeric
2026-06-12 04:55:36 | DEBUG    | clean_data           | Converted CHANGE (%) from str to numeric
2026-06-12 04:55:36 | DEBUG    | clean_data           | Converted VOLUME from int64 to numeric
2026-06-12 04:55:36 | INFO     | clean_data           | ✅ Data cleaned (443 rows, 16 columns)
2026-06-12 04:55:36 | DEBUG    | clean_data           | Final columns: ['SYMBOL', 'SECTOR', 'LDCP', 'OPEN', 'HIGH', 'LOW', 'CURRENT', 'CHANGE', 'CHANGE (%)', 'VOLUME', 'YEAR', 'MONTH', 'DAY', 'HOUR', 'MINUTE', 'DATETIME']
2026-06-12 04:55:36 | DEBUG    | get_file_path        | Generated file path: data/2026/06/2026-06-12.xlsx
2026-06-12 04:55:36 | INFO     | save_data            | Saving data to: data/2026/06/2026-06-12.xlsx
2026-06-12 04:55:36 | DEBUG    | save_data            | Existing file found, merging data...
2026-06-12 04:55:37 | DEBUG    | save_data            | Loaded 15558 existing rows
2026-06-12 04:55:37 | DEBUG    | save_data            | Combined to 16001 rows
2026-06-12 04:55:37 | DEBUG    | save_data            | Writing to temporary file...
2026-06-12 04:55:40 | DEBUG    | save_data            | Data written to temp file: /home/runner/work/Thalorae-BackLioraen/Thalorae-BackLioraen/data/2026/06/tmpgtwhwqgv.xlsx
2026-06-12 04:55:40 | DEBUG    | save_data            | Temp file moved to final location
2026-06-12 04:55:40 | INFO     | save_data            | ✅ Data saved successfully (16001 total rows, 1184934 bytes)
2026-06-12 04:55:40 | INFO     | run                  | ======================================================================
2026-06-12 04:55:40 | INFO     | run                  | 📊 EXECUTION SUMMARY:
2026-06-12 04:55:40 | INFO     | run                  |    ✅ Status: SUCCESS
2026-06-12 04:55:40 | INFO     | run                  |    - Rows processed: 443
2026-06-12 04:55:40 | INFO     | run                  |    - Unique symbols: 443
2026-06-12 04:55:40 | INFO     | run                  |    - Timestamp: 2026-06-12 09:55:30
2026-06-12 04:55:40 | INFO     | run                  |    - File: data/2026/06/2026-06-12.xlsx
2026-06-12 04:55:40 | INFO     | run                  | ======================================================================
2026-06-12 04:55:40 | DEBUG    | run                  | Sample data (first row):
2026-06-12 04:55:40 | DEBUG    | run                  | {'SYMBOL': 'SPSL', 'SECTOR': 821, 'LDCP': 21.66, 'OPEN': 22.5, 'HIGH': 23.45, 'LOW': 22.4, 'CURRENT': 23.23, 'CHANGE': 1.57, 'CHANGE (%)': nan, 'VOLUME': 22793227, 'YEAR': 2026, 'MONTH': 6, 'DAY': 12, 'HOUR': 9, 'MINUTE': 55, 'DATETIME': '2026-06-12 09:55'}
2026-06-12 05:00:41 | INFO     | run                  | ======================================================================
2026-06-12 05:00:41 | INFO     | run                  | 🚀 MARKET DATA SCRAPER - SINGLE EXECUTION
2026-06-12 05:00:41 | INFO     | run                  | ======================================================================
2026-06-12 05:00:41 | INFO     | run                  | Execution Time: 2026-06-12 10:00:41 PKT
2026-06-12 05:00:41 | INFO     | run                  | Configuration:
2026-06-12 05:00:41 | INFO     | run                  |    - Timezone: Asia/Karachi
2026-06-12 05:00:41 | INFO     | run                  |    - Data directory: data
2026-06-12 05:00:41 | INFO     | run                  |    - Log directory: logs
2026-06-12 05:00:41 | INFO     | run                  | ======================================================================
2026-06-12 05:00:41 | INFO     | fetch_data           | Fetching data (Attempt 1/3)...
2026-06-12 05:00:41 | DEBUG    | fetch_data           | Establishing session with https://dps.psx.com.pk/
2026-06-12 05:00:44 | DEBUG    | fetch_data           | Requesting data from https://dps.psx.com.pk/market-watch
2026-06-12 05:00:46 | DEBUG    | fetch_data           | Response status: 200
2026-06-12 05:00:46 | DEBUG    | fetch_data           | Response content type: text/html; charset=utf-8
2026-06-12 05:00:46 | DEBUG    | fetch_data           | Response size: 430569 bytes
2026-06-12 05:00:46 | INFO     | fetch_data           | ✅ Data fetched successfully (Status: 200)
2026-06-12 05:00:46 | DEBUG    | parse_json           | Attempting JSON parsing...
2026-06-12 05:00:46 | DEBUG    | parse_json           | Response preview: <table class="tbl" data-page-length="25"><thead class="tbl__head"><!-- tr--><!--   th(colspan="11")--><!--   th.center(colspan="2", style="width: 110px;") TOTAL BUY ORDERS--><!--   th.center(colspan="2", style="width: 110px;") TOTAL SELL ORDERS--><tr><th data-name="symbol">SYMBOL</th><th data-name="sector">SECTOR</th><th data-name="listed">LISTED IN</th><th class="right" data-name="ldcp">LDCP</th><th class="right" data-name="open">OPEN</th><th class="right" data-name="high">HIGH</th><th class="r
2026-06-12 05:00:46 | WARNING  | parse_json           | ⚠️ JSON parsing failed: Expecting value: line 1 column 1 (char 0)
2026-06-12 05:00:46 | INFO     | run                  | JSON parsing failed, trying HTML fallback...
2026-06-12 05:00:46 | INFO     | parse_html           | Attempting HTML fallback parsing...
2026-06-12 05:00:46 | DEBUG    | parse_html           | Found 1 table(s) in HTML
2026-06-12 05:00:46 | DEBUG    | parse_html           | Table columns: ['SYMBOL', 'SECTOR', 'LISTED IN', 'LDCP', 'OPEN', 'HIGH', 'LOW', 'CURRENT', 'CHANGE', 'CHANGE (%)', 'VOLUME']
2026-06-12 05:00:46 | DEBUG    | parse_html           | Table shape: (451, 11)
2026-06-12 05:00:46 | INFO     | parse_html           | ✅ HTML parsed successfully (451 rows)
2026-06-12 05:00:46 | INFO     | clean_data           | Cleaning data...
2026-06-12 05:00:46 | DEBUG    | clean_data           | Initial shape: (451, 11)
2026-06-12 05:00:46 | DEBUG    | clean_data           | Initial columns: ['SYMBOL', 'SECTOR', 'LISTED IN', 'LDCP', 'OPEN', 'HIGH', 'LOW', 'CURRENT', 'CHANGE', 'CHANGE (%)', 'VOLUME']
2026-06-12 05:00:46 | DEBUG    | clean_data           | Removed 'LISTED IN' column
2026-06-12 05:00:46 | DEBUG    | clean_data           | Converted LDCP from float64 to numeric
2026-06-12 05:00:46 | DEBUG    | clean_data           | Converted OPEN from float64 to numeric
2026-06-12 05:00:46 | DEBUG    | clean_data           | Converted HIGH from float64 to numeric
2026-06-12 05:00:46 | DEBUG    | clean_data           | Converted LOW from float64 to numeric
2026-06-12 05:00:46 | DEBUG    | clean_data           | Converted CURRENT from float64 to numeric
2026-06-12 05:00:46 | DEBUG    | clean_data           | Converted CHANGE from float64 to numeric
2026-06-12 05:00:46 | DEBUG    | clean_data           | Converted CHANGE (%) from str to numeric
2026-06-12 05:00:46 | DEBUG    | clean_data           | Converted VOLUME from int64 to numeric
2026-06-12 05:00:46 | INFO     | clean_data           | ✅ Data cleaned (451 rows, 16 columns)
2026-06-12 05:00:46 | DEBUG    | clean_data           | Final columns: ['SYMBOL', 'SECTOR', 'LDCP', 'OPEN', 'HIGH', 'LOW', 'CURRENT', 'CHANGE', 'CHANGE (%)', 'VOLUME', 'YEAR', 'MONTH', 'DAY', 'HOUR', 'MINUTE', 'DATETIME']
2026-06-12 05:00:46 | DEBUG    | get_file_path        | Generated file path: data/2026/06/2026-06-12.xlsx
2026-06-12 05:00:46 | INFO     | save_data            | Saving data to: data/2026/06/2026-06-12.xlsx
2026-06-12 05:00:46 | DEBUG    | save_data            | Existing file found, merging data...
2026-06-12 05:00:47 | DEBUG    | save_data            | Loaded 16001 existing rows
2026-06-12 05:00:47 | DEBUG    | save_data            | Combined to 16452 rows
2026-06-12 05:00:47 | DEBUG    | save_data            | Writing to temporary file...
2026-06-12 05:00:50 | DEBUG    | save_data            | Data written to temp file: /home/runner/work/Thalorae-BackLioraen/Thalorae-BackLioraen/data/2026/06/tmpogkqdvxs.xlsx
2026-06-12 05:00:50 | DEBUG    | save_data            | Temp file moved to final location
2026-06-12 05:00:50 | INFO     | save_data            | ✅ Data saved successfully (16452 total rows, 1217941 bytes)
2026-06-12 05:00:50 | INFO     | run                  | ======================================================================
2026-06-12 05:00:50 | INFO     | run                  | 📊 EXECUTION SUMMARY:
2026-06-12 05:00:50 | INFO     | run                  |    ✅ Status: SUCCESS
2026-06-12 05:00:50 | INFO     | run                  |    - Rows processed: 451
2026-06-12 05:00:50 | INFO     | run                  |    - Unique symbols: 451
2026-06-12 05:00:50 | INFO     | run                  |    - Timestamp: 2026-06-12 10:00:41
2026-06-12 05:00:50 | INFO     | run                  |    - File: data/2026/06/2026-06-12.xlsx
2026-06-12 05:00:50 | INFO     | run                  | ======================================================================
2026-06-12 05:00:50 | DEBUG    | run                  | Sample data (first row):
2026-06-12 05:00:50 | DEBUG    | run                  | {'SYMBOL': 'SPSL', 'SECTOR': 821, 'LDCP': 21.66, 'OPEN': 22.5, 'HIGH': 23.45, 'LOW': 22.4, 'CURRENT': 23.13, 'CHANGE': 1.47, 'CHANGE (%)': nan, 'VOLUME': 23249701, 'YEAR': 2026, 'MONTH': 6, 'DAY': 12, 'HOUR': 10, 'MINUTE': 0, 'DATETIME': '2026-06-12 10:00'}
2026-06-12 05:05:51 | INFO     | run                  | ======================================================================
2026-06-12 05:05:51 | INFO     | run                  | 🚀 MARKET DATA SCRAPER - SINGLE EXECUTION
2026-06-12 05:05:51 | INFO     | run                  | ======================================================================
2026-06-12 05:05:51 | INFO     | run                  | Execution Time: 2026-06-12 10:05:51 PKT
2026-06-12 05:05:51 | INFO     | run                  | Configuration:
2026-06-12 05:05:51 | INFO     | run                  |    - Timezone: Asia/Karachi
2026-06-12 05:05:51 | INFO     | run                  |    - Data directory: data
2026-06-12 05:05:51 | INFO     | run                  |    - Log directory: logs
2026-06-12 05:05:51 | INFO     | run                  | ======================================================================
2026-06-12 05:05:51 | INFO     | fetch_data           | Fetching data (Attempt 1/3)...
2026-06-12 05:05:51 | DEBUG    | fetch_data           | Establishing session with https://dps.psx.com.pk/
2026-06-12 05:05:55 | DEBUG    | fetch_data           | Requesting data from https://dps.psx.com.pk/market-watch
2026-06-12 05:05:56 | DEBUG    | fetch_data           | Response status: 200
2026-06-12 05:05:56 | DEBUG    | fetch_data           | Response content type: text/html; charset=utf-8
2026-06-12 05:05:56 | DEBUG    | fetch_data           | Response size: 433561 bytes
2026-06-12 05:05:56 | INFO     | fetch_data           | ✅ Data fetched successfully (Status: 200)
2026-06-12 05:05:56 | DEBUG    | parse_json           | Attempting JSON parsing...
2026-06-12 05:05:56 | DEBUG    | parse_json           | Response preview: <table class="tbl" data-page-length="25"><thead class="tbl__head"><!-- tr--><!--   th(colspan="11")--><!--   th.center(colspan="2", style="width: 110px;") TOTAL BUY ORDERS--><!--   th.center(colspan="2", style="width: 110px;") TOTAL SELL ORDERS--><tr><th data-name="symbol">SYMBOL</th><th data-name="sector">SECTOR</th><th data-name="listed">LISTED IN</th><th class="right" data-name="ldcp">LDCP</th><th class="right" data-name="open">OPEN</th><th class="right" data-name="high">HIGH</th><th class="r
2026-06-12 05:05:56 | WARNING  | parse_json           | ⚠️ JSON parsing failed: Expecting value: line 1 column 1 (char 0)
2026-06-12 05:05:56 | INFO     | run                  | JSON parsing failed, trying HTML fallback...
2026-06-12 05:05:56 | INFO     | parse_html           | Attempting HTML fallback parsing...
2026-06-12 05:05:57 | DEBUG    | parse_html           | Found 1 table(s) in HTML
2026-06-12 05:05:57 | DEBUG    | parse_html           | Table columns: ['SYMBOL', 'SECTOR', 'LISTED IN', 'LDCP', 'OPEN', 'HIGH', 'LOW', 'CURRENT', 'CHANGE', 'CHANGE (%)', 'VOLUME']
2026-06-12 05:05:57 | DEBUG    | parse_html           | Table shape: (454, 11)
2026-06-12 05:05:57 | INFO     | parse_html           | ✅ HTML parsed successfully (454 rows)
2026-06-12 05:05:57 | INFO     | clean_data           | Cleaning data...
2026-06-12 05:05:57 | DEBUG    | clean_data           | Initial shape: (454, 11)
2026-06-12 05:05:57 | DEBUG    | clean_data           | Initial columns: ['SYMBOL', 'SECTOR', 'LISTED IN', 'LDCP', 'OPEN', 'HIGH', 'LOW', 'CURRENT', 'CHANGE', 'CHANGE (%)', 'VOLUME']
2026-06-12 05:05:57 | DEBUG    | clean_data           | Removed 'LISTED IN' column
2026-06-12 05:05:57 | DEBUG    | clean_data           | Converted LDCP from float64 to numeric
2026-06-12 05:05:57 | DEBUG    | clean_data           | Converted OPEN from float64 to numeric
2026-06-12 05:05:57 | DEBUG    | clean_data           | Converted HIGH from float64 to numeric
2026-06-12 05:05:57 | DEBUG    | clean_data           | Converted LOW from float64 to numeric
2026-06-12 05:05:57 | DEBUG    | clean_data           | Converted CURRENT from float64 to numeric
2026-06-12 05:05:57 | DEBUG    | clean_data           | Converted CHANGE from float64 to numeric
2026-06-12 05:05:57 | DEBUG    | clean_data           | Converted CHANGE (%) from str to numeric
2026-06-12 05:05:57 | DEBUG    | clean_data           | Converted VOLUME from int64 to numeric
2026-06-12 05:05:57 | INFO     | clean_data           | ✅ Data cleaned (454 rows, 16 columns)
2026-06-12 05:05:57 | DEBUG    | clean_data           | Final columns: ['SYMBOL', 'SECTOR', 'LDCP', 'OPEN', 'HIGH', 'LOW', 'CURRENT', 'CHANGE', 'CHANGE (%)', 'VOLUME', 'YEAR', 'MONTH', 'DAY', 'HOUR', 'MINUTE', 'DATETIME']
2026-06-12 05:05:57 | DEBUG    | get_file_path        | Generated file path: data/2026/06/2026-06-12.xlsx
2026-06-12 05:05:57 | INFO     | save_data            | Saving data to: data/2026/06/2026-06-12.xlsx
2026-06-12 05:05:57 | DEBUG    | save_data            | Existing file found, merging data...
2026-06-12 05:05:58 | DEBUG    | save_data            | Loaded 16452 existing rows
2026-06-12 05:05:58 | DEBUG    | save_data            | Combined to 16906 rows
2026-06-12 05:05:58 | DEBUG    | save_data            | Writing to temporary file...
2026-06-12 05:06:01 | DEBUG    | save_data            | Data written to temp file: /home/runner/work/Thalorae-BackLioraen/Thalorae-BackLioraen/data/2026/06/tmpfz3kjfvn.xlsx
2026-06-12 05:06:01 | DEBUG    | save_data            | Temp file moved to final location
2026-06-12 05:06:01 | INFO     | save_data            | ✅ Data saved successfully (16906 total rows, 1251181 bytes)
2026-06-12 05:06:01 | INFO     | run                  | ======================================================================
2026-06-12 05:06:01 | INFO     | run                  | 📊 EXECUTION SUMMARY:
2026-06-12 05:06:01 | INFO     | run                  |    ✅ Status: SUCCESS
2026-06-12 05:06:01 | INFO     | run                  |    - Rows processed: 454
2026-06-12 05:06:01 | INFO     | run                  |    - Unique symbols: 454
2026-06-12 05:06:01 | INFO     | run                  |    - Timestamp: 2026-06-12 10:05:51
2026-06-12 05:06:01 | INFO     | run                  |    - File: data/2026/06/2026-06-12.xlsx
2026-06-12 05:06:01 | INFO     | run                  | ======================================================================
2026-06-12 05:06:01 | DEBUG    | run                  | Sample data (first row):
2026-06-12 05:06:01 | DEBUG    | run                  | {'SYMBOL': 'SPSL', 'SECTOR': 821, 'LDCP': 21.66, 'OPEN': 22.5, 'HIGH': 23.45, 'LOW': 22.4, 'CURRENT': 22.95, 'CHANGE': 1.29, 'CHANGE (%)': nan, 'VOLUME': 24531018, 'YEAR': 2026, 'MONTH': 6, 'DAY': 12, 'HOUR': 10, 'MINUTE': 5, 'DATETIME': '2026-06-12 10:05'}
2026-06-12 05:11:02 | INFO     | run                  | ======================================================================
2026-06-12 05:11:02 | INFO     | run                  | 🚀 MARKET DATA SCRAPER - SINGLE EXECUTION
2026-06-12 05:11:02 | INFO     | run                  | ======================================================================
2026-06-12 05:11:02 | INFO     | run                  | Execution Time: 2026-06-12 10:11:02 PKT
2026-06-12 05:11:02 | INFO     | run                  | Configuration:
2026-06-12 05:11:02 | INFO     | run                  |    - Timezone: Asia/Karachi
2026-06-12 05:11:02 | INFO     | run                  |    - Data directory: data
2026-06-12 05:11:02 | INFO     | run                  |    - Log directory: logs
2026-06-12 05:11:02 | INFO     | run                  | ======================================================================
2026-06-12 05:11:02 | INFO     | fetch_data           | Fetching data (Attempt 1/3)...
2026-06-12 05:11:02 | DEBUG    | fetch_data           | Establishing session with https://dps.psx.com.pk/
2026-06-12 05:11:05 | DEBUG    | fetch_data           | Requesting data from https://dps.psx.com.pk/market-watch
2026-06-12 05:11:06 | DEBUG    | fetch_data           | Response status: 200
2026-06-12 05:11:06 | DEBUG    | fetch_data           | Response content type: text/html; charset=utf-8
2026-06-12 05:11:06 | DEBUG    | fetch_data           | Response size: 435393 bytes
2026-06-12 05:11:06 | INFO     | fetch_data           | ✅ Data fetched successfully (Status: 200)
2026-06-12 05:11:06 | DEBUG    | parse_json           | Attempting JSON parsing...
2026-06-12 05:11:06 | DEBUG    | parse_json           | Response preview: <table class="tbl" data-page-length="25"><thead class="tbl__head"><!-- tr--><!--   th(colspan="11")--><!--   th.center(colspan="2", style="width: 110px;") TOTAL BUY ORDERS--><!--   th.center(colspan="2", style="width: 110px;") TOTAL SELL ORDERS--><tr><th data-name="symbol">SYMBOL</th><th data-name="sector">SECTOR</th><th data-name="listed">LISTED IN</th><th class="right" data-name="ldcp">LDCP</th><th class="right" data-name="open">OPEN</th><th class="right" data-name="high">HIGH</th><th class="r
2026-06-12 05:11:06 | WARNING  | parse_json           | ⚠️ JSON parsing failed: Expecting value: line 1 column 1 (char 0)
2026-06-12 05:11:06 | INFO     | run                  | JSON parsing failed, trying HTML fallback...
2026-06-12 05:11:06 | INFO     | parse_html           | Attempting HTML fallback parsing...
2026-06-12 05:11:06 | DEBUG    | parse_html           | Found 1 table(s) in HTML
2026-06-12 05:11:06 | DEBUG    | parse_html           | Table columns: ['SYMBOL', 'SECTOR', 'LISTED IN', 'LDCP', 'OPEN', 'HIGH', 'LOW', 'CURRENT', 'CHANGE', 'CHANGE (%)', 'VOLUME']
2026-06-12 05:11:06 | DEBUG    | parse_html           | Table shape: (456, 11)
2026-06-12 05:11:06 | INFO     | parse_html           | ✅ HTML parsed successfully (456 rows)
2026-06-12 05:11:06 | INFO     | clean_data           | Cleaning data...
2026-06-12 05:11:06 | DEBUG    | clean_data           | Initial shape: (456, 11)
2026-06-12 05:11:06 | DEBUG    | clean_data           | Initial columns: ['SYMBOL', 'SECTOR', 'LISTED IN', 'LDCP', 'OPEN', 'HIGH', 'LOW', 'CURRENT', 'CHANGE', 'CHANGE (%)', 'VOLUME']
2026-06-12 05:11:06 | DEBUG    | clean_data           | Removed 'LISTED IN' column
2026-06-12 05:11:06 | DEBUG    | clean_data           | Converted LDCP from float64 to numeric
2026-06-12 05:11:06 | DEBUG    | clean_data           | Converted OPEN from float64 to numeric
2026-06-12 05:11:06 | DEBUG    | clean_data           | Converted HIGH from float64 to numeric
2026-06-12 05:11:06 | DEBUG    | clean_data           | Converted LOW from float64 to numeric
2026-06-12 05:11:06 | DEBUG    | clean_data           | Converted CURRENT from float64 to numeric
2026-06-12 05:11:06 | DEBUG    | clean_data           | Converted CHANGE from float64 to numeric
2026-06-12 05:11:06 | DEBUG    | clean_data           | Converted CHANGE (%) from str to numeric
2026-06-12 05:11:06 | DEBUG    | clean_data           | Converted VOLUME from int64 to numeric
2026-06-12 05:11:06 | INFO     | clean_data           | ✅ Data cleaned (456 rows, 16 columns)
2026-06-12 05:11:06 | DEBUG    | clean_data           | Final columns: ['SYMBOL', 'SECTOR', 'LDCP', 'OPEN', 'HIGH', 'LOW', 'CURRENT', 'CHANGE', 'CHANGE (%)', 'VOLUME', 'YEAR', 'MONTH', 'DAY', 'HOUR', 'MINUTE', 'DATETIME']
2026-06-12 05:11:06 | DEBUG    | get_file_path        | Generated file path: data/2026/06/2026-06-12.xlsx
2026-06-12 05:11:06 | INFO     | save_data            | Saving data to: data/2026/06/2026-06-12.xlsx
2026-06-12 05:11:06 | DEBUG    | save_data            | Existing file found, merging data...
2026-06-12 05:11:08 | DEBUG    | save_data            | Loaded 16906 existing rows
2026-06-12 05:11:08 | DEBUG    | save_data            | Combined to 17362 rows
2026-06-12 05:11:08 | DEBUG    | save_data            | Writing to temporary file...
2026-06-12 05:11:11 | DEBUG    | save_data            | Data written to temp file: /home/runner/work/Thalorae-BackLioraen/Thalorae-BackLioraen/data/2026/06/tmpaxd5qzhg.xlsx
2026-06-12 05:11:11 | DEBUG    | save_data            | Temp file moved to final location
2026-06-12 05:11:11 | INFO     | save_data            | ✅ Data saved successfully (17362 total rows, 1284646 bytes)
2026-06-12 05:11:11 | INFO     | run                  | ======================================================================
2026-06-12 05:11:11 | INFO     | run                  | 📊 EXECUTION SUMMARY:
2026-06-12 05:11:11 | INFO     | run                  |    ✅ Status: SUCCESS
2026-06-12 05:11:11 | INFO     | run                  |    - Rows processed: 456
2026-06-12 05:11:11 | INFO     | run                  |    - Unique symbols: 456
2026-06-12 05:11:11 | INFO     | run                  |    - Timestamp: 2026-06-12 10:11:02
2026-06-12 05:11:11 | INFO     | run                  |    - File: data/2026/06/2026-06-12.xlsx
2026-06-12 05:11:11 | INFO     | run                  | ======================================================================
2026-06-12 05:11:11 | DEBUG    | run                  | Sample data (first row):
2026-06-12 05:11:11 | DEBUG    | run                  | {'SYMBOL': 'SPSL', 'SECTOR': 821, 'LDCP': 21.66, 'OPEN': 22.5, 'HIGH': 23.45, 'LOW': 22.4, 'CURRENT': 22.85, 'CHANGE': 1.19, 'CHANGE (%)': nan, 'VOLUME': 25701139, 'YEAR': 2026, 'MONTH': 6, 'DAY': 12, 'HOUR': 10, 'MINUTE': 11, 'DATETIME': '2026-06-12 10:11'}
2026-06-12 05:16:11 | INFO     | run                  | ======================================================================
2026-06-12 05:16:11 | INFO     | run                  | 🚀 MARKET DATA SCRAPER - SINGLE EXECUTION
2026-06-12 05:16:11 | INFO     | run                  | ======================================================================
2026-06-12 05:16:11 | INFO     | run                  | Execution Time: 2026-06-12 10:16:11 PKT
2026-06-12 05:16:11 | INFO     | run                  | Configuration:
2026-06-12 05:16:11 | INFO     | run                  |    - Timezone: Asia/Karachi
2026-06-12 05:16:11 | INFO     | run                  |    - Data directory: data
2026-06-12 05:16:11 | INFO     | run                  |    - Log directory: logs
2026-06-12 05:16:11 | INFO     | run                  | ======================================================================
2026-06-12 05:16:11 | INFO     | fetch_data           | Fetching data (Attempt 1/3)...
2026-06-12 05:16:11 | DEBUG    | fetch_data           | Establishing session with https://dps.psx.com.pk/
2026-06-12 05:16:14 | DEBUG    | fetch_data           | Requesting data from https://dps.psx.com.pk/market-watch
2026-06-12 05:16:16 | DEBUG    | fetch_data           | Response status: 200
2026-06-12 05:16:16 | DEBUG    | fetch_data           | Response content type: text/html; charset=utf-8
2026-06-12 05:16:16 | DEBUG    | fetch_data           | Response size: 439596 bytes
2026-06-12 05:16:16 | INFO     | fetch_data           | ✅ Data fetched successfully (Status: 200)
2026-06-12 05:16:16 | DEBUG    | parse_json           | Attempting JSON parsing...
2026-06-12 05:16:16 | DEBUG    | parse_json           | Response preview: <table class="tbl" data-page-length="25"><thead class="tbl__head"><!-- tr--><!--   th(colspan="11")--><!--   th.center(colspan="2", style="width: 110px;") TOTAL BUY ORDERS--><!--   th.center(colspan="2", style="width: 110px;") TOTAL SELL ORDERS--><tr><th data-name="symbol">SYMBOL</th><th data-name="sector">SECTOR</th><th data-name="listed">LISTED IN</th><th class="right" data-name="ldcp">LDCP</th><th class="right" data-name="open">OPEN</th><th class="right" data-name="high">HIGH</th><th class="r
2026-06-12 05:16:16 | WARNING  | parse_json           | ⚠️ JSON parsing failed: Expecting value: line 1 column 1 (char 0)
2026-06-12 05:16:16 | INFO     | run                  | JSON parsing failed, trying HTML fallback...
2026-06-12 05:16:16 | INFO     | parse_html           | Attempting HTML fallback parsing...
2026-06-12 05:16:16 | DEBUG    | parse_html           | Found 1 table(s) in HTML
2026-06-12 05:16:16 | DEBUG    | parse_html           | Table columns: ['SYMBOL', 'SECTOR', 'LISTED IN', 'LDCP', 'OPEN', 'HIGH', 'LOW', 'CURRENT', 'CHANGE', 'CHANGE (%)', 'VOLUME']
2026-06-12 05:16:16 | DEBUG    | parse_html           | Table shape: (460, 11)
2026-06-12 05:16:16 | INFO     | parse_html           | ✅ HTML parsed successfully (460 rows)
2026-06-12 05:16:16 | INFO     | clean_data           | Cleaning data...
2026-06-12 05:16:16 | DEBUG    | clean_data           | Initial shape: (460, 11)
2026-06-12 05:16:16 | DEBUG    | clean_data           | Initial columns: ['SYMBOL', 'SECTOR', 'LISTED IN', 'LDCP', 'OPEN', 'HIGH', 'LOW', 'CURRENT', 'CHANGE', 'CHANGE (%)', 'VOLUME']
2026-06-12 05:16:16 | DEBUG    | clean_data           | Removed 'LISTED IN' column
2026-06-12 05:16:16 | DEBUG    | clean_data           | Converted LDCP from float64 to numeric
2026-06-12 05:16:16 | DEBUG    | clean_data           | Converted OPEN from float64 to numeric
2026-06-12 05:16:16 | DEBUG    | clean_data           | Converted HIGH from float64 to numeric
2026-06-12 05:16:16 | DEBUG    | clean_data           | Converted LOW from float64 to numeric
2026-06-12 05:16:16 | DEBUG    | clean_data           | Converted CURRENT from float64 to numeric
2026-06-12 05:16:16 | DEBUG    | clean_data           | Converted CHANGE from float64 to numeric
2026-06-12 05:16:16 | DEBUG    | clean_data           | Converted CHANGE (%) from str to numeric
2026-06-12 05:16:16 | DEBUG    | clean_data           | Converted VOLUME from int64 to numeric
2026-06-12 05:16:16 | INFO     | clean_data           | ✅ Data cleaned (460 rows, 16 columns)
2026-06-12 05:16:16 | DEBUG    | clean_data           | Final columns: ['SYMBOL', 'SECTOR', 'LDCP', 'OPEN', 'HIGH', 'LOW', 'CURRENT', 'CHANGE', 'CHANGE (%)', 'VOLUME', 'YEAR', 'MONTH', 'DAY', 'HOUR', 'MINUTE', 'DATETIME']
2026-06-12 05:16:16 | DEBUG    | get_file_path        | Generated file path: data/2026/06/2026-06-12.xlsx
2026-06-12 05:16:16 | INFO     | save_data            | Saving data to: data/2026/06/2026-06-12.xlsx
2026-06-12 05:16:16 | DEBUG    | save_data            | Existing file found, merging data...
2026-06-12 05:16:18 | DEBUG    | save_data            | Loaded 17362 existing rows
2026-06-12 05:16:18 | DEBUG    | save_data            | Combined to 17822 rows
2026-06-12 05:16:18 | DEBUG    | save_data            | Writing to temporary file...
2026-06-12 05:16:21 | DEBUG    | save_data            | Data written to temp file: /home/runner/work/Thalorae-BackLioraen/Thalorae-BackLioraen/data/2026/06/tmptn2rqb4z.xlsx
2026-06-12 05:16:21 | DEBUG    | save_data            | Temp file moved to final location
2026-06-12 05:16:21 | INFO     | save_data            | ✅ Data saved successfully (17822 total rows, 1318402 bytes)
2026-06-12 05:16:21 | INFO     | run                  | ======================================================================
2026-06-12 05:16:21 | INFO     | run                  | 📊 EXECUTION SUMMARY:
2026-06-12 05:16:21 | INFO     | run                  |    ✅ Status: SUCCESS
2026-06-12 05:16:21 | INFO     | run                  |    - Rows processed: 460
2026-06-12 05:16:21 | INFO     | run                  |    - Unique symbols: 460
2026-06-12 05:16:21 | INFO     | run                  |    - Timestamp: 2026-06-12 10:16:11
2026-06-12 05:16:21 | INFO     | run                  |    - File: data/2026/06/2026-06-12.xlsx
2026-06-12 05:16:21 | INFO     | run                  | ======================================================================
2026-06-12 05:16:21 | DEBUG    | run                  | Sample data (first row):
2026-06-12 05:16:21 | DEBUG    | run                  | {'SYMBOL': 'SPSL', 'SECTOR': 821, 'LDCP': 21.66, 'OPEN': 22.5, 'HIGH': 23.45, 'LOW': 22.4, 'CURRENT': 22.65, 'CHANGE': 0.99, 'CHANGE (%)': nan, 'VOLUME': 28082086, 'YEAR': 2026, 'MONTH': 6, 'DAY': 12, 'HOUR': 10, 'MINUTE': 16, 'DATETIME': '2026-06-12 10:16'}
2026-06-12 05:21:22 | INFO     | run                  | ======================================================================
2026-06-12 05:21:22 | INFO     | run                  | 🚀 MARKET DATA SCRAPER - SINGLE EXECUTION
2026-06-12 05:21:22 | INFO     | run                  | ======================================================================
2026-06-12 05:21:22 | INFO     | run                  | Execution Time: 2026-06-12 10:21:22 PKT
2026-06-12 05:21:22 | INFO     | run                  | Configuration:
2026-06-12 05:21:22 | INFO     | run                  |    - Timezone: Asia/Karachi
2026-06-12 05:21:22 | INFO     | run                  |    - Data directory: data
2026-06-12 05:21:22 | INFO     | run                  |    - Log directory: logs
2026-06-12 05:21:22 | INFO     | run                  | ======================================================================
2026-06-12 05:21:22 | INFO     | fetch_data           | Fetching data (Attempt 1/3)...
2026-06-12 05:21:22 | DEBUG    | fetch_data           | Establishing session with https://dps.psx.com.pk/
2026-06-12 05:21:24 | DEBUG    | fetch_data           | Requesting data from https://dps.psx.com.pk/market-watch
2026-06-12 05:21:26 | DEBUG    | fetch_data           | Response status: 200
2026-06-12 05:21:26 | DEBUG    | fetch_data           | Response content type: text/html; charset=utf-8
2026-06-12 05:21:26 | DEBUG    | fetch_data           | Response size: 440809 bytes
2026-06-12 05:21:26 | INFO     | fetch_data           | ✅ Data fetched successfully (Status: 200)
2026-06-12 05:21:26 | DEBUG    | parse_json           | Attempting JSON parsing...
2026-06-12 05:21:26 | DEBUG    | parse_json           | Response preview: <table class="tbl" data-page-length="25"><thead class="tbl__head"><!-- tr--><!--   th(colspan="11")--><!--   th.center(colspan="2", style="width: 110px;") TOTAL BUY ORDERS--><!--   th.center(colspan="2", style="width: 110px;") TOTAL SELL ORDERS--><tr><th data-name="symbol">SYMBOL</th><th data-name="sector">SECTOR</th><th data-name="listed">LISTED IN</th><th class="right" data-name="ldcp">LDCP</th><th class="right" data-name="open">OPEN</th><th class="right" data-name="high">HIGH</th><th class="r
2026-06-12 05:21:26 | WARNING  | parse_json           | ⚠️ JSON parsing failed: Expecting value: line 1 column 1 (char 0)
2026-06-12 05:21:26 | INFO     | run                  | JSON parsing failed, trying HTML fallback...
2026-06-12 05:21:26 | INFO     | parse_html           | Attempting HTML fallback parsing...
2026-06-12 05:21:26 | DEBUG    | parse_html           | Found 1 table(s) in HTML
2026-06-12 05:21:26 | DEBUG    | parse_html           | Table columns: ['SYMBOL', 'SECTOR', 'LISTED IN', 'LDCP', 'OPEN', 'HIGH', 'LOW', 'CURRENT', 'CHANGE', 'CHANGE (%)', 'VOLUME']
2026-06-12 05:21:26 | DEBUG    | parse_html           | Table shape: (461, 11)
2026-06-12 05:21:26 | INFO     | parse_html           | ✅ HTML parsed successfully (461 rows)
2026-06-12 05:21:26 | INFO     | clean_data           | Cleaning data...
2026-06-12 05:21:26 | DEBUG    | clean_data           | Initial shape: (461, 11)
2026-06-12 05:21:26 | DEBUG    | clean_data           | Initial columns: ['SYMBOL', 'SECTOR', 'LISTED IN', 'LDCP', 'OPEN', 'HIGH', 'LOW', 'CURRENT', 'CHANGE', 'CHANGE (%)', 'VOLUME']
2026-06-12 05:21:26 | DEBUG    | clean_data           | Removed 'LISTED IN' column
2026-06-12 05:21:26 | DEBUG    | clean_data           | Converted LDCP from float64 to numeric
2026-06-12 05:21:26 | DEBUG    | clean_data           | Converted OPEN from float64 to numeric
2026-06-12 05:21:26 | DEBUG    | clean_data           | Converted HIGH from float64 to numeric
2026-06-12 05:21:26 | DEBUG    | clean_data           | Converted LOW from float64 to numeric
2026-06-12 05:21:26 | DEBUG    | clean_data           | Converted CURRENT from float64 to numeric
2026-06-12 05:21:26 | DEBUG    | clean_data           | Converted CHANGE from float64 to numeric
2026-06-12 05:21:26 | DEBUG    | clean_data           | Converted CHANGE (%) from str to numeric
2026-06-12 05:21:26 | DEBUG    | clean_data           | Converted VOLUME from int64 to numeric
2026-06-12 05:21:26 | INFO     | clean_data           | ✅ Data cleaned (461 rows, 16 columns)
2026-06-12 05:21:26 | DEBUG    | clean_data           | Final columns: ['SYMBOL', 'SECTOR', 'LDCP', 'OPEN', 'HIGH', 'LOW', 'CURRENT', 'CHANGE', 'CHANGE (%)', 'VOLUME', 'YEAR', 'MONTH', 'DAY', 'HOUR', 'MINUTE', 'DATETIME']
2026-06-12 05:21:26 | DEBUG    | get_file_path        | Generated file path: data/2026/06/2026-06-12.xlsx
2026-06-12 05:21:26 | INFO     | save_data            | Saving data to: data/2026/06/2026-06-12.xlsx
2026-06-12 05:21:26 | DEBUG    | save_data            | Existing file found, merging data...
2026-06-12 05:21:28 | DEBUG    | save_data            | Loaded 17822 existing rows
2026-06-12 05:21:28 | DEBUG    | save_data            | Combined to 18283 rows
2026-06-12 05:21:28 | DEBUG    | save_data            | Writing to temporary file...
2026-06-12 05:21:31 | DEBUG    | save_data            | Data written to temp file: /home/runner/work/Thalorae-BackLioraen/Thalorae-BackLioraen/data/2026/06/tmppmfidpm0.xlsx
2026-06-12 05:21:31 | DEBUG    | save_data            | Temp file moved to final location
2026-06-12 05:21:31 | INFO     | save_data            | ✅ Data saved successfully (18283 total rows, 1352366 bytes)
2026-06-12 05:21:31 | INFO     | run                  | ======================================================================
2026-06-12 05:21:31 | INFO     | run                  | 📊 EXECUTION SUMMARY:
2026-06-12 05:21:31 | INFO     | run                  |    ✅ Status: SUCCESS
2026-06-12 05:21:31 | INFO     | run                  |    - Rows processed: 461
2026-06-12 05:21:31 | INFO     | run                  |    - Unique symbols: 461
2026-06-12 05:21:31 | INFO     | run                  |    - Timestamp: 2026-06-12 10:21:22
2026-06-12 05:21:31 | INFO     | run                  |    - File: data/2026/06/2026-06-12.xlsx
2026-06-12 05:21:31 | INFO     | run                  | ======================================================================
2026-06-12 05:21:31 | DEBUG    | run                  | Sample data (first row):
2026-06-12 05:21:31 | DEBUG    | run                  | {'SYMBOL': 'SPSL', 'SECTOR': 821, 'LDCP': 21.66, 'OPEN': 22.5, 'HIGH': 23.45, 'LOW': 22.4, 'CURRENT': 22.85, 'CHANGE': 1.19, 'CHANGE (%)': nan, 'VOLUME': 29553616, 'YEAR': 2026, 'MONTH': 6, 'DAY': 12, 'HOUR': 10, 'MINUTE': 21, 'DATETIME': '2026-06-12 10:21'}
2026-06-12 05:26:32 | INFO     | run                  | ======================================================================
2026-06-12 05:26:32 | INFO     | run                  | 🚀 MARKET DATA SCRAPER - SINGLE EXECUTION
2026-06-12 05:26:32 | INFO     | run                  | ======================================================================
2026-06-12 05:26:32 | INFO     | run                  | Execution Time: 2026-06-12 10:26:32 PKT
2026-06-12 05:26:32 | INFO     | run                  | Configuration:
2026-06-12 05:26:32 | INFO     | run                  |    - Timezone: Asia/Karachi
2026-06-12 05:26:32 | INFO     | run                  |    - Data directory: data
2026-06-12 05:26:32 | INFO     | run                  |    - Log directory: logs
2026-06-12 05:26:32 | INFO     | run                  | ======================================================================
2026-06-12 05:26:32 | INFO     | fetch_data           | Fetching data (Attempt 1/3)...
2026-06-12 05:26:32 | DEBUG    | fetch_data           | Establishing session with https://dps.psx.com.pk/
2026-06-12 05:26:36 | DEBUG    | fetch_data           | Requesting data from https://dps.psx.com.pk/market-watch
2026-06-12 05:26:38 | DEBUG    | fetch_data           | Response status: 200
2026-06-12 05:26:38 | DEBUG    | fetch_data           | Response content type: text/html; charset=utf-8
2026-06-12 05:26:38 | DEBUG    | fetch_data           | Response size: 441773 bytes
2026-06-12 05:26:38 | INFO     | fetch_data           | ✅ Data fetched successfully (Status: 200)
2026-06-12 05:26:38 | DEBUG    | parse_json           | Attempting JSON parsing...
2026-06-12 05:26:38 | DEBUG    | parse_json           | Response preview: <table class="tbl" data-page-length="25"><thead class="tbl__head"><!-- tr--><!--   th(colspan="11")--><!--   th.center(colspan="2", style="width: 110px;") TOTAL BUY ORDERS--><!--   th.center(colspan="2", style="width: 110px;") TOTAL SELL ORDERS--><tr><th data-name="symbol">SYMBOL</th><th data-name="sector">SECTOR</th><th data-name="listed">LISTED IN</th><th class="right" data-name="ldcp">LDCP</th><th class="right" data-name="open">OPEN</th><th class="right" data-name="high">HIGH</th><th class="r
2026-06-12 05:26:38 | WARNING  | parse_json           | ⚠️ JSON parsing failed: Expecting value: line 1 column 1 (char 0)
2026-06-12 05:26:38 | INFO     | run                  | JSON parsing failed, trying HTML fallback...
2026-06-12 05:26:38 | INFO     | parse_html           | Attempting HTML fallback parsing...
2026-06-12 05:26:38 | DEBUG    | parse_html           | Found 1 table(s) in HTML
2026-06-12 05:26:38 | DEBUG    | parse_html           | Table columns: ['SYMBOL', 'SECTOR', 'LISTED IN', 'LDCP', 'OPEN', 'HIGH', 'LOW', 'CURRENT', 'CHANGE', 'CHANGE (%)', 'VOLUME']
2026-06-12 05:26:38 | DEBUG    | parse_html           | Table shape: (462, 11)
2026-06-12 05:26:38 | INFO     | parse_html           | ✅ HTML parsed successfully (462 rows)
2026-06-12 05:26:38 | INFO     | clean_data           | Cleaning data...
2026-06-12 05:26:38 | DEBUG    | clean_data           | Initial shape: (462, 11)
2026-06-12 05:26:38 | DEBUG    | clean_data           | Initial columns: ['SYMBOL', 'SECTOR', 'LISTED IN', 'LDCP', 'OPEN', 'HIGH', 'LOW', 'CURRENT', 'CHANGE', 'CHANGE (%)', 'VOLUME']
2026-06-12 05:26:38 | DEBUG    | clean_data           | Removed 'LISTED IN' column
2026-06-12 05:26:38 | DEBUG    | clean_data           | Converted LDCP from float64 to numeric
2026-06-12 05:26:38 | DEBUG    | clean_data           | Converted OPEN from float64 to numeric
2026-06-12 05:26:38 | DEBUG    | clean_data           | Converted HIGH from float64 to numeric
2026-06-12 05:26:38 | DEBUG    | clean_data           | Converted LOW from float64 to numeric
2026-06-12 05:26:38 | DEBUG    | clean_data           | Converted CURRENT from float64 to numeric
2026-06-12 05:26:38 | DEBUG    | clean_data           | Converted CHANGE from float64 to numeric
2026-06-12 05:26:38 | DEBUG    | clean_data           | Converted CHANGE (%) from str to numeric
2026-06-12 05:26:38 | DEBUG    | clean_data           | Converted VOLUME from int64 to numeric
2026-06-12 05:26:38 | INFO     | clean_data           | ✅ Data cleaned (462 rows, 16 columns)
2026-06-12 05:26:38 | DEBUG    | clean_data           | Final columns: ['SYMBOL', 'SECTOR', 'LDCP', 'OPEN', 'HIGH', 'LOW', 'CURRENT', 'CHANGE', 'CHANGE (%)', 'VOLUME', 'YEAR', 'MONTH', 'DAY', 'HOUR', 'MINUTE', 'DATETIME']
2026-06-12 05:26:38 | DEBUG    | get_file_path        | Generated file path: data/2026/06/2026-06-12.xlsx
2026-06-12 05:26:38 | INFO     | save_data            | Saving data to: data/2026/06/2026-06-12.xlsx
2026-06-12 05:26:38 | DEBUG    | save_data            | Existing file found, merging data...
2026-06-12 05:26:40 | DEBUG    | save_data            | Loaded 18283 existing rows
2026-06-12 05:26:40 | DEBUG    | save_data            | Combined to 18745 rows
2026-06-12 05:26:40 | DEBUG    | save_data            | Writing to temporary file...
2026-06-12 05:26:43 | DEBUG    | save_data            | Data written to temp file: /home/runner/work/Thalorae-BackLioraen/Thalorae-BackLioraen/data/2026/06/tmpgkrm60oz.xlsx
2026-06-12 05:26:43 | DEBUG    | save_data            | Temp file moved to final location
2026-06-12 05:26:43 | INFO     | save_data            | ✅ Data saved successfully (18745 total rows, 1386387 bytes)
2026-06-12 05:26:43 | INFO     | run                  | ======================================================================
2026-06-12 05:26:43 | INFO     | run                  | 📊 EXECUTION SUMMARY:
2026-06-12 05:26:43 | INFO     | run                  |    ✅ Status: SUCCESS
2026-06-12 05:26:43 | INFO     | run                  |    - Rows processed: 462
2026-06-12 05:26:43 | INFO     | run                  |    - Unique symbols: 462
2026-06-12 05:26:43 | INFO     | run                  |    - Timestamp: 2026-06-12 10:26:32
2026-06-12 05:26:43 | INFO     | run                  |    - File: data/2026/06/2026-06-12.xlsx
2026-06-12 05:26:43 | INFO     | run                  | ======================================================================
2026-06-12 05:26:43 | DEBUG    | run                  | Sample data (first row):
2026-06-12 05:26:43 | DEBUG    | run                  | {'SYMBOL': 'SPSL', 'SECTOR': 821, 'LDCP': 21.66, 'OPEN': 22.5, 'HIGH': 23.45, 'LOW': 22.4, 'CURRENT': 22.87, 'CHANGE': 1.21, 'CHANGE (%)': nan, 'VOLUME': 30357505, 'YEAR': 2026, 'MONTH': 6, 'DAY': 12, 'HOUR': 10, 'MINUTE': 26, 'DATETIME': '2026-06-12 10:26'}
2026-06-12 05:31:44 | INFO     | run                  | ======================================================================
2026-06-12 05:31:44 | INFO     | run                  | 🚀 MARKET DATA SCRAPER - SINGLE EXECUTION
2026-06-12 05:31:44 | INFO     | run                  | ======================================================================
2026-06-12 05:31:44 | INFO     | run                  | Execution Time: 2026-06-12 10:31:44 PKT
2026-06-12 05:31:44 | INFO     | run                  | Configuration:
2026-06-12 05:31:44 | INFO     | run                  |    - Timezone: Asia/Karachi
2026-06-12 05:31:44 | INFO     | run                  |    - Data directory: data
2026-06-12 05:31:44 | INFO     | run                  |    - Log directory: logs
2026-06-12 05:31:44 | INFO     | run                  | ======================================================================
2026-06-12 05:31:44 | INFO     | fetch_data           | Fetching data (Attempt 1/3)...
2026-06-12 05:31:44 | DEBUG    | fetch_data           | Establishing session with https://dps.psx.com.pk/
2026-06-12 05:31:48 | DEBUG    | fetch_data           | Requesting data from https://dps.psx.com.pk/market-watch
2026-06-12 05:31:50 | DEBUG    | fetch_data           | Response status: 200
2026-06-12 05:31:50 | DEBUG    | fetch_data           | Response content type: text/html; charset=utf-8
2026-06-12 05:31:50 | DEBUG    | fetch_data           | Response size: 441640 bytes
2026-06-12 05:31:50 | INFO     | fetch_data           | ✅ Data fetched successfully (Status: 200)
2026-06-12 05:31:50 | DEBUG    | parse_json           | Attempting JSON parsing...
2026-06-12 05:31:50 | DEBUG    | parse_json           | Response preview: <table class="tbl" data-page-length="25"><thead class="tbl__head"><!-- tr--><!--   th(colspan="11")--><!--   th.center(colspan="2", style="width: 110px;") TOTAL BUY ORDERS--><!--   th.center(colspan="2", style="width: 110px;") TOTAL SELL ORDERS--><tr><th data-name="symbol">SYMBOL</th><th data-name="sector">SECTOR</th><th data-name="listed">LISTED IN</th><th class="right" data-name="ldcp">LDCP</th><th class="right" data-name="open">OPEN</th><th class="right" data-name="high">HIGH</th><th class="r
2026-06-12 05:31:50 | WARNING  | parse_json           | ⚠️ JSON parsing failed: Expecting value: line 1 column 1 (char 0)
2026-06-12 05:31:50 | INFO     | run                  | JSON parsing failed, trying HTML fallback...
2026-06-12 05:31:50 | INFO     | parse_html           | Attempting HTML fallback parsing...
2026-06-12 05:31:50 | DEBUG    | parse_html           | Found 1 table(s) in HTML
2026-06-12 05:31:50 | DEBUG    | parse_html           | Table columns: ['SYMBOL', 'SECTOR', 'LISTED IN', 'LDCP', 'OPEN', 'HIGH', 'LOW', 'CURRENT', 'CHANGE', 'CHANGE (%)', 'VOLUME']
2026-06-12 05:31:50 | DEBUG    | parse_html           | Table shape: (462, 11)
2026-06-12 05:31:50 | INFO     | parse_html           | ✅ HTML parsed successfully (462 rows)
2026-06-12 05:31:50 | INFO     | clean_data           | Cleaning data...
2026-06-12 05:31:50 | DEBUG    | clean_data           | Initial shape: (462, 11)
2026-06-12 05:31:50 | DEBUG    | clean_data           | Initial columns: ['SYMBOL', 'SECTOR', 'LISTED IN', 'LDCP', 'OPEN', 'HIGH', 'LOW', 'CURRENT', 'CHANGE', 'CHANGE (%)', 'VOLUME']
2026-06-12 05:31:50 | DEBUG    | clean_data           | Removed 'LISTED IN' column
2026-06-12 05:31:50 | DEBUG    | clean_data           | Converted LDCP from float64 to numeric
2026-06-12 05:31:50 | DEBUG    | clean_data           | Converted OPEN from float64 to numeric
2026-06-12 05:31:50 | DEBUG    | clean_data           | Converted HIGH from float64 to numeric
2026-06-12 05:31:50 | DEBUG    | clean_data           | Converted LOW from float64 to numeric
2026-06-12 05:31:50 | DEBUG    | clean_data           | Converted CURRENT from float64 to numeric
2026-06-12 05:31:50 | DEBUG    | clean_data           | Converted CHANGE from float64 to numeric
2026-06-12 05:31:50 | DEBUG    | clean_data           | Converted CHANGE (%) from str to numeric
2026-06-12 05:31:50 | DEBUG    | clean_data           | Converted VOLUME from int64 to numeric
2026-06-12 05:31:50 | INFO     | clean_data           | ✅ Data cleaned (462 rows, 16 columns)
2026-06-12 05:31:50 | DEBUG    | clean_data           | Final columns: ['SYMBOL', 'SECTOR', 'LDCP', 'OPEN', 'HIGH', 'LOW', 'CURRENT', 'CHANGE', 'CHANGE (%)', 'VOLUME', 'YEAR', 'MONTH', 'DAY', 'HOUR', 'MINUTE', 'DATETIME']
2026-06-12 05:31:50 | DEBUG    | get_file_path        | Generated file path: data/2026/06/2026-06-12.xlsx
2026-06-12 05:31:50 | INFO     | save_data            | Saving data to: data/2026/06/2026-06-12.xlsx
2026-06-12 05:31:50 | DEBUG    | save_data            | Existing file found, merging data...
2026-06-12 05:31:52 | DEBUG    | save_data            | Loaded 18745 existing rows
2026-06-12 05:31:52 | DEBUG    | save_data            | Combined to 19207 rows
2026-06-12 05:31:52 | DEBUG    | save_data            | Writing to temporary file...
2026-06-12 05:31:56 | DEBUG    | save_data            | Data written to temp file: /home/runner/work/Thalorae-BackLioraen/Thalorae-BackLioraen/data/2026/06/tmpm0q4py60.xlsx
2026-06-12 05:31:56 | DEBUG    | save_data            | Temp file moved to final location
2026-06-12 05:31:56 | INFO     | save_data            | ✅ Data saved successfully (19207 total rows, 1420343 bytes)
2026-06-12 05:31:56 | INFO     | run                  | ======================================================================
2026-06-12 05:31:56 | INFO     | run                  | 📊 EXECUTION SUMMARY:
2026-06-12 05:31:56 | INFO     | run                  |    ✅ Status: SUCCESS
2026-06-12 05:31:56 | INFO     | run                  |    - Rows processed: 462
2026-06-12 05:31:56 | INFO     | run                  |    - Unique symbols: 462
2026-06-12 05:31:56 | INFO     | run                  |    - Timestamp: 2026-06-12 10:31:44
2026-06-12 05:31:56 | INFO     | run                  |    - File: data/2026/06/2026-06-12.xlsx
2026-06-12 05:31:56 | INFO     | run                  | ======================================================================
2026-06-12 05:31:56 | DEBUG    | run                  | Sample data (first row):
2026-06-12 05:31:56 | DEBUG    | run                  | {'SYMBOL': 'SPSL', 'SECTOR': 821, 'LDCP': 21.66, 'OPEN': 22.5, 'HIGH': 23.45, 'LOW': 22.4, 'CURRENT': 22.81, 'CHANGE': 1.15, 'CHANGE (%)': nan, 'VOLUME': 30702070, 'YEAR': 2026, 'MONTH': 6, 'DAY': 12, 'HOUR': 10, 'MINUTE': 31, 'DATETIME': '2026-06-12 10:31'}
2026-06-12 05:36:56 | INFO     | run                  | ======================================================================
2026-06-12 05:36:56 | INFO     | run                  | 🚀 MARKET DATA SCRAPER - SINGLE EXECUTION
2026-06-12 05:36:56 | INFO     | run                  | ======================================================================
2026-06-12 05:36:56 | INFO     | run                  | Execution Time: 2026-06-12 10:36:56 PKT
2026-06-12 05:36:56 | INFO     | run                  | Configuration:
2026-06-12 05:36:56 | INFO     | run                  |    - Timezone: Asia/Karachi
2026-06-12 05:36:56 | INFO     | run                  |    - Data directory: data
2026-06-12 05:36:56 | INFO     | run                  |    - Log directory: logs
2026-06-12 05:36:56 | INFO     | run                  | ======================================================================
2026-06-12 05:36:56 | INFO     | fetch_data           | Fetching data (Attempt 1/3)...
2026-06-12 05:36:56 | DEBUG    | fetch_data           | Establishing session with https://dps.psx.com.pk/
2026-06-12 05:36:59 | DEBUG    | fetch_data           | Requesting data from https://dps.psx.com.pk/market-watch
2026-06-12 05:37:01 | DEBUG    | fetch_data           | Response status: 200
2026-06-12 05:37:01 | DEBUG    | fetch_data           | Response content type: text/html; charset=utf-8
2026-06-12 05:37:01 | DEBUG    | fetch_data           | Response size: 442982 bytes
2026-06-12 05:37:01 | INFO     | fetch_data           | ✅ Data fetched successfully (Status: 200)
2026-06-12 05:37:01 | DEBUG    | parse_json           | Attempting JSON parsing...
2026-06-12 05:37:01 | DEBUG    | parse_json           | Response preview: <table class="tbl" data-page-length="25"><thead class="tbl__head"><!-- tr--><!--   th(colspan="11")--><!--   th.center(colspan="2", style="width: 110px;") TOTAL BUY ORDERS--><!--   th.center(colspan="2", style="width: 110px;") TOTAL SELL ORDERS--><tr><th data-name="symbol">SYMBOL</th><th data-name="sector">SECTOR</th><th data-name="listed">LISTED IN</th><th class="right" data-name="ldcp">LDCP</th><th class="right" data-name="open">OPEN</th><th class="right" data-name="high">HIGH</th><th class="r
2026-06-12 05:37:01 | WARNING  | parse_json           | ⚠️ JSON parsing failed: Expecting value: line 1 column 1 (char 0)
2026-06-12 05:37:01 | INFO     | run                  | JSON parsing failed, trying HTML fallback...
2026-06-12 05:37:01 | INFO     | parse_html           | Attempting HTML fallback parsing...
2026-06-12 05:37:01 | DEBUG    | parse_html           | Found 1 table(s) in HTML
2026-06-12 05:37:01 | DEBUG    | parse_html           | Table columns: ['SYMBOL', 'SECTOR', 'LISTED IN', 'LDCP', 'OPEN', 'HIGH', 'LOW', 'CURRENT', 'CHANGE', 'CHANGE (%)', 'VOLUME']
2026-06-12 05:37:01 | DEBUG    | parse_html           | Table shape: (463, 11)
2026-06-12 05:37:01 | INFO     | parse_html           | ✅ HTML parsed successfully (463 rows)
2026-06-12 05:37:01 | INFO     | clean_data           | Cleaning data...
2026-06-12 05:37:01 | DEBUG    | clean_data           | Initial shape: (463, 11)
2026-06-12 05:37:01 | DEBUG    | clean_data           | Initial columns: ['SYMBOL', 'SECTOR', 'LISTED IN', 'LDCP', 'OPEN', 'HIGH', 'LOW', 'CURRENT', 'CHANGE', 'CHANGE (%)', 'VOLUME']
2026-06-12 05:37:01 | DEBUG    | clean_data           | Removed 'LISTED IN' column
2026-06-12 05:37:01 | DEBUG    | clean_data           | Converted LDCP from float64 to numeric
2026-06-12 05:37:01 | DEBUG    | clean_data           | Converted OPEN from float64 to numeric
2026-06-12 05:37:01 | DEBUG    | clean_data           | Converted HIGH from float64 to numeric
2026-06-12 05:37:01 | DEBUG    | clean_data           | Converted LOW from float64 to numeric
2026-06-12 05:37:01 | DEBUG    | clean_data           | Converted CURRENT from float64 to numeric
2026-06-12 05:37:01 | DEBUG    | clean_data           | Converted CHANGE from float64 to numeric
2026-06-12 05:37:01 | DEBUG    | clean_data           | Converted CHANGE (%) from str to numeric
2026-06-12 05:37:01 | DEBUG    | clean_data           | Converted VOLUME from int64 to numeric
2026-06-12 05:37:01 | INFO     | clean_data           | ✅ Data cleaned (463 rows, 16 columns)
2026-06-12 05:37:01 | DEBUG    | clean_data           | Final columns: ['SYMBOL', 'SECTOR', 'LDCP', 'OPEN', 'HIGH', 'LOW', 'CURRENT', 'CHANGE', 'CHANGE (%)', 'VOLUME', 'YEAR', 'MONTH', 'DAY', 'HOUR', 'MINUTE', 'DATETIME']
2026-06-12 05:37:01 | DEBUG    | get_file_path        | Generated file path: data/2026/06/2026-06-12.xlsx
2026-06-12 05:37:01 | INFO     | save_data            | Saving data to: data/2026/06/2026-06-12.xlsx
2026-06-12 05:37:01 | DEBUG    | save_data            | Existing file found, merging data...
2026-06-12 05:37:03 | DEBUG    | save_data            | Loaded 19207 existing rows
2026-06-12 05:37:03 | DEBUG    | save_data            | Combined to 19670 rows
2026-06-12 05:37:03 | DEBUG    | save_data            | Writing to temporary file...
2026-06-12 05:37:07 | DEBUG    | save_data            | Data written to temp file: /home/runner/work/Thalorae-BackLioraen/Thalorae-BackLioraen/data/2026/06/tmprdny1tew.xlsx
2026-06-12 05:37:07 | DEBUG    | save_data            | Temp file moved to final location
2026-06-12 05:37:07 | INFO     | save_data            | ✅ Data saved successfully (19670 total rows, 1454416 bytes)
2026-06-12 05:37:07 | INFO     | run                  | ======================================================================
2026-06-12 05:37:07 | INFO     | run                  | 📊 EXECUTION SUMMARY:
2026-06-12 05:37:07 | INFO     | run                  |    ✅ Status: SUCCESS
2026-06-12 05:37:07 | INFO     | run                  |    - Rows processed: 463
2026-06-12 05:37:07 | INFO     | run                  |    - Unique symbols: 463
2026-06-12 05:37:07 | INFO     | run                  |    - Timestamp: 2026-06-12 10:36:56
2026-06-12 05:37:07 | INFO     | run                  |    - File: data/2026/06/2026-06-12.xlsx
2026-06-12 05:37:07 | INFO     | run                  | ======================================================================
2026-06-12 05:37:07 | DEBUG    | run                  | Sample data (first row):
2026-06-12 05:37:07 | DEBUG    | run                  | {'SYMBOL': 'SPSL', 'SECTOR': 821, 'LDCP': 21.66, 'OPEN': 22.5, 'HIGH': 23.45, 'LOW': 22.4, 'CURRENT': 22.82, 'CHANGE': 1.16, 'CHANGE (%)': nan, 'VOLUME': 30993284, 'YEAR': 2026, 'MONTH': 6, 'DAY': 12, 'HOUR': 10, 'MINUTE': 36, 'DATETIME': '2026-06-12 10:36'}
2026-06-12 05:42:07 | INFO     | run                  | ======================================================================
2026-06-12 05:42:07 | INFO     | run                  | 🚀 MARKET DATA SCRAPER - SINGLE EXECUTION
2026-06-12 05:42:07 | INFO     | run                  | ======================================================================
2026-06-12 05:42:07 | INFO     | run                  | Execution Time: 2026-06-12 10:42:07 PKT
2026-06-12 05:42:07 | INFO     | run                  | Configuration:
2026-06-12 05:42:07 | INFO     | run                  |    - Timezone: Asia/Karachi
2026-06-12 05:42:07 | INFO     | run                  |    - Data directory: data
2026-06-12 05:42:07 | INFO     | run                  |    - Log directory: logs
2026-06-12 05:42:07 | INFO     | run                  | ======================================================================
2026-06-12 05:42:07 | INFO     | fetch_data           | Fetching data (Attempt 1/3)...
2026-06-12 05:42:07 | DEBUG    | fetch_data           | Establishing session with https://dps.psx.com.pk/
2026-06-12 05:42:10 | DEBUG    | fetch_data           | Requesting data from https://dps.psx.com.pk/market-watch
2026-06-12 05:42:11 | DEBUG    | fetch_data           | Response status: 200
2026-06-12 05:42:11 | DEBUG    | fetch_data           | Response content type: text/html; charset=utf-8
2026-06-12 05:42:11 | DEBUG    | fetch_data           | Response size: 443733 bytes
2026-06-12 05:42:11 | INFO     | fetch_data           | ✅ Data fetched successfully (Status: 200)
2026-06-12 05:42:11 | DEBUG    | parse_json           | Attempting JSON parsing...
2026-06-12 05:42:11 | DEBUG    | parse_json           | Response preview: <table class="tbl" data-page-length="25"><thead class="tbl__head"><!-- tr--><!--   th(colspan="11")--><!--   th.center(colspan="2", style="width: 110px;") TOTAL BUY ORDERS--><!--   th.center(colspan="2", style="width: 110px;") TOTAL SELL ORDERS--><tr><th data-name="symbol">SYMBOL</th><th data-name="sector">SECTOR</th><th data-name="listed">LISTED IN</th><th class="right" data-name="ldcp">LDCP</th><th class="right" data-name="open">OPEN</th><th class="right" data-name="high">HIGH</th><th class="r
2026-06-12 05:42:11 | WARNING  | parse_json           | ⚠️ JSON parsing failed: Expecting value: line 1 column 1 (char 0)
2026-06-12 05:42:11 | INFO     | run                  | JSON parsing failed, trying HTML fallback...
2026-06-12 05:42:11 | INFO     | parse_html           | Attempting HTML fallback parsing...
2026-06-12 05:42:11 | DEBUG    | parse_html           | Found 1 table(s) in HTML
2026-06-12 05:42:11 | DEBUG    | parse_html           | Table columns: ['SYMBOL', 'SECTOR', 'LISTED IN', 'LDCP', 'OPEN', 'HIGH', 'LOW', 'CURRENT', 'CHANGE', 'CHANGE (%)', 'VOLUME']
2026-06-12 05:42:11 | DEBUG    | parse_html           | Table shape: (464, 11)
2026-06-12 05:42:11 | INFO     | parse_html           | ✅ HTML parsed successfully (464 rows)
2026-06-12 05:42:11 | INFO     | clean_data           | Cleaning data...
2026-06-12 05:42:11 | DEBUG    | clean_data           | Initial shape: (464, 11)
2026-06-12 05:42:11 | DEBUG    | clean_data           | Initial columns: ['SYMBOL', 'SECTOR', 'LISTED IN', 'LDCP', 'OPEN', 'HIGH', 'LOW', 'CURRENT', 'CHANGE', 'CHANGE (%)', 'VOLUME']
2026-06-12 05:42:11 | DEBUG    | clean_data           | Removed 'LISTED IN' column
2026-06-12 05:42:11 | DEBUG    | clean_data           | Converted LDCP from float64 to numeric
2026-06-12 05:42:11 | DEBUG    | clean_data           | Converted OPEN from float64 to numeric
2026-06-12 05:42:11 | DEBUG    | clean_data           | Converted HIGH from float64 to numeric
2026-06-12 05:42:11 | DEBUG    | clean_data           | Converted LOW from float64 to numeric
2026-06-12 05:42:11 | DEBUG    | clean_data           | Converted CURRENT from float64 to numeric
2026-06-12 05:42:11 | DEBUG    | clean_data           | Converted CHANGE from float64 to numeric
2026-06-12 05:42:11 | DEBUG    | clean_data           | Converted CHANGE (%) from str to numeric
2026-06-12 05:42:11 | DEBUG    | clean_data           | Converted VOLUME from int64 to numeric
2026-06-12 05:42:11 | INFO     | clean_data           | ✅ Data cleaned (464 rows, 16 columns)
2026-06-12 05:42:11 | DEBUG    | clean_data           | Final columns: ['SYMBOL', 'SECTOR', 'LDCP', 'OPEN', 'HIGH', 'LOW', 'CURRENT', 'CHANGE', 'CHANGE (%)', 'VOLUME', 'YEAR', 'MONTH', 'DAY', 'HOUR', 'MINUTE', 'DATETIME']
2026-06-12 05:42:11 | DEBUG    | get_file_path        | Generated file path: data/2026/06/2026-06-12.xlsx
2026-06-12 05:42:11 | INFO     | save_data            | Saving data to: data/2026/06/2026-06-12.xlsx
2026-06-12 05:42:11 | DEBUG    | save_data            | Existing file found, merging data...
2026-06-12 05:42:13 | DEBUG    | save_data            | Loaded 19670 existing rows
2026-06-12 05:42:13 | DEBUG    | save_data            | Combined to 20134 rows
2026-06-12 05:42:13 | DEBUG    | save_data            | Writing to temporary file...
2026-06-12 05:42:17 | DEBUG    | save_data            | Data written to temp file: /home/runner/work/Thalorae-BackLioraen/Thalorae-BackLioraen/data/2026/06/tmp4m79c9ii.xlsx
2026-06-12 05:42:17 | DEBUG    | save_data            | Temp file moved to final location
2026-06-12 05:42:17 | INFO     | save_data            | ✅ Data saved successfully (20134 total rows, 1488712 bytes)
2026-06-12 05:42:17 | INFO     | run                  | ======================================================================
2026-06-12 05:42:17 | INFO     | run                  | 📊 EXECUTION SUMMARY:
2026-06-12 05:42:17 | INFO     | run                  |    ✅ Status: SUCCESS
2026-06-12 05:42:17 | INFO     | run                  |    - Rows processed: 464
2026-06-12 05:42:17 | INFO     | run                  |    - Unique symbols: 464
2026-06-12 05:42:17 | INFO     | run                  |    - Timestamp: 2026-06-12 10:42:07
2026-06-12 05:42:17 | INFO     | run                  |    - File: data/2026/06/2026-06-12.xlsx
2026-06-12 05:42:17 | INFO     | run                  | ======================================================================
2026-06-12 05:42:17 | DEBUG    | run                  | Sample data (first row):
2026-06-12 05:42:17 | DEBUG    | run                  | {'SYMBOL': 'SPSL', 'SECTOR': 821, 'LDCP': 21.66, 'OPEN': 22.5, 'HIGH': 23.45, 'LOW': 22.4, 'CURRENT': 22.83, 'CHANGE': 1.17, 'CHANGE (%)': nan, 'VOLUME': 31343657, 'YEAR': 2026, 'MONTH': 6, 'DAY': 12, 'HOUR': 10, 'MINUTE': 42, 'DATETIME': '2026-06-12 10:42'}
2026-06-12 05:47:17 | INFO     | run                  | ======================================================================
2026-06-12 05:47:17 | INFO     | run                  | 🚀 MARKET DATA SCRAPER - SINGLE EXECUTION
2026-06-12 05:47:17 | INFO     | run                  | ======================================================================
2026-06-12 05:47:17 | INFO     | run                  | Execution Time: 2026-06-12 10:47:17 PKT
2026-06-12 05:47:17 | INFO     | run                  | Configuration:
2026-06-12 05:47:17 | INFO     | run                  |    - Timezone: Asia/Karachi
2026-06-12 05:47:17 | INFO     | run                  |    - Data directory: data
2026-06-12 05:47:17 | INFO     | run                  |    - Log directory: logs
2026-06-12 05:47:17 | INFO     | run                  | ======================================================================
2026-06-12 05:47:17 | INFO     | fetch_data           | Fetching data (Attempt 1/3)...
2026-06-12 05:47:17 | DEBUG    | fetch_data           | Establishing session with https://dps.psx.com.pk/
2026-06-12 05:47:20 | DEBUG    | fetch_data           | Requesting data from https://dps.psx.com.pk/market-watch
2026-06-12 05:47:23 | DEBUG    | fetch_data           | Response status: 200
2026-06-12 05:47:23 | DEBUG    | fetch_data           | Response content type: text/html; charset=utf-8
2026-06-12 05:47:23 | DEBUG    | fetch_data           | Response size: 445353 bytes
2026-06-12 05:47:23 | INFO     | fetch_data           | ✅ Data fetched successfully (Status: 200)
2026-06-12 05:47:23 | DEBUG    | parse_json           | Attempting JSON parsing...
2026-06-12 05:47:23 | DEBUG    | parse_json           | Response preview: <table class="tbl" data-page-length="25"><thead class="tbl__head"><!-- tr--><!--   th(colspan="11")--><!--   th.center(colspan="2", style="width: 110px;") TOTAL BUY ORDERS--><!--   th.center(colspan="2", style="width: 110px;") TOTAL SELL ORDERS--><tr><th data-name="symbol">SYMBOL</th><th data-name="sector">SECTOR</th><th data-name="listed">LISTED IN</th><th class="right" data-name="ldcp">LDCP</th><th class="right" data-name="open">OPEN</th><th class="right" data-name="high">HIGH</th><th class="r
2026-06-12 05:47:23 | WARNING  | parse_json           | ⚠️ JSON parsing failed: Expecting value: line 1 column 1 (char 0)
2026-06-12 05:47:23 | INFO     | run                  | JSON parsing failed, trying HTML fallback...
2026-06-12 05:47:23 | INFO     | parse_html           | Attempting HTML fallback parsing...
2026-06-12 05:47:23 | DEBUG    | parse_html           | Found 1 table(s) in HTML
2026-06-12 05:47:23 | DEBUG    | parse_html           | Table columns: ['SYMBOL', 'SECTOR', 'LISTED IN', 'LDCP', 'OPEN', 'HIGH', 'LOW', 'CURRENT', 'CHANGE', 'CHANGE (%)', 'VOLUME']
2026-06-12 05:47:23 | DEBUG    | parse_html           | Table shape: (466, 11)
2026-06-12 05:47:23 | INFO     | parse_html           | ✅ HTML parsed successfully (466 rows)
2026-06-12 05:47:23 | INFO     | clean_data           | Cleaning data...
2026-06-12 05:47:23 | DEBUG    | clean_data           | Initial shape: (466, 11)
2026-06-12 05:47:23 | DEBUG    | clean_data           | Initial columns: ['SYMBOL', 'SECTOR', 'LISTED IN', 'LDCP', 'OPEN', 'HIGH', 'LOW', 'CURRENT', 'CHANGE', 'CHANGE (%)', 'VOLUME']
2026-06-12 05:47:23 | DEBUG    | clean_data           | Removed 'LISTED IN' column
2026-06-12 05:47:23 | DEBUG    | clean_data           | Converted LDCP from float64 to numeric
2026-06-12 05:47:23 | DEBUG    | clean_data           | Converted OPEN from float64 to numeric
2026-06-12 05:47:23 | DEBUG    | clean_data           | Converted HIGH from float64 to numeric
2026-06-12 05:47:23 | DEBUG    | clean_data           | Converted LOW from float64 to numeric
2026-06-12 05:47:23 | DEBUG    | clean_data           | Converted CURRENT from float64 to numeric
2026-06-12 05:47:23 | DEBUG    | clean_data           | Converted CHANGE from float64 to numeric
2026-06-12 05:47:23 | DEBUG    | clean_data           | Converted CHANGE (%) from str to numeric
2026-06-12 05:47:23 | DEBUG    | clean_data           | Converted VOLUME from int64 to numeric
2026-06-12 05:47:23 | INFO     | clean_data           | ✅ Data cleaned (466 rows, 16 columns)
2026-06-12 05:47:23 | DEBUG    | clean_data           | Final columns: ['SYMBOL', 'SECTOR', 'LDCP', 'OPEN', 'HIGH', 'LOW', 'CURRENT', 'CHANGE', 'CHANGE (%)', 'VOLUME', 'YEAR', 'MONTH', 'DAY', 'HOUR', 'MINUTE', 'DATETIME']
2026-06-12 05:47:23 | DEBUG    | get_file_path        | Generated file path: data/2026/06/2026-06-12.xlsx
2026-06-12 05:47:23 | INFO     | save_data            | Saving data to: data/2026/06/2026-06-12.xlsx
2026-06-12 05:47:23 | DEBUG    | save_data            | Existing file found, merging data...
2026-06-12 05:47:25 | DEBUG    | save_data            | Loaded 20134 existing rows
2026-06-12 05:47:25 | DEBUG    | save_data            | Combined to 20600 rows
2026-06-12 05:47:25 | DEBUG    | save_data            | Writing to temporary file...
2026-06-12 05:47:29 | DEBUG    | save_data            | Data written to temp file: /home/runner/work/Thalorae-BackLioraen/Thalorae-BackLioraen/data/2026/06/tmp9d396ly1.xlsx
2026-06-12 05:47:29 | DEBUG    | save_data            | Temp file moved to final location
2026-06-12 05:47:29 | INFO     | save_data            | ✅ Data saved successfully (20600 total rows, 1523085 bytes)
2026-06-12 05:47:29 | INFO     | run                  | ======================================================================
2026-06-12 05:47:29 | INFO     | run                  | 📊 EXECUTION SUMMARY:
2026-06-12 05:47:29 | INFO     | run                  |    ✅ Status: SUCCESS
2026-06-12 05:47:29 | INFO     | run                  |    - Rows processed: 466
2026-06-12 05:47:29 | INFO     | run                  |    - Unique symbols: 466
2026-06-12 05:47:29 | INFO     | run                  |    - Timestamp: 2026-06-12 10:47:17
2026-06-12 05:47:29 | INFO     | run                  |    - File: data/2026/06/2026-06-12.xlsx
2026-06-12 05:47:29 | INFO     | run                  | ======================================================================
2026-06-12 05:47:29 | DEBUG    | run                  | Sample data (first row):
2026-06-12 05:47:29 | DEBUG    | run                  | {'SYMBOL': 'SPSL', 'SECTOR': 821, 'LDCP': 21.66, 'OPEN': 22.5, 'HIGH': 23.45, 'LOW': 22.4, 'CURRENT': 22.85, 'CHANGE': 1.19, 'CHANGE (%)': nan, 'VOLUME': 31664011, 'YEAR': 2026, 'MONTH': 6, 'DAY': 12, 'HOUR': 10, 'MINUTE': 47, 'DATETIME': '2026-06-12 10:47'}
2026-06-12 05:52:29 | INFO     | run                  | ======================================================================
2026-06-12 05:52:29 | INFO     | run                  | 🚀 MARKET DATA SCRAPER - SINGLE EXECUTION
2026-06-12 05:52:29 | INFO     | run                  | ======================================================================
2026-06-12 05:52:29 | INFO     | run                  | Execution Time: 2026-06-12 10:52:29 PKT
2026-06-12 05:52:29 | INFO     | run                  | Configuration:
2026-06-12 05:52:29 | INFO     | run                  |    - Timezone: Asia/Karachi
2026-06-12 05:52:29 | INFO     | run                  |    - Data directory: data
2026-06-12 05:52:29 | INFO     | run                  |    - Log directory: logs
2026-06-12 05:52:29 | INFO     | run                  | ======================================================================
2026-06-12 05:52:29 | INFO     | fetch_data           | Fetching data (Attempt 1/3)...
2026-06-12 05:52:29 | DEBUG    | fetch_data           | Establishing session with https://dps.psx.com.pk/
2026-06-12 05:52:32 | DEBUG    | fetch_data           | Requesting data from https://dps.psx.com.pk/market-watch
2026-06-12 05:52:35 | DEBUG    | fetch_data           | Response status: 200
2026-06-12 05:52:35 | DEBUG    | fetch_data           | Response content type: text/html; charset=utf-8
2026-06-12 05:52:35 | DEBUG    | fetch_data           | Response size: 447441 bytes
2026-06-12 05:52:35 | INFO     | fetch_data           | ✅ Data fetched successfully (Status: 200)
2026-06-12 05:52:35 | DEBUG    | parse_json           | Attempting JSON parsing...
2026-06-12 05:52:35 | DEBUG    | parse_json           | Response preview: <table class="tbl" data-page-length="25"><thead class="tbl__head"><!-- tr--><!--   th(colspan="11")--><!--   th.center(colspan="2", style="width: 110px;") TOTAL BUY ORDERS--><!--   th.center(colspan="2", style="width: 110px;") TOTAL SELL ORDERS--><tr><th data-name="symbol">SYMBOL</th><th data-name="sector">SECTOR</th><th data-name="listed">LISTED IN</th><th class="right" data-name="ldcp">LDCP</th><th class="right" data-name="open">OPEN</th><th class="right" data-name="high">HIGH</th><th class="r
2026-06-12 05:52:35 | WARNING  | parse_json           | ⚠️ JSON parsing failed: Expecting value: line 1 column 1 (char 0)
2026-06-12 05:52:35 | INFO     | run                  | JSON parsing failed, trying HTML fallback...
2026-06-12 05:52:35 | INFO     | parse_html           | Attempting HTML fallback parsing...
2026-06-12 05:52:35 | DEBUG    | parse_html           | Found 1 table(s) in HTML
2026-06-12 05:52:35 | DEBUG    | parse_html           | Table columns: ['SYMBOL', 'SECTOR', 'LISTED IN', 'LDCP', 'OPEN', 'HIGH', 'LOW', 'CURRENT', 'CHANGE', 'CHANGE (%)', 'VOLUME']
2026-06-12 05:52:35 | DEBUG    | parse_html           | Table shape: (468, 11)
2026-06-12 05:52:35 | INFO     | parse_html           | ✅ HTML parsed successfully (468 rows)
2026-06-12 05:52:35 | INFO     | clean_data           | Cleaning data...
2026-06-12 05:52:35 | DEBUG    | clean_data           | Initial shape: (468, 11)
2026-06-12 05:52:35 | DEBUG    | clean_data           | Initial columns: ['SYMBOL', 'SECTOR', 'LISTED IN', 'LDCP', 'OPEN', 'HIGH', 'LOW', 'CURRENT', 'CHANGE', 'CHANGE (%)', 'VOLUME']
2026-06-12 05:52:35 | DEBUG    | clean_data           | Removed 'LISTED IN' column
2026-06-12 05:52:35 | DEBUG    | clean_data           | Converted LDCP from float64 to numeric
2026-06-12 05:52:35 | DEBUG    | clean_data           | Converted OPEN from float64 to numeric
2026-06-12 05:52:35 | DEBUG    | clean_data           | Converted HIGH from float64 to numeric
2026-06-12 05:52:35 | DEBUG    | clean_data           | Converted LOW from float64 to numeric
2026-06-12 05:52:35 | DEBUG    | clean_data           | Converted CURRENT from float64 to numeric
2026-06-12 05:52:35 | DEBUG    | clean_data           | Converted CHANGE from float64 to numeric
2026-06-12 05:52:35 | DEBUG    | clean_data           | Converted CHANGE (%) from str to numeric
2026-06-12 05:52:35 | DEBUG    | clean_data           | Converted VOLUME from int64 to numeric
2026-06-12 05:52:35 | INFO     | clean_data           | ✅ Data cleaned (468 rows, 16 columns)
2026-06-12 05:52:35 | DEBUG    | clean_data           | Final columns: ['SYMBOL', 'SECTOR', 'LDCP', 'OPEN', 'HIGH', 'LOW', 'CURRENT', 'CHANGE', 'CHANGE (%)', 'VOLUME', 'YEAR', 'MONTH', 'DAY', 'HOUR', 'MINUTE', 'DATETIME']
2026-06-12 05:52:35 | DEBUG    | get_file_path        | Generated file path: data/2026/06/2026-06-12.xlsx
2026-06-12 05:52:35 | INFO     | save_data            | Saving data to: data/2026/06/2026-06-12.xlsx
2026-06-12 05:52:35 | DEBUG    | save_data            | Existing file found, merging data...
2026-06-12 05:52:37 | DEBUG    | save_data            | Loaded 20600 existing rows
2026-06-12 05:52:37 | DEBUG    | save_data            | Combined to 21068 rows
2026-06-12 05:52:37 | DEBUG    | save_data            | Writing to temporary file...
2026-06-12 05:52:41 | DEBUG    | save_data            | Data written to temp file: /home/runner/work/Thalorae-BackLioraen/Thalorae-BackLioraen/data/2026/06/tmp7vaxktqh.xlsx
2026-06-12 05:52:41 | DEBUG    | save_data            | Temp file moved to final location
2026-06-12 05:52:41 | INFO     | save_data            | ✅ Data saved successfully (21068 total rows, 1557670 bytes)
2026-06-12 05:52:41 | INFO     | run                  | ======================================================================
2026-06-12 05:52:41 | INFO     | run                  | 📊 EXECUTION SUMMARY:
2026-06-12 05:52:41 | INFO     | run                  |    ✅ Status: SUCCESS
2026-06-12 05:52:41 | INFO     | run                  |    - Rows processed: 468
2026-06-12 05:52:41 | INFO     | run                  |    - Unique symbols: 468
2026-06-12 05:52:41 | INFO     | run                  |    - Timestamp: 2026-06-12 10:52:29
2026-06-12 05:52:41 | INFO     | run                  |    - File: data/2026/06/2026-06-12.xlsx
2026-06-12 05:52:41 | INFO     | run                  | ======================================================================
2026-06-12 05:52:41 | DEBUG    | run                  | Sample data (first row):
2026-06-12 05:52:41 | DEBUG    | run                  | {'SYMBOL': 'SPSL', 'SECTOR': 821, 'LDCP': 21.66, 'OPEN': 22.5, 'HIGH': 23.45, 'LOW': 22.4, 'CURRENT': 22.91, 'CHANGE': 1.25, 'CHANGE (%)': nan, 'VOLUME': 32192981, 'YEAR': 2026, 'MONTH': 6, 'DAY': 12, 'HOUR': 10, 'MINUTE': 52, 'DATETIME': '2026-06-12 10:52'}
2026-06-12 05:57:41 | INFO     | run                  | ======================================================================
2026-06-12 05:57:41 | INFO     | run                  | 🚀 MARKET DATA SCRAPER - SINGLE EXECUTION
2026-06-12 05:57:41 | INFO     | run                  | ======================================================================
2026-06-12 05:57:41 | INFO     | run                  | Execution Time: 2026-06-12 10:57:41 PKT
2026-06-12 05:57:41 | INFO     | run                  | Configuration:
2026-06-12 05:57:41 | INFO     | run                  |    - Timezone: Asia/Karachi
2026-06-12 05:57:41 | INFO     | run                  |    - Data directory: data
2026-06-12 05:57:41 | INFO     | run                  |    - Log directory: logs
2026-06-12 05:57:41 | INFO     | run                  | ======================================================================
2026-06-12 05:57:41 | INFO     | fetch_data           | Fetching data (Attempt 1/3)...
2026-06-12 05:57:41 | DEBUG    | fetch_data           | Establishing session with https://dps.psx.com.pk/
2026-06-12 05:57:45 | DEBUG    | fetch_data           | Requesting data from https://dps.psx.com.pk/market-watch
2026-06-12 05:57:46 | DEBUG    | fetch_data           | Response status: 200
2026-06-12 05:57:46 | DEBUG    | fetch_data           | Response content type: text/html; charset=utf-8
2026-06-12 05:57:46 | DEBUG    | fetch_data           | Response size: 447479 bytes
2026-06-12 05:57:46 | INFO     | fetch_data           | ✅ Data fetched successfully (Status: 200)
2026-06-12 05:57:46 | DEBUG    | parse_json           | Attempting JSON parsing...
2026-06-12 05:57:46 | DEBUG    | parse_json           | Response preview: <table class="tbl" data-page-length="25"><thead class="tbl__head"><!-- tr--><!--   th(colspan="11")--><!--   th.center(colspan="2", style="width: 110px;") TOTAL BUY ORDERS--><!--   th.center(colspan="2", style="width: 110px;") TOTAL SELL ORDERS--><tr><th data-name="symbol">SYMBOL</th><th data-name="sector">SECTOR</th><th data-name="listed">LISTED IN</th><th class="right" data-name="ldcp">LDCP</th><th class="right" data-name="open">OPEN</th><th class="right" data-name="high">HIGH</th><th class="r
2026-06-12 05:57:46 | WARNING  | parse_json           | ⚠️ JSON parsing failed: Expecting value: line 1 column 1 (char 0)
2026-06-12 05:57:46 | INFO     | run                  | JSON parsing failed, trying HTML fallback...
2026-06-12 05:57:46 | INFO     | parse_html           | Attempting HTML fallback parsing...
2026-06-12 05:57:46 | DEBUG    | parse_html           | Found 1 table(s) in HTML
2026-06-12 05:57:46 | DEBUG    | parse_html           | Table columns: ['SYMBOL', 'SECTOR', 'LISTED IN', 'LDCP', 'OPEN', 'HIGH', 'LOW', 'CURRENT', 'CHANGE', 'CHANGE (%)', 'VOLUME']
2026-06-12 05:57:46 | DEBUG    | parse_html           | Table shape: (468, 11)
2026-06-12 05:57:46 | INFO     | parse_html           | ✅ HTML parsed successfully (468 rows)
2026-06-12 05:57:46 | INFO     | clean_data           | Cleaning data...
2026-06-12 05:57:46 | DEBUG    | clean_data           | Initial shape: (468, 11)
2026-06-12 05:57:46 | DEBUG    | clean_data           | Initial columns: ['SYMBOL', 'SECTOR', 'LISTED IN', 'LDCP', 'OPEN', 'HIGH', 'LOW', 'CURRENT', 'CHANGE', 'CHANGE (%)', 'VOLUME']
2026-06-12 05:57:46 | DEBUG    | clean_data           | Removed 'LISTED IN' column
2026-06-12 05:57:46 | DEBUG    | clean_data           | Converted LDCP from float64 to numeric
2026-06-12 05:57:46 | DEBUG    | clean_data           | Converted OPEN from float64 to numeric
2026-06-12 05:57:46 | DEBUG    | clean_data           | Converted HIGH from float64 to numeric
2026-06-12 05:57:46 | DEBUG    | clean_data           | Converted LOW from float64 to numeric
2026-06-12 05:57:46 | DEBUG    | clean_data           | Converted CURRENT from float64 to numeric
2026-06-12 05:57:46 | DEBUG    | clean_data           | Converted CHANGE from float64 to numeric
2026-06-12 05:57:46 | DEBUG    | clean_data           | Converted CHANGE (%) from str to numeric
2026-06-12 05:57:46 | DEBUG    | clean_data           | Converted VOLUME from int64 to numeric
2026-06-12 05:57:46 | INFO     | clean_data           | ✅ Data cleaned (468 rows, 16 columns)
2026-06-12 05:57:46 | DEBUG    | clean_data           | Final columns: ['SYMBOL', 'SECTOR', 'LDCP', 'OPEN', 'HIGH', 'LOW', 'CURRENT', 'CHANGE', 'CHANGE (%)', 'VOLUME', 'YEAR', 'MONTH', 'DAY', 'HOUR', 'MINUTE', 'DATETIME']
2026-06-12 05:57:46 | DEBUG    | get_file_path        | Generated file path: data/2026/06/2026-06-12.xlsx
2026-06-12 05:57:46 | INFO     | save_data            | Saving data to: data/2026/06/2026-06-12.xlsx
2026-06-12 05:57:46 | DEBUG    | save_data            | Existing file found, merging data...
2026-06-12 05:57:48 | DEBUG    | save_data            | Loaded 21068 existing rows
2026-06-12 05:57:48 | DEBUG    | save_data            | Combined to 21536 rows
2026-06-12 05:57:48 | DEBUG    | save_data            | Writing to temporary file...
2026-06-12 05:57:52 | DEBUG    | save_data            | Data written to temp file: /home/runner/work/Thalorae-BackLioraen/Thalorae-BackLioraen/data/2026/06/tmppecsc4vi.xlsx
2026-06-12 05:57:52 | DEBUG    | save_data            | Temp file moved to final location
2026-06-12 05:57:52 | INFO     | save_data            | ✅ Data saved successfully (21536 total rows, 1592219 bytes)
2026-06-12 05:57:52 | INFO     | run                  | ======================================================================
2026-06-12 05:57:52 | INFO     | run                  | 📊 EXECUTION SUMMARY:
2026-06-12 05:57:52 | INFO     | run                  |    ✅ Status: SUCCESS
2026-06-12 05:57:52 | INFO     | run                  |    - Rows processed: 468
2026-06-12 05:57:52 | INFO     | run                  |    - Unique symbols: 468
2026-06-12 05:57:52 | INFO     | run                  |    - Timestamp: 2026-06-12 10:57:41
2026-06-12 05:57:52 | INFO     | run                  |    - File: data/2026/06/2026-06-12.xlsx
2026-06-12 05:57:52 | INFO     | run                  | ======================================================================
2026-06-12 05:57:52 | DEBUG    | run                  | Sample data (first row):
2026-06-12 05:57:52 | DEBUG    | run                  | {'SYMBOL': 'SPSL', 'SECTOR': 821, 'LDCP': 21.66, 'OPEN': 22.5, 'HIGH': 23.45, 'LOW': 22.4, 'CURRENT': 23.12, 'CHANGE': 1.46, 'CHANGE (%)': nan, 'VOLUME': 33570171, 'YEAR': 2026, 'MONTH': 6, 'DAY': 12, 'HOUR': 10, 'MINUTE': 57, 'DATETIME': '2026-06-12 10:57'}
2026-06-12 06:02:53 | INFO     | run                  | ======================================================================
2026-06-12 06:02:53 | INFO     | run                  | 🚀 MARKET DATA SCRAPER - SINGLE EXECUTION
2026-06-12 06:02:53 | INFO     | run                  | ======================================================================
2026-06-12 06:02:53 | INFO     | run                  | Execution Time: 2026-06-12 11:02:53 PKT
2026-06-12 06:02:53 | INFO     | run                  | Configuration:
2026-06-12 06:02:53 | INFO     | run                  |    - Timezone: Asia/Karachi
2026-06-12 06:02:53 | INFO     | run                  |    - Data directory: data
2026-06-12 06:02:53 | INFO     | run                  |    - Log directory: logs
2026-06-12 06:02:53 | INFO     | run                  | ======================================================================
2026-06-12 06:02:53 | INFO     | fetch_data           | Fetching data (Attempt 1/3)...
2026-06-12 06:02:53 | DEBUG    | fetch_data           | Establishing session with https://dps.psx.com.pk/
2026-06-12 06:02:57 | DEBUG    | fetch_data           | Requesting data from https://dps.psx.com.pk/market-watch
2026-06-12 06:02:59 | DEBUG    | fetch_data           | Response status: 200
2026-06-12 06:02:59 | DEBUG    | fetch_data           | Response content type: text/html; charset=utf-8
2026-06-12 06:02:59 | DEBUG    | fetch_data           | Response size: 448815 bytes
2026-06-12 06:02:59 | INFO     | fetch_data           | ✅ Data fetched successfully (Status: 200)
2026-06-12 06:02:59 | DEBUG    | parse_json           | Attempting JSON parsing...
2026-06-12 06:02:59 | DEBUG    | parse_json           | Response preview: <table class="tbl" data-page-length="25"><thead class="tbl__head"><!-- tr--><!--   th(colspan="11")--><!--   th.center(colspan="2", style="width: 110px;") TOTAL BUY ORDERS--><!--   th.center(colspan="2", style="width: 110px;") TOTAL SELL ORDERS--><tr><th data-name="symbol">SYMBOL</th><th data-name="sector">SECTOR</th><th data-name="listed">LISTED IN</th><th class="right" data-name="ldcp">LDCP</th><th class="right" data-name="open">OPEN</th><th class="right" data-name="high">HIGH</th><th class="r
2026-06-12 06:02:59 | WARNING  | parse_json           | ⚠️ JSON parsing failed: Expecting value: line 1 column 1 (char 0)
2026-06-12 06:02:59 | INFO     | run                  | JSON parsing failed, trying HTML fallback...
2026-06-12 06:02:59 | INFO     | parse_html           | Attempting HTML fallback parsing...
2026-06-12 06:02:59 | DEBUG    | parse_html           | Found 1 table(s) in HTML
2026-06-12 06:02:59 | DEBUG    | parse_html           | Table columns: ['SYMBOL', 'SECTOR', 'LISTED IN', 'LDCP', 'OPEN', 'HIGH', 'LOW', 'CURRENT', 'CHANGE', 'CHANGE (%)', 'VOLUME']
2026-06-12 06:02:59 | DEBUG    | parse_html           | Table shape: (469, 11)
2026-06-12 06:02:59 | INFO     | parse_html           | ✅ HTML parsed successfully (469 rows)
2026-06-12 06:02:59 | INFO     | clean_data           | Cleaning data...
2026-06-12 06:02:59 | DEBUG    | clean_data           | Initial shape: (469, 11)
2026-06-12 06:02:59 | DEBUG    | clean_data           | Initial columns: ['SYMBOL', 'SECTOR', 'LISTED IN', 'LDCP', 'OPEN', 'HIGH', 'LOW', 'CURRENT', 'CHANGE', 'CHANGE (%)', 'VOLUME']
2026-06-12 06:02:59 | DEBUG    | clean_data           | Removed 'LISTED IN' column
2026-06-12 06:02:59 | DEBUG    | clean_data           | Converted LDCP from float64 to numeric
2026-06-12 06:02:59 | DEBUG    | clean_data           | Converted OPEN from float64 to numeric
2026-06-12 06:02:59 | DEBUG    | clean_data           | Converted HIGH from float64 to numeric
2026-06-12 06:02:59 | DEBUG    | clean_data           | Converted LOW from float64 to numeric
2026-06-12 06:02:59 | DEBUG    | clean_data           | Converted CURRENT from float64 to numeric
2026-06-12 06:02:59 | DEBUG    | clean_data           | Converted CHANGE from float64 to numeric
2026-06-12 06:02:59 | DEBUG    | clean_data           | Converted CHANGE (%) from str to numeric
2026-06-12 06:02:59 | DEBUG    | clean_data           | Converted VOLUME from int64 to numeric
2026-06-12 06:02:59 | INFO     | clean_data           | ✅ Data cleaned (469 rows, 16 columns)
2026-06-12 06:02:59 | DEBUG    | clean_data           | Final columns: ['SYMBOL', 'SECTOR', 'LDCP', 'OPEN', 'HIGH', 'LOW', 'CURRENT', 'CHANGE', 'CHANGE (%)', 'VOLUME', 'YEAR', 'MONTH', 'DAY', 'HOUR', 'MINUTE', 'DATETIME']
2026-06-12 06:02:59 | DEBUG    | get_file_path        | Generated file path: data/2026/06/2026-06-12.xlsx
2026-06-12 06:02:59 | INFO     | save_data            | Saving data to: data/2026/06/2026-06-12.xlsx
2026-06-12 06:02:59 | DEBUG    | save_data            | Existing file found, merging data...
2026-06-12 06:03:01 | DEBUG    | save_data            | Loaded 21536 existing rows
2026-06-12 06:03:01 | DEBUG    | save_data            | Combined to 22005 rows
2026-06-12 06:03:01 | DEBUG    | save_data            | Writing to temporary file...
2026-06-12 06:03:05 | DEBUG    | save_data            | Data written to temp file: /home/runner/work/Thalorae-BackLioraen/Thalorae-BackLioraen/data/2026/06/tmpygkzj8su.xlsx
2026-06-12 06:03:05 | DEBUG    | save_data            | Temp file moved to final location
2026-06-12 06:03:05 | INFO     | save_data            | ✅ Data saved successfully (22005 total rows, 1627010 bytes)
2026-06-12 06:03:05 | INFO     | run                  | ======================================================================
2026-06-12 06:03:05 | INFO     | run                  | 📊 EXECUTION SUMMARY:
2026-06-12 06:03:05 | INFO     | run                  |    ✅ Status: SUCCESS
2026-06-12 06:03:05 | INFO     | run                  |    - Rows processed: 469
2026-06-12 06:03:05 | INFO     | run                  |    - Unique symbols: 469
2026-06-12 06:03:05 | INFO     | run                  |    - Timestamp: 2026-06-12 11:02:53
2026-06-12 06:03:05 | INFO     | run                  |    - File: data/2026/06/2026-06-12.xlsx
2026-06-12 06:03:05 | INFO     | run                  | ======================================================================
2026-06-12 06:03:05 | DEBUG    | run                  | Sample data (first row):
2026-06-12 06:03:05 | DEBUG    | run                  | {'SYMBOL': 'SPSL', 'SECTOR': 821, 'LDCP': 21.66, 'OPEN': 22.5, 'HIGH': 23.45, 'LOW': 22.4, 'CURRENT': 23.03, 'CHANGE': 1.37, 'CHANGE (%)': nan, 'VOLUME': 35208194, 'YEAR': 2026, 'MONTH': 6, 'DAY': 12, 'HOUR': 11, 'MINUTE': 2, 'DATETIME': '2026-06-12 11:02'}
2026-06-12 06:08:06 | INFO     | run                  | ======================================================================
2026-06-12 06:08:06 | INFO     | run                  | 🚀 MARKET DATA SCRAPER - SINGLE EXECUTION
2026-06-12 06:08:06 | INFO     | run                  | ======================================================================
2026-06-12 06:08:06 | INFO     | run                  | Execution Time: 2026-06-12 11:08:06 PKT
2026-06-12 06:08:06 | INFO     | run                  | Configuration:
2026-06-12 06:08:06 | INFO     | run                  |    - Timezone: Asia/Karachi
2026-06-12 06:08:06 | INFO     | run                  |    - Data directory: data
2026-06-12 06:08:06 | INFO     | run                  |    - Log directory: logs
2026-06-12 06:08:06 | INFO     | run                  | ======================================================================
2026-06-12 06:08:06 | INFO     | fetch_data           | Fetching data (Attempt 1/3)...
2026-06-12 06:08:06 | DEBUG    | fetch_data           | Establishing session with https://dps.psx.com.pk/
2026-06-12 06:08:09 | DEBUG    | fetch_data           | Requesting data from https://dps.psx.com.pk/market-watch
2026-06-12 06:08:11 | DEBUG    | fetch_data           | Response status: 200
2026-06-12 06:08:11 | DEBUG    | fetch_data           | Response content type: text/html; charset=utf-8
2026-06-12 06:08:11 | DEBUG    | fetch_data           | Response size: 449592 bytes
2026-06-12 06:08:11 | INFO     | fetch_data           | ✅ Data fetched successfully (Status: 200)
2026-06-12 06:08:11 | DEBUG    | parse_json           | Attempting JSON parsing...
2026-06-12 06:08:11 | DEBUG    | parse_json           | Response preview: <table class="tbl" data-page-length="25"><thead class="tbl__head"><!-- tr--><!--   th(colspan="11")--><!--   th.center(colspan="2", style="width: 110px;") TOTAL BUY ORDERS--><!--   th.center(colspan="2", style="width: 110px;") TOTAL SELL ORDERS--><tr><th data-name="symbol">SYMBOL</th><th data-name="sector">SECTOR</th><th data-name="listed">LISTED IN</th><th class="right" data-name="ldcp">LDCP</th><th class="right" data-name="open">OPEN</th><th class="right" data-name="high">HIGH</th><th class="r
2026-06-12 06:08:11 | WARNING  | parse_json           | ⚠️ JSON parsing failed: Expecting value: line 1 column 1 (char 0)
2026-06-12 06:08:11 | INFO     | run                  | JSON parsing failed, trying HTML fallback...
2026-06-12 06:08:11 | INFO     | parse_html           | Attempting HTML fallback parsing...
2026-06-12 06:08:11 | DEBUG    | parse_html           | Found 1 table(s) in HTML
2026-06-12 06:08:11 | DEBUG    | parse_html           | Table columns: ['SYMBOL', 'SECTOR', 'LISTED IN', 'LDCP', 'OPEN', 'HIGH', 'LOW', 'CURRENT', 'CHANGE', 'CHANGE (%)', 'VOLUME']
2026-06-12 06:08:11 | DEBUG    | parse_html           | Table shape: (470, 11)
2026-06-12 06:08:11 | INFO     | parse_html           | ✅ HTML parsed successfully (470 rows)
2026-06-12 06:08:11 | INFO     | clean_data           | Cleaning data...
2026-06-12 06:08:11 | DEBUG    | clean_data           | Initial shape: (470, 11)
2026-06-12 06:08:11 | DEBUG    | clean_data           | Initial columns: ['SYMBOL', 'SECTOR', 'LISTED IN', 'LDCP', 'OPEN', 'HIGH', 'LOW', 'CURRENT', 'CHANGE', 'CHANGE (%)', 'VOLUME']
2026-06-12 06:08:11 | DEBUG    | clean_data           | Removed 'LISTED IN' column
2026-06-12 06:08:11 | DEBUG    | clean_data           | Converted LDCP from float64 to numeric
2026-06-12 06:08:11 | DEBUG    | clean_data           | Converted OPEN from float64 to numeric
2026-06-12 06:08:11 | DEBUG    | clean_data           | Converted HIGH from float64 to numeric
2026-06-12 06:08:11 | DEBUG    | clean_data           | Converted LOW from float64 to numeric
2026-06-12 06:08:11 | DEBUG    | clean_data           | Converted CURRENT from float64 to numeric
2026-06-12 06:08:11 | DEBUG    | clean_data           | Converted CHANGE from float64 to numeric
2026-06-12 06:08:11 | DEBUG    | clean_data           | Converted CHANGE (%) from str to numeric
2026-06-12 06:08:11 | DEBUG    | clean_data           | Converted VOLUME from int64 to numeric
2026-06-12 06:08:11 | INFO     | clean_data           | ✅ Data cleaned (470 rows, 16 columns)
2026-06-12 06:08:11 | DEBUG    | clean_data           | Final columns: ['SYMBOL', 'SECTOR', 'LDCP', 'OPEN', 'HIGH', 'LOW', 'CURRENT', 'CHANGE', 'CHANGE (%)', 'VOLUME', 'YEAR', 'MONTH', 'DAY', 'HOUR', 'MINUTE', 'DATETIME']
2026-06-12 06:08:11 | DEBUG    | get_file_path        | Generated file path: data/2026/06/2026-06-12.xlsx
2026-06-12 06:08:11 | INFO     | save_data            | Saving data to: data/2026/06/2026-06-12.xlsx
2026-06-12 06:08:11 | DEBUG    | save_data            | Existing file found, merging data...
2026-06-12 06:08:13 | DEBUG    | save_data            | Loaded 22005 existing rows
2026-06-12 06:08:13 | DEBUG    | save_data            | Combined to 22475 rows
2026-06-12 06:08:13 | DEBUG    | save_data            | Writing to temporary file...
2026-06-12 06:08:17 | DEBUG    | save_data            | Data written to temp file: /home/runner/work/Thalorae-BackLioraen/Thalorae-BackLioraen/data/2026/06/tmptw9s97lk.xlsx
2026-06-12 06:08:17 | DEBUG    | save_data            | Temp file moved to final location
2026-06-12 06:08:17 | INFO     | save_data            | ✅ Data saved successfully (22475 total rows, 1661867 bytes)
2026-06-12 06:08:17 | INFO     | run                  | ======================================================================
2026-06-12 06:08:17 | INFO     | run                  | 📊 EXECUTION SUMMARY:
2026-06-12 06:08:17 | INFO     | run                  |    ✅ Status: SUCCESS
2026-06-12 06:08:17 | INFO     | run                  |    - Rows processed: 470
2026-06-12 06:08:17 | INFO     | run                  |    - Unique symbols: 470
2026-06-12 06:08:17 | INFO     | run                  |    - Timestamp: 2026-06-12 11:08:06
2026-06-12 06:08:17 | INFO     | run                  |    - File: data/2026/06/2026-06-12.xlsx
2026-06-12 06:08:17 | INFO     | run                  | ======================================================================
2026-06-12 06:08:17 | DEBUG    | run                  | Sample data (first row):
2026-06-12 06:08:17 | DEBUG    | run                  | {'SYMBOL': 'SPSL', 'SECTOR': 821, 'LDCP': 21.66, 'OPEN': 22.5, 'HIGH': 23.45, 'LOW': 22.4, 'CURRENT': 22.96, 'CHANGE': 1.3, 'CHANGE (%)': nan, 'VOLUME': 35728942, 'YEAR': 2026, 'MONTH': 6, 'DAY': 12, 'HOUR': 11, 'MINUTE': 8, 'DATETIME': '2026-06-12 11:08'}
2026-06-12 06:13:18 | INFO     | run                  | ======================================================================
2026-06-12 06:13:18 | INFO     | run                  | 🚀 MARKET DATA SCRAPER - SINGLE EXECUTION
2026-06-12 06:13:18 | INFO     | run                  | ======================================================================
2026-06-12 06:13:18 | INFO     | run                  | Execution Time: 2026-06-12 11:13:18 PKT
2026-06-12 06:13:18 | INFO     | run                  | Configuration:
2026-06-12 06:13:18 | INFO     | run                  |    - Timezone: Asia/Karachi
2026-06-12 06:13:18 | INFO     | run                  |    - Data directory: data
2026-06-12 06:13:18 | INFO     | run                  |    - Log directory: logs
2026-06-12 06:13:18 | INFO     | run                  | ======================================================================
2026-06-12 06:13:18 | INFO     | fetch_data           | Fetching data (Attempt 1/3)...
2026-06-12 06:13:18 | DEBUG    | fetch_data           | Establishing session with https://dps.psx.com.pk/
2026-06-12 06:13:22 | DEBUG    | fetch_data           | Requesting data from https://dps.psx.com.pk/market-watch
2026-06-12 06:13:23 | DEBUG    | fetch_data           | Response status: 200
2026-06-12 06:13:23 | DEBUG    | fetch_data           | Response content type: text/html; charset=utf-8
2026-06-12 06:13:23 | DEBUG    | fetch_data           | Response size: 449691 bytes
2026-06-12 06:13:23 | INFO     | fetch_data           | ✅ Data fetched successfully (Status: 200)
2026-06-12 06:13:23 | DEBUG    | parse_json           | Attempting JSON parsing...
2026-06-12 06:13:23 | DEBUG    | parse_json           | Response preview: <table class="tbl" data-page-length="25"><thead class="tbl__head"><!-- tr--><!--   th(colspan="11")--><!--   th.center(colspan="2", style="width: 110px;") TOTAL BUY ORDERS--><!--   th.center(colspan="2", style="width: 110px;") TOTAL SELL ORDERS--><tr><th data-name="symbol">SYMBOL</th><th data-name="sector">SECTOR</th><th data-name="listed">LISTED IN</th><th class="right" data-name="ldcp">LDCP</th><th class="right" data-name="open">OPEN</th><th class="right" data-name="high">HIGH</th><th class="r
2026-06-12 06:13:23 | WARNING  | parse_json           | ⚠️ JSON parsing failed: Expecting value: line 1 column 1 (char 0)
2026-06-12 06:13:23 | INFO     | run                  | JSON parsing failed, trying HTML fallback...
2026-06-12 06:13:23 | INFO     | parse_html           | Attempting HTML fallback parsing...
2026-06-12 06:13:23 | DEBUG    | parse_html           | Found 1 table(s) in HTML
2026-06-12 06:13:23 | DEBUG    | parse_html           | Table columns: ['SYMBOL', 'SECTOR', 'LISTED IN', 'LDCP', 'OPEN', 'HIGH', 'LOW', 'CURRENT', 'CHANGE', 'CHANGE (%)', 'VOLUME']
2026-06-12 06:13:23 | DEBUG    | parse_html           | Table shape: (470, 11)
2026-06-12 06:13:23 | INFO     | parse_html           | ✅ HTML parsed successfully (470 rows)
2026-06-12 06:13:23 | INFO     | clean_data           | Cleaning data...
2026-06-12 06:13:23 | DEBUG    | clean_data           | Initial shape: (470, 11)
2026-06-12 06:13:23 | DEBUG    | clean_data           | Initial columns: ['SYMBOL', 'SECTOR', 'LISTED IN', 'LDCP', 'OPEN', 'HIGH', 'LOW', 'CURRENT', 'CHANGE', 'CHANGE (%)', 'VOLUME']
2026-06-12 06:13:23 | DEBUG    | clean_data           | Removed 'LISTED IN' column
2026-06-12 06:13:23 | DEBUG    | clean_data           | Converted LDCP from float64 to numeric
2026-06-12 06:13:23 | DEBUG    | clean_data           | Converted OPEN from float64 to numeric
2026-06-12 06:13:23 | DEBUG    | clean_data           | Converted HIGH from float64 to numeric
2026-06-12 06:13:23 | DEBUG    | clean_data           | Converted LOW from float64 to numeric
2026-06-12 06:13:23 | DEBUG    | clean_data           | Converted CURRENT from float64 to numeric
2026-06-12 06:13:23 | DEBUG    | clean_data           | Converted CHANGE from float64 to numeric
2026-06-12 06:13:23 | DEBUG    | clean_data           | Converted CHANGE (%) from str to numeric
2026-06-12 06:13:23 | DEBUG    | clean_data           | Converted VOLUME from int64 to numeric
2026-06-12 06:13:23 | INFO     | clean_data           | ✅ Data cleaned (470 rows, 16 columns)
2026-06-12 06:13:23 | DEBUG    | clean_data           | Final columns: ['SYMBOL', 'SECTOR', 'LDCP', 'OPEN', 'HIGH', 'LOW', 'CURRENT', 'CHANGE', 'CHANGE (%)', 'VOLUME', 'YEAR', 'MONTH', 'DAY', 'HOUR', 'MINUTE', 'DATETIME']
2026-06-12 06:13:23 | DEBUG    | get_file_path        | Generated file path: data/2026/06/2026-06-12.xlsx
2026-06-12 06:13:23 | INFO     | save_data            | Saving data to: data/2026/06/2026-06-12.xlsx
2026-06-12 06:13:23 | DEBUG    | save_data            | Existing file found, merging data...
2026-06-12 06:13:25 | DEBUG    | save_data            | Loaded 22475 existing rows
2026-06-12 06:13:25 | DEBUG    | save_data            | Combined to 22945 rows
2026-06-12 06:13:25 | DEBUG    | save_data            | Writing to temporary file...
2026-06-12 06:13:29 | DEBUG    | save_data            | Data written to temp file: /home/runner/work/Thalorae-BackLioraen/Thalorae-BackLioraen/data/2026/06/tmps253__2u.xlsx
2026-06-12 06:13:29 | DEBUG    | save_data            | Temp file moved to final location
2026-06-12 06:13:29 | INFO     | save_data            | ✅ Data saved successfully (22945 total rows, 1696766 bytes)
2026-06-12 06:13:29 | INFO     | run                  | ======================================================================
2026-06-12 06:13:29 | INFO     | run                  | 📊 EXECUTION SUMMARY:
2026-06-12 06:13:29 | INFO     | run                  |    ✅ Status: SUCCESS
2026-06-12 06:13:29 | INFO     | run                  |    - Rows processed: 470
2026-06-12 06:13:29 | INFO     | run                  |    - Unique symbols: 470
2026-06-12 06:13:29 | INFO     | run                  |    - Timestamp: 2026-06-12 11:13:18
2026-06-12 06:13:29 | INFO     | run                  |    - File: data/2026/06/2026-06-12.xlsx
2026-06-12 06:13:29 | INFO     | run                  | ======================================================================
2026-06-12 06:13:29 | DEBUG    | run                  | Sample data (first row):
2026-06-12 06:13:29 | DEBUG    | run                  | {'SYMBOL': 'SPSL', 'SECTOR': 821, 'LDCP': 21.66, 'OPEN': 22.5, 'HIGH': 23.45, 'LOW': 22.4, 'CURRENT': 22.93, 'CHANGE': 1.27, 'CHANGE (%)': nan, 'VOLUME': 36034165, 'YEAR': 2026, 'MONTH': 6, 'DAY': 12, 'HOUR': 11, 'MINUTE': 13, 'DATETIME': '2026-06-12 11:13'}
2026-06-12 06:18:30 | INFO     | run                  | ======================================================================
2026-06-12 06:18:30 | INFO     | run                  | 🚀 MARKET DATA SCRAPER - SINGLE EXECUTION
2026-06-12 06:18:30 | INFO     | run                  | ======================================================================
2026-06-12 06:18:30 | INFO     | run                  | Execution Time: 2026-06-12 11:18:30 PKT
2026-06-12 06:18:30 | INFO     | run                  | Configuration:
2026-06-12 06:18:30 | INFO     | run                  |    - Timezone: Asia/Karachi
2026-06-12 06:18:30 | INFO     | run                  |    - Data directory: data
2026-06-12 06:18:30 | INFO     | run                  |    - Log directory: logs
2026-06-12 06:18:30 | INFO     | run                  | ======================================================================
2026-06-12 06:18:30 | INFO     | fetch_data           | Fetching data (Attempt 1/3)...
2026-06-12 06:18:30 | DEBUG    | fetch_data           | Establishing session with https://dps.psx.com.pk/
2026-06-12 06:18:34 | DEBUG    | fetch_data           | Requesting data from https://dps.psx.com.pk/market-watch
2026-06-12 06:18:35 | DEBUG    | fetch_data           | Response status: 200
2026-06-12 06:18:35 | DEBUG    | fetch_data           | Response content type: text/html; charset=utf-8
2026-06-12 06:18:35 | DEBUG    | fetch_data           | Response size: 450377 bytes
2026-06-12 06:18:35 | INFO     | fetch_data           | ✅ Data fetched successfully (Status: 200)
2026-06-12 06:18:35 | DEBUG    | parse_json           | Attempting JSON parsing...
2026-06-12 06:18:35 | DEBUG    | parse_json           | Response preview: <table class="tbl" data-page-length="25"><thead class="tbl__head"><!-- tr--><!--   th(colspan="11")--><!--   th.center(colspan="2", style="width: 110px;") TOTAL BUY ORDERS--><!--   th.center(colspan="2", style="width: 110px;") TOTAL SELL ORDERS--><tr><th data-name="symbol">SYMBOL</th><th data-name="sector">SECTOR</th><th data-name="listed">LISTED IN</th><th class="right" data-name="ldcp">LDCP</th><th class="right" data-name="open">OPEN</th><th class="right" data-name="high">HIGH</th><th class="r
2026-06-12 06:18:35 | WARNING  | parse_json           | ⚠️ JSON parsing failed: Expecting value: line 1 column 1 (char 0)
2026-06-12 06:18:35 | INFO     | run                  | JSON parsing failed, trying HTML fallback...
2026-06-12 06:18:35 | INFO     | parse_html           | Attempting HTML fallback parsing...
2026-06-12 06:18:35 | DEBUG    | parse_html           | Found 1 table(s) in HTML
2026-06-12 06:18:35 | DEBUG    | parse_html           | Table columns: ['SYMBOL', 'SECTOR', 'LISTED IN', 'LDCP', 'OPEN', 'HIGH', 'LOW', 'CURRENT', 'CHANGE', 'CHANGE (%)', 'VOLUME']
2026-06-12 06:18:35 | DEBUG    | parse_html           | Table shape: (471, 11)
2026-06-12 06:18:35 | INFO     | parse_html           | ✅ HTML parsed successfully (471 rows)
2026-06-12 06:18:35 | INFO     | clean_data           | Cleaning data...
2026-06-12 06:18:35 | DEBUG    | clean_data           | Initial shape: (471, 11)
2026-06-12 06:18:35 | DEBUG    | clean_data           | Initial columns: ['SYMBOL', 'SECTOR', 'LISTED IN', 'LDCP', 'OPEN', 'HIGH', 'LOW', 'CURRENT', 'CHANGE', 'CHANGE (%)', 'VOLUME']
2026-06-12 06:18:35 | DEBUG    | clean_data           | Removed 'LISTED IN' column
2026-06-12 06:18:35 | DEBUG    | clean_data           | Converted LDCP from float64 to numeric
2026-06-12 06:18:35 | DEBUG    | clean_data           | Converted OPEN from float64 to numeric
2026-06-12 06:18:35 | DEBUG    | clean_data           | Converted HIGH from float64 to numeric
2026-06-12 06:18:35 | DEBUG    | clean_data           | Converted LOW from float64 to numeric
2026-06-12 06:18:35 | DEBUG    | clean_data           | Converted CURRENT from float64 to numeric
2026-06-12 06:18:35 | DEBUG    | clean_data           | Converted CHANGE from float64 to numeric
2026-06-12 06:18:35 | DEBUG    | clean_data           | Converted CHANGE (%) from str to numeric
2026-06-12 06:18:35 | DEBUG    | clean_data           | Converted VOLUME from int64 to numeric
2026-06-12 06:18:35 | INFO     | clean_data           | ✅ Data cleaned (471 rows, 16 columns)
2026-06-12 06:18:35 | DEBUG    | clean_data           | Final columns: ['SYMBOL', 'SECTOR', 'LDCP', 'OPEN', 'HIGH', 'LOW', 'CURRENT', 'CHANGE', 'CHANGE (%)', 'VOLUME', 'YEAR', 'MONTH', 'DAY', 'HOUR', 'MINUTE', 'DATETIME']
2026-06-12 06:18:35 | DEBUG    | get_file_path        | Generated file path: data/2026/06/2026-06-12.xlsx
2026-06-12 06:18:35 | INFO     | save_data            | Saving data to: data/2026/06/2026-06-12.xlsx
2026-06-12 06:18:35 | DEBUG    | save_data            | Existing file found, merging data...
2026-06-12 06:18:38 | DEBUG    | save_data            | Loaded 22945 existing rows
2026-06-12 06:18:38 | DEBUG    | save_data            | Combined to 23416 rows
2026-06-12 06:18:38 | DEBUG    | save_data            | Writing to temporary file...
2026-06-12 06:18:42 | DEBUG    | save_data            | Data written to temp file: /home/runner/work/Thalorae-BackLioraen/Thalorae-BackLioraen/data/2026/06/tmpo88_ozt1.xlsx
2026-06-12 06:18:42 | DEBUG    | save_data            | Temp file moved to final location
2026-06-12 06:18:42 | INFO     | save_data            | ✅ Data saved successfully (23416 total rows, 1731751 bytes)
2026-06-12 06:18:42 | INFO     | run                  | ======================================================================
2026-06-12 06:18:42 | INFO     | run                  | 📊 EXECUTION SUMMARY:
2026-06-12 06:18:42 | INFO     | run                  |    ✅ Status: SUCCESS
2026-06-12 06:18:42 | INFO     | run                  |    - Rows processed: 471
2026-06-12 06:18:42 | INFO     | run                  |    - Unique symbols: 471
2026-06-12 06:18:42 | INFO     | run                  |    - Timestamp: 2026-06-12 11:18:30
2026-06-12 06:18:42 | INFO     | run                  |    - File: data/2026/06/2026-06-12.xlsx
2026-06-12 06:18:42 | INFO     | run                  | ======================================================================
2026-06-12 06:18:42 | DEBUG    | run                  | Sample data (first row):
2026-06-12 06:18:42 | DEBUG    | run                  | {'SYMBOL': 'SPSL', 'SECTOR': 821, 'LDCP': 21.66, 'OPEN': 22.5, 'HIGH': 23.45, 'LOW': 22.4, 'CURRENT': 22.93, 'CHANGE': 1.27, 'CHANGE (%)': nan, 'VOLUME': 36192332, 'YEAR': 2026, 'MONTH': 6, 'DAY': 12, 'HOUR': 11, 'MINUTE': 18, 'DATETIME': '2026-06-12 11:18'}
2026-06-12 06:23:43 | INFO     | run                  | ======================================================================
2026-06-12 06:23:43 | INFO     | run                  | 🚀 MARKET DATA SCRAPER - SINGLE EXECUTION
2026-06-12 06:23:43 | INFO     | run                  | ======================================================================
2026-06-12 06:23:43 | INFO     | run                  | Execution Time: 2026-06-12 11:23:43 PKT
2026-06-12 06:23:43 | INFO     | run                  | Configuration:
2026-06-12 06:23:43 | INFO     | run                  |    - Timezone: Asia/Karachi
2026-06-12 06:23:43 | INFO     | run                  |    - Data directory: data
2026-06-12 06:23:43 | INFO     | run                  |    - Log directory: logs
2026-06-12 06:23:43 | INFO     | run                  | ======================================================================
2026-06-12 06:23:43 | INFO     | fetch_data           | Fetching data (Attempt 1/3)...
2026-06-12 06:23:43 | DEBUG    | fetch_data           | Establishing session with https://dps.psx.com.pk/
2026-06-12 06:23:45 | DEBUG    | fetch_data           | Requesting data from https://dps.psx.com.pk/market-watch
2026-06-12 06:23:46 | DEBUG    | fetch_data           | Response status: 200
2026-06-12 06:23:46 | DEBUG    | fetch_data           | Response content type: text/html; charset=utf-8
2026-06-12 06:23:46 | DEBUG    | fetch_data           | Response size: 450367 bytes
2026-06-12 06:23:46 | INFO     | fetch_data           | ✅ Data fetched successfully (Status: 200)
2026-06-12 06:23:46 | DEBUG    | parse_json           | Attempting JSON parsing...
2026-06-12 06:23:46 | DEBUG    | parse_json           | Response preview: <table class="tbl" data-page-length="25"><thead class="tbl__head"><!-- tr--><!--   th(colspan="11")--><!--   th.center(colspan="2", style="width: 110px;") TOTAL BUY ORDERS--><!--   th.center(colspan="2", style="width: 110px;") TOTAL SELL ORDERS--><tr><th data-name="symbol">SYMBOL</th><th data-name="sector">SECTOR</th><th data-name="listed">LISTED IN</th><th class="right" data-name="ldcp">LDCP</th><th class="right" data-name="open">OPEN</th><th class="right" data-name="high">HIGH</th><th class="r
2026-06-12 06:23:46 | WARNING  | parse_json           | ⚠️ JSON parsing failed: Expecting value: line 1 column 1 (char 0)
2026-06-12 06:23:46 | INFO     | run                  | JSON parsing failed, trying HTML fallback...
2026-06-12 06:23:46 | INFO     | parse_html           | Attempting HTML fallback parsing...
2026-06-12 06:23:46 | DEBUG    | parse_html           | Found 1 table(s) in HTML
2026-06-12 06:23:46 | DEBUG    | parse_html           | Table columns: ['SYMBOL', 'SECTOR', 'LISTED IN', 'LDCP', 'OPEN', 'HIGH', 'LOW', 'CURRENT', 'CHANGE', 'CHANGE (%)', 'VOLUME']
2026-06-12 06:23:46 | DEBUG    | parse_html           | Table shape: (471, 11)
2026-06-12 06:23:46 | INFO     | parse_html           | ✅ HTML parsed successfully (471 rows)
2026-06-12 06:23:46 | INFO     | clean_data           | Cleaning data...
2026-06-12 06:23:46 | DEBUG    | clean_data           | Initial shape: (471, 11)
2026-06-12 06:23:46 | DEBUG    | clean_data           | Initial columns: ['SYMBOL', 'SECTOR', 'LISTED IN', 'LDCP', 'OPEN', 'HIGH', 'LOW', 'CURRENT', 'CHANGE', 'CHANGE (%)', 'VOLUME']
2026-06-12 06:23:46 | DEBUG    | clean_data           | Removed 'LISTED IN' column
2026-06-12 06:23:46 | DEBUG    | clean_data           | Converted LDCP from float64 to numeric
2026-06-12 06:23:46 | DEBUG    | clean_data           | Converted OPEN from float64 to numeric
2026-06-12 06:23:46 | DEBUG    | clean_data           | Converted HIGH from float64 to numeric
2026-06-12 06:23:46 | DEBUG    | clean_data           | Converted LOW from float64 to numeric
2026-06-12 06:23:46 | DEBUG    | clean_data           | Converted CURRENT from float64 to numeric
2026-06-12 06:23:46 | DEBUG    | clean_data           | Converted CHANGE from float64 to numeric
2026-06-12 06:23:46 | DEBUG    | clean_data           | Converted CHANGE (%) from str to numeric
2026-06-12 06:23:46 | DEBUG    | clean_data           | Converted VOLUME from int64 to numeric
2026-06-12 06:23:46 | INFO     | clean_data           | ✅ Data cleaned (471 rows, 16 columns)
2026-06-12 06:23:46 | DEBUG    | clean_data           | Final columns: ['SYMBOL', 'SECTOR', 'LDCP', 'OPEN', 'HIGH', 'LOW', 'CURRENT', 'CHANGE', 'CHANGE (%)', 'VOLUME', 'YEAR', 'MONTH', 'DAY', 'HOUR', 'MINUTE', 'DATETIME']
2026-06-12 06:23:46 | DEBUG    | get_file_path        | Generated file path: data/2026/06/2026-06-12.xlsx
2026-06-12 06:23:46 | INFO     | save_data            | Saving data to: data/2026/06/2026-06-12.xlsx
2026-06-12 06:23:46 | DEBUG    | save_data            | Existing file found, merging data...
2026-06-12 06:23:49 | DEBUG    | save_data            | Loaded 23416 existing rows
2026-06-12 06:23:49 | DEBUG    | save_data            | Combined to 23887 rows
2026-06-12 06:23:49 | DEBUG    | save_data            | Writing to temporary file...
2026-06-12 06:23:53 | DEBUG    | save_data            | Data written to temp file: /home/runner/work/Thalorae-BackLioraen/Thalorae-BackLioraen/data/2026/06/tmpafl84_ey.xlsx
2026-06-12 06:23:53 | DEBUG    | save_data            | Temp file moved to final location
2026-06-12 06:23:53 | INFO     | save_data            | ✅ Data saved successfully (23887 total rows, 1766776 bytes)
2026-06-12 06:23:53 | INFO     | run                  | ======================================================================
2026-06-12 06:23:53 | INFO     | run                  | 📊 EXECUTION SUMMARY:
2026-06-12 06:23:53 | INFO     | run                  |    ✅ Status: SUCCESS
2026-06-12 06:23:53 | INFO     | run                  |    - Rows processed: 471
2026-06-12 06:23:53 | INFO     | run                  |    - Unique symbols: 471
2026-06-12 06:23:53 | INFO     | run                  |    - Timestamp: 2026-06-12 11:23:43
2026-06-12 06:23:53 | INFO     | run                  |    - File: data/2026/06/2026-06-12.xlsx
2026-06-12 06:23:53 | INFO     | run                  | ======================================================================
2026-06-12 06:23:53 | DEBUG    | run                  | Sample data (first row):
2026-06-12 06:23:53 | DEBUG    | run                  | {'SYMBOL': 'SPSL', 'SECTOR': 821, 'LDCP': 21.66, 'OPEN': 22.5, 'HIGH': 23.45, 'LOW': 22.4, 'CURRENT': 22.97, 'CHANGE': 1.31, 'CHANGE (%)': nan, 'VOLUME': 36376713, 'YEAR': 2026, 'MONTH': 6, 'DAY': 12, 'HOUR': 11, 'MINUTE': 23, 'DATETIME': '2026-06-12 11:23'}
2026-06-12 06:28:54 | INFO     | run                  | ======================================================================
2026-06-12 06:28:54 | INFO     | run                  | 🚀 MARKET DATA SCRAPER - SINGLE EXECUTION
2026-06-12 06:28:54 | INFO     | run                  | ======================================================================
2026-06-12 06:28:54 | INFO     | run                  | Execution Time: 2026-06-12 11:28:54 PKT
2026-06-12 06:28:54 | INFO     | run                  | Configuration:
2026-06-12 06:28:54 | INFO     | run                  |    - Timezone: Asia/Karachi
2026-06-12 06:28:54 | INFO     | run                  |    - Data directory: data
2026-06-12 06:28:54 | INFO     | run                  |    - Log directory: logs
2026-06-12 06:28:54 | INFO     | run                  | ======================================================================
2026-06-12 06:28:54 | INFO     | fetch_data           | Fetching data (Attempt 1/3)...
2026-06-12 06:28:54 | DEBUG    | fetch_data           | Establishing session with https://dps.psx.com.pk/
2026-06-12 06:28:58 | DEBUG    | fetch_data           | Requesting data from https://dps.psx.com.pk/market-watch
2026-06-12 06:29:00 | DEBUG    | fetch_data           | Response status: 200
2026-06-12 06:29:00 | DEBUG    | fetch_data           | Response content type: text/html; charset=utf-8
2026-06-12 06:29:00 | DEBUG    | fetch_data           | Response size: 451363 bytes
2026-06-12 06:29:00 | INFO     | fetch_data           | ✅ Data fetched successfully (Status: 200)
2026-06-12 06:29:00 | DEBUG    | parse_json           | Attempting JSON parsing...
2026-06-12 06:29:00 | DEBUG    | parse_json           | Response preview: <table class="tbl" data-page-length="25"><thead class="tbl__head"><!-- tr--><!--   th(colspan="11")--><!--   th.center(colspan="2", style="width: 110px;") TOTAL BUY ORDERS--><!--   th.center(colspan="2", style="width: 110px;") TOTAL SELL ORDERS--><tr><th data-name="symbol">SYMBOL</th><th data-name="sector">SECTOR</th><th data-name="listed">LISTED IN</th><th class="right" data-name="ldcp">LDCP</th><th class="right" data-name="open">OPEN</th><th class="right" data-name="high">HIGH</th><th class="r
2026-06-12 06:29:00 | WARNING  | parse_json           | ⚠️ JSON parsing failed: Expecting value: line 1 column 1 (char 0)
2026-06-12 06:29:00 | INFO     | run                  | JSON parsing failed, trying HTML fallback...
2026-06-12 06:29:00 | INFO     | parse_html           | Attempting HTML fallback parsing...
2026-06-12 06:29:00 | DEBUG    | parse_html           | Found 1 table(s) in HTML
2026-06-12 06:29:00 | DEBUG    | parse_html           | Table columns: ['SYMBOL', 'SECTOR', 'LISTED IN', 'LDCP', 'OPEN', 'HIGH', 'LOW', 'CURRENT', 'CHANGE', 'CHANGE (%)', 'VOLUME']
2026-06-12 06:29:00 | DEBUG    | parse_html           | Table shape: (472, 11)
2026-06-12 06:29:00 | INFO     | parse_html           | ✅ HTML parsed successfully (472 rows)
2026-06-12 06:29:00 | INFO     | clean_data           | Cleaning data...
2026-06-12 06:29:00 | DEBUG    | clean_data           | Initial shape: (472, 11)
2026-06-12 06:29:00 | DEBUG    | clean_data           | Initial columns: ['SYMBOL', 'SECTOR', 'LISTED IN', 'LDCP', 'OPEN', 'HIGH', 'LOW', 'CURRENT', 'CHANGE', 'CHANGE (%)', 'VOLUME']
2026-06-12 06:29:00 | DEBUG    | clean_data           | Removed 'LISTED IN' column
2026-06-12 06:29:00 | DEBUG    | clean_data           | Converted LDCP from float64 to numeric
2026-06-12 06:29:00 | DEBUG    | clean_data           | Converted OPEN from float64 to numeric
2026-06-12 06:29:00 | DEBUG    | clean_data           | Converted HIGH from float64 to numeric
2026-06-12 06:29:00 | DEBUG    | clean_data           | Converted LOW from float64 to numeric
2026-06-12 06:29:00 | DEBUG    | clean_data           | Converted CURRENT from float64 to numeric
2026-06-12 06:29:00 | DEBUG    | clean_data           | Converted CHANGE from float64 to numeric
2026-06-12 06:29:00 | DEBUG    | clean_data           | Converted CHANGE (%) from str to numeric
2026-06-12 06:29:00 | DEBUG    | clean_data           | Converted VOLUME from int64 to numeric
2026-06-12 06:29:00 | INFO     | clean_data           | ✅ Data cleaned (472 rows, 16 columns)
2026-06-12 06:29:00 | DEBUG    | clean_data           | Final columns: ['SYMBOL', 'SECTOR', 'LDCP', 'OPEN', 'HIGH', 'LOW', 'CURRENT', 'CHANGE', 'CHANGE (%)', 'VOLUME', 'YEAR', 'MONTH', 'DAY', 'HOUR', 'MINUTE', 'DATETIME']
2026-06-12 06:29:00 | DEBUG    | get_file_path        | Generated file path: data/2026/06/2026-06-12.xlsx
2026-06-12 06:29:00 | INFO     | save_data            | Saving data to: data/2026/06/2026-06-12.xlsx
2026-06-12 06:29:00 | DEBUG    | save_data            | Existing file found, merging data...
2026-06-12 06:29:02 | DEBUG    | save_data            | Loaded 23887 existing rows
2026-06-12 06:29:02 | DEBUG    | save_data            | Combined to 24359 rows
2026-06-12 06:29:02 | DEBUG    | save_data            | Writing to temporary file...
2026-06-12 06:29:07 | DEBUG    | save_data            | Data written to temp file: /home/runner/work/Thalorae-BackLioraen/Thalorae-BackLioraen/data/2026/06/tmp1ss5crrf.xlsx
2026-06-12 06:29:07 | DEBUG    | save_data            | Temp file moved to final location
2026-06-12 06:29:07 | INFO     | save_data            | ✅ Data saved successfully (24359 total rows, 1801862 bytes)
2026-06-12 06:29:07 | INFO     | run                  | ======================================================================
2026-06-12 06:29:07 | INFO     | run                  | 📊 EXECUTION SUMMARY:
2026-06-12 06:29:07 | INFO     | run                  |    ✅ Status: SUCCESS
2026-06-12 06:29:07 | INFO     | run                  |    - Rows processed: 472
2026-06-12 06:29:07 | INFO     | run                  |    - Unique symbols: 472
2026-06-12 06:29:07 | INFO     | run                  |    - Timestamp: 2026-06-12 11:28:54
2026-06-12 06:29:07 | INFO     | run                  |    - File: data/2026/06/2026-06-12.xlsx
2026-06-12 06:29:07 | INFO     | run                  | ======================================================================
2026-06-12 06:29:07 | DEBUG    | run                  | Sample data (first row):
2026-06-12 06:29:07 | DEBUG    | run                  | {'SYMBOL': 'SPSL', 'SECTOR': 821, 'LDCP': 21.66, 'OPEN': 22.5, 'HIGH': 23.45, 'LOW': 22.4, 'CURRENT': 23.07, 'CHANGE': 1.41, 'CHANGE (%)': nan, 'VOLUME': 36769890, 'YEAR': 2026, 'MONTH': 6, 'DAY': 12, 'HOUR': 11, 'MINUTE': 28, 'DATETIME': '2026-06-12 11:28'}
2026-06-12 06:34:07 | INFO     | run                  | ======================================================================
2026-06-12 06:34:07 | INFO     | run                  | 🚀 MARKET DATA SCRAPER - SINGLE EXECUTION
2026-06-12 06:34:07 | INFO     | run                  | ======================================================================
2026-06-12 06:34:07 | INFO     | run                  | Execution Time: 2026-06-12 11:34:07 PKT
2026-06-12 06:34:07 | INFO     | run                  | Configuration:
2026-06-12 06:34:07 | INFO     | run                  |    - Timezone: Asia/Karachi
2026-06-12 06:34:07 | INFO     | run                  |    - Data directory: data
2026-06-12 06:34:07 | INFO     | run                  |    - Log directory: logs
2026-06-12 06:34:07 | INFO     | run                  | ======================================================================
2026-06-12 06:34:07 | INFO     | fetch_data           | Fetching data (Attempt 1/3)...
2026-06-12 06:34:07 | DEBUG    | fetch_data           | Establishing session with https://dps.psx.com.pk/
2026-06-12 06:34:10 | DEBUG    | fetch_data           | Requesting data from https://dps.psx.com.pk/market-watch
2026-06-12 06:34:11 | DEBUG    | fetch_data           | Response status: 200
2026-06-12 06:34:11 | DEBUG    | fetch_data           | Response content type: text/html; charset=utf-8
2026-06-12 06:34:11 | DEBUG    | fetch_data           | Response size: 452304 bytes
2026-06-12 06:34:11 | INFO     | fetch_data           | ✅ Data fetched successfully (Status: 200)
2026-06-12 06:34:11 | DEBUG    | parse_json           | Attempting JSON parsing...
2026-06-12 06:34:11 | DEBUG    | parse_json           | Response preview: <table class="tbl" data-page-length="25"><thead class="tbl__head"><!-- tr--><!--   th(colspan="11")--><!--   th.center(colspan="2", style="width: 110px;") TOTAL BUY ORDERS--><!--   th.center(colspan="2", style="width: 110px;") TOTAL SELL ORDERS--><tr><th data-name="symbol">SYMBOL</th><th data-name="sector">SECTOR</th><th data-name="listed">LISTED IN</th><th class="right" data-name="ldcp">LDCP</th><th class="right" data-name="open">OPEN</th><th class="right" data-name="high">HIGH</th><th class="r
2026-06-12 06:34:11 | WARNING  | parse_json           | ⚠️ JSON parsing failed: Expecting value: line 1 column 1 (char 0)
2026-06-12 06:34:11 | INFO     | run                  | JSON parsing failed, trying HTML fallback...
2026-06-12 06:34:11 | INFO     | parse_html           | Attempting HTML fallback parsing...
2026-06-12 06:34:11 | DEBUG    | parse_html           | Found 1 table(s) in HTML
2026-06-12 06:34:11 | DEBUG    | parse_html           | Table columns: ['SYMBOL', 'SECTOR', 'LISTED IN', 'LDCP', 'OPEN', 'HIGH', 'LOW', 'CURRENT', 'CHANGE', 'CHANGE (%)', 'VOLUME']
2026-06-12 06:34:11 | DEBUG    | parse_html           | Table shape: (473, 11)
2026-06-12 06:34:11 | INFO     | parse_html           | ✅ HTML parsed successfully (473 rows)
2026-06-12 06:34:11 | INFO     | clean_data           | Cleaning data...
2026-06-12 06:34:11 | DEBUG    | clean_data           | Initial shape: (473, 11)
2026-06-12 06:34:11 | DEBUG    | clean_data           | Initial columns: ['SYMBOL', 'SECTOR', 'LISTED IN', 'LDCP', 'OPEN', 'HIGH', 'LOW', 'CURRENT', 'CHANGE', 'CHANGE (%)', 'VOLUME']
2026-06-12 06:34:11 | DEBUG    | clean_data           | Removed 'LISTED IN' column
2026-06-12 06:34:11 | DEBUG    | clean_data           | Converted LDCP from float64 to numeric
2026-06-12 06:34:11 | DEBUG    | clean_data           | Converted OPEN from float64 to numeric
2026-06-12 06:34:11 | DEBUG    | clean_data           | Converted HIGH from float64 to numeric
2026-06-12 06:34:11 | DEBUG    | clean_data           | Converted LOW from float64 to numeric
2026-06-12 06:34:11 | DEBUG    | clean_data           | Converted CURRENT from float64 to numeric
2026-06-12 06:34:11 | DEBUG    | clean_data           | Converted CHANGE from float64 to numeric
2026-06-12 06:34:11 | DEBUG    | clean_data           | Converted CHANGE (%) from str to numeric
2026-06-12 06:34:11 | DEBUG    | clean_data           | Converted VOLUME from int64 to numeric
2026-06-12 06:34:11 | INFO     | clean_data           | ✅ Data cleaned (473 rows, 16 columns)
2026-06-12 06:34:11 | DEBUG    | clean_data           | Final columns: ['SYMBOL', 'SECTOR', 'LDCP', 'OPEN', 'HIGH', 'LOW', 'CURRENT', 'CHANGE', 'CHANGE (%)', 'VOLUME', 'YEAR', 'MONTH', 'DAY', 'HOUR', 'MINUTE', 'DATETIME']
2026-06-12 06:34:11 | DEBUG    | get_file_path        | Generated file path: data/2026/06/2026-06-12.xlsx
2026-06-12 06:34:11 | INFO     | save_data            | Saving data to: data/2026/06/2026-06-12.xlsx
2026-06-12 06:34:11 | DEBUG    | save_data            | Existing file found, merging data...
2026-06-12 06:34:14 | DEBUG    | save_data            | Loaded 24359 existing rows
2026-06-12 06:34:14 | DEBUG    | save_data            | Combined to 24832 rows
2026-06-12 06:34:14 | DEBUG    | save_data            | Writing to temporary file...
2026-06-12 06:34:18 | DEBUG    | save_data            | Data written to temp file: /home/runner/work/Thalorae-BackLioraen/Thalorae-BackLioraen/data/2026/06/tmpciafg3gw.xlsx
2026-06-12 06:34:18 | DEBUG    | save_data            | Temp file moved to final location
2026-06-12 06:34:18 | INFO     | save_data            | ✅ Data saved successfully (24832 total rows, 1837054 bytes)
2026-06-12 06:34:18 | INFO     | run                  | ======================================================================
2026-06-12 06:34:18 | INFO     | run                  | 📊 EXECUTION SUMMARY:
2026-06-12 06:34:18 | INFO     | run                  |    ✅ Status: SUCCESS
2026-06-12 06:34:18 | INFO     | run                  |    - Rows processed: 473
2026-06-12 06:34:18 | INFO     | run                  |    - Unique symbols: 473
2026-06-12 06:34:18 | INFO     | run                  |    - Timestamp: 2026-06-12 11:34:07
2026-06-12 06:34:18 | INFO     | run                  |    - File: data/2026/06/2026-06-12.xlsx
2026-06-12 06:34:18 | INFO     | run                  | ======================================================================
2026-06-12 06:34:18 | DEBUG    | run                  | Sample data (first row):
2026-06-12 06:34:18 | DEBUG    | run                  | {'SYMBOL': 'SPSL', 'SECTOR': 821, 'LDCP': 21.66, 'OPEN': 22.5, 'HIGH': 23.45, 'LOW': 22.4, 'CURRENT': 23.0, 'CHANGE': 1.34, 'CHANGE (%)': nan, 'VOLUME': 37330535, 'YEAR': 2026, 'MONTH': 6, 'DAY': 12, 'HOUR': 11, 'MINUTE': 34, 'DATETIME': '2026-06-12 11:34'}
2026-06-12 06:39:19 | INFO     | run                  | ======================================================================
2026-06-12 06:39:19 | INFO     | run                  | 🚀 MARKET DATA SCRAPER - SINGLE EXECUTION
2026-06-12 06:39:19 | INFO     | run                  | ======================================================================
2026-06-12 06:39:19 | INFO     | run                  | Execution Time: 2026-06-12 11:39:19 PKT
2026-06-12 06:39:19 | INFO     | run                  | Configuration:
2026-06-12 06:39:19 | INFO     | run                  |    - Timezone: Asia/Karachi
2026-06-12 06:39:19 | INFO     | run                  |    - Data directory: data
2026-06-12 06:39:19 | INFO     | run                  |    - Log directory: logs
2026-06-12 06:39:19 | INFO     | run                  | ======================================================================
2026-06-12 06:39:19 | INFO     | fetch_data           | Fetching data (Attempt 1/3)...
2026-06-12 06:39:19 | DEBUG    | fetch_data           | Establishing session with https://dps.psx.com.pk/
2026-06-12 06:39:23 | DEBUG    | fetch_data           | Requesting data from https://dps.psx.com.pk/market-watch
2026-06-12 06:39:25 | DEBUG    | fetch_data           | Response status: 200
2026-06-12 06:39:25 | DEBUG    | fetch_data           | Response content type: text/html; charset=utf-8
2026-06-12 06:39:25 | DEBUG    | fetch_data           | Response size: 452456 bytes
2026-06-12 06:39:25 | INFO     | fetch_data           | ✅ Data fetched successfully (Status: 200)
2026-06-12 06:39:25 | DEBUG    | parse_json           | Attempting JSON parsing...
2026-06-12 06:39:25 | DEBUG    | parse_json           | Response preview: <table class="tbl" data-page-length="25"><thead class="tbl__head"><!-- tr--><!--   th(colspan="11")--><!--   th.center(colspan="2", style="width: 110px;") TOTAL BUY ORDERS--><!--   th.center(colspan="2", style="width: 110px;") TOTAL SELL ORDERS--><tr><th data-name="symbol">SYMBOL</th><th data-name="sector">SECTOR</th><th data-name="listed">LISTED IN</th><th class="right" data-name="ldcp">LDCP</th><th class="right" data-name="open">OPEN</th><th class="right" data-name="high">HIGH</th><th class="r
2026-06-12 06:39:25 | WARNING  | parse_json           | ⚠️ JSON parsing failed: Expecting value: line 1 column 1 (char 0)
2026-06-12 06:39:25 | INFO     | run                  | JSON parsing failed, trying HTML fallback...
2026-06-12 06:39:25 | INFO     | parse_html           | Attempting HTML fallback parsing...
2026-06-12 06:39:25 | DEBUG    | parse_html           | Found 1 table(s) in HTML
2026-06-12 06:39:25 | DEBUG    | parse_html           | Table columns: ['SYMBOL', 'SECTOR', 'LISTED IN', 'LDCP', 'OPEN', 'HIGH', 'LOW', 'CURRENT', 'CHANGE', 'CHANGE (%)', 'VOLUME']
2026-06-12 06:39:25 | DEBUG    | parse_html           | Table shape: (473, 11)
2026-06-12 06:39:25 | INFO     | parse_html           | ✅ HTML parsed successfully (473 rows)
2026-06-12 06:39:25 | INFO     | clean_data           | Cleaning data...
2026-06-12 06:39:25 | DEBUG    | clean_data           | Initial shape: (473, 11)
2026-06-12 06:39:25 | DEBUG    | clean_data           | Initial columns: ['SYMBOL', 'SECTOR', 'LISTED IN', 'LDCP', 'OPEN', 'HIGH', 'LOW', 'CURRENT', 'CHANGE', 'CHANGE (%)', 'VOLUME']
2026-06-12 06:39:25 | DEBUG    | clean_data           | Removed 'LISTED IN' column
2026-06-12 06:39:25 | DEBUG    | clean_data           | Converted LDCP from float64 to numeric
2026-06-12 06:39:25 | DEBUG    | clean_data           | Converted OPEN from float64 to numeric
2026-06-12 06:39:25 | DEBUG    | clean_data           | Converted HIGH from float64 to numeric
2026-06-12 06:39:25 | DEBUG    | clean_data           | Converted LOW from float64 to numeric
2026-06-12 06:39:25 | DEBUG    | clean_data           | Converted CURRENT from float64 to numeric
2026-06-12 06:39:25 | DEBUG    | clean_data           | Converted CHANGE from float64 to numeric
2026-06-12 06:39:25 | DEBUG    | clean_data           | Converted CHANGE (%) from str to numeric
2026-06-12 06:39:25 | DEBUG    | clean_data           | Converted VOLUME from int64 to numeric
2026-06-12 06:39:25 | INFO     | clean_data           | ✅ Data cleaned (473 rows, 16 columns)
2026-06-12 06:39:25 | DEBUG    | clean_data           | Final columns: ['SYMBOL', 'SECTOR', 'LDCP', 'OPEN', 'HIGH', 'LOW', 'CURRENT', 'CHANGE', 'CHANGE (%)', 'VOLUME', 'YEAR', 'MONTH', 'DAY', 'HOUR', 'MINUTE', 'DATETIME']
2026-06-12 06:39:25 | DEBUG    | get_file_path        | Generated file path: data/2026/06/2026-06-12.xlsx
2026-06-12 06:39:25 | INFO     | save_data            | Saving data to: data/2026/06/2026-06-12.xlsx
2026-06-12 06:39:25 | DEBUG    | save_data            | Existing file found, merging data...
2026-06-12 06:39:28 | DEBUG    | save_data            | Loaded 24832 existing rows
2026-06-12 06:39:28 | DEBUG    | save_data            | Combined to 25305 rows
2026-06-12 06:39:28 | DEBUG    | save_data            | Writing to temporary file...
2026-06-12 06:39:32 | DEBUG    | save_data            | Data written to temp file: /home/runner/work/Thalorae-BackLioraen/Thalorae-BackLioraen/data/2026/06/tmpxbmyrb3i.xlsx
2026-06-12 06:39:32 | DEBUG    | save_data            | Temp file moved to final location
2026-06-12 06:39:32 | INFO     | save_data            | ✅ Data saved successfully (25305 total rows, 1872225 bytes)
2026-06-12 06:39:32 | INFO     | run                  | ======================================================================
2026-06-12 06:39:32 | INFO     | run                  | 📊 EXECUTION SUMMARY:
2026-06-12 06:39:32 | INFO     | run                  |    ✅ Status: SUCCESS
2026-06-12 06:39:32 | INFO     | run                  |    - Rows processed: 473
2026-06-12 06:39:32 | INFO     | run                  |    - Unique symbols: 473
2026-06-12 06:39:32 | INFO     | run                  |    - Timestamp: 2026-06-12 11:39:19
2026-06-12 06:39:32 | INFO     | run                  |    - File: data/2026/06/2026-06-12.xlsx
2026-06-12 06:39:32 | INFO     | run                  | ======================================================================
2026-06-12 06:39:32 | DEBUG    | run                  | Sample data (first row):
2026-06-12 06:39:32 | DEBUG    | run                  | {'SYMBOL': 'SPSL', 'SECTOR': 821, 'LDCP': 21.66, 'OPEN': 22.5, 'HIGH': 23.45, 'LOW': 22.4, 'CURRENT': 23.0, 'CHANGE': 1.34, 'CHANGE (%)': nan, 'VOLUME': 37608019, 'YEAR': 2026, 'MONTH': 6, 'DAY': 12, 'HOUR': 11, 'MINUTE': 39, 'DATETIME': '2026-06-12 11:39'}
2026-06-12 06:44:33 | INFO     | run                  | ======================================================================
2026-06-12 06:44:33 | INFO     | run                  | 🚀 MARKET DATA SCRAPER - SINGLE EXECUTION
2026-06-12 06:44:33 | INFO     | run                  | ======================================================================
2026-06-12 06:44:33 | INFO     | run                  | Execution Time: 2026-06-12 11:44:33 PKT
2026-06-12 06:44:33 | INFO     | run                  | Configuration:
2026-06-12 06:44:33 | INFO     | run                  |    - Timezone: Asia/Karachi
2026-06-12 06:44:33 | INFO     | run                  |    - Data directory: data
2026-06-12 06:44:33 | INFO     | run                  |    - Log directory: logs
2026-06-12 06:44:33 | INFO     | run                  | ======================================================================
2026-06-12 06:44:33 | INFO     | fetch_data           | Fetching data (Attempt 1/3)...
2026-06-12 06:44:33 | DEBUG    | fetch_data           | Establishing session with https://dps.psx.com.pk/
2026-06-12 06:44:36 | DEBUG    | fetch_data           | Requesting data from https://dps.psx.com.pk/market-watch
2026-06-12 06:44:37 | DEBUG    | fetch_data           | Response status: 200
2026-06-12 06:44:37 | DEBUG    | fetch_data           | Response content type: text/html; charset=utf-8
2026-06-12 06:44:37 | DEBUG    | fetch_data           | Response size: 454271 bytes
2026-06-12 06:44:37 | INFO     | fetch_data           | ✅ Data fetched successfully (Status: 200)
2026-06-12 06:44:37 | DEBUG    | parse_json           | Attempting JSON parsing...
2026-06-12 06:44:37 | DEBUG    | parse_json           | Response preview: <table class="tbl" data-page-length="25"><thead class="tbl__head"><!-- tr--><!--   th(colspan="11")--><!--   th.center(colspan="2", style="width: 110px;") TOTAL BUY ORDERS--><!--   th.center(colspan="2", style="width: 110px;") TOTAL SELL ORDERS--><tr><th data-name="symbol">SYMBOL</th><th data-name="sector">SECTOR</th><th data-name="listed">LISTED IN</th><th class="right" data-name="ldcp">LDCP</th><th class="right" data-name="open">OPEN</th><th class="right" data-name="high">HIGH</th><th class="r
2026-06-12 06:44:37 | WARNING  | parse_json           | ⚠️ JSON parsing failed: Expecting value: line 1 column 1 (char 0)
2026-06-12 06:44:37 | INFO     | run                  | JSON parsing failed, trying HTML fallback...
2026-06-12 06:44:37 | INFO     | parse_html           | Attempting HTML fallback parsing...
2026-06-12 06:44:37 | DEBUG    | parse_html           | Found 1 table(s) in HTML
2026-06-12 06:44:38 | DEBUG    | parse_html           | Table columns: ['SYMBOL', 'SECTOR', 'LISTED IN', 'LDCP', 'OPEN', 'HIGH', 'LOW', 'CURRENT', 'CHANGE', 'CHANGE (%)', 'VOLUME']
2026-06-12 06:44:38 | DEBUG    | parse_html           | Table shape: (475, 11)
2026-06-12 06:44:38 | INFO     | parse_html           | ✅ HTML parsed successfully (475 rows)
2026-06-12 06:44:38 | INFO     | clean_data           | Cleaning data...
2026-06-12 06:44:38 | DEBUG    | clean_data           | Initial shape: (475, 11)
2026-06-12 06:44:38 | DEBUG    | clean_data           | Initial columns: ['SYMBOL', 'SECTOR', 'LISTED IN', 'LDCP', 'OPEN', 'HIGH', 'LOW', 'CURRENT', 'CHANGE', 'CHANGE (%)', 'VOLUME']
2026-06-12 06:44:38 | DEBUG    | clean_data           | Removed 'LISTED IN' column
2026-06-12 06:44:38 | DEBUG    | clean_data           | Converted LDCP from float64 to numeric
2026-06-12 06:44:38 | DEBUG    | clean_data           | Converted OPEN from float64 to numeric
2026-06-12 06:44:38 | DEBUG    | clean_data           | Converted HIGH from float64 to numeric
2026-06-12 06:44:38 | DEBUG    | clean_data           | Converted LOW from float64 to numeric
2026-06-12 06:44:38 | DEBUG    | clean_data           | Converted CURRENT from float64 to numeric
2026-06-12 06:44:38 | DEBUG    | clean_data           | Converted CHANGE from float64 to numeric
2026-06-12 06:44:38 | DEBUG    | clean_data           | Converted CHANGE (%) from str to numeric
2026-06-12 06:44:38 | DEBUG    | clean_data           | Converted VOLUME from int64 to numeric
2026-06-12 06:44:38 | INFO     | clean_data           | ✅ Data cleaned (475 rows, 16 columns)
2026-06-12 06:44:38 | DEBUG    | clean_data           | Final columns: ['SYMBOL', 'SECTOR', 'LDCP', 'OPEN', 'HIGH', 'LOW', 'CURRENT', 'CHANGE', 'CHANGE (%)', 'VOLUME', 'YEAR', 'MONTH', 'DAY', 'HOUR', 'MINUTE', 'DATETIME']
2026-06-12 06:44:38 | DEBUG    | get_file_path        | Generated file path: data/2026/06/2026-06-12.xlsx
2026-06-12 06:44:38 | INFO     | save_data            | Saving data to: data/2026/06/2026-06-12.xlsx
2026-06-12 06:44:38 | DEBUG    | save_data            | Existing file found, merging data...
2026-06-12 06:44:40 | DEBUG    | save_data            | Loaded 25305 existing rows
2026-06-12 06:44:40 | DEBUG    | save_data            | Combined to 25780 rows
2026-06-12 06:44:40 | DEBUG    | save_data            | Writing to temporary file...
2026-06-12 06:44:45 | DEBUG    | save_data            | Data written to temp file: /home/runner/work/Thalorae-BackLioraen/Thalorae-BackLioraen/data/2026/06/tmp72rg3x_v.xlsx
2026-06-12 06:44:45 | DEBUG    | save_data            | Temp file moved to final location
2026-06-12 06:44:45 | INFO     | save_data            | ✅ Data saved successfully (25780 total rows, 1907567 bytes)
2026-06-12 06:44:45 | INFO     | run                  | ======================================================================
2026-06-12 06:44:45 | INFO     | run                  | 📊 EXECUTION SUMMARY:
2026-06-12 06:44:45 | INFO     | run                  |    ✅ Status: SUCCESS
2026-06-12 06:44:45 | INFO     | run                  |    - Rows processed: 475
2026-06-12 06:44:45 | INFO     | run                  |    - Unique symbols: 475
2026-06-12 06:44:45 | INFO     | run                  |    - Timestamp: 2026-06-12 11:44:33
2026-06-12 06:44:45 | INFO     | run                  |    - File: data/2026/06/2026-06-12.xlsx
2026-06-12 06:44:45 | INFO     | run                  | ======================================================================
2026-06-12 06:44:45 | DEBUG    | run                  | Sample data (first row):
2026-06-12 06:44:45 | DEBUG    | run                  | {'SYMBOL': 'SPSL', 'SECTOR': 821, 'LDCP': 21.66, 'OPEN': 22.5, 'HIGH': 23.45, 'LOW': 22.4, 'CURRENT': 22.86, 'CHANGE': 1.2, 'CHANGE (%)': nan, 'VOLUME': 38410423, 'YEAR': 2026, 'MONTH': 6, 'DAY': 12, 'HOUR': 11, 'MINUTE': 44, 'DATETIME': '2026-06-12 11:44'}
2026-06-12 06:49:46 | INFO     | run                  | ======================================================================
2026-06-12 06:49:46 | INFO     | run                  | 🚀 MARKET DATA SCRAPER - SINGLE EXECUTION
2026-06-12 06:49:46 | INFO     | run                  | ======================================================================
2026-06-12 06:49:46 | INFO     | run                  | Execution Time: 2026-06-12 11:49:46 PKT
2026-06-12 06:49:46 | INFO     | run                  | Configuration:
2026-06-12 06:49:46 | INFO     | run                  |    - Timezone: Asia/Karachi
2026-06-12 06:49:46 | INFO     | run                  |    - Data directory: data
2026-06-12 06:49:46 | INFO     | run                  |    - Log directory: logs
2026-06-12 06:49:46 | INFO     | run                  | ======================================================================
2026-06-12 06:49:46 | INFO     | fetch_data           | Fetching data (Attempt 1/3)...
2026-06-12 06:49:46 | DEBUG    | fetch_data           | Establishing session with https://dps.psx.com.pk/
2026-06-12 06:49:50 | DEBUG    | fetch_data           | Requesting data from https://dps.psx.com.pk/market-watch
2026-06-12 06:49:51 | DEBUG    | fetch_data           | Response status: 200
2026-06-12 06:49:51 | DEBUG    | fetch_data           | Response content type: text/html; charset=utf-8
2026-06-12 06:49:51 | DEBUG    | fetch_data           | Response size: 454174 bytes
2026-06-12 06:49:51 | INFO     | fetch_data           | ✅ Data fetched successfully (Status: 200)
2026-06-12 06:49:51 | DEBUG    | parse_json           | Attempting JSON parsing...
2026-06-12 06:49:51 | DEBUG    | parse_json           | Response preview: <table class="tbl" data-page-length="25"><thead class="tbl__head"><!-- tr--><!--   th(colspan="11")--><!--   th.center(colspan="2", style="width: 110px;") TOTAL BUY ORDERS--><!--   th.center(colspan="2", style="width: 110px;") TOTAL SELL ORDERS--><tr><th data-name="symbol">SYMBOL</th><th data-name="sector">SECTOR</th><th data-name="listed">LISTED IN</th><th class="right" data-name="ldcp">LDCP</th><th class="right" data-name="open">OPEN</th><th class="right" data-name="high">HIGH</th><th class="r
2026-06-12 06:49:51 | WARNING  | parse_json           | ⚠️ JSON parsing failed: Expecting value: line 1 column 1 (char 0)
2026-06-12 06:49:51 | INFO     | run                  | JSON parsing failed, trying HTML fallback...
2026-06-12 06:49:51 | INFO     | parse_html           | Attempting HTML fallback parsing...
2026-06-12 06:49:51 | DEBUG    | parse_html           | Found 1 table(s) in HTML
2026-06-12 06:49:51 | DEBUG    | parse_html           | Table columns: ['SYMBOL', 'SECTOR', 'LISTED IN', 'LDCP', 'OPEN', 'HIGH', 'LOW', 'CURRENT', 'CHANGE', 'CHANGE (%)', 'VOLUME']
2026-06-12 06:49:51 | DEBUG    | parse_html           | Table shape: (475, 11)
2026-06-12 06:49:51 | INFO     | parse_html           | ✅ HTML parsed successfully (475 rows)
2026-06-12 06:49:51 | INFO     | clean_data           | Cleaning data...
2026-06-12 06:49:51 | DEBUG    | clean_data           | Initial shape: (475, 11)
2026-06-12 06:49:51 | DEBUG    | clean_data           | Initial columns: ['SYMBOL', 'SECTOR', 'LISTED IN', 'LDCP', 'OPEN', 'HIGH', 'LOW', 'CURRENT', 'CHANGE', 'CHANGE (%)', 'VOLUME']
2026-06-12 06:49:51 | DEBUG    | clean_data           | Removed 'LISTED IN' column
2026-06-12 06:49:51 | DEBUG    | clean_data           | Converted LDCP from float64 to numeric
2026-06-12 06:49:51 | DEBUG    | clean_data           | Converted OPEN from float64 to numeric
2026-06-12 06:49:51 | DEBUG    | clean_data           | Converted HIGH from float64 to numeric
2026-06-12 06:49:51 | DEBUG    | clean_data           | Converted LOW from float64 to numeric
2026-06-12 06:49:51 | DEBUG    | clean_data           | Converted CURRENT from float64 to numeric
2026-06-12 06:49:51 | DEBUG    | clean_data           | Converted CHANGE from float64 to numeric
2026-06-12 06:49:51 | DEBUG    | clean_data           | Converted CHANGE (%) from str to numeric
2026-06-12 06:49:51 | DEBUG    | clean_data           | Converted VOLUME from int64 to numeric
2026-06-12 06:49:51 | INFO     | clean_data           | ✅ Data cleaned (475 rows, 16 columns)
2026-06-12 06:49:51 | DEBUG    | clean_data           | Final columns: ['SYMBOL', 'SECTOR', 'LDCP', 'OPEN', 'HIGH', 'LOW', 'CURRENT', 'CHANGE', 'CHANGE (%)', 'VOLUME', 'YEAR', 'MONTH', 'DAY', 'HOUR', 'MINUTE', 'DATETIME']
2026-06-12 06:49:51 | DEBUG    | get_file_path        | Generated file path: data/2026/06/2026-06-12.xlsx
2026-06-12 06:49:51 | INFO     | save_data            | Saving data to: data/2026/06/2026-06-12.xlsx
2026-06-12 06:49:51 | DEBUG    | save_data            | Existing file found, merging data...
2026-06-12 06:49:54 | DEBUG    | save_data            | Loaded 25780 existing rows
2026-06-12 06:49:54 | DEBUG    | save_data            | Combined to 26255 rows
2026-06-12 06:49:54 | DEBUG    | save_data            | Writing to temporary file...
2026-06-12 06:49:59 | DEBUG    | save_data            | Data written to temp file: /home/runner/work/Thalorae-BackLioraen/Thalorae-BackLioraen/data/2026/06/tmpv7j6cudl.xlsx
2026-06-12 06:49:59 | DEBUG    | save_data            | Temp file moved to final location
2026-06-12 06:49:59 | INFO     | save_data            | ✅ Data saved successfully (26255 total rows, 1942923 bytes)
2026-06-12 06:49:59 | INFO     | run                  | ======================================================================
2026-06-12 06:49:59 | INFO     | run                  | 📊 EXECUTION SUMMARY:
2026-06-12 06:49:59 | INFO     | run                  |    ✅ Status: SUCCESS
2026-06-12 06:49:59 | INFO     | run                  |    - Rows processed: 475
2026-06-12 06:49:59 | INFO     | run                  |    - Unique symbols: 475
2026-06-12 06:49:59 | INFO     | run                  |    - Timestamp: 2026-06-12 11:49:46
2026-06-12 06:49:59 | INFO     | run                  |    - File: data/2026/06/2026-06-12.xlsx
2026-06-12 06:49:59 | INFO     | run                  | ======================================================================
2026-06-12 06:49:59 | DEBUG    | run                  | Sample data (first row):
2026-06-12 06:49:59 | DEBUG    | run                  | {'SYMBOL': 'SPSL', 'SECTOR': 821, 'LDCP': 21.66, 'OPEN': 22.5, 'HIGH': 23.45, 'LOW': 22.4, 'CURRENT': 22.9, 'CHANGE': 1.24, 'CHANGE (%)': nan, 'VOLUME': 38586523, 'YEAR': 2026, 'MONTH': 6, 'DAY': 12, 'HOUR': 11, 'MINUTE': 49, 'DATETIME': '2026-06-12 11:49'}
2026-06-12 06:54:59 | INFO     | run                  | ======================================================================
2026-06-12 06:54:59 | INFO     | run                  | 🚀 MARKET DATA SCRAPER - SINGLE EXECUTION
2026-06-12 06:54:59 | INFO     | run                  | ======================================================================
2026-06-12 06:54:59 | INFO     | run                  | Execution Time: 2026-06-12 11:54:59 PKT
2026-06-12 06:54:59 | INFO     | run                  | Configuration:
2026-06-12 06:54:59 | INFO     | run                  |    - Timezone: Asia/Karachi
2026-06-12 06:54:59 | INFO     | run                  |    - Data directory: data
2026-06-12 06:54:59 | INFO     | run                  |    - Log directory: logs
2026-06-12 06:54:59 | INFO     | run                  | ======================================================================
2026-06-12 06:54:59 | INFO     | fetch_data           | Fetching data (Attempt 1/3)...
2026-06-12 06:54:59 | DEBUG    | fetch_data           | Establishing session with https://dps.psx.com.pk/
2026-06-12 06:55:02 | DEBUG    | fetch_data           | Requesting data from https://dps.psx.com.pk/market-watch
2026-06-12 06:55:03 | DEBUG    | fetch_data           | Response status: 200
2026-06-12 06:55:03 | DEBUG    | fetch_data           | Response content type: text/html; charset=utf-8
2026-06-12 06:55:03 | DEBUG    | fetch_data           | Response size: 456441 bytes
2026-06-12 06:55:03 | INFO     | fetch_data           | ✅ Data fetched successfully (Status: 200)
2026-06-12 06:55:03 | DEBUG    | parse_json           | Attempting JSON parsing...
2026-06-12 06:55:03 | DEBUG    | parse_json           | Response preview: <table class="tbl" data-page-length="25"><thead class="tbl__head"><!-- tr--><!--   th(colspan="11")--><!--   th.center(colspan="2", style="width: 110px;") TOTAL BUY ORDERS--><!--   th.center(colspan="2", style="width: 110px;") TOTAL SELL ORDERS--><tr><th data-name="symbol">SYMBOL</th><th data-name="sector">SECTOR</th><th data-name="listed">LISTED IN</th><th class="right" data-name="ldcp">LDCP</th><th class="right" data-name="open">OPEN</th><th class="right" data-name="high">HIGH</th><th class="r
2026-06-12 06:55:03 | WARNING  | parse_json           | ⚠️ JSON parsing failed: Expecting value: line 1 column 1 (char 0)
2026-06-12 06:55:03 | INFO     | run                  | JSON parsing failed, trying HTML fallback...
2026-06-12 06:55:03 | INFO     | parse_html           | Attempting HTML fallback parsing...
2026-06-12 06:55:03 | DEBUG    | parse_html           | Found 1 table(s) in HTML
2026-06-12 06:55:03 | DEBUG    | parse_html           | Table columns: ['SYMBOL', 'SECTOR', 'LISTED IN', 'LDCP', 'OPEN', 'HIGH', 'LOW', 'CURRENT', 'CHANGE', 'CHANGE (%)', 'VOLUME']
2026-06-12 06:55:03 | DEBUG    | parse_html           | Table shape: (477, 11)
2026-06-12 06:55:03 | INFO     | parse_html           | ✅ HTML parsed successfully (477 rows)
2026-06-12 06:55:03 | INFO     | clean_data           | Cleaning data...
2026-06-12 06:55:03 | DEBUG    | clean_data           | Initial shape: (477, 11)
2026-06-12 06:55:03 | DEBUG    | clean_data           | Initial columns: ['SYMBOL', 'SECTOR', 'LISTED IN', 'LDCP', 'OPEN', 'HIGH', 'LOW', 'CURRENT', 'CHANGE', 'CHANGE (%)', 'VOLUME']
2026-06-12 06:55:03 | DEBUG    | clean_data           | Removed 'LISTED IN' column
2026-06-12 06:55:03 | DEBUG    | clean_data           | Converted LDCP from float64 to numeric
2026-06-12 06:55:03 | DEBUG    | clean_data           | Converted OPEN from float64 to numeric
2026-06-12 06:55:03 | DEBUG    | clean_data           | Converted HIGH from float64 to numeric
2026-06-12 06:55:03 | DEBUG    | clean_data           | Converted LOW from float64 to numeric
2026-06-12 06:55:03 | DEBUG    | clean_data           | Converted CURRENT from float64 to numeric
2026-06-12 06:55:03 | DEBUG    | clean_data           | Converted CHANGE from float64 to numeric
2026-06-12 06:55:03 | DEBUG    | clean_data           | Converted CHANGE (%) from str to numeric
2026-06-12 06:55:03 | DEBUG    | clean_data           | Converted VOLUME from int64 to numeric
2026-06-12 06:55:03 | INFO     | clean_data           | ✅ Data cleaned (477 rows, 16 columns)
2026-06-12 06:55:03 | DEBUG    | clean_data           | Final columns: ['SYMBOL', 'SECTOR', 'LDCP', 'OPEN', 'HIGH', 'LOW', 'CURRENT', 'CHANGE', 'CHANGE (%)', 'VOLUME', 'YEAR', 'MONTH', 'DAY', 'HOUR', 'MINUTE', 'DATETIME']
2026-06-12 06:55:03 | DEBUG    | get_file_path        | Generated file path: data/2026/06/2026-06-12.xlsx
2026-06-12 06:55:03 | INFO     | save_data            | Saving data to: data/2026/06/2026-06-12.xlsx
2026-06-12 06:55:03 | DEBUG    | save_data            | Existing file found, merging data...
2026-06-12 06:55:06 | DEBUG    | save_data            | Loaded 26255 existing rows
2026-06-12 06:55:06 | DEBUG    | save_data            | Combined to 26732 rows
2026-06-12 06:55:06 | DEBUG    | save_data            | Writing to temporary file...
2026-06-12 06:55:11 | DEBUG    | save_data            | Data written to temp file: /home/runner/work/Thalorae-BackLioraen/Thalorae-BackLioraen/data/2026/06/tmp4asn73zs.xlsx
2026-06-12 06:55:11 | DEBUG    | save_data            | Temp file moved to final location
2026-06-12 06:55:11 | INFO     | save_data            | ✅ Data saved successfully (26732 total rows, 1978397 bytes)
2026-06-12 06:55:11 | INFO     | run                  | ======================================================================
2026-06-12 06:55:11 | INFO     | run                  | 📊 EXECUTION SUMMARY:
2026-06-12 06:55:11 | INFO     | run                  |    ✅ Status: SUCCESS
2026-06-12 06:55:11 | INFO     | run                  |    - Rows processed: 477
2026-06-12 06:55:11 | INFO     | run                  |    - Unique symbols: 477
2026-06-12 06:55:11 | INFO     | run                  |    - Timestamp: 2026-06-12 11:54:59
2026-06-12 06:55:11 | INFO     | run                  |    - File: data/2026/06/2026-06-12.xlsx
2026-06-12 06:55:11 | INFO     | run                  | ======================================================================
2026-06-12 06:55:11 | DEBUG    | run                  | Sample data (first row):
2026-06-12 06:55:11 | DEBUG    | run                  | {'SYMBOL': 'SPSL', 'SECTOR': 821, 'LDCP': 21.66, 'OPEN': 22.5, 'HIGH': 23.45, 'LOW': 22.4, 'CURRENT': 22.95, 'CHANGE': 1.29, 'CHANGE (%)': nan, 'VOLUME': 38705695, 'YEAR': 2026, 'MONTH': 6, 'DAY': 12, 'HOUR': 11, 'MINUTE': 54, 'DATETIME': '2026-06-12 11:54'}
2026-06-12 07:00:11 | INFO     | run                  | ======================================================================
2026-06-12 07:00:11 | INFO     | run                  | 🚀 MARKET DATA SCRAPER - SINGLE EXECUTION
2026-06-12 07:00:11 | INFO     | run                  | ======================================================================
2026-06-12 07:00:11 | INFO     | run                  | Execution Time: 2026-06-12 12:00:11 PKT
2026-06-12 07:00:11 | INFO     | run                  | Configuration:
2026-06-12 07:00:11 | INFO     | run                  |    - Timezone: Asia/Karachi
2026-06-12 07:00:11 | INFO     | run                  |    - Data directory: data
2026-06-12 07:00:11 | INFO     | run                  |    - Log directory: logs
2026-06-12 07:00:11 | INFO     | run                  | ======================================================================
2026-06-12 07:00:11 | INFO     | fetch_data           | Fetching data (Attempt 1/3)...
2026-06-12 07:00:11 | DEBUG    | fetch_data           | Establishing session with https://dps.psx.com.pk/
2026-06-12 07:00:14 | DEBUG    | fetch_data           | Requesting data from https://dps.psx.com.pk/market-watch
2026-06-12 07:00:15 | DEBUG    | fetch_data           | Response status: 200
2026-06-12 07:00:15 | DEBUG    | fetch_data           | Response content type: text/html; charset=utf-8
2026-06-12 07:00:15 | DEBUG    | fetch_data           | Response size: 457263 bytes
2026-06-12 07:00:15 | INFO     | fetch_data           | ✅ Data fetched successfully (Status: 200)
2026-06-12 07:00:15 | DEBUG    | parse_json           | Attempting JSON parsing...
2026-06-12 07:00:15 | DEBUG    | parse_json           | Response preview: <table class="tbl" data-page-length="25"><thead class="tbl__head"><!-- tr--><!--   th(colspan="11")--><!--   th.center(colspan="2", style="width: 110px;") TOTAL BUY ORDERS--><!--   th.center(colspan="2", style="width: 110px;") TOTAL SELL ORDERS--><tr><th data-name="symbol">SYMBOL</th><th data-name="sector">SECTOR</th><th data-name="listed">LISTED IN</th><th class="right" data-name="ldcp">LDCP</th><th class="right" data-name="open">OPEN</th><th class="right" data-name="high">HIGH</th><th class="r
2026-06-12 07:00:15 | WARNING  | parse_json           | ⚠️ JSON parsing failed: Expecting value: line 1 column 1 (char 0)
2026-06-12 07:00:15 | INFO     | run                  | JSON parsing failed, trying HTML fallback...
2026-06-12 07:00:15 | INFO     | parse_html           | Attempting HTML fallback parsing...
2026-06-12 07:00:15 | DEBUG    | parse_html           | Found 1 table(s) in HTML
2026-06-12 07:00:15 | DEBUG    | parse_html           | Table columns: ['SYMBOL', 'SECTOR', 'LISTED IN', 'LDCP', 'OPEN', 'HIGH', 'LOW', 'CURRENT', 'CHANGE', 'CHANGE (%)', 'VOLUME']
2026-06-12 07:00:15 | DEBUG    | parse_html           | Table shape: (478, 11)
2026-06-12 07:00:15 | INFO     | parse_html           | ✅ HTML parsed successfully (478 rows)
2026-06-12 07:00:15 | INFO     | clean_data           | Cleaning data...
2026-06-12 07:00:15 | DEBUG    | clean_data           | Initial shape: (478, 11)
2026-06-12 07:00:15 | DEBUG    | clean_data           | Initial columns: ['SYMBOL', 'SECTOR', 'LISTED IN', 'LDCP', 'OPEN', 'HIGH', 'LOW', 'CURRENT', 'CHANGE', 'CHANGE (%)', 'VOLUME']
2026-06-12 07:00:15 | DEBUG    | clean_data           | Removed 'LISTED IN' column
2026-06-12 07:00:15 | DEBUG    | clean_data           | Converted LDCP from float64 to numeric
2026-06-12 07:00:15 | DEBUG    | clean_data           | Converted OPEN from float64 to numeric
2026-06-12 07:00:15 | DEBUG    | clean_data           | Converted HIGH from float64 to numeric
2026-06-12 07:00:15 | DEBUG    | clean_data           | Converted LOW from float64 to numeric
2026-06-12 07:00:15 | DEBUG    | clean_data           | Converted CURRENT from float64 to numeric
2026-06-12 07:00:15 | DEBUG    | clean_data           | Converted CHANGE from float64 to numeric
2026-06-12 07:00:15 | DEBUG    | clean_data           | Converted CHANGE (%) from str to numeric
2026-06-12 07:00:15 | DEBUG    | clean_data           | Converted VOLUME from int64 to numeric
2026-06-12 07:00:15 | INFO     | clean_data           | ✅ Data cleaned (478 rows, 16 columns)
2026-06-12 07:00:15 | DEBUG    | clean_data           | Final columns: ['SYMBOL', 'SECTOR', 'LDCP', 'OPEN', 'HIGH', 'LOW', 'CURRENT', 'CHANGE', 'CHANGE (%)', 'VOLUME', 'YEAR', 'MONTH', 'DAY', 'HOUR', 'MINUTE', 'DATETIME']
2026-06-12 07:00:15 | DEBUG    | get_file_path        | Generated file path: data/2026/06/2026-06-12.xlsx
2026-06-12 07:00:15 | INFO     | save_data            | Saving data to: data/2026/06/2026-06-12.xlsx
2026-06-12 07:00:15 | DEBUG    | save_data            | Existing file found, merging data...
2026-06-12 07:00:18 | DEBUG    | save_data            | Loaded 26732 existing rows
2026-06-12 07:00:18 | DEBUG    | save_data            | Combined to 27210 rows
2026-06-12 07:00:18 | DEBUG    | save_data            | Writing to temporary file...
2026-06-12 07:00:23 | DEBUG    | save_data            | Data written to temp file: /home/runner/work/Thalorae-BackLioraen/Thalorae-BackLioraen/data/2026/06/tmp_4nvmrvj.xlsx
2026-06-12 07:00:23 | DEBUG    | save_data            | Temp file moved to final location
2026-06-12 07:00:23 | INFO     | save_data            | ✅ Data saved successfully (27210 total rows, 2013854 bytes)
2026-06-12 07:00:23 | INFO     | run                  | ======================================================================
2026-06-12 07:00:23 | INFO     | run                  | 📊 EXECUTION SUMMARY:
2026-06-12 07:00:23 | INFO     | run                  |    ✅ Status: SUCCESS
2026-06-12 07:00:23 | INFO     | run                  |    - Rows processed: 478
2026-06-12 07:00:23 | INFO     | run                  |    - Unique symbols: 478
2026-06-12 07:00:23 | INFO     | run                  |    - Timestamp: 2026-06-12 12:00:11
2026-06-12 07:00:23 | INFO     | run                  |    - File: data/2026/06/2026-06-12.xlsx
2026-06-12 07:00:23 | INFO     | run                  | ======================================================================
2026-06-12 07:00:23 | DEBUG    | run                  | Sample data (first row):
2026-06-12 07:00:23 | DEBUG    | run                  | {'SYMBOL': 'SPSL', 'SECTOR': 821, 'LDCP': 21.66, 'OPEN': 22.5, 'HIGH': 23.45, 'LOW': 22.4, 'CURRENT': 22.92, 'CHANGE': 1.26, 'CHANGE (%)': nan, 'VOLUME': 38835473, 'YEAR': 2026, 'MONTH': 6, 'DAY': 12, 'HOUR': 12, 'MINUTE': 0, 'DATETIME': '2026-06-12 12:00'}
2026-06-12 07:05:23 | INFO     | run                  | ======================================================================
2026-06-12 07:05:23 | INFO     | run                  | 🚀 MARKET DATA SCRAPER - SINGLE EXECUTION
2026-06-12 07:05:23 | INFO     | run                  | ======================================================================
2026-06-12 07:05:23 | INFO     | run                  | Execution Time: 2026-06-12 12:05:23 PKT
2026-06-12 07:05:23 | INFO     | run                  | Configuration:
2026-06-12 07:05:23 | INFO     | run                  |    - Timezone: Asia/Karachi
2026-06-12 07:05:23 | INFO     | run                  |    - Data directory: data
2026-06-12 07:05:23 | INFO     | run                  |    - Log directory: logs
2026-06-12 07:05:23 | INFO     | run                  | ======================================================================
2026-06-12 07:05:23 | INFO     | fetch_data           | Fetching data (Attempt 1/3)...
2026-06-12 07:05:23 | DEBUG    | fetch_data           | Establishing session with https://dps.psx.com.pk/
2026-06-12 07:05:27 | DEBUG    | fetch_data           | Requesting data from https://dps.psx.com.pk/market-watch
2026-06-12 07:05:29 | DEBUG    | fetch_data           | Response status: 200
2026-06-12 07:05:29 | DEBUG    | fetch_data           | Response content type: text/html; charset=utf-8
2026-06-12 07:05:29 | DEBUG    | fetch_data           | Response size: 458297 bytes
2026-06-12 07:05:29 | INFO     | fetch_data           | ✅ Data fetched successfully (Status: 200)
2026-06-12 07:05:29 | DEBUG    | parse_json           | Attempting JSON parsing...
2026-06-12 07:05:29 | DEBUG    | parse_json           | Response preview: <table class="tbl" data-page-length="25"><thead class="tbl__head"><!-- tr--><!--   th(colspan="11")--><!--   th.center(colspan="2", style="width: 110px;") TOTAL BUY ORDERS--><!--   th.center(colspan="2", style="width: 110px;") TOTAL SELL ORDERS--><tr><th data-name="symbol">SYMBOL</th><th data-name="sector">SECTOR</th><th data-name="listed">LISTED IN</th><th class="right" data-name="ldcp">LDCP</th><th class="right" data-name="open">OPEN</th><th class="right" data-name="high">HIGH</th><th class="r
2026-06-12 07:05:29 | WARNING  | parse_json           | ⚠️ JSON parsing failed: Expecting value: line 1 column 1 (char 0)
2026-06-12 07:05:29 | INFO     | run                  | JSON parsing failed, trying HTML fallback...
2026-06-12 07:05:29 | INFO     | parse_html           | Attempting HTML fallback parsing...
2026-06-12 07:05:29 | DEBUG    | parse_html           | Found 1 table(s) in HTML
2026-06-12 07:05:29 | DEBUG    | parse_html           | Table columns: ['SYMBOL', 'SECTOR', 'LISTED IN', 'LDCP', 'OPEN', 'HIGH', 'LOW', 'CURRENT', 'CHANGE', 'CHANGE (%)', 'VOLUME']
2026-06-12 07:05:29 | DEBUG    | parse_html           | Table shape: (479, 11)
2026-06-12 07:05:29 | INFO     | parse_html           | ✅ HTML parsed successfully (479 rows)
2026-06-12 07:05:29 | INFO     | clean_data           | Cleaning data...
2026-06-12 07:05:29 | DEBUG    | clean_data           | Initial shape: (479, 11)
2026-06-12 07:05:29 | DEBUG    | clean_data           | Initial columns: ['SYMBOL', 'SECTOR', 'LISTED IN', 'LDCP', 'OPEN', 'HIGH', 'LOW', 'CURRENT', 'CHANGE', 'CHANGE (%)', 'VOLUME']
2026-06-12 07:05:29 | DEBUG    | clean_data           | Removed 'LISTED IN' column
2026-06-12 07:05:29 | DEBUG    | clean_data           | Converted LDCP from float64 to numeric
2026-06-12 07:05:29 | DEBUG    | clean_data           | Converted OPEN from float64 to numeric
2026-06-12 07:05:29 | DEBUG    | clean_data           | Converted HIGH from float64 to numeric
2026-06-12 07:05:29 | DEBUG    | clean_data           | Converted LOW from float64 to numeric
2026-06-12 07:05:29 | DEBUG    | clean_data           | Converted CURRENT from float64 to numeric
2026-06-12 07:05:29 | DEBUG    | clean_data           | Converted CHANGE from float64 to numeric
2026-06-12 07:05:29 | DEBUG    | clean_data           | Converted CHANGE (%) from str to numeric
2026-06-12 07:05:29 | DEBUG    | clean_data           | Converted VOLUME from int64 to numeric
2026-06-12 07:05:29 | INFO     | clean_data           | ✅ Data cleaned (479 rows, 16 columns)
2026-06-12 07:05:29 | DEBUG    | clean_data           | Final columns: ['SYMBOL', 'SECTOR', 'LDCP', 'OPEN', 'HIGH', 'LOW', 'CURRENT', 'CHANGE', 'CHANGE (%)', 'VOLUME', 'YEAR', 'MONTH', 'DAY', 'HOUR', 'MINUTE', 'DATETIME']
2026-06-12 07:05:29 | DEBUG    | get_file_path        | Generated file path: data/2026/06/2026-06-12.xlsx
2026-06-12 07:05:29 | INFO     | save_data            | Saving data to: data/2026/06/2026-06-12.xlsx
2026-06-12 07:05:29 | DEBUG    | save_data            | Existing file found, merging data...
2026-06-12 07:05:31 | DEBUG    | save_data            | Loaded 27210 existing rows
2026-06-12 07:05:31 | DEBUG    | save_data            | Combined to 27689 rows
2026-06-12 07:05:31 | DEBUG    | save_data            | Writing to temporary file...
2026-06-12 07:05:36 | DEBUG    | save_data            | Data written to temp file: /home/runner/work/Thalorae-BackLioraen/Thalorae-BackLioraen/data/2026/06/tmpo36eu2c1.xlsx
2026-06-12 07:05:36 | DEBUG    | save_data            | Temp file moved to final location
2026-06-12 07:05:36 | INFO     | save_data            | ✅ Data saved successfully (27689 total rows, 2049080 bytes)
2026-06-12 07:05:36 | INFO     | run                  | ======================================================================
2026-06-12 07:05:36 | INFO     | run                  | 📊 EXECUTION SUMMARY:
2026-06-12 07:05:36 | INFO     | run                  |    ✅ Status: SUCCESS
2026-06-12 07:05:36 | INFO     | run                  |    - Rows processed: 479
2026-06-12 07:05:36 | INFO     | run                  |    - Unique symbols: 479
2026-06-12 07:05:36 | INFO     | run                  |    - Timestamp: 2026-06-12 12:05:23
2026-06-12 07:05:36 | INFO     | run                  |    - File: data/2026/06/2026-06-12.xlsx
2026-06-12 07:05:36 | INFO     | run                  | ======================================================================
2026-06-12 07:05:36 | DEBUG    | run                  | Sample data (first row):
2026-06-12 07:05:36 | DEBUG    | run                  | {'SYMBOL': 'SPSL', 'SECTOR': 821, 'LDCP': 21.66, 'OPEN': 22.5, 'HIGH': 23.45, 'LOW': 22.4, 'CURRENT': 22.93, 'CHANGE': 1.27, 'CHANGE (%)': nan, 'VOLUME': 38855268, 'YEAR': 2026, 'MONTH': 6, 'DAY': 12, 'HOUR': 12, 'MINUTE': 5, 'DATETIME': '2026-06-12 12:05'}
2026-06-12 07:10:37 | INFO     | run                  | ======================================================================
2026-06-12 07:10:37 | INFO     | run                  | 🚀 MARKET DATA SCRAPER - SINGLE EXECUTION
2026-06-12 07:10:37 | INFO     | run                  | ======================================================================
2026-06-12 07:10:37 | INFO     | run                  | Execution Time: 2026-06-12 12:10:37 PKT
2026-06-12 07:10:37 | INFO     | run                  | Configuration:
2026-06-12 07:10:37 | INFO     | run                  |    - Timezone: Asia/Karachi
2026-06-12 07:10:37 | INFO     | run                  |    - Data directory: data
2026-06-12 07:10:37 | INFO     | run                  |    - Log directory: logs
2026-06-12 07:10:37 | INFO     | run                  | ======================================================================
2026-06-12 07:10:37 | INFO     | fetch_data           | Fetching data (Attempt 1/3)...
2026-06-12 07:10:37 | DEBUG    | fetch_data           | Establishing session with https://dps.psx.com.pk/
2026-06-12 07:10:40 | DEBUG    | fetch_data           | Requesting data from https://dps.psx.com.pk/market-watch
2026-06-12 07:10:42 | DEBUG    | fetch_data           | Response status: 200
2026-06-12 07:10:42 | DEBUG    | fetch_data           | Response content type: text/html; charset=utf-8
2026-06-12 07:10:42 | DEBUG    | fetch_data           | Response size: 458297 bytes
2026-06-12 07:10:42 | INFO     | fetch_data           | ✅ Data fetched successfully (Status: 200)
2026-06-12 07:10:42 | DEBUG    | parse_json           | Attempting JSON parsing...
2026-06-12 07:10:42 | DEBUG    | parse_json           | Response preview: <table class="tbl" data-page-length="25"><thead class="tbl__head"><!-- tr--><!--   th(colspan="11")--><!--   th.center(colspan="2", style="width: 110px;") TOTAL BUY ORDERS--><!--   th.center(colspan="2", style="width: 110px;") TOTAL SELL ORDERS--><tr><th data-name="symbol">SYMBOL</th><th data-name="sector">SECTOR</th><th data-name="listed">LISTED IN</th><th class="right" data-name="ldcp">LDCP</th><th class="right" data-name="open">OPEN</th><th class="right" data-name="high">HIGH</th><th class="r
2026-06-12 07:10:42 | WARNING  | parse_json           | ⚠️ JSON parsing failed: Expecting value: line 1 column 1 (char 0)
2026-06-12 07:10:42 | INFO     | run                  | JSON parsing failed, trying HTML fallback...
2026-06-12 07:10:42 | INFO     | parse_html           | Attempting HTML fallback parsing...
2026-06-12 07:10:43 | DEBUG    | parse_html           | Found 1 table(s) in HTML
2026-06-12 07:10:43 | DEBUG    | parse_html           | Table columns: ['SYMBOL', 'SECTOR', 'LISTED IN', 'LDCP', 'OPEN', 'HIGH', 'LOW', 'CURRENT', 'CHANGE', 'CHANGE (%)', 'VOLUME']
2026-06-12 07:10:43 | DEBUG    | parse_html           | Table shape: (479, 11)
2026-06-12 07:10:43 | INFO     | parse_html           | ✅ HTML parsed successfully (479 rows)
2026-06-12 07:10:43 | INFO     | clean_data           | Cleaning data...
2026-06-12 07:10:43 | DEBUG    | clean_data           | Initial shape: (479, 11)
2026-06-12 07:10:43 | DEBUG    | clean_data           | Initial columns: ['SYMBOL', 'SECTOR', 'LISTED IN', 'LDCP', 'OPEN', 'HIGH', 'LOW', 'CURRENT', 'CHANGE', 'CHANGE (%)', 'VOLUME']
2026-06-12 07:10:43 | DEBUG    | clean_data           | Removed 'LISTED IN' column
2026-06-12 07:10:43 | DEBUG    | clean_data           | Converted LDCP from float64 to numeric
2026-06-12 07:10:43 | DEBUG    | clean_data           | Converted OPEN from float64 to numeric
2026-06-12 07:10:43 | DEBUG    | clean_data           | Converted HIGH from float64 to numeric
2026-06-12 07:10:43 | DEBUG    | clean_data           | Converted LOW from float64 to numeric
2026-06-12 07:10:43 | DEBUG    | clean_data           | Converted CURRENT from float64 to numeric
2026-06-12 07:10:43 | DEBUG    | clean_data           | Converted CHANGE from float64 to numeric
2026-06-12 07:10:43 | DEBUG    | clean_data           | Converted CHANGE (%) from str to numeric
2026-06-12 07:10:43 | DEBUG    | clean_data           | Converted VOLUME from int64 to numeric
2026-06-12 07:10:43 | INFO     | clean_data           | ✅ Data cleaned (479 rows, 16 columns)
2026-06-12 07:10:43 | DEBUG    | clean_data           | Final columns: ['SYMBOL', 'SECTOR', 'LDCP', 'OPEN', 'HIGH', 'LOW', 'CURRENT', 'CHANGE', 'CHANGE (%)', 'VOLUME', 'YEAR', 'MONTH', 'DAY', 'HOUR', 'MINUTE', 'DATETIME']
2026-06-12 07:10:43 | DEBUG    | get_file_path        | Generated file path: data/2026/06/2026-06-12.xlsx
2026-06-12 07:10:43 | INFO     | save_data            | Saving data to: data/2026/06/2026-06-12.xlsx
2026-06-12 07:10:43 | DEBUG    | save_data            | Existing file found, merging data...
2026-06-12 07:10:45 | DEBUG    | save_data            | Loaded 27689 existing rows
2026-06-12 07:10:45 | DEBUG    | save_data            | Combined to 28168 rows
2026-06-12 07:10:45 | DEBUG    | save_data            | Writing to temporary file...
2026-06-12 07:10:51 | DEBUG    | save_data            | Data written to temp file: /home/runner/work/Thalorae-BackLioraen/Thalorae-BackLioraen/data/2026/06/tmp3u70x9ym.xlsx
2026-06-12 07:10:51 | DEBUG    | save_data            | Temp file moved to final location
2026-06-12 07:10:51 | INFO     | save_data            | ✅ Data saved successfully (28168 total rows, 2084305 bytes)
2026-06-12 07:10:51 | INFO     | run                  | ======================================================================
2026-06-12 07:10:51 | INFO     | run                  | 📊 EXECUTION SUMMARY:
2026-06-12 07:10:51 | INFO     | run                  |    ✅ Status: SUCCESS
2026-06-12 07:10:51 | INFO     | run                  |    - Rows processed: 479
2026-06-12 07:10:51 | INFO     | run                  |    - Unique symbols: 479
2026-06-12 07:10:51 | INFO     | run                  |    - Timestamp: 2026-06-12 12:10:37
2026-06-12 07:10:51 | INFO     | run                  |    - File: data/2026/06/2026-06-12.xlsx
2026-06-12 07:10:51 | INFO     | run                  | ======================================================================
2026-06-12 07:10:51 | DEBUG    | run                  | Sample data (first row):
2026-06-12 07:10:51 | DEBUG    | run                  | {'SYMBOL': 'SPSL', 'SECTOR': 821, 'LDCP': 21.66, 'OPEN': 22.5, 'HIGH': 23.45, 'LOW': 22.4, 'CURRENT': 22.93, 'CHANGE': 1.27, 'CHANGE (%)': nan, 'VOLUME': 38855268, 'YEAR': 2026, 'MONTH': 6, 'DAY': 12, 'HOUR': 12, 'MINUTE': 10, 'DATETIME': '2026-06-12 12:10'}
2026-06-12 07:23:38 | INFO     | run                  | ======================================================================
2026-06-12 07:23:38 | INFO     | run                  | 🚀 MARKET DATA SCRAPER - SINGLE EXECUTION
2026-06-12 07:23:38 | INFO     | run                  | ======================================================================
2026-06-12 07:23:38 | INFO     | run                  | Execution Time: 2026-06-12 12:23:38 PKT
2026-06-12 07:23:38 | INFO     | run                  | Configuration:
2026-06-12 07:23:38 | INFO     | run                  |    - Timezone: Asia/Karachi
2026-06-12 07:23:38 | INFO     | run                  |    - Data directory: data
2026-06-12 07:23:38 | INFO     | run                  |    - Log directory: logs
2026-06-12 07:23:38 | INFO     | run                  | ======================================================================
2026-06-12 07:23:38 | INFO     | fetch_data           | Fetching data (Attempt 1/3)...
2026-06-12 07:23:38 | DEBUG    | fetch_data           | Establishing session with https://dps.psx.com.pk/
2026-06-12 07:23:41 | DEBUG    | fetch_data           | Requesting data from https://dps.psx.com.pk/market-watch
2026-06-12 07:23:42 | DEBUG    | fetch_data           | Response status: 200
2026-06-12 07:23:42 | DEBUG    | fetch_data           | Response content type: text/html; charset=utf-8
2026-06-12 07:23:42 | DEBUG    | fetch_data           | Response size: 458297 bytes
2026-06-12 07:23:42 | INFO     | fetch_data           | ✅ Data fetched successfully (Status: 200)
2026-06-12 07:23:42 | DEBUG    | parse_json           | Attempting JSON parsing...
2026-06-12 07:23:42 | DEBUG    | parse_json           | Response preview: <table class="tbl" data-page-length="25"><thead class="tbl__head"><!-- tr--><!--   th(colspan="11")--><!--   th.center(colspan="2", style="width: 110px;") TOTAL BUY ORDERS--><!--   th.center(colspan="2", style="width: 110px;") TOTAL SELL ORDERS--><tr><th data-name="symbol">SYMBOL</th><th data-name="sector">SECTOR</th><th data-name="listed">LISTED IN</th><th class="right" data-name="ldcp">LDCP</th><th class="right" data-name="open">OPEN</th><th class="right" data-name="high">HIGH</th><th class="r
2026-06-12 07:23:42 | WARNING  | parse_json           | ⚠️ JSON parsing failed: Expecting value: line 1 column 1 (char 0)
2026-06-12 07:23:42 | INFO     | run                  | JSON parsing failed, trying HTML fallback...
2026-06-12 07:23:42 | INFO     | parse_html           | Attempting HTML fallback parsing...
2026-06-12 07:23:42 | DEBUG    | parse_html           | Found 1 table(s) in HTML
2026-06-12 07:23:42 | DEBUG    | parse_html           | Table columns: ['SYMBOL', 'SECTOR', 'LISTED IN', 'LDCP', 'OPEN', 'HIGH', 'LOW', 'CURRENT', 'CHANGE', 'CHANGE (%)', 'VOLUME']
2026-06-12 07:23:42 | DEBUG    | parse_html           | Table shape: (479, 11)
2026-06-12 07:23:42 | INFO     | parse_html           | ✅ HTML parsed successfully (479 rows)
2026-06-12 07:23:42 | INFO     | clean_data           | Cleaning data...
2026-06-12 07:23:42 | DEBUG    | clean_data           | Initial shape: (479, 11)
2026-06-12 07:23:42 | DEBUG    | clean_data           | Initial columns: ['SYMBOL', 'SECTOR', 'LISTED IN', 'LDCP', 'OPEN', 'HIGH', 'LOW', 'CURRENT', 'CHANGE', 'CHANGE (%)', 'VOLUME']
2026-06-12 07:23:42 | DEBUG    | clean_data           | Removed 'LISTED IN' column
2026-06-12 07:23:42 | DEBUG    | clean_data           | Converted LDCP from float64 to numeric
2026-06-12 07:23:42 | DEBUG    | clean_data           | Converted OPEN from float64 to numeric
2026-06-12 07:23:42 | DEBUG    | clean_data           | Converted HIGH from float64 to numeric
2026-06-12 07:23:42 | DEBUG    | clean_data           | Converted LOW from float64 to numeric
2026-06-12 07:23:42 | DEBUG    | clean_data           | Converted CURRENT from float64 to numeric
2026-06-12 07:23:42 | DEBUG    | clean_data           | Converted CHANGE from float64 to numeric
2026-06-12 07:23:42 | DEBUG    | clean_data           | Converted CHANGE (%) from str to numeric
2026-06-12 07:23:42 | DEBUG    | clean_data           | Converted VOLUME from int64 to numeric
2026-06-12 07:23:42 | INFO     | clean_data           | ✅ Data cleaned (479 rows, 16 columns)
2026-06-12 07:23:42 | DEBUG    | clean_data           | Final columns: ['SYMBOL', 'SECTOR', 'LDCP', 'OPEN', 'HIGH', 'LOW', 'CURRENT', 'CHANGE', 'CHANGE (%)', 'VOLUME', 'YEAR', 'MONTH', 'DAY', 'HOUR', 'MINUTE', 'DATETIME']
2026-06-12 07:23:42 | DEBUG    | get_file_path        | Generated file path: data/2026/06/2026-06-12.xlsx
2026-06-12 07:23:42 | INFO     | save_data            | Saving data to: data/2026/06/2026-06-12.xlsx
2026-06-12 07:23:42 | DEBUG    | save_data            | Existing file found, merging data...
2026-06-12 07:23:45 | DEBUG    | save_data            | Loaded 28168 existing rows
2026-06-12 07:23:45 | DEBUG    | save_data            | Combined to 28647 rows
2026-06-12 07:23:45 | DEBUG    | save_data            | Writing to temporary file...
2026-06-12 07:23:51 | DEBUG    | save_data            | Data written to temp file: /home/runner/work/Thalorae-BackLioraen/Thalorae-BackLioraen/data/2026/06/tmpkutet3ea.xlsx
2026-06-12 07:23:51 | DEBUG    | save_data            | Temp file moved to final location
2026-06-12 07:23:51 | INFO     | save_data            | ✅ Data saved successfully (28647 total rows, 2119886 bytes)
2026-06-12 07:23:51 | INFO     | run                  | ======================================================================
2026-06-12 07:23:51 | INFO     | run                  | 📊 EXECUTION SUMMARY:
2026-06-12 07:23:51 | INFO     | run                  |    ✅ Status: SUCCESS
2026-06-12 07:23:51 | INFO     | run                  |    - Rows processed: 479
2026-06-12 07:23:51 | INFO     | run                  |    - Unique symbols: 479
2026-06-12 07:23:51 | INFO     | run                  |    - Timestamp: 2026-06-12 12:23:38
2026-06-12 07:23:51 | INFO     | run                  |    - File: data/2026/06/2026-06-12.xlsx
2026-06-12 07:23:51 | INFO     | run                  | ======================================================================
2026-06-12 07:23:51 | DEBUG    | run                  | Sample data (first row):
2026-06-12 07:23:51 | DEBUG    | run                  | {'SYMBOL': 'SPSL', 'SECTOR': 821, 'LDCP': 21.66, 'OPEN': 22.5, 'HIGH': 23.45, 'LOW': 22.4, 'CURRENT': 22.93, 'CHANGE': 1.27, 'CHANGE (%)': nan, 'VOLUME': 38855268, 'YEAR': 2026, 'MONTH': 6, 'DAY': 12, 'HOUR': 12, 'MINUTE': 23, 'DATETIME': '2026-06-12 12:23'}
2026-06-12 07:28:51 | INFO     | run                  | ======================================================================
2026-06-12 07:28:51 | INFO     | run                  | 🚀 MARKET DATA SCRAPER - SINGLE EXECUTION
2026-06-12 07:28:51 | INFO     | run                  | ======================================================================
2026-06-12 07:28:51 | INFO     | run                  | Execution Time: 2026-06-12 12:28:51 PKT
2026-06-12 07:28:51 | INFO     | run                  | Configuration:
2026-06-12 07:28:51 | INFO     | run                  |    - Timezone: Asia/Karachi
2026-06-12 07:28:51 | INFO     | run                  |    - Data directory: data
2026-06-12 07:28:51 | INFO     | run                  |    - Log directory: logs
2026-06-12 07:28:51 | INFO     | run                  | ======================================================================
2026-06-12 07:28:51 | INFO     | fetch_data           | Fetching data (Attempt 1/3)...
2026-06-12 07:28:51 | DEBUG    | fetch_data           | Establishing session with https://dps.psx.com.pk/
2026-06-12 07:28:55 | DEBUG    | fetch_data           | Requesting data from https://dps.psx.com.pk/market-watch
2026-06-12 07:28:58 | DEBUG    | fetch_data           | Response status: 200
2026-06-12 07:28:58 | DEBUG    | fetch_data           | Response content type: text/html; charset=utf-8
2026-06-12 07:28:58 | DEBUG    | fetch_data           | Response size: 458297 bytes
2026-06-12 07:28:58 | INFO     | fetch_data           | ✅ Data fetched successfully (Status: 200)
2026-06-12 07:28:58 | DEBUG    | parse_json           | Attempting JSON parsing...
2026-06-12 07:28:58 | DEBUG    | parse_json           | Response preview: <table class="tbl" data-page-length="25"><thead class="tbl__head"><!-- tr--><!--   th(colspan="11")--><!--   th.center(colspan="2", style="width: 110px;") TOTAL BUY ORDERS--><!--   th.center(colspan="2", style="width: 110px;") TOTAL SELL ORDERS--><tr><th data-name="symbol">SYMBOL</th><th data-name="sector">SECTOR</th><th data-name="listed">LISTED IN</th><th class="right" data-name="ldcp">LDCP</th><th class="right" data-name="open">OPEN</th><th class="right" data-name="high">HIGH</th><th class="r
2026-06-12 07:28:58 | WARNING  | parse_json           | ⚠️ JSON parsing failed: Expecting value: line 1 column 1 (char 0)
2026-06-12 07:28:58 | INFO     | run                  | JSON parsing failed, trying HTML fallback...
2026-06-12 07:28:58 | INFO     | parse_html           | Attempting HTML fallback parsing...
2026-06-12 07:28:58 | DEBUG    | parse_html           | Found 1 table(s) in HTML
2026-06-12 07:28:58 | DEBUG    | parse_html           | Table columns: ['SYMBOL', 'SECTOR', 'LISTED IN', 'LDCP', 'OPEN', 'HIGH', 'LOW', 'CURRENT', 'CHANGE', 'CHANGE (%)', 'VOLUME']
2026-06-12 07:28:58 | DEBUG    | parse_html           | Table shape: (479, 11)
2026-06-12 07:28:58 | INFO     | parse_html           | ✅ HTML parsed successfully (479 rows)
2026-06-12 07:28:58 | INFO     | clean_data           | Cleaning data...
2026-06-12 07:28:58 | DEBUG    | clean_data           | Initial shape: (479, 11)
2026-06-12 07:28:58 | DEBUG    | clean_data           | Initial columns: ['SYMBOL', 'SECTOR', 'LISTED IN', 'LDCP', 'OPEN', 'HIGH', 'LOW', 'CURRENT', 'CHANGE', 'CHANGE (%)', 'VOLUME']
2026-06-12 07:28:58 | DEBUG    | clean_data           | Removed 'LISTED IN' column
2026-06-12 07:28:58 | DEBUG    | clean_data           | Converted LDCP from float64 to numeric
2026-06-12 07:28:58 | DEBUG    | clean_data           | Converted OPEN from float64 to numeric
2026-06-12 07:28:58 | DEBUG    | clean_data           | Converted HIGH from float64 to numeric
2026-06-12 07:28:58 | DEBUG    | clean_data           | Converted LOW from float64 to numeric
2026-06-12 07:28:58 | DEBUG    | clean_data           | Converted CURRENT from float64 to numeric
2026-06-12 07:28:58 | DEBUG    | clean_data           | Converted CHANGE from float64 to numeric
2026-06-12 07:28:58 | DEBUG    | clean_data           | Converted CHANGE (%) from str to numeric
2026-06-12 07:28:58 | DEBUG    | clean_data           | Converted VOLUME from int64 to numeric
2026-06-12 07:28:58 | INFO     | clean_data           | ✅ Data cleaned (479 rows, 16 columns)
2026-06-12 07:28:58 | DEBUG    | clean_data           | Final columns: ['SYMBOL', 'SECTOR', 'LDCP', 'OPEN', 'HIGH', 'LOW', 'CURRENT', 'CHANGE', 'CHANGE (%)', 'VOLUME', 'YEAR', 'MONTH', 'DAY', 'HOUR', 'MINUTE', 'DATETIME']
2026-06-12 07:28:58 | DEBUG    | get_file_path        | Generated file path: data/2026/06/2026-06-12.xlsx
2026-06-12 07:28:58 | INFO     | save_data            | Saving data to: data/2026/06/2026-06-12.xlsx
2026-06-12 07:28:58 | DEBUG    | save_data            | Existing file found, merging data...
2026-06-12 07:29:01 | DEBUG    | save_data            | Loaded 28647 existing rows
2026-06-12 07:29:01 | DEBUG    | save_data            | Combined to 29126 rows
2026-06-12 07:29:01 | DEBUG    | save_data            | Writing to temporary file...
2026-06-12 07:29:06 | DEBUG    | save_data            | Data written to temp file: /home/runner/work/Thalorae-BackLioraen/Thalorae-BackLioraen/data/2026/06/tmptgbi3w5y.xlsx
2026-06-12 07:29:06 | DEBUG    | save_data            | Temp file moved to final location
2026-06-12 07:29:06 | INFO     | save_data            | ✅ Data saved successfully (29126 total rows, 2155463 bytes)
2026-06-12 07:29:06 | INFO     | run                  | ======================================================================
2026-06-12 07:29:06 | INFO     | run                  | 📊 EXECUTION SUMMARY:
2026-06-12 07:29:06 | INFO     | run                  |    ✅ Status: SUCCESS
2026-06-12 07:29:06 | INFO     | run                  |    - Rows processed: 479
2026-06-12 07:29:06 | INFO     | run                  |    - Unique symbols: 479
2026-06-12 07:29:06 | INFO     | run                  |    - Timestamp: 2026-06-12 12:28:51
2026-06-12 07:29:06 | INFO     | run                  |    - File: data/2026/06/2026-06-12.xlsx
2026-06-12 07:29:06 | INFO     | run                  | ======================================================================
2026-06-12 07:29:06 | DEBUG    | run                  | Sample data (first row):
2026-06-12 07:29:06 | DEBUG    | run                  | {'SYMBOL': 'SPSL', 'SECTOR': 821, 'LDCP': 21.66, 'OPEN': 22.5, 'HIGH': 23.45, 'LOW': 22.4, 'CURRENT': 22.93, 'CHANGE': 1.27, 'CHANGE (%)': nan, 'VOLUME': 38855268, 'YEAR': 2026, 'MONTH': 6, 'DAY': 12, 'HOUR': 12, 'MINUTE': 28, 'DATETIME': '2026-06-12 12:28'}
2026-06-12 07:34:07 | INFO     | run                  | ======================================================================
2026-06-12 07:34:07 | INFO     | run                  | 🚀 MARKET DATA SCRAPER - SINGLE EXECUTION
2026-06-12 07:34:07 | INFO     | run                  | ======================================================================
2026-06-12 07:34:07 | INFO     | run                  | Execution Time: 2026-06-12 12:34:07 PKT
2026-06-12 07:34:07 | INFO     | run                  | Configuration:
2026-06-12 07:34:07 | INFO     | run                  |    - Timezone: Asia/Karachi
2026-06-12 07:34:07 | INFO     | run                  |    - Data directory: data
2026-06-12 07:34:07 | INFO     | run                  |    - Log directory: logs
2026-06-12 07:34:07 | INFO     | run                  | ======================================================================
2026-06-12 07:34:07 | INFO     | fetch_data           | Fetching data (Attempt 1/3)...
2026-06-12 07:34:07 | DEBUG    | fetch_data           | Establishing session with https://dps.psx.com.pk/
2026-06-12 07:34:09 | DEBUG    | fetch_data           | Requesting data from https://dps.psx.com.pk/market-watch
2026-06-12 07:34:10 | DEBUG    | fetch_data           | Response status: 200
2026-06-12 07:34:10 | DEBUG    | fetch_data           | Response content type: text/html; charset=utf-8
2026-06-12 07:34:10 | DEBUG    | fetch_data           | Response size: 458297 bytes
2026-06-12 07:34:10 | INFO     | fetch_data           | ✅ Data fetched successfully (Status: 200)
2026-06-12 07:34:10 | DEBUG    | parse_json           | Attempting JSON parsing...
2026-06-12 07:34:10 | DEBUG    | parse_json           | Response preview: <table class="tbl" data-page-length="25"><thead class="tbl__head"><!-- tr--><!--   th(colspan="11")--><!--   th.center(colspan="2", style="width: 110px;") TOTAL BUY ORDERS--><!--   th.center(colspan="2", style="width: 110px;") TOTAL SELL ORDERS--><tr><th data-name="symbol">SYMBOL</th><th data-name="sector">SECTOR</th><th data-name="listed">LISTED IN</th><th class="right" data-name="ldcp">LDCP</th><th class="right" data-name="open">OPEN</th><th class="right" data-name="high">HIGH</th><th class="r
2026-06-12 07:34:10 | WARNING  | parse_json           | ⚠️ JSON parsing failed: Expecting value: line 1 column 1 (char 0)
2026-06-12 07:34:10 | INFO     | run                  | JSON parsing failed, trying HTML fallback...
2026-06-12 07:34:10 | INFO     | parse_html           | Attempting HTML fallback parsing...
2026-06-12 07:34:10 | DEBUG    | parse_html           | Found 1 table(s) in HTML
2026-06-12 07:34:10 | DEBUG    | parse_html           | Table columns: ['SYMBOL', 'SECTOR', 'LISTED IN', 'LDCP', 'OPEN', 'HIGH', 'LOW', 'CURRENT', 'CHANGE', 'CHANGE (%)', 'VOLUME']
2026-06-12 07:34:10 | DEBUG    | parse_html           | Table shape: (479, 11)
2026-06-12 07:34:10 | INFO     | parse_html           | ✅ HTML parsed successfully (479 rows)
2026-06-12 07:34:10 | INFO     | clean_data           | Cleaning data...
2026-06-12 07:34:10 | DEBUG    | clean_data           | Initial shape: (479, 11)
2026-06-12 07:34:10 | DEBUG    | clean_data           | Initial columns: ['SYMBOL', 'SECTOR', 'LISTED IN', 'LDCP', 'OPEN', 'HIGH', 'LOW', 'CURRENT', 'CHANGE', 'CHANGE (%)', 'VOLUME']
2026-06-12 07:34:10 | DEBUG    | clean_data           | Removed 'LISTED IN' column
2026-06-12 07:34:10 | DEBUG    | clean_data           | Converted LDCP from float64 to numeric
2026-06-12 07:34:10 | DEBUG    | clean_data           | Converted OPEN from float64 to numeric
2026-06-12 07:34:10 | DEBUG    | clean_data           | Converted HIGH from float64 to numeric
2026-06-12 07:34:10 | DEBUG    | clean_data           | Converted LOW from float64 to numeric
2026-06-12 07:34:10 | DEBUG    | clean_data           | Converted CURRENT from float64 to numeric
2026-06-12 07:34:10 | DEBUG    | clean_data           | Converted CHANGE from float64 to numeric
2026-06-12 07:34:10 | DEBUG    | clean_data           | Converted CHANGE (%) from str to numeric
2026-06-12 07:34:10 | DEBUG    | clean_data           | Converted VOLUME from int64 to numeric
2026-06-12 07:34:10 | INFO     | clean_data           | ✅ Data cleaned (479 rows, 16 columns)
2026-06-12 07:34:10 | DEBUG    | clean_data           | Final columns: ['SYMBOL', 'SECTOR', 'LDCP', 'OPEN', 'HIGH', 'LOW', 'CURRENT', 'CHANGE', 'CHANGE (%)', 'VOLUME', 'YEAR', 'MONTH', 'DAY', 'HOUR', 'MINUTE', 'DATETIME']
2026-06-12 07:34:10 | DEBUG    | get_file_path        | Generated file path: data/2026/06/2026-06-12.xlsx
2026-06-12 07:34:10 | INFO     | save_data            | Saving data to: data/2026/06/2026-06-12.xlsx
2026-06-12 07:34:10 | DEBUG    | save_data            | Existing file found, merging data...
2026-06-12 07:34:13 | DEBUG    | save_data            | Loaded 29126 existing rows
2026-06-12 07:34:13 | DEBUG    | save_data            | Combined to 29605 rows
2026-06-12 07:34:13 | DEBUG    | save_data            | Writing to temporary file...
2026-06-12 07:34:19 | DEBUG    | save_data            | Data written to temp file: /home/runner/work/Thalorae-BackLioraen/Thalorae-BackLioraen/data/2026/06/tmp9h14pnpt.xlsx
2026-06-12 07:34:19 | DEBUG    | save_data            | Temp file moved to final location
2026-06-12 07:34:19 | INFO     | save_data            | ✅ Data saved successfully (29605 total rows, 2190767 bytes)
2026-06-12 07:34:19 | INFO     | run                  | ======================================================================
2026-06-12 07:34:19 | INFO     | run                  | 📊 EXECUTION SUMMARY:
2026-06-12 07:34:19 | INFO     | run                  |    ✅ Status: SUCCESS
2026-06-12 07:34:19 | INFO     | run                  |    - Rows processed: 479
2026-06-12 07:34:19 | INFO     | run                  |    - Unique symbols: 479
2026-06-12 07:34:19 | INFO     | run                  |    - Timestamp: 2026-06-12 12:34:07
2026-06-12 07:34:19 | INFO     | run                  |    - File: data/2026/06/2026-06-12.xlsx
2026-06-12 07:34:19 | INFO     | run                  | ======================================================================
2026-06-12 07:34:19 | DEBUG    | run                  | Sample data (first row):
2026-06-12 07:34:19 | DEBUG    | run                  | {'SYMBOL': 'SPSL', 'SECTOR': 821, 'LDCP': 21.66, 'OPEN': 22.5, 'HIGH': 23.45, 'LOW': 22.4, 'CURRENT': 22.93, 'CHANGE': 1.27, 'CHANGE (%)': nan, 'VOLUME': 38855268, 'YEAR': 2026, 'MONTH': 6, 'DAY': 12, 'HOUR': 12, 'MINUTE': 34, 'DATETIME': '2026-06-12 12:34'}
2026-06-12 07:39:19 | INFO     | run                  | ======================================================================
2026-06-12 07:39:19 | INFO     | run                  | 🚀 MARKET DATA SCRAPER - SINGLE EXECUTION
2026-06-12 07:39:19 | INFO     | run                  | ======================================================================
2026-06-12 07:39:19 | INFO     | run                  | Execution Time: 2026-06-12 12:39:19 PKT
2026-06-12 07:39:19 | INFO     | run                  | Configuration:
2026-06-12 07:39:19 | INFO     | run                  |    - Timezone: Asia/Karachi
2026-06-12 07:39:19 | INFO     | run                  |    - Data directory: data
2026-06-12 07:39:19 | INFO     | run                  |    - Log directory: logs
2026-06-12 07:39:19 | INFO     | run                  | ======================================================================
2026-06-12 07:39:19 | INFO     | fetch_data           | Fetching data (Attempt 1/3)...
2026-06-12 07:39:19 | DEBUG    | fetch_data           | Establishing session with https://dps.psx.com.pk/
2026-06-12 07:39:22 | DEBUG    | fetch_data           | Requesting data from https://dps.psx.com.pk/market-watch
2026-06-12 07:39:24 | DEBUG    | fetch_data           | Response status: 200
2026-06-12 07:39:24 | DEBUG    | fetch_data           | Response content type: text/html; charset=utf-8
2026-06-12 07:39:24 | DEBUG    | fetch_data           | Response size: 458297 bytes
2026-06-12 07:39:24 | INFO     | fetch_data           | ✅ Data fetched successfully (Status: 200)
2026-06-12 07:39:24 | DEBUG    | parse_json           | Attempting JSON parsing...
2026-06-12 07:39:24 | DEBUG    | parse_json           | Response preview: <table class="tbl" data-page-length="25"><thead class="tbl__head"><!-- tr--><!--   th(colspan="11")--><!--   th.center(colspan="2", style="width: 110px;") TOTAL BUY ORDERS--><!--   th.center(colspan="2", style="width: 110px;") TOTAL SELL ORDERS--><tr><th data-name="symbol">SYMBOL</th><th data-name="sector">SECTOR</th><th data-name="listed">LISTED IN</th><th class="right" data-name="ldcp">LDCP</th><th class="right" data-name="open">OPEN</th><th class="right" data-name="high">HIGH</th><th class="r
2026-06-12 07:39:24 | WARNING  | parse_json           | ⚠️ JSON parsing failed: Expecting value: line 1 column 1 (char 0)
2026-06-12 07:39:24 | INFO     | run                  | JSON parsing failed, trying HTML fallback...
2026-06-12 07:39:24 | INFO     | parse_html           | Attempting HTML fallback parsing...
2026-06-12 07:39:24 | DEBUG    | parse_html           | Found 1 table(s) in HTML
2026-06-12 07:39:24 | DEBUG    | parse_html           | Table columns: ['SYMBOL', 'SECTOR', 'LISTED IN', 'LDCP', 'OPEN', 'HIGH', 'LOW', 'CURRENT', 'CHANGE', 'CHANGE (%)', 'VOLUME']
2026-06-12 07:39:24 | DEBUG    | parse_html           | Table shape: (479, 11)
2026-06-12 07:39:24 | INFO     | parse_html           | ✅ HTML parsed successfully (479 rows)
2026-06-12 07:39:24 | INFO     | clean_data           | Cleaning data...
2026-06-12 07:39:24 | DEBUG    | clean_data           | Initial shape: (479, 11)
2026-06-12 07:39:24 | DEBUG    | clean_data           | Initial columns: ['SYMBOL', 'SECTOR', 'LISTED IN', 'LDCP', 'OPEN', 'HIGH', 'LOW', 'CURRENT', 'CHANGE', 'CHANGE (%)', 'VOLUME']
2026-06-12 07:39:24 | DEBUG    | clean_data           | Removed 'LISTED IN' column
2026-06-12 07:39:24 | DEBUG    | clean_data           | Converted LDCP from float64 to numeric
2026-06-12 07:39:24 | DEBUG    | clean_data           | Converted OPEN from float64 to numeric
2026-06-12 07:39:24 | DEBUG    | clean_data           | Converted HIGH from float64 to numeric
2026-06-12 07:39:24 | DEBUG    | clean_data           | Converted LOW from float64 to numeric
2026-06-12 07:39:24 | DEBUG    | clean_data           | Converted CURRENT from float64 to numeric
2026-06-12 07:39:24 | DEBUG    | clean_data           | Converted CHANGE from float64 to numeric
2026-06-12 07:39:24 | DEBUG    | clean_data           | Converted CHANGE (%) from str to numeric
2026-06-12 07:39:24 | DEBUG    | clean_data           | Converted VOLUME from int64 to numeric
2026-06-12 07:39:24 | INFO     | clean_data           | ✅ Data cleaned (479 rows, 16 columns)
2026-06-12 07:39:24 | DEBUG    | clean_data           | Final columns: ['SYMBOL', 'SECTOR', 'LDCP', 'OPEN', 'HIGH', 'LOW', 'CURRENT', 'CHANGE', 'CHANGE (%)', 'VOLUME', 'YEAR', 'MONTH', 'DAY', 'HOUR', 'MINUTE', 'DATETIME']
2026-06-12 07:39:24 | DEBUG    | get_file_path        | Generated file path: data/2026/06/2026-06-12.xlsx
2026-06-12 07:39:24 | INFO     | save_data            | Saving data to: data/2026/06/2026-06-12.xlsx
2026-06-12 07:39:24 | DEBUG    | save_data            | Existing file found, merging data...
2026-06-12 07:39:27 | DEBUG    | save_data            | Loaded 29605 existing rows
2026-06-12 07:39:27 | DEBUG    | save_data            | Combined to 30084 rows
2026-06-12 07:39:27 | DEBUG    | save_data            | Writing to temporary file...
2026-06-12 07:39:32 | DEBUG    | save_data            | Data written to temp file: /home/runner/work/Thalorae-BackLioraen/Thalorae-BackLioraen/data/2026/06/tmpwyufb24x.xlsx
2026-06-12 07:39:32 | DEBUG    | save_data            | Temp file moved to final location
2026-06-12 07:39:32 | INFO     | save_data            | ✅ Data saved successfully (30084 total rows, 2226082 bytes)
2026-06-12 07:39:32 | INFO     | run                  | ======================================================================
2026-06-12 07:39:32 | INFO     | run                  | 📊 EXECUTION SUMMARY:
2026-06-12 07:39:32 | INFO     | run                  |    ✅ Status: SUCCESS
2026-06-12 07:39:32 | INFO     | run                  |    - Rows processed: 479
2026-06-12 07:39:32 | INFO     | run                  |    - Unique symbols: 479
2026-06-12 07:39:32 | INFO     | run                  |    - Timestamp: 2026-06-12 12:39:19
2026-06-12 07:39:32 | INFO     | run                  |    - File: data/2026/06/2026-06-12.xlsx
2026-06-12 07:39:32 | INFO     | run                  | ======================================================================
2026-06-12 07:39:32 | DEBUG    | run                  | Sample data (first row):
2026-06-12 07:39:32 | DEBUG    | run                  | {'SYMBOL': 'SPSL', 'SECTOR': 821, 'LDCP': 21.66, 'OPEN': 22.5, 'HIGH': 23.45, 'LOW': 22.4, 'CURRENT': 22.93, 'CHANGE': 1.27, 'CHANGE (%)': nan, 'VOLUME': 38855268, 'YEAR': 2026, 'MONTH': 6, 'DAY': 12, 'HOUR': 12, 'MINUTE': 39, 'DATETIME': '2026-06-12 12:39'}
2026-06-12 07:44:33 | INFO     | run                  | ======================================================================
2026-06-12 07:44:33 | INFO     | run                  | 🚀 MARKET DATA SCRAPER - SINGLE EXECUTION
2026-06-12 07:44:33 | INFO     | run                  | ======================================================================
2026-06-12 07:44:33 | INFO     | run                  | Execution Time: 2026-06-12 12:44:33 PKT
2026-06-12 07:44:33 | INFO     | run                  | Configuration:
2026-06-12 07:44:33 | INFO     | run                  |    - Timezone: Asia/Karachi
2026-06-12 07:44:33 | INFO     | run                  |    - Data directory: data
2026-06-12 07:44:33 | INFO     | run                  |    - Log directory: logs
2026-06-12 07:44:33 | INFO     | run                  | ======================================================================
2026-06-12 07:44:33 | INFO     | fetch_data           | Fetching data (Attempt 1/3)...
2026-06-12 07:44:33 | DEBUG    | fetch_data           | Establishing session with https://dps.psx.com.pk/
2026-06-12 07:44:37 | DEBUG    | fetch_data           | Requesting data from https://dps.psx.com.pk/market-watch
2026-06-12 07:44:39 | DEBUG    | fetch_data           | Response status: 200
2026-06-12 07:44:39 | DEBUG    | fetch_data           | Response content type: text/html; charset=utf-8
2026-06-12 07:44:39 | DEBUG    | fetch_data           | Response size: 458297 bytes
2026-06-12 07:44:39 | INFO     | fetch_data           | ✅ Data fetched successfully (Status: 200)
2026-06-12 07:44:39 | DEBUG    | parse_json           | Attempting JSON parsing...
2026-06-12 07:44:39 | DEBUG    | parse_json           | Response preview: <table class="tbl" data-page-length="25"><thead class="tbl__head"><!-- tr--><!--   th(colspan="11")--><!--   th.center(colspan="2", style="width: 110px;") TOTAL BUY ORDERS--><!--   th.center(colspan="2", style="width: 110px;") TOTAL SELL ORDERS--><tr><th data-name="symbol">SYMBOL</th><th data-name="sector">SECTOR</th><th data-name="listed">LISTED IN</th><th class="right" data-name="ldcp">LDCP</th><th class="right" data-name="open">OPEN</th><th class="right" data-name="high">HIGH</th><th class="r
2026-06-12 07:44:39 | WARNING  | parse_json           | ⚠️ JSON parsing failed: Expecting value: line 1 column 1 (char 0)
2026-06-12 07:44:39 | INFO     | run                  | JSON parsing failed, trying HTML fallback...
2026-06-12 07:44:39 | INFO     | parse_html           | Attempting HTML fallback parsing...
2026-06-12 07:44:39 | DEBUG    | parse_html           | Found 1 table(s) in HTML
2026-06-12 07:44:39 | DEBUG    | parse_html           | Table columns: ['SYMBOL', 'SECTOR', 'LISTED IN', 'LDCP', 'OPEN', 'HIGH', 'LOW', 'CURRENT', 'CHANGE', 'CHANGE (%)', 'VOLUME']
2026-06-12 07:44:39 | DEBUG    | parse_html           | Table shape: (479, 11)
2026-06-12 07:44:39 | INFO     | parse_html           | ✅ HTML parsed successfully (479 rows)
2026-06-12 07:44:39 | INFO     | clean_data           | Cleaning data...
2026-06-12 07:44:39 | DEBUG    | clean_data           | Initial shape: (479, 11)
2026-06-12 07:44:39 | DEBUG    | clean_data           | Initial columns: ['SYMBOL', 'SECTOR', 'LISTED IN', 'LDCP', 'OPEN', 'HIGH', 'LOW', 'CURRENT', 'CHANGE', 'CHANGE (%)', 'VOLUME']
2026-06-12 07:44:39 | DEBUG    | clean_data           | Removed 'LISTED IN' column
2026-06-12 07:44:39 | DEBUG    | clean_data           | Converted LDCP from float64 to numeric
2026-06-12 07:44:39 | DEBUG    | clean_data           | Converted OPEN from float64 to numeric
2026-06-12 07:44:39 | DEBUG    | clean_data           | Converted HIGH from float64 to numeric
2026-06-12 07:44:39 | DEBUG    | clean_data           | Converted LOW from float64 to numeric
2026-06-12 07:44:39 | DEBUG    | clean_data           | Converted CURRENT from float64 to numeric
2026-06-12 07:44:39 | DEBUG    | clean_data           | Converted CHANGE from float64 to numeric
2026-06-12 07:44:39 | DEBUG    | clean_data           | Converted CHANGE (%) from str to numeric
2026-06-12 07:44:39 | DEBUG    | clean_data           | Converted VOLUME from int64 to numeric
2026-06-12 07:44:39 | INFO     | clean_data           | ✅ Data cleaned (479 rows, 16 columns)
2026-06-12 07:44:39 | DEBUG    | clean_data           | Final columns: ['SYMBOL', 'SECTOR', 'LDCP', 'OPEN', 'HIGH', 'LOW', 'CURRENT', 'CHANGE', 'CHANGE (%)', 'VOLUME', 'YEAR', 'MONTH', 'DAY', 'HOUR', 'MINUTE', 'DATETIME']
2026-06-12 07:44:39 | DEBUG    | get_file_path        | Generated file path: data/2026/06/2026-06-12.xlsx
2026-06-12 07:44:39 | INFO     | save_data            | Saving data to: data/2026/06/2026-06-12.xlsx
2026-06-12 07:44:39 | DEBUG    | save_data            | Existing file found, merging data...
2026-06-12 07:44:42 | DEBUG    | save_data            | Loaded 30084 existing rows
2026-06-12 07:44:42 | DEBUG    | save_data            | Combined to 30563 rows
2026-06-12 07:44:42 | DEBUG    | save_data            | Writing to temporary file...
2026-06-12 07:44:47 | DEBUG    | save_data            | Data written to temp file: /home/runner/work/Thalorae-BackLioraen/Thalorae-BackLioraen/data/2026/06/tmptiwz0u14.xlsx
2026-06-12 07:44:47 | DEBUG    | save_data            | Temp file moved to final location
2026-06-12 07:44:47 | INFO     | save_data            | ✅ Data saved successfully (30563 total rows, 2261370 bytes)
2026-06-12 07:44:47 | INFO     | run                  | ======================================================================
2026-06-12 07:44:47 | INFO     | run                  | 📊 EXECUTION SUMMARY:
2026-06-12 07:44:47 | INFO     | run                  |    ✅ Status: SUCCESS
2026-06-12 07:44:47 | INFO     | run                  |    - Rows processed: 479
2026-06-12 07:44:47 | INFO     | run                  |    - Unique symbols: 479
2026-06-12 07:44:47 | INFO     | run                  |    - Timestamp: 2026-06-12 12:44:33
2026-06-12 07:44:47 | INFO     | run                  |    - File: data/2026/06/2026-06-12.xlsx
2026-06-12 07:44:47 | INFO     | run                  | ======================================================================
2026-06-12 07:44:47 | DEBUG    | run                  | Sample data (first row):
2026-06-12 07:44:47 | DEBUG    | run                  | {'SYMBOL': 'SPSL', 'SECTOR': 821, 'LDCP': 21.66, 'OPEN': 22.5, 'HIGH': 23.45, 'LOW': 22.4, 'CURRENT': 22.93, 'CHANGE': 1.27, 'CHANGE (%)': nan, 'VOLUME': 38855268, 'YEAR': 2026, 'MONTH': 6, 'DAY': 12, 'HOUR': 12, 'MINUTE': 44, 'DATETIME': '2026-06-12 12:44'}
2026-06-12 07:49:48 | INFO     | run                  | ======================================================================
2026-06-12 07:49:48 | INFO     | run                  | 🚀 MARKET DATA SCRAPER - SINGLE EXECUTION
2026-06-12 07:49:48 | INFO     | run                  | ======================================================================
2026-06-12 07:49:48 | INFO     | run                  | Execution Time: 2026-06-12 12:49:48 PKT
2026-06-12 07:49:48 | INFO     | run                  | Configuration:
2026-06-12 07:49:48 | INFO     | run                  |    - Timezone: Asia/Karachi
2026-06-12 07:49:48 | INFO     | run                  |    - Data directory: data
2026-06-12 07:49:48 | INFO     | run                  |    - Log directory: logs
2026-06-12 07:49:48 | INFO     | run                  | ======================================================================
2026-06-12 07:49:48 | INFO     | fetch_data           | Fetching data (Attempt 1/3)...
2026-06-12 07:49:48 | DEBUG    | fetch_data           | Establishing session with https://dps.psx.com.pk/
2026-06-12 07:49:51 | DEBUG    | fetch_data           | Requesting data from https://dps.psx.com.pk/market-watch
2026-06-12 07:49:53 | DEBUG    | fetch_data           | Response status: 200
2026-06-12 07:49:53 | DEBUG    | fetch_data           | Response content type: text/html; charset=utf-8
2026-06-12 07:49:53 | DEBUG    | fetch_data           | Response size: 458297 bytes
2026-06-12 07:49:53 | INFO     | fetch_data           | ✅ Data fetched successfully (Status: 200)
2026-06-12 07:49:53 | DEBUG    | parse_json           | Attempting JSON parsing...
2026-06-12 07:49:53 | DEBUG    | parse_json           | Response preview: <table class="tbl" data-page-length="25"><thead class="tbl__head"><!-- tr--><!--   th(colspan="11")--><!--   th.center(colspan="2", style="width: 110px;") TOTAL BUY ORDERS--><!--   th.center(colspan="2", style="width: 110px;") TOTAL SELL ORDERS--><tr><th data-name="symbol">SYMBOL</th><th data-name="sector">SECTOR</th><th data-name="listed">LISTED IN</th><th class="right" data-name="ldcp">LDCP</th><th class="right" data-name="open">OPEN</th><th class="right" data-name="high">HIGH</th><th class="r
2026-06-12 07:49:53 | WARNING  | parse_json           | ⚠️ JSON parsing failed: Expecting value: line 1 column 1 (char 0)
2026-06-12 07:49:53 | INFO     | run                  | JSON parsing failed, trying HTML fallback...
2026-06-12 07:49:53 | INFO     | parse_html           | Attempting HTML fallback parsing...
2026-06-12 07:49:53 | DEBUG    | parse_html           | Found 1 table(s) in HTML
2026-06-12 07:49:53 | DEBUG    | parse_html           | Table columns: ['SYMBOL', 'SECTOR', 'LISTED IN', 'LDCP', 'OPEN', 'HIGH', 'LOW', 'CURRENT', 'CHANGE', 'CHANGE (%)', 'VOLUME']
2026-06-12 07:49:53 | DEBUG    | parse_html           | Table shape: (479, 11)
2026-06-12 07:49:53 | INFO     | parse_html           | ✅ HTML parsed successfully (479 rows)
2026-06-12 07:49:53 | INFO     | clean_data           | Cleaning data...
2026-06-12 07:49:53 | DEBUG    | clean_data           | Initial shape: (479, 11)
2026-06-12 07:49:53 | DEBUG    | clean_data           | Initial columns: ['SYMBOL', 'SECTOR', 'LISTED IN', 'LDCP', 'OPEN', 'HIGH', 'LOW', 'CURRENT', 'CHANGE', 'CHANGE (%)', 'VOLUME']
2026-06-12 07:49:53 | DEBUG    | clean_data           | Removed 'LISTED IN' column
2026-06-12 07:49:53 | DEBUG    | clean_data           | Converted LDCP from float64 to numeric
2026-06-12 07:49:53 | DEBUG    | clean_data           | Converted OPEN from float64 to numeric
2026-06-12 07:49:53 | DEBUG    | clean_data           | Converted HIGH from float64 to numeric
2026-06-12 07:49:53 | DEBUG    | clean_data           | Converted LOW from float64 to numeric
2026-06-12 07:49:53 | DEBUG    | clean_data           | Converted CURRENT from float64 to numeric
2026-06-12 07:49:53 | DEBUG    | clean_data           | Converted CHANGE from float64 to numeric
2026-06-12 07:49:53 | DEBUG    | clean_data           | Converted CHANGE (%) from str to numeric
2026-06-12 07:49:53 | DEBUG    | clean_data           | Converted VOLUME from int64 to numeric
2026-06-12 07:49:53 | INFO     | clean_data           | ✅ Data cleaned (479 rows, 16 columns)
2026-06-12 07:49:53 | DEBUG    | clean_data           | Final columns: ['SYMBOL', 'SECTOR', 'LDCP', 'OPEN', 'HIGH', 'LOW', 'CURRENT', 'CHANGE', 'CHANGE (%)', 'VOLUME', 'YEAR', 'MONTH', 'DAY', 'HOUR', 'MINUTE', 'DATETIME']
2026-06-12 07:49:53 | DEBUG    | get_file_path        | Generated file path: data/2026/06/2026-06-12.xlsx
2026-06-12 07:49:53 | INFO     | save_data            | Saving data to: data/2026/06/2026-06-12.xlsx
2026-06-12 07:49:53 | DEBUG    | save_data            | Existing file found, merging data...
2026-06-12 07:49:56 | DEBUG    | save_data            | Loaded 30563 existing rows
2026-06-12 07:49:56 | DEBUG    | save_data            | Combined to 31042 rows
2026-06-12 07:49:56 | DEBUG    | save_data            | Writing to temporary file...
2026-06-12 07:50:02 | DEBUG    | save_data            | Data written to temp file: /home/runner/work/Thalorae-BackLioraen/Thalorae-BackLioraen/data/2026/06/tmpc15xmtcm.xlsx
2026-06-12 07:50:02 | DEBUG    | save_data            | Temp file moved to final location
2026-06-12 07:50:02 | INFO     | save_data            | ✅ Data saved successfully (31042 total rows, 2296642 bytes)
2026-06-12 07:50:02 | INFO     | run                  | ======================================================================
2026-06-12 07:50:02 | INFO     | run                  | 📊 EXECUTION SUMMARY:
2026-06-12 07:50:02 | INFO     | run                  |    ✅ Status: SUCCESS
2026-06-12 07:50:02 | INFO     | run                  |    - Rows processed: 479
2026-06-12 07:50:02 | INFO     | run                  |    - Unique symbols: 479
2026-06-12 07:50:02 | INFO     | run                  |    - Timestamp: 2026-06-12 12:49:48
2026-06-12 07:50:02 | INFO     | run                  |    - File: data/2026/06/2026-06-12.xlsx
2026-06-12 07:50:02 | INFO     | run                  | ======================================================================
2026-06-12 07:50:02 | DEBUG    | run                  | Sample data (first row):
2026-06-12 07:50:02 | DEBUG    | run                  | {'SYMBOL': 'SPSL', 'SECTOR': 821, 'LDCP': 21.66, 'OPEN': 22.5, 'HIGH': 23.45, 'LOW': 22.4, 'CURRENT': 22.93, 'CHANGE': 1.27, 'CHANGE (%)': nan, 'VOLUME': 38855268, 'YEAR': 2026, 'MONTH': 6, 'DAY': 12, 'HOUR': 12, 'MINUTE': 49, 'DATETIME': '2026-06-12 12:49'}
2026-06-12 07:55:03 | INFO     | run                  | ======================================================================
2026-06-12 07:55:03 | INFO     | run                  | 🚀 MARKET DATA SCRAPER - SINGLE EXECUTION
2026-06-12 07:55:03 | INFO     | run                  | ======================================================================
2026-06-12 07:55:03 | INFO     | run                  | Execution Time: 2026-06-12 12:55:03 PKT
2026-06-12 07:55:03 | INFO     | run                  | Configuration:
2026-06-12 07:55:03 | INFO     | run                  |    - Timezone: Asia/Karachi
2026-06-12 07:55:03 | INFO     | run                  |    - Data directory: data
2026-06-12 07:55:03 | INFO     | run                  |    - Log directory: logs
2026-06-12 07:55:03 | INFO     | run                  | ======================================================================
2026-06-12 07:55:03 | INFO     | fetch_data           | Fetching data (Attempt 1/3)...
2026-06-12 07:55:03 | DEBUG    | fetch_data           | Establishing session with https://dps.psx.com.pk/
2026-06-12 07:55:06 | DEBUG    | fetch_data           | Requesting data from https://dps.psx.com.pk/market-watch
2026-06-12 07:55:08 | DEBUG    | fetch_data           | Response status: 200
2026-06-12 07:55:08 | DEBUG    | fetch_data           | Response content type: text/html; charset=utf-8
2026-06-12 07:55:08 | DEBUG    | fetch_data           | Response size: 458297 bytes
2026-06-12 07:55:08 | INFO     | fetch_data           | ✅ Data fetched successfully (Status: 200)
2026-06-12 07:55:08 | DEBUG    | parse_json           | Attempting JSON parsing...
2026-06-12 07:55:08 | DEBUG    | parse_json           | Response preview: <table class="tbl" data-page-length="25"><thead class="tbl__head"><!-- tr--><!--   th(colspan="11")--><!--   th.center(colspan="2", style="width: 110px;") TOTAL BUY ORDERS--><!--   th.center(colspan="2", style="width: 110px;") TOTAL SELL ORDERS--><tr><th data-name="symbol">SYMBOL</th><th data-name="sector">SECTOR</th><th data-name="listed">LISTED IN</th><th class="right" data-name="ldcp">LDCP</th><th class="right" data-name="open">OPEN</th><th class="right" data-name="high">HIGH</th><th class="r
2026-06-12 07:55:08 | WARNING  | parse_json           | ⚠️ JSON parsing failed: Expecting value: line 1 column 1 (char 0)
2026-06-12 07:55:08 | INFO     | run                  | JSON parsing failed, trying HTML fallback...
2026-06-12 07:55:08 | INFO     | parse_html           | Attempting HTML fallback parsing...
2026-06-12 07:55:08 | DEBUG    | parse_html           | Found 1 table(s) in HTML
2026-06-12 07:55:08 | DEBUG    | parse_html           | Table columns: ['SYMBOL', 'SECTOR', 'LISTED IN', 'LDCP', 'OPEN', 'HIGH', 'LOW', 'CURRENT', 'CHANGE', 'CHANGE (%)', 'VOLUME']
2026-06-12 07:55:08 | DEBUG    | parse_html           | Table shape: (479, 11)
2026-06-12 07:55:08 | INFO     | parse_html           | ✅ HTML parsed successfully (479 rows)
2026-06-12 07:55:08 | INFO     | clean_data           | Cleaning data...
2026-06-12 07:55:08 | DEBUG    | clean_data           | Initial shape: (479, 11)
2026-06-12 07:55:08 | DEBUG    | clean_data           | Initial columns: ['SYMBOL', 'SECTOR', 'LISTED IN', 'LDCP', 'OPEN', 'HIGH', 'LOW', 'CURRENT', 'CHANGE', 'CHANGE (%)', 'VOLUME']
2026-06-12 07:55:08 | DEBUG    | clean_data           | Removed 'LISTED IN' column
2026-06-12 07:55:08 | DEBUG    | clean_data           | Converted LDCP from float64 to numeric
2026-06-12 07:55:08 | DEBUG    | clean_data           | Converted OPEN from float64 to numeric
2026-06-12 07:55:08 | DEBUG    | clean_data           | Converted HIGH from float64 to numeric
2026-06-12 07:55:08 | DEBUG    | clean_data           | Converted LOW from float64 to numeric
2026-06-12 07:55:08 | DEBUG    | clean_data           | Converted CURRENT from float64 to numeric
2026-06-12 07:55:08 | DEBUG    | clean_data           | Converted CHANGE from float64 to numeric
2026-06-12 07:55:08 | DEBUG    | clean_data           | Converted CHANGE (%) from str to numeric
2026-06-12 07:55:08 | DEBUG    | clean_data           | Converted VOLUME from int64 to numeric
2026-06-12 07:55:08 | INFO     | clean_data           | ✅ Data cleaned (479 rows, 16 columns)
2026-06-12 07:55:08 | DEBUG    | clean_data           | Final columns: ['SYMBOL', 'SECTOR', 'LDCP', 'OPEN', 'HIGH', 'LOW', 'CURRENT', 'CHANGE', 'CHANGE (%)', 'VOLUME', 'YEAR', 'MONTH', 'DAY', 'HOUR', 'MINUTE', 'DATETIME']
2026-06-12 07:55:08 | DEBUG    | get_file_path        | Generated file path: data/2026/06/2026-06-12.xlsx
2026-06-12 07:55:08 | INFO     | save_data            | Saving data to: data/2026/06/2026-06-12.xlsx
2026-06-12 07:55:08 | DEBUG    | save_data            | Existing file found, merging data...
2026-06-12 07:55:11 | DEBUG    | save_data            | Loaded 31042 existing rows
2026-06-12 07:55:11 | DEBUG    | save_data            | Combined to 31521 rows
2026-06-12 07:55:11 | DEBUG    | save_data            | Writing to temporary file...
2026-06-12 07:55:17 | DEBUG    | save_data            | Data written to temp file: /home/runner/work/Thalorae-BackLioraen/Thalorae-BackLioraen/data/2026/06/tmpk3h88v6c.xlsx
2026-06-12 07:55:17 | DEBUG    | save_data            | Temp file moved to final location
2026-06-12 07:55:17 | INFO     | save_data            | ✅ Data saved successfully (31521 total rows, 2331848 bytes)
2026-06-12 07:55:17 | INFO     | run                  | ======================================================================
2026-06-12 07:55:17 | INFO     | run                  | 📊 EXECUTION SUMMARY:
2026-06-12 07:55:17 | INFO     | run                  |    ✅ Status: SUCCESS
2026-06-12 07:55:17 | INFO     | run                  |    - Rows processed: 479
2026-06-12 07:55:17 | INFO     | run                  |    - Unique symbols: 479
2026-06-12 07:55:17 | INFO     | run                  |    - Timestamp: 2026-06-12 12:55:03
2026-06-12 07:55:17 | INFO     | run                  |    - File: data/2026/06/2026-06-12.xlsx
2026-06-12 07:55:17 | INFO     | run                  | ======================================================================
2026-06-12 07:55:17 | DEBUG    | run                  | Sample data (first row):
2026-06-12 07:55:17 | DEBUG    | run                  | {'SYMBOL': 'SPSL', 'SECTOR': 821, 'LDCP': 21.66, 'OPEN': 22.5, 'HIGH': 23.45, 'LOW': 22.4, 'CURRENT': 22.93, 'CHANGE': 1.27, 'CHANGE (%)': nan, 'VOLUME': 38855268, 'YEAR': 2026, 'MONTH': 6, 'DAY': 12, 'HOUR': 12, 'MINUTE': 55, 'DATETIME': '2026-06-12 12:55'}
2026-06-12 08:00:17 | INFO     | run                  | ======================================================================
2026-06-12 08:00:17 | INFO     | run                  | 🚀 MARKET DATA SCRAPER - SINGLE EXECUTION
2026-06-12 08:00:17 | INFO     | run                  | ======================================================================
2026-06-12 08:00:17 | INFO     | run                  | Execution Time: 2026-06-12 13:00:17 PKT
2026-06-12 08:00:17 | INFO     | run                  | Configuration:
2026-06-12 08:00:17 | INFO     | run                  |    - Timezone: Asia/Karachi
2026-06-12 08:00:17 | INFO     | run                  |    - Data directory: data
2026-06-12 08:00:17 | INFO     | run                  |    - Log directory: logs
2026-06-12 08:00:17 | INFO     | run                  | ======================================================================
2026-06-12 08:00:17 | INFO     | fetch_data           | Fetching data (Attempt 1/3)...
2026-06-12 08:00:17 | DEBUG    | fetch_data           | Establishing session with https://dps.psx.com.pk/
2026-06-12 08:00:20 | DEBUG    | fetch_data           | Requesting data from https://dps.psx.com.pk/market-watch
2026-06-12 08:00:22 | DEBUG    | fetch_data           | Response status: 200
2026-06-12 08:00:22 | DEBUG    | fetch_data           | Response content type: text/html; charset=utf-8
2026-06-12 08:00:22 | DEBUG    | fetch_data           | Response size: 458297 bytes
2026-06-12 08:00:22 | INFO     | fetch_data           | ✅ Data fetched successfully (Status: 200)
2026-06-12 08:00:22 | DEBUG    | parse_json           | Attempting JSON parsing...
2026-06-12 08:00:22 | DEBUG    | parse_json           | Response preview: <table class="tbl" data-page-length="25"><thead class="tbl__head"><!-- tr--><!--   th(colspan="11")--><!--   th.center(colspan="2", style="width: 110px;") TOTAL BUY ORDERS--><!--   th.center(colspan="2", style="width: 110px;") TOTAL SELL ORDERS--><tr><th data-name="symbol">SYMBOL</th><th data-name="sector">SECTOR</th><th data-name="listed">LISTED IN</th><th class="right" data-name="ldcp">LDCP</th><th class="right" data-name="open">OPEN</th><th class="right" data-name="high">HIGH</th><th class="r
2026-06-12 08:00:22 | WARNING  | parse_json           | ⚠️ JSON parsing failed: Expecting value: line 1 column 1 (char 0)
2026-06-12 08:00:22 | INFO     | run                  | JSON parsing failed, trying HTML fallback...
2026-06-12 08:00:22 | INFO     | parse_html           | Attempting HTML fallback parsing...
2026-06-12 08:00:22 | DEBUG    | parse_html           | Found 1 table(s) in HTML
2026-06-12 08:00:22 | DEBUG    | parse_html           | Table columns: ['SYMBOL', 'SECTOR', 'LISTED IN', 'LDCP', 'OPEN', 'HIGH', 'LOW', 'CURRENT', 'CHANGE', 'CHANGE (%)', 'VOLUME']
2026-06-12 08:00:22 | DEBUG    | parse_html           | Table shape: (479, 11)
2026-06-12 08:00:22 | INFO     | parse_html           | ✅ HTML parsed successfully (479 rows)
2026-06-12 08:00:22 | INFO     | clean_data           | Cleaning data...
2026-06-12 08:00:22 | DEBUG    | clean_data           | Initial shape: (479, 11)
2026-06-12 08:00:22 | DEBUG    | clean_data           | Initial columns: ['SYMBOL', 'SECTOR', 'LISTED IN', 'LDCP', 'OPEN', 'HIGH', 'LOW', 'CURRENT', 'CHANGE', 'CHANGE (%)', 'VOLUME']
2026-06-12 08:00:22 | DEBUG    | clean_data           | Removed 'LISTED IN' column
2026-06-12 08:00:22 | DEBUG    | clean_data           | Converted LDCP from float64 to numeric
2026-06-12 08:00:22 | DEBUG    | clean_data           | Converted OPEN from float64 to numeric
2026-06-12 08:00:22 | DEBUG    | clean_data           | Converted HIGH from float64 to numeric
2026-06-12 08:00:22 | DEBUG    | clean_data           | Converted LOW from float64 to numeric
2026-06-12 08:00:22 | DEBUG    | clean_data           | Converted CURRENT from float64 to numeric
2026-06-12 08:00:22 | DEBUG    | clean_data           | Converted CHANGE from float64 to numeric
2026-06-12 08:00:22 | DEBUG    | clean_data           | Converted CHANGE (%) from str to numeric
2026-06-12 08:00:22 | DEBUG    | clean_data           | Converted VOLUME from int64 to numeric
2026-06-12 08:00:22 | INFO     | clean_data           | ✅ Data cleaned (479 rows, 16 columns)
2026-06-12 08:00:22 | DEBUG    | clean_data           | Final columns: ['SYMBOL', 'SECTOR', 'LDCP', 'OPEN', 'HIGH', 'LOW', 'CURRENT', 'CHANGE', 'CHANGE (%)', 'VOLUME', 'YEAR', 'MONTH', 'DAY', 'HOUR', 'MINUTE', 'DATETIME']
2026-06-12 08:00:22 | DEBUG    | get_file_path        | Generated file path: data/2026/06/2026-06-12.xlsx
2026-06-12 08:00:22 | INFO     | save_data            | Saving data to: data/2026/06/2026-06-12.xlsx
2026-06-12 08:00:22 | DEBUG    | save_data            | Existing file found, merging data...
2026-06-12 08:00:25 | DEBUG    | save_data            | Loaded 31521 existing rows
2026-06-12 08:00:25 | DEBUG    | save_data            | Combined to 32000 rows
2026-06-12 08:00:25 | DEBUG    | save_data            | Writing to temporary file...
2026-06-12 08:00:31 | DEBUG    | save_data            | Data written to temp file: /home/runner/work/Thalorae-BackLioraen/Thalorae-BackLioraen/data/2026/06/tmpkc3htji5.xlsx
2026-06-12 08:00:31 | DEBUG    | save_data            | Temp file moved to final location
2026-06-12 08:00:31 | INFO     | save_data            | ✅ Data saved successfully (32000 total rows, 2367578 bytes)
2026-06-12 08:00:31 | INFO     | run                  | ======================================================================
2026-06-12 08:00:31 | INFO     | run                  | 📊 EXECUTION SUMMARY:
2026-06-12 08:00:31 | INFO     | run                  |    ✅ Status: SUCCESS
2026-06-12 08:00:31 | INFO     | run                  |    - Rows processed: 479
2026-06-12 08:00:31 | INFO     | run                  |    - Unique symbols: 479
2026-06-12 08:00:31 | INFO     | run                  |    - Timestamp: 2026-06-12 13:00:17
2026-06-12 08:00:31 | INFO     | run                  |    - File: data/2026/06/2026-06-12.xlsx
2026-06-12 08:00:31 | INFO     | run                  | ======================================================================
2026-06-12 08:00:31 | DEBUG    | run                  | Sample data (first row):
2026-06-12 08:00:31 | DEBUG    | run                  | {'SYMBOL': 'SPSL', 'SECTOR': 821, 'LDCP': 21.66, 'OPEN': 22.5, 'HIGH': 23.45, 'LOW': 22.4, 'CURRENT': 22.93, 'CHANGE': 1.27, 'CHANGE (%)': nan, 'VOLUME': 38855268, 'YEAR': 2026, 'MONTH': 6, 'DAY': 12, 'HOUR': 13, 'MINUTE': 0, 'DATETIME': '2026-06-12 13:00'}
2026-06-12 08:05:31 | INFO     | run                  | ======================================================================
2026-06-12 08:05:31 | INFO     | run                  | 🚀 MARKET DATA SCRAPER - SINGLE EXECUTION
2026-06-12 08:05:31 | INFO     | run                  | ======================================================================
2026-06-12 08:05:31 | INFO     | run                  | Execution Time: 2026-06-12 13:05:31 PKT
2026-06-12 08:05:31 | INFO     | run                  | Configuration:
2026-06-12 08:05:31 | INFO     | run                  |    - Timezone: Asia/Karachi
2026-06-12 08:05:31 | INFO     | run                  |    - Data directory: data
2026-06-12 08:05:31 | INFO     | run                  |    - Log directory: logs
2026-06-12 08:05:31 | INFO     | run                  | ======================================================================
2026-06-12 08:05:31 | INFO     | fetch_data           | Fetching data (Attempt 1/3)...
2026-06-12 08:05:31 | DEBUG    | fetch_data           | Establishing session with https://dps.psx.com.pk/
2026-06-12 08:05:34 | DEBUG    | fetch_data           | Requesting data from https://dps.psx.com.pk/market-watch
2026-06-12 08:05:36 | DEBUG    | fetch_data           | Response status: 200
2026-06-12 08:05:36 | DEBUG    | fetch_data           | Response content type: text/html; charset=utf-8
2026-06-12 08:05:36 | DEBUG    | fetch_data           | Response size: 458297 bytes
2026-06-12 08:05:36 | INFO     | fetch_data           | ✅ Data fetched successfully (Status: 200)
2026-06-12 08:05:36 | DEBUG    | parse_json           | Attempting JSON parsing...
2026-06-12 08:05:36 | DEBUG    | parse_json           | Response preview: <table class="tbl" data-page-length="25"><thead class="tbl__head"><!-- tr--><!--   th(colspan="11")--><!--   th.center(colspan="2", style="width: 110px;") TOTAL BUY ORDERS--><!--   th.center(colspan="2", style="width: 110px;") TOTAL SELL ORDERS--><tr><th data-name="symbol">SYMBOL</th><th data-name="sector">SECTOR</th><th data-name="listed">LISTED IN</th><th class="right" data-name="ldcp">LDCP</th><th class="right" data-name="open">OPEN</th><th class="right" data-name="high">HIGH</th><th class="r
2026-06-12 08:05:36 | WARNING  | parse_json           | ⚠️ JSON parsing failed: Expecting value: line 1 column 1 (char 0)
2026-06-12 08:05:36 | INFO     | run                  | JSON parsing failed, trying HTML fallback...
2026-06-12 08:05:36 | INFO     | parse_html           | Attempting HTML fallback parsing...
2026-06-12 08:05:36 | DEBUG    | parse_html           | Found 1 table(s) in HTML
2026-06-12 08:05:36 | DEBUG    | parse_html           | Table columns: ['SYMBOL', 'SECTOR', 'LISTED IN', 'LDCP', 'OPEN', 'HIGH', 'LOW', 'CURRENT', 'CHANGE', 'CHANGE (%)', 'VOLUME']
2026-06-12 08:05:36 | DEBUG    | parse_html           | Table shape: (479, 11)
2026-06-12 08:05:36 | INFO     | parse_html           | ✅ HTML parsed successfully (479 rows)
2026-06-12 08:05:36 | INFO     | clean_data           | Cleaning data...
2026-06-12 08:05:36 | DEBUG    | clean_data           | Initial shape: (479, 11)
2026-06-12 08:05:36 | DEBUG    | clean_data           | Initial columns: ['SYMBOL', 'SECTOR', 'LISTED IN', 'LDCP', 'OPEN', 'HIGH', 'LOW', 'CURRENT', 'CHANGE', 'CHANGE (%)', 'VOLUME']
2026-06-12 08:05:36 | DEBUG    | clean_data           | Removed 'LISTED IN' column
2026-06-12 08:05:36 | DEBUG    | clean_data           | Converted LDCP from float64 to numeric
2026-06-12 08:05:36 | DEBUG    | clean_data           | Converted OPEN from float64 to numeric
2026-06-12 08:05:36 | DEBUG    | clean_data           | Converted HIGH from float64 to numeric
2026-06-12 08:05:36 | DEBUG    | clean_data           | Converted LOW from float64 to numeric
2026-06-12 08:05:36 | DEBUG    | clean_data           | Converted CURRENT from float64 to numeric
2026-06-12 08:05:36 | DEBUG    | clean_data           | Converted CHANGE from float64 to numeric
2026-06-12 08:05:36 | DEBUG    | clean_data           | Converted CHANGE (%) from str to numeric
2026-06-12 08:05:36 | DEBUG    | clean_data           | Converted VOLUME from int64 to numeric
2026-06-12 08:05:36 | INFO     | clean_data           | ✅ Data cleaned (479 rows, 16 columns)
2026-06-12 08:05:36 | DEBUG    | clean_data           | Final columns: ['SYMBOL', 'SECTOR', 'LDCP', 'OPEN', 'HIGH', 'LOW', 'CURRENT', 'CHANGE', 'CHANGE (%)', 'VOLUME', 'YEAR', 'MONTH', 'DAY', 'HOUR', 'MINUTE', 'DATETIME']
2026-06-12 08:05:36 | DEBUG    | get_file_path        | Generated file path: data/2026/06/2026-06-12.xlsx
2026-06-12 08:05:36 | INFO     | save_data            | Saving data to: data/2026/06/2026-06-12.xlsx
2026-06-12 08:05:36 | DEBUG    | save_data            | Existing file found, merging data...
2026-06-12 08:05:39 | DEBUG    | save_data            | Loaded 32000 existing rows
2026-06-12 08:05:39 | DEBUG    | save_data            | Combined to 32479 rows
2026-06-12 08:05:39 | DEBUG    | save_data            | Writing to temporary file...
2026-06-12 08:05:45 | DEBUG    | save_data            | Data written to temp file: /home/runner/work/Thalorae-BackLioraen/Thalorae-BackLioraen/data/2026/06/tmpa0umljq1.xlsx
2026-06-12 08:05:45 | DEBUG    | save_data            | Temp file moved to final location
2026-06-12 08:05:45 | INFO     | save_data            | ✅ Data saved successfully (32479 total rows, 2403235 bytes)
2026-06-12 08:05:45 | INFO     | run                  | ======================================================================
2026-06-12 08:05:45 | INFO     | run                  | 📊 EXECUTION SUMMARY:
2026-06-12 08:05:45 | INFO     | run                  |    ✅ Status: SUCCESS
2026-06-12 08:05:45 | INFO     | run                  |    - Rows processed: 479
2026-06-12 08:05:45 | INFO     | run                  |    - Unique symbols: 479
2026-06-12 08:05:45 | INFO     | run                  |    - Timestamp: 2026-06-12 13:05:31
2026-06-12 08:05:45 | INFO     | run                  |    - File: data/2026/06/2026-06-12.xlsx
2026-06-12 08:05:45 | INFO     | run                  | ======================================================================
2026-06-12 08:05:45 | DEBUG    | run                  | Sample data (first row):
2026-06-12 08:05:45 | DEBUG    | run                  | {'SYMBOL': 'SPSL', 'SECTOR': 821, 'LDCP': 21.66, 'OPEN': 22.5, 'HIGH': 23.45, 'LOW': 22.4, 'CURRENT': 22.93, 'CHANGE': 1.27, 'CHANGE (%)': nan, 'VOLUME': 38855268, 'YEAR': 2026, 'MONTH': 6, 'DAY': 12, 'HOUR': 13, 'MINUTE': 5, 'DATETIME': '2026-06-12 13:05'}
2026-06-12 08:10:46 | INFO     | run                  | ======================================================================
2026-06-12 08:10:46 | INFO     | run                  | 🚀 MARKET DATA SCRAPER - SINGLE EXECUTION
2026-06-12 08:10:46 | INFO     | run                  | ======================================================================
2026-06-12 08:10:46 | INFO     | run                  | Execution Time: 2026-06-12 13:10:46 PKT
2026-06-12 08:10:46 | INFO     | run                  | Configuration:
2026-06-12 08:10:46 | INFO     | run                  |    - Timezone: Asia/Karachi
2026-06-12 08:10:46 | INFO     | run                  |    - Data directory: data
2026-06-12 08:10:46 | INFO     | run                  |    - Log directory: logs
2026-06-12 08:10:46 | INFO     | run                  | ======================================================================
2026-06-12 08:10:46 | INFO     | fetch_data           | Fetching data (Attempt 1/3)...
2026-06-12 08:10:46 | DEBUG    | fetch_data           | Establishing session with https://dps.psx.com.pk/
2026-06-12 08:10:49 | DEBUG    | fetch_data           | Requesting data from https://dps.psx.com.pk/market-watch
2026-06-12 08:10:50 | DEBUG    | fetch_data           | Response status: 200
2026-06-12 08:10:50 | DEBUG    | fetch_data           | Response content type: text/html; charset=utf-8
2026-06-12 08:10:50 | DEBUG    | fetch_data           | Response size: 458297 bytes
2026-06-12 08:10:50 | INFO     | fetch_data           | ✅ Data fetched successfully (Status: 200)
2026-06-12 08:10:50 | DEBUG    | parse_json           | Attempting JSON parsing...
2026-06-12 08:10:50 | DEBUG    | parse_json           | Response preview: <table class="tbl" data-page-length="25"><thead class="tbl__head"><!-- tr--><!--   th(colspan="11")--><!--   th.center(colspan="2", style="width: 110px;") TOTAL BUY ORDERS--><!--   th.center(colspan="2", style="width: 110px;") TOTAL SELL ORDERS--><tr><th data-name="symbol">SYMBOL</th><th data-name="sector">SECTOR</th><th data-name="listed">LISTED IN</th><th class="right" data-name="ldcp">LDCP</th><th class="right" data-name="open">OPEN</th><th class="right" data-name="high">HIGH</th><th class="r
2026-06-12 08:10:50 | WARNING  | parse_json           | ⚠️ JSON parsing failed: Expecting value: line 1 column 1 (char 0)
2026-06-12 08:10:50 | INFO     | run                  | JSON parsing failed, trying HTML fallback...
2026-06-12 08:10:50 | INFO     | parse_html           | Attempting HTML fallback parsing...
2026-06-12 08:10:50 | DEBUG    | parse_html           | Found 1 table(s) in HTML
2026-06-12 08:10:50 | DEBUG    | parse_html           | Table columns: ['SYMBOL', 'SECTOR', 'LISTED IN', 'LDCP', 'OPEN', 'HIGH', 'LOW', 'CURRENT', 'CHANGE', 'CHANGE (%)', 'VOLUME']
2026-06-12 08:10:50 | DEBUG    | parse_html           | Table shape: (479, 11)
2026-06-12 08:10:50 | INFO     | parse_html           | ✅ HTML parsed successfully (479 rows)
2026-06-12 08:10:50 | INFO     | clean_data           | Cleaning data...
2026-06-12 08:10:50 | DEBUG    | clean_data           | Initial shape: (479, 11)
2026-06-12 08:10:50 | DEBUG    | clean_data           | Initial columns: ['SYMBOL', 'SECTOR', 'LISTED IN', 'LDCP', 'OPEN', 'HIGH', 'LOW', 'CURRENT', 'CHANGE', 'CHANGE (%)', 'VOLUME']
2026-06-12 08:10:50 | DEBUG    | clean_data           | Removed 'LISTED IN' column
2026-06-12 08:10:50 | DEBUG    | clean_data           | Converted LDCP from float64 to numeric
2026-06-12 08:10:50 | DEBUG    | clean_data           | Converted OPEN from float64 to numeric
2026-06-12 08:10:50 | DEBUG    | clean_data           | Converted HIGH from float64 to numeric
2026-06-12 08:10:50 | DEBUG    | clean_data           | Converted LOW from float64 to numeric
2026-06-12 08:10:50 | DEBUG    | clean_data           | Converted CURRENT from float64 to numeric
2026-06-12 08:10:50 | DEBUG    | clean_data           | Converted CHANGE from float64 to numeric
2026-06-12 08:10:50 | DEBUG    | clean_data           | Converted CHANGE (%) from str to numeric
2026-06-12 08:10:50 | DEBUG    | clean_data           | Converted VOLUME from int64 to numeric
2026-06-12 08:10:50 | INFO     | clean_data           | ✅ Data cleaned (479 rows, 16 columns)
2026-06-12 08:10:50 | DEBUG    | clean_data           | Final columns: ['SYMBOL', 'SECTOR', 'LDCP', 'OPEN', 'HIGH', 'LOW', 'CURRENT', 'CHANGE', 'CHANGE (%)', 'VOLUME', 'YEAR', 'MONTH', 'DAY', 'HOUR', 'MINUTE', 'DATETIME']
2026-06-12 08:10:50 | DEBUG    | get_file_path        | Generated file path: data/2026/06/2026-06-12.xlsx
2026-06-12 08:10:50 | INFO     | save_data            | Saving data to: data/2026/06/2026-06-12.xlsx
2026-06-12 08:10:50 | DEBUG    | save_data            | Existing file found, merging data...
2026-06-12 08:10:54 | DEBUG    | save_data            | Loaded 32479 existing rows
2026-06-12 08:10:54 | DEBUG    | save_data            | Combined to 32958 rows
2026-06-12 08:10:54 | DEBUG    | save_data            | Writing to temporary file...
2026-06-12 08:11:00 | DEBUG    | save_data            | Data written to temp file: /home/runner/work/Thalorae-BackLioraen/Thalorae-BackLioraen/data/2026/06/tmpl8gzq527.xlsx
2026-06-12 08:11:00 | DEBUG    | save_data            | Temp file moved to final location
2026-06-12 08:11:00 | INFO     | save_data            | ✅ Data saved successfully (32958 total rows, 2438884 bytes)
2026-06-12 08:11:00 | INFO     | run                  | ======================================================================
2026-06-12 08:11:00 | INFO     | run                  | 📊 EXECUTION SUMMARY:
2026-06-12 08:11:00 | INFO     | run                  |    ✅ Status: SUCCESS
2026-06-12 08:11:00 | INFO     | run                  |    - Rows processed: 479
2026-06-12 08:11:00 | INFO     | run                  |    - Unique symbols: 479
2026-06-12 08:11:00 | INFO     | run                  |    - Timestamp: 2026-06-12 13:10:46
2026-06-12 08:11:00 | INFO     | run                  |    - File: data/2026/06/2026-06-12.xlsx
2026-06-12 08:11:00 | INFO     | run                  | ======================================================================
2026-06-12 08:11:00 | DEBUG    | run                  | Sample data (first row):
2026-06-12 08:11:00 | DEBUG    | run                  | {'SYMBOL': 'SPSL', 'SECTOR': 821, 'LDCP': 21.66, 'OPEN': 22.5, 'HIGH': 23.45, 'LOW': 22.4, 'CURRENT': 22.93, 'CHANGE': 1.27, 'CHANGE (%)': nan, 'VOLUME': 38855268, 'YEAR': 2026, 'MONTH': 6, 'DAY': 12, 'HOUR': 13, 'MINUTE': 10, 'DATETIME': '2026-06-12 13:10'}
2026-06-12 08:16:00 | INFO     | run                  | ======================================================================
2026-06-12 08:16:00 | INFO     | run                  | 🚀 MARKET DATA SCRAPER - SINGLE EXECUTION
2026-06-12 08:16:00 | INFO     | run                  | ======================================================================
2026-06-12 08:16:00 | INFO     | run                  | Execution Time: 2026-06-12 13:16:00 PKT
2026-06-12 08:16:00 | INFO     | run                  | Configuration:
2026-06-12 08:16:00 | INFO     | run                  |    - Timezone: Asia/Karachi
2026-06-12 08:16:00 | INFO     | run                  |    - Data directory: data
2026-06-12 08:16:00 | INFO     | run                  |    - Log directory: logs
2026-06-12 08:16:00 | INFO     | run                  | ======================================================================
2026-06-12 08:16:00 | INFO     | fetch_data           | Fetching data (Attempt 1/3)...
2026-06-12 08:16:00 | DEBUG    | fetch_data           | Establishing session with https://dps.psx.com.pk/
2026-06-12 08:16:05 | DEBUG    | fetch_data           | Requesting data from https://dps.psx.com.pk/market-watch
2026-06-12 08:16:07 | DEBUG    | fetch_data           | Response status: 200
2026-06-12 08:16:07 | DEBUG    | fetch_data           | Response content type: text/html; charset=utf-8
2026-06-12 08:16:07 | DEBUG    | fetch_data           | Response size: 458297 bytes
2026-06-12 08:16:07 | INFO     | fetch_data           | ✅ Data fetched successfully (Status: 200)
2026-06-12 08:16:07 | DEBUG    | parse_json           | Attempting JSON parsing...
2026-06-12 08:16:07 | DEBUG    | parse_json           | Response preview: <table class="tbl" data-page-length="25"><thead class="tbl__head"><!-- tr--><!--   th(colspan="11")--><!--   th.center(colspan="2", style="width: 110px;") TOTAL BUY ORDERS--><!--   th.center(colspan="2", style="width: 110px;") TOTAL SELL ORDERS--><tr><th data-name="symbol">SYMBOL</th><th data-name="sector">SECTOR</th><th data-name="listed">LISTED IN</th><th class="right" data-name="ldcp">LDCP</th><th class="right" data-name="open">OPEN</th><th class="right" data-name="high">HIGH</th><th class="r
2026-06-12 08:16:07 | WARNING  | parse_json           | ⚠️ JSON parsing failed: Expecting value: line 1 column 1 (char 0)
2026-06-12 08:16:07 | INFO     | run                  | JSON parsing failed, trying HTML fallback...
2026-06-12 08:16:07 | INFO     | parse_html           | Attempting HTML fallback parsing...
2026-06-12 08:16:07 | DEBUG    | parse_html           | Found 1 table(s) in HTML
2026-06-12 08:16:07 | DEBUG    | parse_html           | Table columns: ['SYMBOL', 'SECTOR', 'LISTED IN', 'LDCP', 'OPEN', 'HIGH', 'LOW', 'CURRENT', 'CHANGE', 'CHANGE (%)', 'VOLUME']
2026-06-12 08:16:07 | DEBUG    | parse_html           | Table shape: (479, 11)
2026-06-12 08:16:07 | INFO     | parse_html           | ✅ HTML parsed successfully (479 rows)
2026-06-12 08:16:07 | INFO     | clean_data           | Cleaning data...
2026-06-12 08:16:07 | DEBUG    | clean_data           | Initial shape: (479, 11)
2026-06-12 08:16:07 | DEBUG    | clean_data           | Initial columns: ['SYMBOL', 'SECTOR', 'LISTED IN', 'LDCP', 'OPEN', 'HIGH', 'LOW', 'CURRENT', 'CHANGE', 'CHANGE (%)', 'VOLUME']
2026-06-12 08:16:07 | DEBUG    | clean_data           | Removed 'LISTED IN' column
2026-06-12 08:16:07 | DEBUG    | clean_data           | Converted LDCP from float64 to numeric
2026-06-12 08:16:07 | DEBUG    | clean_data           | Converted OPEN from float64 to numeric
2026-06-12 08:16:07 | DEBUG    | clean_data           | Converted HIGH from float64 to numeric
2026-06-12 08:16:07 | DEBUG    | clean_data           | Converted LOW from float64 to numeric
2026-06-12 08:16:07 | DEBUG    | clean_data           | Converted CURRENT from float64 to numeric
2026-06-12 08:16:07 | DEBUG    | clean_data           | Converted CHANGE from float64 to numeric
2026-06-12 08:16:07 | DEBUG    | clean_data           | Converted CHANGE (%) from str to numeric
2026-06-12 08:16:07 | DEBUG    | clean_data           | Converted VOLUME from int64 to numeric
2026-06-12 08:16:07 | INFO     | clean_data           | ✅ Data cleaned (479 rows, 16 columns)
2026-06-12 08:16:07 | DEBUG    | clean_data           | Final columns: ['SYMBOL', 'SECTOR', 'LDCP', 'OPEN', 'HIGH', 'LOW', 'CURRENT', 'CHANGE', 'CHANGE (%)', 'VOLUME', 'YEAR', 'MONTH', 'DAY', 'HOUR', 'MINUTE', 'DATETIME']
2026-06-12 08:16:07 | DEBUG    | get_file_path        | Generated file path: data/2026/06/2026-06-12.xlsx
2026-06-12 08:16:07 | INFO     | save_data            | Saving data to: data/2026/06/2026-06-12.xlsx
2026-06-12 08:16:07 | DEBUG    | save_data            | Existing file found, merging data...
2026-06-12 08:16:11 | DEBUG    | save_data            | Loaded 32958 existing rows
2026-06-12 08:16:11 | DEBUG    | save_data            | Combined to 33437 rows
2026-06-12 08:16:11 | DEBUG    | save_data            | Writing to temporary file...
2026-06-12 08:16:17 | DEBUG    | save_data            | Data written to temp file: /home/runner/work/Thalorae-BackLioraen/Thalorae-BackLioraen/data/2026/06/tmpajm4jvbh.xlsx
2026-06-12 08:16:17 | DEBUG    | save_data            | Temp file moved to final location
2026-06-12 08:16:17 | INFO     | save_data            | ✅ Data saved successfully (33437 total rows, 2474533 bytes)
2026-06-12 08:16:17 | INFO     | run                  | ======================================================================
2026-06-12 08:16:17 | INFO     | run                  | 📊 EXECUTION SUMMARY:
2026-06-12 08:16:17 | INFO     | run                  |    ✅ Status: SUCCESS
2026-06-12 08:16:17 | INFO     | run                  |    - Rows processed: 479
2026-06-12 08:16:17 | INFO     | run                  |    - Unique symbols: 479
2026-06-12 08:16:17 | INFO     | run                  |    - Timestamp: 2026-06-12 13:16:00
2026-06-12 08:16:17 | INFO     | run                  |    - File: data/2026/06/2026-06-12.xlsx
2026-06-12 08:16:17 | INFO     | run                  | ======================================================================
2026-06-12 08:16:17 | DEBUG    | run                  | Sample data (first row):
2026-06-12 08:16:17 | DEBUG    | run                  | {'SYMBOL': 'SPSL', 'SECTOR': 821, 'LDCP': 21.66, 'OPEN': 22.5, 'HIGH': 23.45, 'LOW': 22.4, 'CURRENT': 22.93, 'CHANGE': 1.27, 'CHANGE (%)': nan, 'VOLUME': 38855268, 'YEAR': 2026, 'MONTH': 6, 'DAY': 12, 'HOUR': 13, 'MINUTE': 16, 'DATETIME': '2026-06-12 13:16'}
2026-06-12 08:21:17 | INFO     | run                  | ======================================================================
2026-06-12 08:21:17 | INFO     | run                  | 🚀 MARKET DATA SCRAPER - SINGLE EXECUTION
2026-06-12 08:21:17 | INFO     | run                  | ======================================================================
2026-06-12 08:21:17 | INFO     | run                  | Execution Time: 2026-06-12 13:21:17 PKT
2026-06-12 08:21:17 | INFO     | run                  | Configuration:
2026-06-12 08:21:17 | INFO     | run                  |    - Timezone: Asia/Karachi
2026-06-12 08:21:17 | INFO     | run                  |    - Data directory: data
2026-06-12 08:21:17 | INFO     | run                  |    - Log directory: logs
2026-06-12 08:21:17 | INFO     | run                  | ======================================================================
2026-06-12 08:21:17 | INFO     | fetch_data           | Fetching data (Attempt 1/3)...
2026-06-12 08:21:17 | DEBUG    | fetch_data           | Establishing session with https://dps.psx.com.pk/
2026-06-12 08:21:20 | DEBUG    | fetch_data           | Requesting data from https://dps.psx.com.pk/market-watch
2026-06-12 08:21:22 | DEBUG    | fetch_data           | Response status: 200
2026-06-12 08:21:22 | DEBUG    | fetch_data           | Response content type: text/html; charset=utf-8
2026-06-12 08:21:22 | DEBUG    | fetch_data           | Response size: 458297 bytes
2026-06-12 08:21:22 | INFO     | fetch_data           | ✅ Data fetched successfully (Status: 200)
2026-06-12 08:21:22 | DEBUG    | parse_json           | Attempting JSON parsing...
2026-06-12 08:21:22 | DEBUG    | parse_json           | Response preview: <table class="tbl" data-page-length="25"><thead class="tbl__head"><!-- tr--><!--   th(colspan="11")--><!--   th.center(colspan="2", style="width: 110px;") TOTAL BUY ORDERS--><!--   th.center(colspan="2", style="width: 110px;") TOTAL SELL ORDERS--><tr><th data-name="symbol">SYMBOL</th><th data-name="sector">SECTOR</th><th data-name="listed">LISTED IN</th><th class="right" data-name="ldcp">LDCP</th><th class="right" data-name="open">OPEN</th><th class="right" data-name="high">HIGH</th><th class="r
2026-06-12 08:21:22 | WARNING  | parse_json           | ⚠️ JSON parsing failed: Expecting value: line 1 column 1 (char 0)
2026-06-12 08:21:22 | INFO     | run                  | JSON parsing failed, trying HTML fallback...
2026-06-12 08:21:22 | INFO     | parse_html           | Attempting HTML fallback parsing...
2026-06-12 08:21:22 | DEBUG    | parse_html           | Found 1 table(s) in HTML
2026-06-12 08:21:22 | DEBUG    | parse_html           | Table columns: ['SYMBOL', 'SECTOR', 'LISTED IN', 'LDCP', 'OPEN', 'HIGH', 'LOW', 'CURRENT', 'CHANGE', 'CHANGE (%)', 'VOLUME']
2026-06-12 08:21:22 | DEBUG    | parse_html           | Table shape: (479, 11)
2026-06-12 08:21:22 | INFO     | parse_html           | ✅ HTML parsed successfully (479 rows)
2026-06-12 08:21:22 | INFO     | clean_data           | Cleaning data...
2026-06-12 08:21:22 | DEBUG    | clean_data           | Initial shape: (479, 11)
2026-06-12 08:21:22 | DEBUG    | clean_data           | Initial columns: ['SYMBOL', 'SECTOR', 'LISTED IN', 'LDCP', 'OPEN', 'HIGH', 'LOW', 'CURRENT', 'CHANGE', 'CHANGE (%)', 'VOLUME']
2026-06-12 08:21:22 | DEBUG    | clean_data           | Removed 'LISTED IN' column
2026-06-12 08:21:22 | DEBUG    | clean_data           | Converted LDCP from float64 to numeric
2026-06-12 08:21:22 | DEBUG    | clean_data           | Converted OPEN from float64 to numeric
2026-06-12 08:21:22 | DEBUG    | clean_data           | Converted HIGH from float64 to numeric
2026-06-12 08:21:22 | DEBUG    | clean_data           | Converted LOW from float64 to numeric
2026-06-12 08:21:22 | DEBUG    | clean_data           | Converted CURRENT from float64 to numeric
2026-06-12 08:21:22 | DEBUG    | clean_data           | Converted CHANGE from float64 to numeric
2026-06-12 08:21:22 | DEBUG    | clean_data           | Converted CHANGE (%) from str to numeric
2026-06-12 08:21:22 | DEBUG    | clean_data           | Converted VOLUME from int64 to numeric
2026-06-12 08:21:22 | INFO     | clean_data           | ✅ Data cleaned (479 rows, 16 columns)
2026-06-12 08:21:22 | DEBUG    | clean_data           | Final columns: ['SYMBOL', 'SECTOR', 'LDCP', 'OPEN', 'HIGH', 'LOW', 'CURRENT', 'CHANGE', 'CHANGE (%)', 'VOLUME', 'YEAR', 'MONTH', 'DAY', 'HOUR', 'MINUTE', 'DATETIME']
2026-06-12 08:21:22 | DEBUG    | get_file_path        | Generated file path: data/2026/06/2026-06-12.xlsx
2026-06-12 08:21:22 | INFO     | save_data            | Saving data to: data/2026/06/2026-06-12.xlsx
2026-06-12 08:21:22 | DEBUG    | save_data            | Existing file found, merging data...
2026-06-12 08:21:25 | DEBUG    | save_data            | Loaded 33437 existing rows
2026-06-12 08:21:25 | DEBUG    | save_data            | Combined to 33916 rows
2026-06-12 08:21:25 | DEBUG    | save_data            | Writing to temporary file...
2026-06-12 08:21:31 | DEBUG    | save_data            | Data written to temp file: /home/runner/work/Thalorae-BackLioraen/Thalorae-BackLioraen/data/2026/06/tmpjfq3ebx5.xlsx
2026-06-12 08:21:31 | DEBUG    | save_data            | Temp file moved to final location
2026-06-12 08:21:31 | INFO     | save_data            | ✅ Data saved successfully (33916 total rows, 2510239 bytes)
2026-06-12 08:21:31 | INFO     | run                  | ======================================================================
2026-06-12 08:21:31 | INFO     | run                  | 📊 EXECUTION SUMMARY:
2026-06-12 08:21:31 | INFO     | run                  |    ✅ Status: SUCCESS
2026-06-12 08:21:31 | INFO     | run                  |    - Rows processed: 479
2026-06-12 08:21:31 | INFO     | run                  |    - Unique symbols: 479
2026-06-12 08:21:31 | INFO     | run                  |    - Timestamp: 2026-06-12 13:21:17
2026-06-12 08:21:31 | INFO     | run                  |    - File: data/2026/06/2026-06-12.xlsx
2026-06-12 08:21:31 | INFO     | run                  | ======================================================================
2026-06-12 08:21:31 | DEBUG    | run                  | Sample data (first row):
2026-06-12 08:21:31 | DEBUG    | run                  | {'SYMBOL': 'SPSL', 'SECTOR': 821, 'LDCP': 21.66, 'OPEN': 22.5, 'HIGH': 23.45, 'LOW': 22.4, 'CURRENT': 22.93, 'CHANGE': 1.27, 'CHANGE (%)': nan, 'VOLUME': 38855268, 'YEAR': 2026, 'MONTH': 6, 'DAY': 12, 'HOUR': 13, 'MINUTE': 21, 'DATETIME': '2026-06-12 13:21'}
2026-06-12 08:26:32 | INFO     | run                  | ======================================================================
2026-06-12 08:26:32 | INFO     | run                  | 🚀 MARKET DATA SCRAPER - SINGLE EXECUTION
2026-06-12 08:26:32 | INFO     | run                  | ======================================================================
2026-06-12 08:26:32 | INFO     | run                  | Execution Time: 2026-06-12 13:26:32 PKT
2026-06-12 08:26:32 | INFO     | run                  | Configuration:
2026-06-12 08:26:32 | INFO     | run                  |    - Timezone: Asia/Karachi
2026-06-12 08:26:32 | INFO     | run                  |    - Data directory: data
2026-06-12 08:26:32 | INFO     | run                  |    - Log directory: logs
2026-06-12 08:26:32 | INFO     | run                  | ======================================================================
2026-06-12 08:26:32 | INFO     | fetch_data           | Fetching data (Attempt 1/3)...
2026-06-12 08:26:32 | DEBUG    | fetch_data           | Establishing session with https://dps.psx.com.pk/
2026-06-12 08:26:36 | DEBUG    | fetch_data           | Requesting data from https://dps.psx.com.pk/market-watch
2026-06-12 08:26:37 | DEBUG    | fetch_data           | Response status: 200
2026-06-12 08:26:37 | DEBUG    | fetch_data           | Response content type: text/html; charset=utf-8
2026-06-12 08:26:37 | DEBUG    | fetch_data           | Response size: 458297 bytes
2026-06-12 08:26:37 | INFO     | fetch_data           | ✅ Data fetched successfully (Status: 200)
2026-06-12 08:26:37 | DEBUG    | parse_json           | Attempting JSON parsing...
2026-06-12 08:26:37 | DEBUG    | parse_json           | Response preview: <table class="tbl" data-page-length="25"><thead class="tbl__head"><!-- tr--><!--   th(colspan="11")--><!--   th.center(colspan="2", style="width: 110px;") TOTAL BUY ORDERS--><!--   th.center(colspan="2", style="width: 110px;") TOTAL SELL ORDERS--><tr><th data-name="symbol">SYMBOL</th><th data-name="sector">SECTOR</th><th data-name="listed">LISTED IN</th><th class="right" data-name="ldcp">LDCP</th><th class="right" data-name="open">OPEN</th><th class="right" data-name="high">HIGH</th><th class="r
2026-06-12 08:26:37 | WARNING  | parse_json           | ⚠️ JSON parsing failed: Expecting value: line 1 column 1 (char 0)
2026-06-12 08:26:37 | INFO     | run                  | JSON parsing failed, trying HTML fallback...
2026-06-12 08:26:37 | INFO     | parse_html           | Attempting HTML fallback parsing...
2026-06-12 08:26:37 | DEBUG    | parse_html           | Found 1 table(s) in HTML
2026-06-12 08:26:37 | DEBUG    | parse_html           | Table columns: ['SYMBOL', 'SECTOR', 'LISTED IN', 'LDCP', 'OPEN', 'HIGH', 'LOW', 'CURRENT', 'CHANGE', 'CHANGE (%)', 'VOLUME']
2026-06-12 08:26:37 | DEBUG    | parse_html           | Table shape: (479, 11)
2026-06-12 08:26:37 | INFO     | parse_html           | ✅ HTML parsed successfully (479 rows)
2026-06-12 08:26:37 | INFO     | clean_data           | Cleaning data...
2026-06-12 08:26:37 | DEBUG    | clean_data           | Initial shape: (479, 11)
2026-06-12 08:26:37 | DEBUG    | clean_data           | Initial columns: ['SYMBOL', 'SECTOR', 'LISTED IN', 'LDCP', 'OPEN', 'HIGH', 'LOW', 'CURRENT', 'CHANGE', 'CHANGE (%)', 'VOLUME']
2026-06-12 08:26:37 | DEBUG    | clean_data           | Removed 'LISTED IN' column
2026-06-12 08:26:37 | DEBUG    | clean_data           | Converted LDCP from float64 to numeric
2026-06-12 08:26:37 | DEBUG    | clean_data           | Converted OPEN from float64 to numeric
2026-06-12 08:26:37 | DEBUG    | clean_data           | Converted HIGH from float64 to numeric
2026-06-12 08:26:37 | DEBUG    | clean_data           | Converted LOW from float64 to numeric
2026-06-12 08:26:37 | DEBUG    | clean_data           | Converted CURRENT from float64 to numeric
2026-06-12 08:26:37 | DEBUG    | clean_data           | Converted CHANGE from float64 to numeric
2026-06-12 08:26:37 | DEBUG    | clean_data           | Converted CHANGE (%) from str to numeric
2026-06-12 08:26:37 | DEBUG    | clean_data           | Converted VOLUME from int64 to numeric
2026-06-12 08:26:37 | INFO     | clean_data           | ✅ Data cleaned (479 rows, 16 columns)
2026-06-12 08:26:37 | DEBUG    | clean_data           | Final columns: ['SYMBOL', 'SECTOR', 'LDCP', 'OPEN', 'HIGH', 'LOW', 'CURRENT', 'CHANGE', 'CHANGE (%)', 'VOLUME', 'YEAR', 'MONTH', 'DAY', 'HOUR', 'MINUTE', 'DATETIME']
2026-06-12 08:26:37 | DEBUG    | get_file_path        | Generated file path: data/2026/06/2026-06-12.xlsx
2026-06-12 08:26:37 | INFO     | save_data            | Saving data to: data/2026/06/2026-06-12.xlsx
2026-06-12 08:26:37 | DEBUG    | save_data            | Existing file found, merging data...
2026-06-12 08:26:41 | DEBUG    | save_data            | Loaded 33916 existing rows
2026-06-12 08:26:41 | DEBUG    | save_data            | Combined to 34395 rows
2026-06-12 08:26:41 | DEBUG    | save_data            | Writing to temporary file...
2026-06-12 08:26:47 | DEBUG    | save_data            | Data written to temp file: /home/runner/work/Thalorae-BackLioraen/Thalorae-BackLioraen/data/2026/06/tmpem1py9iz.xlsx
2026-06-12 08:26:47 | DEBUG    | save_data            | Temp file moved to final location
2026-06-12 08:26:47 | INFO     | save_data            | ✅ Data saved successfully (34395 total rows, 2545925 bytes)
2026-06-12 08:26:47 | INFO     | run                  | ======================================================================
2026-06-12 08:26:47 | INFO     | run                  | 📊 EXECUTION SUMMARY:
2026-06-12 08:26:47 | INFO     | run                  |    ✅ Status: SUCCESS
2026-06-12 08:26:47 | INFO     | run                  |    - Rows processed: 479
2026-06-12 08:26:47 | INFO     | run                  |    - Unique symbols: 479
2026-06-12 08:26:47 | INFO     | run                  |    - Timestamp: 2026-06-12 13:26:32
2026-06-12 08:26:47 | INFO     | run                  |    - File: data/2026/06/2026-06-12.xlsx
2026-06-12 08:26:47 | INFO     | run                  | ======================================================================
2026-06-12 08:26:47 | DEBUG    | run                  | Sample data (first row):
2026-06-12 08:26:47 | DEBUG    | run                  | {'SYMBOL': 'SPSL', 'SECTOR': 821, 'LDCP': 21.66, 'OPEN': 22.5, 'HIGH': 23.45, 'LOW': 22.4, 'CURRENT': 22.93, 'CHANGE': 1.27, 'CHANGE (%)': nan, 'VOLUME': 38855268, 'YEAR': 2026, 'MONTH': 6, 'DAY': 12, 'HOUR': 13, 'MINUTE': 26, 'DATETIME': '2026-06-12 13:26'}
2026-06-12 08:31:48 | INFO     | run                  | ======================================================================
2026-06-12 08:31:48 | INFO     | run                  | 🚀 MARKET DATA SCRAPER - SINGLE EXECUTION
2026-06-12 08:31:48 | INFO     | run                  | ======================================================================
2026-06-12 08:31:48 | INFO     | run                  | Execution Time: 2026-06-12 13:31:48 PKT
2026-06-12 08:31:48 | INFO     | run                  | Configuration:
2026-06-12 08:31:48 | INFO     | run                  |    - Timezone: Asia/Karachi
2026-06-12 08:31:48 | INFO     | run                  |    - Data directory: data
2026-06-12 08:31:48 | INFO     | run                  |    - Log directory: logs
2026-06-12 08:31:48 | INFO     | run                  | ======================================================================
2026-06-12 08:31:48 | INFO     | fetch_data           | Fetching data (Attempt 1/3)...
2026-06-12 08:31:48 | DEBUG    | fetch_data           | Establishing session with https://dps.psx.com.pk/
2026-06-12 08:31:51 | DEBUG    | fetch_data           | Requesting data from https://dps.psx.com.pk/market-watch
2026-06-12 08:31:54 | DEBUG    | fetch_data           | Response status: 200
2026-06-12 08:31:54 | DEBUG    | fetch_data           | Response content type: text/html; charset=utf-8
2026-06-12 08:31:54 | DEBUG    | fetch_data           | Response size: 458297 bytes
2026-06-12 08:31:54 | INFO     | fetch_data           | ✅ Data fetched successfully (Status: 200)
2026-06-12 08:31:54 | DEBUG    | parse_json           | Attempting JSON parsing...
2026-06-12 08:31:54 | DEBUG    | parse_json           | Response preview: <table class="tbl" data-page-length="25"><thead class="tbl__head"><!-- tr--><!--   th(colspan="11")--><!--   th.center(colspan="2", style="width: 110px;") TOTAL BUY ORDERS--><!--   th.center(colspan="2", style="width: 110px;") TOTAL SELL ORDERS--><tr><th data-name="symbol">SYMBOL</th><th data-name="sector">SECTOR</th><th data-name="listed">LISTED IN</th><th class="right" data-name="ldcp">LDCP</th><th class="right" data-name="open">OPEN</th><th class="right" data-name="high">HIGH</th><th class="r
2026-06-12 08:31:54 | WARNING  | parse_json           | ⚠️ JSON parsing failed: Expecting value: line 1 column 1 (char 0)
2026-06-12 08:31:54 | INFO     | run                  | JSON parsing failed, trying HTML fallback...
2026-06-12 08:31:54 | INFO     | parse_html           | Attempting HTML fallback parsing...
2026-06-12 08:31:54 | DEBUG    | parse_html           | Found 1 table(s) in HTML
2026-06-12 08:31:54 | DEBUG    | parse_html           | Table columns: ['SYMBOL', 'SECTOR', 'LISTED IN', 'LDCP', 'OPEN', 'HIGH', 'LOW', 'CURRENT', 'CHANGE', 'CHANGE (%)', 'VOLUME']
2026-06-12 08:31:54 | DEBUG    | parse_html           | Table shape: (479, 11)
2026-06-12 08:31:54 | INFO     | parse_html           | ✅ HTML parsed successfully (479 rows)
2026-06-12 08:31:54 | INFO     | clean_data           | Cleaning data...
2026-06-12 08:31:54 | DEBUG    | clean_data           | Initial shape: (479, 11)
2026-06-12 08:31:54 | DEBUG    | clean_data           | Initial columns: ['SYMBOL', 'SECTOR', 'LISTED IN', 'LDCP', 'OPEN', 'HIGH', 'LOW', 'CURRENT', 'CHANGE', 'CHANGE (%)', 'VOLUME']
2026-06-12 08:31:54 | DEBUG    | clean_data           | Removed 'LISTED IN' column
2026-06-12 08:31:54 | DEBUG    | clean_data           | Converted LDCP from float64 to numeric
2026-06-12 08:31:54 | DEBUG    | clean_data           | Converted OPEN from float64 to numeric
2026-06-12 08:31:54 | DEBUG    | clean_data           | Converted HIGH from float64 to numeric
2026-06-12 08:31:54 | DEBUG    | clean_data           | Converted LOW from float64 to numeric
2026-06-12 08:31:54 | DEBUG    | clean_data           | Converted CURRENT from float64 to numeric
2026-06-12 08:31:54 | DEBUG    | clean_data           | Converted CHANGE from float64 to numeric
2026-06-12 08:31:54 | DEBUG    | clean_data           | Converted CHANGE (%) from str to numeric
2026-06-12 08:31:54 | DEBUG    | clean_data           | Converted VOLUME from int64 to numeric
2026-06-12 08:31:54 | INFO     | clean_data           | ✅ Data cleaned (479 rows, 16 columns)
2026-06-12 08:31:54 | DEBUG    | clean_data           | Final columns: ['SYMBOL', 'SECTOR', 'LDCP', 'OPEN', 'HIGH', 'LOW', 'CURRENT', 'CHANGE', 'CHANGE (%)', 'VOLUME', 'YEAR', 'MONTH', 'DAY', 'HOUR', 'MINUTE', 'DATETIME']
2026-06-12 08:31:54 | DEBUG    | get_file_path        | Generated file path: data/2026/06/2026-06-12.xlsx
2026-06-12 08:31:54 | INFO     | save_data            | Saving data to: data/2026/06/2026-06-12.xlsx
2026-06-12 08:31:54 | DEBUG    | save_data            | Existing file found, merging data...
2026-06-12 08:31:58 | DEBUG    | save_data            | Loaded 34395 existing rows
2026-06-12 08:31:58 | DEBUG    | save_data            | Combined to 34874 rows
2026-06-12 08:31:58 | DEBUG    | save_data            | Writing to temporary file...
2026-06-12 08:32:04 | DEBUG    | save_data            | Data written to temp file: /home/runner/work/Thalorae-BackLioraen/Thalorae-BackLioraen/data/2026/06/tmpk8yb7gva.xlsx
2026-06-12 08:32:04 | DEBUG    | save_data            | Temp file moved to final location
2026-06-12 08:32:04 | INFO     | save_data            | ✅ Data saved successfully (34874 total rows, 2581576 bytes)
2026-06-12 08:32:04 | INFO     | run                  | ======================================================================
2026-06-12 08:32:04 | INFO     | run                  | 📊 EXECUTION SUMMARY:
2026-06-12 08:32:04 | INFO     | run                  |    ✅ Status: SUCCESS
2026-06-12 08:32:04 | INFO     | run                  |    - Rows processed: 479
2026-06-12 08:32:04 | INFO     | run                  |    - Unique symbols: 479
2026-06-12 08:32:04 | INFO     | run                  |    - Timestamp: 2026-06-12 13:31:48
2026-06-12 08:32:04 | INFO     | run                  |    - File: data/2026/06/2026-06-12.xlsx
2026-06-12 08:32:04 | INFO     | run                  | ======================================================================
2026-06-12 08:32:04 | DEBUG    | run                  | Sample data (first row):
2026-06-12 08:32:04 | DEBUG    | run                  | {'SYMBOL': 'SPSL', 'SECTOR': 821, 'LDCP': 21.66, 'OPEN': 22.5, 'HIGH': 23.45, 'LOW': 22.4, 'CURRENT': 22.93, 'CHANGE': 1.27, 'CHANGE (%)': nan, 'VOLUME': 38855268, 'YEAR': 2026, 'MONTH': 6, 'DAY': 12, 'HOUR': 13, 'MINUTE': 31, 'DATETIME': '2026-06-12 13:31'}
2026-06-12 08:37:05 | INFO     | run                  | ======================================================================
2026-06-12 08:37:05 | INFO     | run                  | 🚀 MARKET DATA SCRAPER - SINGLE EXECUTION
2026-06-12 08:37:05 | INFO     | run                  | ======================================================================
2026-06-12 08:37:05 | INFO     | run                  | Execution Time: 2026-06-12 13:37:05 PKT
2026-06-12 08:37:05 | INFO     | run                  | Configuration:
2026-06-12 08:37:05 | INFO     | run                  |    - Timezone: Asia/Karachi
2026-06-12 08:37:05 | INFO     | run                  |    - Data directory: data
2026-06-12 08:37:05 | INFO     | run                  |    - Log directory: logs
2026-06-12 08:37:05 | INFO     | run                  | ======================================================================
2026-06-12 08:37:05 | INFO     | fetch_data           | Fetching data (Attempt 1/3)...
2026-06-12 08:37:05 | DEBUG    | fetch_data           | Establishing session with https://dps.psx.com.pk/
2026-06-12 08:37:08 | DEBUG    | fetch_data           | Requesting data from https://dps.psx.com.pk/market-watch
2026-06-12 08:37:09 | DEBUG    | fetch_data           | Response status: 200
2026-06-12 08:37:09 | DEBUG    | fetch_data           | Response content type: text/html; charset=utf-8
2026-06-12 08:37:09 | DEBUG    | fetch_data           | Response size: 458297 bytes
2026-06-12 08:37:09 | INFO     | fetch_data           | ✅ Data fetched successfully (Status: 200)
2026-06-12 08:37:09 | DEBUG    | parse_json           | Attempting JSON parsing...
2026-06-12 08:37:09 | DEBUG    | parse_json           | Response preview: <table class="tbl" data-page-length="25"><thead class="tbl__head"><!-- tr--><!--   th(colspan="11")--><!--   th.center(colspan="2", style="width: 110px;") TOTAL BUY ORDERS--><!--   th.center(colspan="2", style="width: 110px;") TOTAL SELL ORDERS--><tr><th data-name="symbol">SYMBOL</th><th data-name="sector">SECTOR</th><th data-name="listed">LISTED IN</th><th class="right" data-name="ldcp">LDCP</th><th class="right" data-name="open">OPEN</th><th class="right" data-name="high">HIGH</th><th class="r
2026-06-12 08:37:09 | WARNING  | parse_json           | ⚠️ JSON parsing failed: Expecting value: line 1 column 1 (char 0)
2026-06-12 08:37:09 | INFO     | run                  | JSON parsing failed, trying HTML fallback...
2026-06-12 08:37:09 | INFO     | parse_html           | Attempting HTML fallback parsing...
2026-06-12 08:37:09 | DEBUG    | parse_html           | Found 1 table(s) in HTML
2026-06-12 08:37:09 | DEBUG    | parse_html           | Table columns: ['SYMBOL', 'SECTOR', 'LISTED IN', 'LDCP', 'OPEN', 'HIGH', 'LOW', 'CURRENT', 'CHANGE', 'CHANGE (%)', 'VOLUME']
2026-06-12 08:37:09 | DEBUG    | parse_html           | Table shape: (479, 11)
2026-06-12 08:37:09 | INFO     | parse_html           | ✅ HTML parsed successfully (479 rows)
2026-06-12 08:37:09 | INFO     | clean_data           | Cleaning data...
2026-06-12 08:37:09 | DEBUG    | clean_data           | Initial shape: (479, 11)
2026-06-12 08:37:09 | DEBUG    | clean_data           | Initial columns: ['SYMBOL', 'SECTOR', 'LISTED IN', 'LDCP', 'OPEN', 'HIGH', 'LOW', 'CURRENT', 'CHANGE', 'CHANGE (%)', 'VOLUME']
2026-06-12 08:37:09 | DEBUG    | clean_data           | Removed 'LISTED IN' column
2026-06-12 08:37:09 | DEBUG    | clean_data           | Converted LDCP from float64 to numeric
2026-06-12 08:37:09 | DEBUG    | clean_data           | Converted OPEN from float64 to numeric
2026-06-12 08:37:09 | DEBUG    | clean_data           | Converted HIGH from float64 to numeric
2026-06-12 08:37:09 | DEBUG    | clean_data           | Converted LOW from float64 to numeric
2026-06-12 08:37:09 | DEBUG    | clean_data           | Converted CURRENT from float64 to numeric
2026-06-12 08:37:09 | DEBUG    | clean_data           | Converted CHANGE from float64 to numeric
2026-06-12 08:37:09 | DEBUG    | clean_data           | Converted CHANGE (%) from str to numeric
2026-06-12 08:37:09 | DEBUG    | clean_data           | Converted VOLUME from int64 to numeric
2026-06-12 08:37:09 | INFO     | clean_data           | ✅ Data cleaned (479 rows, 16 columns)
2026-06-12 08:37:09 | DEBUG    | clean_data           | Final columns: ['SYMBOL', 'SECTOR', 'LDCP', 'OPEN', 'HIGH', 'LOW', 'CURRENT', 'CHANGE', 'CHANGE (%)', 'VOLUME', 'YEAR', 'MONTH', 'DAY', 'HOUR', 'MINUTE', 'DATETIME']
2026-06-12 08:37:09 | DEBUG    | get_file_path        | Generated file path: data/2026/06/2026-06-12.xlsx
2026-06-12 08:37:09 | INFO     | save_data            | Saving data to: data/2026/06/2026-06-12.xlsx
2026-06-12 08:37:09 | DEBUG    | save_data            | Existing file found, merging data...
2026-06-12 08:37:13 | DEBUG    | save_data            | Loaded 34874 existing rows
2026-06-12 08:37:13 | DEBUG    | save_data            | Combined to 35353 rows
2026-06-12 08:37:13 | DEBUG    | save_data            | Writing to temporary file...
2026-06-12 08:37:19 | DEBUG    | save_data            | Data written to temp file: /home/runner/work/Thalorae-BackLioraen/Thalorae-BackLioraen/data/2026/06/tmpg2dmgxk6.xlsx
2026-06-12 08:37:19 | DEBUG    | save_data            | Temp file moved to final location
2026-06-12 08:37:19 | INFO     | save_data            | ✅ Data saved successfully (35353 total rows, 2617276 bytes)
2026-06-12 08:37:19 | INFO     | run                  | ======================================================================
2026-06-12 08:37:19 | INFO     | run                  | 📊 EXECUTION SUMMARY:
2026-06-12 08:37:19 | INFO     | run                  |    ✅ Status: SUCCESS
2026-06-12 08:37:19 | INFO     | run                  |    - Rows processed: 479
2026-06-12 08:37:19 | INFO     | run                  |    - Unique symbols: 479
2026-06-12 08:37:19 | INFO     | run                  |    - Timestamp: 2026-06-12 13:37:05
2026-06-12 08:37:19 | INFO     | run                  |    - File: data/2026/06/2026-06-12.xlsx
2026-06-12 08:37:19 | INFO     | run                  | ======================================================================
2026-06-12 08:37:19 | DEBUG    | run                  | Sample data (first row):
2026-06-12 08:37:19 | DEBUG    | run                  | {'SYMBOL': 'SPSL', 'SECTOR': 821, 'LDCP': 21.66, 'OPEN': 22.5, 'HIGH': 23.45, 'LOW': 22.4, 'CURRENT': 22.93, 'CHANGE': 1.27, 'CHANGE (%)': nan, 'VOLUME': 38855268, 'YEAR': 2026, 'MONTH': 6, 'DAY': 12, 'HOUR': 13, 'MINUTE': 37, 'DATETIME': '2026-06-12 13:37'}
2026-06-12 08:42:20 | INFO     | run                  | ======================================================================
2026-06-12 08:42:20 | INFO     | run                  | 🚀 MARKET DATA SCRAPER - SINGLE EXECUTION
2026-06-12 08:42:20 | INFO     | run                  | ======================================================================
2026-06-12 08:42:20 | INFO     | run                  | Execution Time: 2026-06-12 13:42:20 PKT
2026-06-12 08:42:20 | INFO     | run                  | Configuration:
2026-06-12 08:42:20 | INFO     | run                  |    - Timezone: Asia/Karachi
2026-06-12 08:42:20 | INFO     | run                  |    - Data directory: data
2026-06-12 08:42:20 | INFO     | run                  |    - Log directory: logs
2026-06-12 08:42:20 | INFO     | run                  | ======================================================================
2026-06-12 08:42:20 | INFO     | fetch_data           | Fetching data (Attempt 1/3)...
2026-06-12 08:42:20 | DEBUG    | fetch_data           | Establishing session with https://dps.psx.com.pk/
2026-06-12 08:42:23 | DEBUG    | fetch_data           | Requesting data from https://dps.psx.com.pk/market-watch
2026-06-12 08:42:25 | DEBUG    | fetch_data           | Response status: 200
2026-06-12 08:42:25 | DEBUG    | fetch_data           | Response content type: text/html; charset=utf-8
2026-06-12 08:42:25 | DEBUG    | fetch_data           | Response size: 458297 bytes
2026-06-12 08:42:25 | INFO     | fetch_data           | ✅ Data fetched successfully (Status: 200)
2026-06-12 08:42:25 | DEBUG    | parse_json           | Attempting JSON parsing...
2026-06-12 08:42:25 | DEBUG    | parse_json           | Response preview: <table class="tbl" data-page-length="25"><thead class="tbl__head"><!-- tr--><!--   th(colspan="11")--><!--   th.center(colspan="2", style="width: 110px;") TOTAL BUY ORDERS--><!--   th.center(colspan="2", style="width: 110px;") TOTAL SELL ORDERS--><tr><th data-name="symbol">SYMBOL</th><th data-name="sector">SECTOR</th><th data-name="listed">LISTED IN</th><th class="right" data-name="ldcp">LDCP</th><th class="right" data-name="open">OPEN</th><th class="right" data-name="high">HIGH</th><th class="r
2026-06-12 08:42:25 | WARNING  | parse_json           | ⚠️ JSON parsing failed: Expecting value: line 1 column 1 (char 0)
2026-06-12 08:42:25 | INFO     | run                  | JSON parsing failed, trying HTML fallback...
2026-06-12 08:42:25 | INFO     | parse_html           | Attempting HTML fallback parsing...
2026-06-12 08:42:25 | DEBUG    | parse_html           | Found 1 table(s) in HTML
2026-06-12 08:42:25 | DEBUG    | parse_html           | Table columns: ['SYMBOL', 'SECTOR', 'LISTED IN', 'LDCP', 'OPEN', 'HIGH', 'LOW', 'CURRENT', 'CHANGE', 'CHANGE (%)', 'VOLUME']
2026-06-12 08:42:25 | DEBUG    | parse_html           | Table shape: (479, 11)
2026-06-12 08:42:25 | INFO     | parse_html           | ✅ HTML parsed successfully (479 rows)
2026-06-12 08:42:25 | INFO     | clean_data           | Cleaning data...
2026-06-12 08:42:25 | DEBUG    | clean_data           | Initial shape: (479, 11)
2026-06-12 08:42:25 | DEBUG    | clean_data           | Initial columns: ['SYMBOL', 'SECTOR', 'LISTED IN', 'LDCP', 'OPEN', 'HIGH', 'LOW', 'CURRENT', 'CHANGE', 'CHANGE (%)', 'VOLUME']
2026-06-12 08:42:25 | DEBUG    | clean_data           | Removed 'LISTED IN' column
2026-06-12 08:42:25 | DEBUG    | clean_data           | Converted LDCP from float64 to numeric
2026-06-12 08:42:25 | DEBUG    | clean_data           | Converted OPEN from float64 to numeric
2026-06-12 08:42:25 | DEBUG    | clean_data           | Converted HIGH from float64 to numeric
2026-06-12 08:42:25 | DEBUG    | clean_data           | Converted LOW from float64 to numeric
2026-06-12 08:42:25 | DEBUG    | clean_data           | Converted CURRENT from float64 to numeric
2026-06-12 08:42:25 | DEBUG    | clean_data           | Converted CHANGE from float64 to numeric
2026-06-12 08:42:25 | DEBUG    | clean_data           | Converted CHANGE (%) from str to numeric
2026-06-12 08:42:25 | DEBUG    | clean_data           | Converted VOLUME from int64 to numeric
2026-06-12 08:42:25 | INFO     | clean_data           | ✅ Data cleaned (479 rows, 16 columns)
2026-06-12 08:42:25 | DEBUG    | clean_data           | Final columns: ['SYMBOL', 'SECTOR', 'LDCP', 'OPEN', 'HIGH', 'LOW', 'CURRENT', 'CHANGE', 'CHANGE (%)', 'VOLUME', 'YEAR', 'MONTH', 'DAY', 'HOUR', 'MINUTE', 'DATETIME']
2026-06-12 08:42:25 | DEBUG    | get_file_path        | Generated file path: data/2026/06/2026-06-12.xlsx
2026-06-12 08:42:25 | INFO     | save_data            | Saving data to: data/2026/06/2026-06-12.xlsx
2026-06-12 08:42:25 | DEBUG    | save_data            | Existing file found, merging data...
2026-06-12 08:42:29 | DEBUG    | save_data            | Loaded 35353 existing rows
2026-06-12 08:42:29 | DEBUG    | save_data            | Combined to 35832 rows
2026-06-12 08:42:29 | DEBUG    | save_data            | Writing to temporary file...
2026-06-12 08:42:35 | DEBUG    | save_data            | Data written to temp file: /home/runner/work/Thalorae-BackLioraen/Thalorae-BackLioraen/data/2026/06/tmp6dkjq2vr.xlsx
2026-06-12 08:42:35 | DEBUG    | save_data            | Temp file moved to final location
2026-06-12 08:42:35 | INFO     | save_data            | ✅ Data saved successfully (35832 total rows, 2652948 bytes)
2026-06-12 08:42:35 | INFO     | run                  | ======================================================================
2026-06-12 08:42:35 | INFO     | run                  | 📊 EXECUTION SUMMARY:
2026-06-12 08:42:35 | INFO     | run                  |    ✅ Status: SUCCESS
2026-06-12 08:42:35 | INFO     | run                  |    - Rows processed: 479
2026-06-12 08:42:35 | INFO     | run                  |    - Unique symbols: 479
2026-06-12 08:42:35 | INFO     | run                  |    - Timestamp: 2026-06-12 13:42:20
2026-06-12 08:42:35 | INFO     | run                  |    - File: data/2026/06/2026-06-12.xlsx
2026-06-12 08:42:35 | INFO     | run                  | ======================================================================
2026-06-12 08:42:35 | DEBUG    | run                  | Sample data (first row):
2026-06-12 08:42:35 | DEBUG    | run                  | {'SYMBOL': 'SPSL', 'SECTOR': 821, 'LDCP': 21.66, 'OPEN': 22.5, 'HIGH': 23.45, 'LOW': 22.4, 'CURRENT': 22.93, 'CHANGE': 1.27, 'CHANGE (%)': nan, 'VOLUME': 38855268, 'YEAR': 2026, 'MONTH': 6, 'DAY': 12, 'HOUR': 13, 'MINUTE': 42, 'DATETIME': '2026-06-12 13:42'}
2026-06-12 08:47:36 | INFO     | run                  | ======================================================================
2026-06-12 08:47:36 | INFO     | run                  | 🚀 MARKET DATA SCRAPER - SINGLE EXECUTION
2026-06-12 08:47:36 | INFO     | run                  | ======================================================================
2026-06-12 08:47:36 | INFO     | run                  | Execution Time: 2026-06-12 13:47:36 PKT
2026-06-12 08:47:36 | INFO     | run                  | Configuration:
2026-06-12 08:47:36 | INFO     | run                  |    - Timezone: Asia/Karachi
2026-06-12 08:47:36 | INFO     | run                  |    - Data directory: data
2026-06-12 08:47:36 | INFO     | run                  |    - Log directory: logs
2026-06-12 08:47:36 | INFO     | run                  | ======================================================================
2026-06-12 08:47:36 | INFO     | fetch_data           | Fetching data (Attempt 1/3)...
2026-06-12 08:47:36 | DEBUG    | fetch_data           | Establishing session with https://dps.psx.com.pk/
2026-06-12 08:47:39 | DEBUG    | fetch_data           | Requesting data from https://dps.psx.com.pk/market-watch
2026-06-12 08:47:40 | DEBUG    | fetch_data           | Response status: 200
2026-06-12 08:47:40 | DEBUG    | fetch_data           | Response content type: text/html; charset=utf-8
2026-06-12 08:47:40 | DEBUG    | fetch_data           | Response size: 458297 bytes
2026-06-12 08:47:40 | INFO     | fetch_data           | ✅ Data fetched successfully (Status: 200)
2026-06-12 08:47:40 | DEBUG    | parse_json           | Attempting JSON parsing...
2026-06-12 08:47:40 | DEBUG    | parse_json           | Response preview: <table class="tbl" data-page-length="25"><thead class="tbl__head"><!-- tr--><!--   th(colspan="11")--><!--   th.center(colspan="2", style="width: 110px;") TOTAL BUY ORDERS--><!--   th.center(colspan="2", style="width: 110px;") TOTAL SELL ORDERS--><tr><th data-name="symbol">SYMBOL</th><th data-name="sector">SECTOR</th><th data-name="listed">LISTED IN</th><th class="right" data-name="ldcp">LDCP</th><th class="right" data-name="open">OPEN</th><th class="right" data-name="high">HIGH</th><th class="r
2026-06-12 08:47:40 | WARNING  | parse_json           | ⚠️ JSON parsing failed: Expecting value: line 1 column 1 (char 0)
2026-06-12 08:47:40 | INFO     | run                  | JSON parsing failed, trying HTML fallback...
2026-06-12 08:47:40 | INFO     | parse_html           | Attempting HTML fallback parsing...
2026-06-12 08:47:40 | DEBUG    | parse_html           | Found 1 table(s) in HTML
2026-06-12 08:47:40 | DEBUG    | parse_html           | Table columns: ['SYMBOL', 'SECTOR', 'LISTED IN', 'LDCP', 'OPEN', 'HIGH', 'LOW', 'CURRENT', 'CHANGE', 'CHANGE (%)', 'VOLUME']
2026-06-12 08:47:40 | DEBUG    | parse_html           | Table shape: (479, 11)
2026-06-12 08:47:40 | INFO     | parse_html           | ✅ HTML parsed successfully (479 rows)
2026-06-12 08:47:40 | INFO     | clean_data           | Cleaning data...
2026-06-12 08:47:40 | DEBUG    | clean_data           | Initial shape: (479, 11)
2026-06-12 08:47:40 | DEBUG    | clean_data           | Initial columns: ['SYMBOL', 'SECTOR', 'LISTED IN', 'LDCP', 'OPEN', 'HIGH', 'LOW', 'CURRENT', 'CHANGE', 'CHANGE (%)', 'VOLUME']
2026-06-12 08:47:40 | DEBUG    | clean_data           | Removed 'LISTED IN' column
2026-06-12 08:47:40 | DEBUG    | clean_data           | Converted LDCP from float64 to numeric
2026-06-12 08:47:40 | DEBUG    | clean_data           | Converted OPEN from float64 to numeric
2026-06-12 08:47:40 | DEBUG    | clean_data           | Converted HIGH from float64 to numeric
2026-06-12 08:47:40 | DEBUG    | clean_data           | Converted LOW from float64 to numeric
2026-06-12 08:47:40 | DEBUG    | clean_data           | Converted CURRENT from float64 to numeric
2026-06-12 08:47:40 | DEBUG    | clean_data           | Converted CHANGE from float64 to numeric
2026-06-12 08:47:40 | DEBUG    | clean_data           | Converted CHANGE (%) from str to numeric
2026-06-12 08:47:40 | DEBUG    | clean_data           | Converted VOLUME from int64 to numeric
2026-06-12 08:47:40 | INFO     | clean_data           | ✅ Data cleaned (479 rows, 16 columns)
2026-06-12 08:47:40 | DEBUG    | clean_data           | Final columns: ['SYMBOL', 'SECTOR', 'LDCP', 'OPEN', 'HIGH', 'LOW', 'CURRENT', 'CHANGE', 'CHANGE (%)', 'VOLUME', 'YEAR', 'MONTH', 'DAY', 'HOUR', 'MINUTE', 'DATETIME']
2026-06-12 08:47:40 | DEBUG    | get_file_path        | Generated file path: data/2026/06/2026-06-12.xlsx
2026-06-12 08:47:40 | INFO     | save_data            | Saving data to: data/2026/06/2026-06-12.xlsx
2026-06-12 08:47:40 | DEBUG    | save_data            | Existing file found, merging data...
2026-06-12 08:47:44 | DEBUG    | save_data            | Loaded 35832 existing rows
2026-06-12 08:47:44 | DEBUG    | save_data            | Combined to 36311 rows
2026-06-12 08:47:44 | DEBUG    | save_data            | Writing to temporary file...
2026-06-12 08:47:51 | DEBUG    | save_data            | Data written to temp file: /home/runner/work/Thalorae-BackLioraen/Thalorae-BackLioraen/data/2026/06/tmpbo54nm54.xlsx
2026-06-12 08:47:51 | DEBUG    | save_data            | Temp file moved to final location
2026-06-12 08:47:51 | INFO     | save_data            | ✅ Data saved successfully (36311 total rows, 2688580 bytes)
2026-06-12 08:47:51 | INFO     | run                  | ======================================================================
2026-06-12 08:47:51 | INFO     | run                  | 📊 EXECUTION SUMMARY:
2026-06-12 08:47:51 | INFO     | run                  |    ✅ Status: SUCCESS
2026-06-12 08:47:51 | INFO     | run                  |    - Rows processed: 479
2026-06-12 08:47:51 | INFO     | run                  |    - Unique symbols: 479
2026-06-12 08:47:51 | INFO     | run                  |    - Timestamp: 2026-06-12 13:47:36
2026-06-12 08:47:51 | INFO     | run                  |    - File: data/2026/06/2026-06-12.xlsx
2026-06-12 08:47:51 | INFO     | run                  | ======================================================================
2026-06-12 08:47:51 | DEBUG    | run                  | Sample data (first row):
2026-06-12 08:47:51 | DEBUG    | run                  | {'SYMBOL': 'SPSL', 'SECTOR': 821, 'LDCP': 21.66, 'OPEN': 22.5, 'HIGH': 23.45, 'LOW': 22.4, 'CURRENT': 22.93, 'CHANGE': 1.27, 'CHANGE (%)': nan, 'VOLUME': 38855268, 'YEAR': 2026, 'MONTH': 6, 'DAY': 12, 'HOUR': 13, 'MINUTE': 47, 'DATETIME': '2026-06-12 13:47'}
2026-06-12 08:52:51 | INFO     | run                  | ======================================================================
2026-06-12 08:52:51 | INFO     | run                  | 🚀 MARKET DATA SCRAPER - SINGLE EXECUTION
2026-06-12 08:52:51 | INFO     | run                  | ======================================================================
2026-06-12 08:52:51 | INFO     | run                  | Execution Time: 2026-06-12 13:52:51 PKT
2026-06-12 08:52:51 | INFO     | run                  | Configuration:
2026-06-12 08:52:51 | INFO     | run                  |    - Timezone: Asia/Karachi
2026-06-12 08:52:51 | INFO     | run                  |    - Data directory: data
2026-06-12 08:52:51 | INFO     | run                  |    - Log directory: logs
2026-06-12 08:52:51 | INFO     | run                  | ======================================================================
2026-06-12 08:52:51 | INFO     | fetch_data           | Fetching data (Attempt 1/3)...
2026-06-12 08:52:51 | DEBUG    | fetch_data           | Establishing session with https://dps.psx.com.pk/
2026-06-12 08:52:55 | DEBUG    | fetch_data           | Requesting data from https://dps.psx.com.pk/market-watch
2026-06-12 08:52:57 | DEBUG    | fetch_data           | Response status: 200
2026-06-12 08:52:57 | DEBUG    | fetch_data           | Response content type: text/html; charset=utf-8
2026-06-12 08:52:57 | DEBUG    | fetch_data           | Response size: 458297 bytes
2026-06-12 08:52:57 | INFO     | fetch_data           | ✅ Data fetched successfully (Status: 200)
2026-06-12 08:52:57 | DEBUG    | parse_json           | Attempting JSON parsing...
2026-06-12 08:52:57 | DEBUG    | parse_json           | Response preview: <table class="tbl" data-page-length="25"><thead class="tbl__head"><!-- tr--><!--   th(colspan="11")--><!--   th.center(colspan="2", style="width: 110px;") TOTAL BUY ORDERS--><!--   th.center(colspan="2", style="width: 110px;") TOTAL SELL ORDERS--><tr><th data-name="symbol">SYMBOL</th><th data-name="sector">SECTOR</th><th data-name="listed">LISTED IN</th><th class="right" data-name="ldcp">LDCP</th><th class="right" data-name="open">OPEN</th><th class="right" data-name="high">HIGH</th><th class="r
2026-06-12 08:52:57 | WARNING  | parse_json           | ⚠️ JSON parsing failed: Expecting value: line 1 column 1 (char 0)
2026-06-12 08:52:57 | INFO     | run                  | JSON parsing failed, trying HTML fallback...
2026-06-12 08:52:57 | INFO     | parse_html           | Attempting HTML fallback parsing...
2026-06-12 08:52:57 | DEBUG    | parse_html           | Found 1 table(s) in HTML
2026-06-12 08:52:57 | DEBUG    | parse_html           | Table columns: ['SYMBOL', 'SECTOR', 'LISTED IN', 'LDCP', 'OPEN', 'HIGH', 'LOW', 'CURRENT', 'CHANGE', 'CHANGE (%)', 'VOLUME']
2026-06-12 08:52:57 | DEBUG    | parse_html           | Table shape: (479, 11)
2026-06-12 08:52:57 | INFO     | parse_html           | ✅ HTML parsed successfully (479 rows)
2026-06-12 08:52:57 | INFO     | clean_data           | Cleaning data...
2026-06-12 08:52:57 | DEBUG    | clean_data           | Initial shape: (479, 11)
2026-06-12 08:52:57 | DEBUG    | clean_data           | Initial columns: ['SYMBOL', 'SECTOR', 'LISTED IN', 'LDCP', 'OPEN', 'HIGH', 'LOW', 'CURRENT', 'CHANGE', 'CHANGE (%)', 'VOLUME']
2026-06-12 08:52:57 | DEBUG    | clean_data           | Removed 'LISTED IN' column
2026-06-12 08:52:57 | DEBUG    | clean_data           | Converted LDCP from float64 to numeric
2026-06-12 08:52:57 | DEBUG    | clean_data           | Converted OPEN from float64 to numeric
2026-06-12 08:52:57 | DEBUG    | clean_data           | Converted HIGH from float64 to numeric
2026-06-12 08:52:57 | DEBUG    | clean_data           | Converted LOW from float64 to numeric
2026-06-12 08:52:57 | DEBUG    | clean_data           | Converted CURRENT from float64 to numeric
2026-06-12 08:52:57 | DEBUG    | clean_data           | Converted CHANGE from float64 to numeric
2026-06-12 08:52:57 | DEBUG    | clean_data           | Converted CHANGE (%) from str to numeric
2026-06-12 08:52:57 | DEBUG    | clean_data           | Converted VOLUME from int64 to numeric
2026-06-12 08:52:57 | INFO     | clean_data           | ✅ Data cleaned (479 rows, 16 columns)
2026-06-12 08:52:57 | DEBUG    | clean_data           | Final columns: ['SYMBOL', 'SECTOR', 'LDCP', 'OPEN', 'HIGH', 'LOW', 'CURRENT', 'CHANGE', 'CHANGE (%)', 'VOLUME', 'YEAR', 'MONTH', 'DAY', 'HOUR', 'MINUTE', 'DATETIME']
2026-06-12 08:52:57 | DEBUG    | get_file_path        | Generated file path: data/2026/06/2026-06-12.xlsx
2026-06-12 08:52:57 | INFO     | save_data            | Saving data to: data/2026/06/2026-06-12.xlsx
2026-06-12 08:52:57 | DEBUG    | save_data            | Existing file found, merging data...
2026-06-12 08:53:01 | DEBUG    | save_data            | Loaded 36311 existing rows
2026-06-12 08:53:01 | DEBUG    | save_data            | Combined to 36790 rows
2026-06-12 08:53:01 | DEBUG    | save_data            | Writing to temporary file...
2026-06-12 08:53:08 | DEBUG    | save_data            | Data written to temp file: /home/runner/work/Thalorae-BackLioraen/Thalorae-BackLioraen/data/2026/06/tmp9eha26fl.xlsx
2026-06-12 08:53:08 | DEBUG    | save_data            | Temp file moved to final location
2026-06-12 08:53:08 | INFO     | save_data            | ✅ Data saved successfully (36790 total rows, 2724263 bytes)
2026-06-12 08:53:08 | INFO     | run                  | ======================================================================
2026-06-12 08:53:08 | INFO     | run                  | 📊 EXECUTION SUMMARY:
2026-06-12 08:53:08 | INFO     | run                  |    ✅ Status: SUCCESS
2026-06-12 08:53:08 | INFO     | run                  |    - Rows processed: 479
2026-06-12 08:53:08 | INFO     | run                  |    - Unique symbols: 479
2026-06-12 08:53:08 | INFO     | run                  |    - Timestamp: 2026-06-12 13:52:51
2026-06-12 08:53:08 | INFO     | run                  |    - File: data/2026/06/2026-06-12.xlsx
2026-06-12 08:53:08 | INFO     | run                  | ======================================================================
2026-06-12 08:53:08 | DEBUG    | run                  | Sample data (first row):
2026-06-12 08:53:08 | DEBUG    | run                  | {'SYMBOL': 'SPSL', 'SECTOR': 821, 'LDCP': 21.66, 'OPEN': 22.5, 'HIGH': 23.45, 'LOW': 22.4, 'CURRENT': 22.93, 'CHANGE': 1.27, 'CHANGE (%)': nan, 'VOLUME': 38855268, 'YEAR': 2026, 'MONTH': 6, 'DAY': 12, 'HOUR': 13, 'MINUTE': 52, 'DATETIME': '2026-06-12 13:52'}
2026-06-12 08:58:08 | INFO     | run                  | ======================================================================
2026-06-12 08:58:08 | INFO     | run                  | 🚀 MARKET DATA SCRAPER - SINGLE EXECUTION
2026-06-12 08:58:08 | INFO     | run                  | ======================================================================
2026-06-12 08:58:08 | INFO     | run                  | Execution Time: 2026-06-12 13:58:08 PKT
2026-06-12 08:58:08 | INFO     | run                  | Configuration:
2026-06-12 08:58:08 | INFO     | run                  |    - Timezone: Asia/Karachi
2026-06-12 08:58:08 | INFO     | run                  |    - Data directory: data
2026-06-12 08:58:08 | INFO     | run                  |    - Log directory: logs
2026-06-12 08:58:08 | INFO     | run                  | ======================================================================
2026-06-12 08:58:08 | INFO     | fetch_data           | Fetching data (Attempt 1/3)...
2026-06-12 08:58:08 | DEBUG    | fetch_data           | Establishing session with https://dps.psx.com.pk/
2026-06-12 08:58:12 | DEBUG    | fetch_data           | Requesting data from https://dps.psx.com.pk/market-watch
2026-06-12 08:58:14 | DEBUG    | fetch_data           | Response status: 200
2026-06-12 08:58:14 | DEBUG    | fetch_data           | Response content type: text/html; charset=utf-8
2026-06-12 08:58:14 | DEBUG    | fetch_data           | Response size: 458297 bytes
2026-06-12 08:58:14 | INFO     | fetch_data           | ✅ Data fetched successfully (Status: 200)
2026-06-12 08:58:14 | DEBUG    | parse_json           | Attempting JSON parsing...
2026-06-12 08:58:14 | DEBUG    | parse_json           | Response preview: <table class="tbl" data-page-length="25"><thead class="tbl__head"><!-- tr--><!--   th(colspan="11")--><!--   th.center(colspan="2", style="width: 110px;") TOTAL BUY ORDERS--><!--   th.center(colspan="2", style="width: 110px;") TOTAL SELL ORDERS--><tr><th data-name="symbol">SYMBOL</th><th data-name="sector">SECTOR</th><th data-name="listed">LISTED IN</th><th class="right" data-name="ldcp">LDCP</th><th class="right" data-name="open">OPEN</th><th class="right" data-name="high">HIGH</th><th class="r
2026-06-12 08:58:14 | WARNING  | parse_json           | ⚠️ JSON parsing failed: Expecting value: line 1 column 1 (char 0)
2026-06-12 08:58:14 | INFO     | run                  | JSON parsing failed, trying HTML fallback...
2026-06-12 08:58:14 | INFO     | parse_html           | Attempting HTML fallback parsing...
2026-06-12 08:58:14 | DEBUG    | parse_html           | Found 1 table(s) in HTML
2026-06-12 08:58:14 | DEBUG    | parse_html           | Table columns: ['SYMBOL', 'SECTOR', 'LISTED IN', 'LDCP', 'OPEN', 'HIGH', 'LOW', 'CURRENT', 'CHANGE', 'CHANGE (%)', 'VOLUME']
2026-06-12 08:58:14 | DEBUG    | parse_html           | Table shape: (479, 11)
2026-06-12 08:58:14 | INFO     | parse_html           | ✅ HTML parsed successfully (479 rows)
2026-06-12 08:58:14 | INFO     | clean_data           | Cleaning data...
2026-06-12 08:58:14 | DEBUG    | clean_data           | Initial shape: (479, 11)
2026-06-12 08:58:14 | DEBUG    | clean_data           | Initial columns: ['SYMBOL', 'SECTOR', 'LISTED IN', 'LDCP', 'OPEN', 'HIGH', 'LOW', 'CURRENT', 'CHANGE', 'CHANGE (%)', 'VOLUME']
2026-06-12 08:58:14 | DEBUG    | clean_data           | Removed 'LISTED IN' column
2026-06-12 08:58:14 | DEBUG    | clean_data           | Converted LDCP from float64 to numeric
2026-06-12 08:58:14 | DEBUG    | clean_data           | Converted OPEN from float64 to numeric
2026-06-12 08:58:14 | DEBUG    | clean_data           | Converted HIGH from float64 to numeric
2026-06-12 08:58:14 | DEBUG    | clean_data           | Converted LOW from float64 to numeric
2026-06-12 08:58:14 | DEBUG    | clean_data           | Converted CURRENT from float64 to numeric
2026-06-12 08:58:14 | DEBUG    | clean_data           | Converted CHANGE from float64 to numeric
2026-06-12 08:58:14 | DEBUG    | clean_data           | Converted CHANGE (%) from str to numeric
2026-06-12 08:58:14 | DEBUG    | clean_data           | Converted VOLUME from int64 to numeric
2026-06-12 08:58:14 | INFO     | clean_data           | ✅ Data cleaned (479 rows, 16 columns)
2026-06-12 08:58:14 | DEBUG    | clean_data           | Final columns: ['SYMBOL', 'SECTOR', 'LDCP', 'OPEN', 'HIGH', 'LOW', 'CURRENT', 'CHANGE', 'CHANGE (%)', 'VOLUME', 'YEAR', 'MONTH', 'DAY', 'HOUR', 'MINUTE', 'DATETIME']
2026-06-12 08:58:14 | DEBUG    | get_file_path        | Generated file path: data/2026/06/2026-06-12.xlsx
2026-06-12 08:58:14 | INFO     | save_data            | Saving data to: data/2026/06/2026-06-12.xlsx
2026-06-12 08:58:14 | DEBUG    | save_data            | Existing file found, merging data...
2026-06-12 08:58:18 | DEBUG    | save_data            | Loaded 36790 existing rows
2026-06-12 08:58:18 | DEBUG    | save_data            | Combined to 37269 rows
2026-06-12 08:58:18 | DEBUG    | save_data            | Writing to temporary file...
2026-06-12 08:58:24 | DEBUG    | save_data            | Data written to temp file: /home/runner/work/Thalorae-BackLioraen/Thalorae-BackLioraen/data/2026/06/tmpa6o2pvux.xlsx
2026-06-12 08:58:24 | DEBUG    | save_data            | Temp file moved to final location
2026-06-12 08:58:24 | INFO     | save_data            | ✅ Data saved successfully (37269 total rows, 2759932 bytes)
2026-06-12 08:58:24 | INFO     | run                  | ======================================================================
2026-06-12 08:58:24 | INFO     | run                  | 📊 EXECUTION SUMMARY:
2026-06-12 08:58:24 | INFO     | run                  |    ✅ Status: SUCCESS
2026-06-12 08:58:24 | INFO     | run                  |    - Rows processed: 479
2026-06-12 08:58:24 | INFO     | run                  |    - Unique symbols: 479
2026-06-12 08:58:24 | INFO     | run                  |    - Timestamp: 2026-06-12 13:58:08
2026-06-12 08:58:24 | INFO     | run                  |    - File: data/2026/06/2026-06-12.xlsx
2026-06-12 08:58:24 | INFO     | run                  | ======================================================================
2026-06-12 08:58:24 | DEBUG    | run                  | Sample data (first row):
2026-06-12 08:58:24 | DEBUG    | run                  | {'SYMBOL': 'SPSL', 'SECTOR': 821, 'LDCP': 21.66, 'OPEN': 22.5, 'HIGH': 23.45, 'LOW': 22.4, 'CURRENT': 22.93, 'CHANGE': 1.27, 'CHANGE (%)': nan, 'VOLUME': 38855268, 'YEAR': 2026, 'MONTH': 6, 'DAY': 12, 'HOUR': 13, 'MINUTE': 58, 'DATETIME': '2026-06-12 13:58'}
2026-06-12 09:03:25 | INFO     | run                  | ======================================================================
2026-06-12 09:03:25 | INFO     | run                  | 🚀 MARKET DATA SCRAPER - SINGLE EXECUTION
2026-06-12 09:03:25 | INFO     | run                  | ======================================================================
2026-06-12 09:03:25 | INFO     | run                  | Execution Time: 2026-06-12 14:03:25 PKT
2026-06-12 09:03:25 | INFO     | run                  | Configuration:
2026-06-12 09:03:25 | INFO     | run                  |    - Timezone: Asia/Karachi
2026-06-12 09:03:25 | INFO     | run                  |    - Data directory: data
2026-06-12 09:03:25 | INFO     | run                  |    - Log directory: logs
2026-06-12 09:03:25 | INFO     | run                  | ======================================================================
2026-06-12 09:03:25 | INFO     | fetch_data           | Fetching data (Attempt 1/3)...
2026-06-12 09:03:25 | DEBUG    | fetch_data           | Establishing session with https://dps.psx.com.pk/
2026-06-12 09:03:29 | DEBUG    | fetch_data           | Requesting data from https://dps.psx.com.pk/market-watch
2026-06-12 09:03:30 | DEBUG    | fetch_data           | Response status: 200
2026-06-12 09:03:30 | DEBUG    | fetch_data           | Response content type: text/html; charset=utf-8
2026-06-12 09:03:30 | DEBUG    | fetch_data           | Response size: 458297 bytes
2026-06-12 09:03:30 | INFO     | fetch_data           | ✅ Data fetched successfully (Status: 200)
2026-06-12 09:03:30 | DEBUG    | parse_json           | Attempting JSON parsing...
2026-06-12 09:03:30 | DEBUG    | parse_json           | Response preview: <table class="tbl" data-page-length="25"><thead class="tbl__head"><!-- tr--><!--   th(colspan="11")--><!--   th.center(colspan="2", style="width: 110px;") TOTAL BUY ORDERS--><!--   th.center(colspan="2", style="width: 110px;") TOTAL SELL ORDERS--><tr><th data-name="symbol">SYMBOL</th><th data-name="sector">SECTOR</th><th data-name="listed">LISTED IN</th><th class="right" data-name="ldcp">LDCP</th><th class="right" data-name="open">OPEN</th><th class="right" data-name="high">HIGH</th><th class="r
2026-06-12 09:03:30 | WARNING  | parse_json           | ⚠️ JSON parsing failed: Expecting value: line 1 column 1 (char 0)
2026-06-12 09:03:30 | INFO     | run                  | JSON parsing failed, trying HTML fallback...
2026-06-12 09:03:30 | INFO     | parse_html           | Attempting HTML fallback parsing...
2026-06-12 09:03:30 | DEBUG    | parse_html           | Found 1 table(s) in HTML
2026-06-12 09:03:30 | DEBUG    | parse_html           | Table columns: ['SYMBOL', 'SECTOR', 'LISTED IN', 'LDCP', 'OPEN', 'HIGH', 'LOW', 'CURRENT', 'CHANGE', 'CHANGE (%)', 'VOLUME']
2026-06-12 09:03:30 | DEBUG    | parse_html           | Table shape: (479, 11)
2026-06-12 09:03:30 | INFO     | parse_html           | ✅ HTML parsed successfully (479 rows)
2026-06-12 09:03:30 | INFO     | clean_data           | Cleaning data...
2026-06-12 09:03:30 | DEBUG    | clean_data           | Initial shape: (479, 11)
2026-06-12 09:03:30 | DEBUG    | clean_data           | Initial columns: ['SYMBOL', 'SECTOR', 'LISTED IN', 'LDCP', 'OPEN', 'HIGH', 'LOW', 'CURRENT', 'CHANGE', 'CHANGE (%)', 'VOLUME']
2026-06-12 09:03:30 | DEBUG    | clean_data           | Removed 'LISTED IN' column
2026-06-12 09:03:30 | DEBUG    | clean_data           | Converted LDCP from float64 to numeric
2026-06-12 09:03:30 | DEBUG    | clean_data           | Converted OPEN from float64 to numeric
2026-06-12 09:03:30 | DEBUG    | clean_data           | Converted HIGH from float64 to numeric
2026-06-12 09:03:30 | DEBUG    | clean_data           | Converted LOW from float64 to numeric
2026-06-12 09:03:30 | DEBUG    | clean_data           | Converted CURRENT from float64 to numeric
2026-06-12 09:03:30 | DEBUG    | clean_data           | Converted CHANGE from float64 to numeric
2026-06-12 09:03:30 | DEBUG    | clean_data           | Converted CHANGE (%) from str to numeric
2026-06-12 09:03:30 | DEBUG    | clean_data           | Converted VOLUME from int64 to numeric
2026-06-12 09:03:30 | INFO     | clean_data           | ✅ Data cleaned (479 rows, 16 columns)
2026-06-12 09:03:30 | DEBUG    | clean_data           | Final columns: ['SYMBOL', 'SECTOR', 'LDCP', 'OPEN', 'HIGH', 'LOW', 'CURRENT', 'CHANGE', 'CHANGE (%)', 'VOLUME', 'YEAR', 'MONTH', 'DAY', 'HOUR', 'MINUTE', 'DATETIME']
2026-06-12 09:03:30 | DEBUG    | get_file_path        | Generated file path: data/2026/06/2026-06-12.xlsx
2026-06-12 09:03:30 | INFO     | save_data            | Saving data to: data/2026/06/2026-06-12.xlsx
2026-06-12 09:03:30 | DEBUG    | save_data            | Existing file found, merging data...
2026-06-12 09:03:34 | DEBUG    | save_data            | Loaded 37269 existing rows
2026-06-12 09:03:34 | DEBUG    | save_data            | Combined to 37748 rows
2026-06-12 09:03:34 | DEBUG    | save_data            | Writing to temporary file...
2026-06-12 09:03:41 | DEBUG    | save_data            | Data written to temp file: /home/runner/work/Thalorae-BackLioraen/Thalorae-BackLioraen/data/2026/06/tmpk_jxs_tm.xlsx
2026-06-12 09:03:41 | DEBUG    | save_data            | Temp file moved to final location
2026-06-12 09:03:41 | INFO     | save_data            | ✅ Data saved successfully (37748 total rows, 2795581 bytes)
2026-06-12 09:03:41 | INFO     | run                  | ======================================================================
2026-06-12 09:03:41 | INFO     | run                  | 📊 EXECUTION SUMMARY:
2026-06-12 09:03:41 | INFO     | run                  |    ✅ Status: SUCCESS
2026-06-12 09:03:41 | INFO     | run                  |    - Rows processed: 479
2026-06-12 09:03:41 | INFO     | run                  |    - Unique symbols: 479
2026-06-12 09:03:41 | INFO     | run                  |    - Timestamp: 2026-06-12 14:03:25
2026-06-12 09:03:41 | INFO     | run                  |    - File: data/2026/06/2026-06-12.xlsx
2026-06-12 09:03:41 | INFO     | run                  | ======================================================================
2026-06-12 09:03:41 | DEBUG    | run                  | Sample data (first row):
2026-06-12 09:03:41 | DEBUG    | run                  | {'SYMBOL': 'SPSL', 'SECTOR': 821, 'LDCP': 21.66, 'OPEN': 22.5, 'HIGH': 23.45, 'LOW': 22.4, 'CURRENT': 22.93, 'CHANGE': 1.27, 'CHANGE (%)': nan, 'VOLUME': 38855268, 'YEAR': 2026, 'MONTH': 6, 'DAY': 12, 'HOUR': 14, 'MINUTE': 3, 'DATETIME': '2026-06-12 14:03'}
2026-06-12 09:08:42 | INFO     | run                  | ======================================================================
2026-06-12 09:08:42 | INFO     | run                  | 🚀 MARKET DATA SCRAPER - SINGLE EXECUTION
2026-06-12 09:08:42 | INFO     | run                  | ======================================================================
2026-06-12 09:08:42 | INFO     | run                  | Execution Time: 2026-06-12 14:08:42 PKT
2026-06-12 09:08:42 | INFO     | run                  | Configuration:
2026-06-12 09:08:42 | INFO     | run                  |    - Timezone: Asia/Karachi
2026-06-12 09:08:42 | INFO     | run                  |    - Data directory: data
2026-06-12 09:08:42 | INFO     | run                  |    - Log directory: logs
2026-06-12 09:08:42 | INFO     | run                  | ======================================================================
2026-06-12 09:08:42 | INFO     | fetch_data           | Fetching data (Attempt 1/3)...
2026-06-12 09:08:42 | DEBUG    | fetch_data           | Establishing session with https://dps.psx.com.pk/
2026-06-12 09:08:46 | DEBUG    | fetch_data           | Requesting data from https://dps.psx.com.pk/market-watch
2026-06-12 09:08:49 | DEBUG    | fetch_data           | Response status: 200
2026-06-12 09:08:49 | DEBUG    | fetch_data           | Response content type: text/html; charset=utf-8
2026-06-12 09:08:49 | DEBUG    | fetch_data           | Response size: 458297 bytes
2026-06-12 09:08:49 | INFO     | fetch_data           | ✅ Data fetched successfully (Status: 200)
2026-06-12 09:08:49 | DEBUG    | parse_json           | Attempting JSON parsing...
2026-06-12 09:08:49 | DEBUG    | parse_json           | Response preview: <table class="tbl" data-page-length="25"><thead class="tbl__head"><!-- tr--><!--   th(colspan="11")--><!--   th.center(colspan="2", style="width: 110px;") TOTAL BUY ORDERS--><!--   th.center(colspan="2", style="width: 110px;") TOTAL SELL ORDERS--><tr><th data-name="symbol">SYMBOL</th><th data-name="sector">SECTOR</th><th data-name="listed">LISTED IN</th><th class="right" data-name="ldcp">LDCP</th><th class="right" data-name="open">OPEN</th><th class="right" data-name="high">HIGH</th><th class="r
2026-06-12 09:08:49 | WARNING  | parse_json           | ⚠️ JSON parsing failed: Expecting value: line 1 column 1 (char 0)
2026-06-12 09:08:49 | INFO     | run                  | JSON parsing failed, trying HTML fallback...
2026-06-12 09:08:49 | INFO     | parse_html           | Attempting HTML fallback parsing...
2026-06-12 09:08:49 | DEBUG    | parse_html           | Found 1 table(s) in HTML
2026-06-12 09:08:49 | DEBUG    | parse_html           | Table columns: ['SYMBOL', 'SECTOR', 'LISTED IN', 'LDCP', 'OPEN', 'HIGH', 'LOW', 'CURRENT', 'CHANGE', 'CHANGE (%)', 'VOLUME']
2026-06-12 09:08:49 | DEBUG    | parse_html           | Table shape: (479, 11)
2026-06-12 09:08:49 | INFO     | parse_html           | ✅ HTML parsed successfully (479 rows)
2026-06-12 09:08:49 | INFO     | clean_data           | Cleaning data...
2026-06-12 09:08:49 | DEBUG    | clean_data           | Initial shape: (479, 11)
2026-06-12 09:08:49 | DEBUG    | clean_data           | Initial columns: ['SYMBOL', 'SECTOR', 'LISTED IN', 'LDCP', 'OPEN', 'HIGH', 'LOW', 'CURRENT', 'CHANGE', 'CHANGE (%)', 'VOLUME']
2026-06-12 09:08:49 | DEBUG    | clean_data           | Removed 'LISTED IN' column
2026-06-12 09:08:49 | DEBUG    | clean_data           | Converted LDCP from float64 to numeric
2026-06-12 09:08:49 | DEBUG    | clean_data           | Converted OPEN from float64 to numeric
2026-06-12 09:08:49 | DEBUG    | clean_data           | Converted HIGH from float64 to numeric
2026-06-12 09:08:49 | DEBUG    | clean_data           | Converted LOW from float64 to numeric
2026-06-12 09:08:49 | DEBUG    | clean_data           | Converted CURRENT from float64 to numeric
2026-06-12 09:08:49 | DEBUG    | clean_data           | Converted CHANGE from float64 to numeric
2026-06-12 09:08:49 | DEBUG    | clean_data           | Converted CHANGE (%) from str to numeric
2026-06-12 09:08:49 | DEBUG    | clean_data           | Converted VOLUME from int64 to numeric
2026-06-12 09:08:49 | INFO     | clean_data           | ✅ Data cleaned (479 rows, 16 columns)
2026-06-12 09:08:49 | DEBUG    | clean_data           | Final columns: ['SYMBOL', 'SECTOR', 'LDCP', 'OPEN', 'HIGH', 'LOW', 'CURRENT', 'CHANGE', 'CHANGE (%)', 'VOLUME', 'YEAR', 'MONTH', 'DAY', 'HOUR', 'MINUTE', 'DATETIME']
2026-06-12 09:08:49 | DEBUG    | get_file_path        | Generated file path: data/2026/06/2026-06-12.xlsx
2026-06-12 09:08:49 | INFO     | save_data            | Saving data to: data/2026/06/2026-06-12.xlsx
2026-06-12 09:08:49 | DEBUG    | save_data            | Existing file found, merging data...
2026-06-12 09:08:53 | DEBUG    | save_data            | Loaded 37748 existing rows
2026-06-12 09:08:53 | DEBUG    | save_data            | Combined to 38227 rows
2026-06-12 09:08:53 | DEBUG    | save_data            | Writing to temporary file...
2026-06-12 09:09:00 | DEBUG    | save_data            | Data written to temp file: /home/runner/work/Thalorae-BackLioraen/Thalorae-BackLioraen/data/2026/06/tmps73gflzs.xlsx
2026-06-12 09:09:00 | DEBUG    | save_data            | Temp file moved to final location
2026-06-12 09:09:00 | INFO     | save_data            | ✅ Data saved successfully (38227 total rows, 2831318 bytes)
2026-06-12 09:09:00 | INFO     | run                  | ======================================================================
2026-06-12 09:09:00 | INFO     | run                  | 📊 EXECUTION SUMMARY:
2026-06-12 09:09:00 | INFO     | run                  |    ✅ Status: SUCCESS
2026-06-12 09:09:00 | INFO     | run                  |    - Rows processed: 479
2026-06-12 09:09:00 | INFO     | run                  |    - Unique symbols: 479
2026-06-12 09:09:00 | INFO     | run                  |    - Timestamp: 2026-06-12 14:08:42
2026-06-12 09:09:00 | INFO     | run                  |    - File: data/2026/06/2026-06-12.xlsx
2026-06-12 09:09:00 | INFO     | run                  | ======================================================================
2026-06-12 09:09:00 | DEBUG    | run                  | Sample data (first row):
2026-06-12 09:09:00 | DEBUG    | run                  | {'SYMBOL': 'SPSL', 'SECTOR': 821, 'LDCP': 21.66, 'OPEN': 22.5, 'HIGH': 23.45, 'LOW': 22.4, 'CURRENT': 22.93, 'CHANGE': 1.27, 'CHANGE (%)': nan, 'VOLUME': 38855268, 'YEAR': 2026, 'MONTH': 6, 'DAY': 12, 'HOUR': 14, 'MINUTE': 8, 'DATETIME': '2026-06-12 14:08'}
2026-06-12 09:14:00 | INFO     | run                  | ======================================================================
2026-06-12 09:14:00 | INFO     | run                  | 🚀 MARKET DATA SCRAPER - SINGLE EXECUTION
2026-06-12 09:14:00 | INFO     | run                  | ======================================================================
2026-06-12 09:14:00 | INFO     | run                  | Execution Time: 2026-06-12 14:14:00 PKT
2026-06-12 09:14:00 | INFO     | run                  | Configuration:
2026-06-12 09:14:00 | INFO     | run                  |    - Timezone: Asia/Karachi
2026-06-12 09:14:00 | INFO     | run                  |    - Data directory: data
2026-06-12 09:14:00 | INFO     | run                  |    - Log directory: logs
2026-06-12 09:14:00 | INFO     | run                  | ======================================================================
2026-06-12 09:14:00 | INFO     | fetch_data           | Fetching data (Attempt 1/3)...
2026-06-12 09:14:00 | DEBUG    | fetch_data           | Establishing session with https://dps.psx.com.pk/
2026-06-12 09:14:03 | DEBUG    | fetch_data           | Requesting data from https://dps.psx.com.pk/market-watch
2026-06-12 09:14:05 | DEBUG    | fetch_data           | Response status: 200
2026-06-12 09:14:05 | DEBUG    | fetch_data           | Response content type: text/html; charset=utf-8
2026-06-12 09:14:05 | DEBUG    | fetch_data           | Response size: 458297 bytes
2026-06-12 09:14:05 | INFO     | fetch_data           | ✅ Data fetched successfully (Status: 200)
2026-06-12 09:14:05 | DEBUG    | parse_json           | Attempting JSON parsing...
2026-06-12 09:14:05 | DEBUG    | parse_json           | Response preview: <table class="tbl" data-page-length="25"><thead class="tbl__head"><!-- tr--><!--   th(colspan="11")--><!--   th.center(colspan="2", style="width: 110px;") TOTAL BUY ORDERS--><!--   th.center(colspan="2", style="width: 110px;") TOTAL SELL ORDERS--><tr><th data-name="symbol">SYMBOL</th><th data-name="sector">SECTOR</th><th data-name="listed">LISTED IN</th><th class="right" data-name="ldcp">LDCP</th><th class="right" data-name="open">OPEN</th><th class="right" data-name="high">HIGH</th><th class="r
2026-06-12 09:14:05 | WARNING  | parse_json           | ⚠️ JSON parsing failed: Expecting value: line 1 column 1 (char 0)
2026-06-12 09:14:05 | INFO     | run                  | JSON parsing failed, trying HTML fallback...
2026-06-12 09:14:05 | INFO     | parse_html           | Attempting HTML fallback parsing...
2026-06-12 09:14:05 | DEBUG    | parse_html           | Found 1 table(s) in HTML
2026-06-12 09:14:05 | DEBUG    | parse_html           | Table columns: ['SYMBOL', 'SECTOR', 'LISTED IN', 'LDCP', 'OPEN', 'HIGH', 'LOW', 'CURRENT', 'CHANGE', 'CHANGE (%)', 'VOLUME']
2026-06-12 09:14:05 | DEBUG    | parse_html           | Table shape: (479, 11)
2026-06-12 09:14:05 | INFO     | parse_html           | ✅ HTML parsed successfully (479 rows)
2026-06-12 09:14:05 | INFO     | clean_data           | Cleaning data...
2026-06-12 09:14:05 | DEBUG    | clean_data           | Initial shape: (479, 11)
2026-06-12 09:14:05 | DEBUG    | clean_data           | Initial columns: ['SYMBOL', 'SECTOR', 'LISTED IN', 'LDCP', 'OPEN', 'HIGH', 'LOW', 'CURRENT', 'CHANGE', 'CHANGE (%)', 'VOLUME']
2026-06-12 09:14:05 | DEBUG    | clean_data           | Removed 'LISTED IN' column
2026-06-12 09:14:05 | DEBUG    | clean_data           | Converted LDCP from float64 to numeric
2026-06-12 09:14:05 | DEBUG    | clean_data           | Converted OPEN from float64 to numeric
2026-06-12 09:14:05 | DEBUG    | clean_data           | Converted HIGH from float64 to numeric
2026-06-12 09:14:05 | DEBUG    | clean_data           | Converted LOW from float64 to numeric
2026-06-12 09:14:05 | DEBUG    | clean_data           | Converted CURRENT from float64 to numeric
2026-06-12 09:14:05 | DEBUG    | clean_data           | Converted CHANGE from float64 to numeric
2026-06-12 09:14:05 | DEBUG    | clean_data           | Converted CHANGE (%) from str to numeric
2026-06-12 09:14:05 | DEBUG    | clean_data           | Converted VOLUME from int64 to numeric
2026-06-12 09:14:05 | INFO     | clean_data           | ✅ Data cleaned (479 rows, 16 columns)
2026-06-12 09:14:05 | DEBUG    | clean_data           | Final columns: ['SYMBOL', 'SECTOR', 'LDCP', 'OPEN', 'HIGH', 'LOW', 'CURRENT', 'CHANGE', 'CHANGE (%)', 'VOLUME', 'YEAR', 'MONTH', 'DAY', 'HOUR', 'MINUTE', 'DATETIME']
2026-06-12 09:14:05 | DEBUG    | get_file_path        | Generated file path: data/2026/06/2026-06-12.xlsx
2026-06-12 09:14:05 | INFO     | save_data            | Saving data to: data/2026/06/2026-06-12.xlsx
2026-06-12 09:14:05 | DEBUG    | save_data            | Existing file found, merging data...
2026-06-12 09:14:09 | DEBUG    | save_data            | Loaded 38227 existing rows
2026-06-12 09:14:09 | DEBUG    | save_data            | Combined to 38706 rows
2026-06-12 09:14:09 | DEBUG    | save_data            | Writing to temporary file...
2026-06-12 09:14:16 | DEBUG    | save_data            | Data written to temp file: /home/runner/work/Thalorae-BackLioraen/Thalorae-BackLioraen/data/2026/06/tmp8ysz8iqx.xlsx
2026-06-12 09:14:16 | DEBUG    | save_data            | Temp file moved to final location
2026-06-12 09:14:16 | INFO     | save_data            | ✅ Data saved successfully (38706 total rows, 2866808 bytes)
2026-06-12 09:14:16 | INFO     | run                  | ======================================================================
2026-06-12 09:14:16 | INFO     | run                  | 📊 EXECUTION SUMMARY:
2026-06-12 09:14:16 | INFO     | run                  |    ✅ Status: SUCCESS
2026-06-12 09:14:16 | INFO     | run                  |    - Rows processed: 479
2026-06-12 09:14:16 | INFO     | run                  |    - Unique symbols: 479
2026-06-12 09:14:16 | INFO     | run                  |    - Timestamp: 2026-06-12 14:14:00
2026-06-12 09:14:16 | INFO     | run                  |    - File: data/2026/06/2026-06-12.xlsx
2026-06-12 09:14:16 | INFO     | run                  | ======================================================================
2026-06-12 09:14:16 | DEBUG    | run                  | Sample data (first row):
2026-06-12 09:14:16 | DEBUG    | run                  | {'SYMBOL': 'SPSL', 'SECTOR': 821, 'LDCP': 21.66, 'OPEN': 22.5, 'HIGH': 23.45, 'LOW': 22.4, 'CURRENT': 22.93, 'CHANGE': 1.27, 'CHANGE (%)': nan, 'VOLUME': 38855268, 'YEAR': 2026, 'MONTH': 6, 'DAY': 12, 'HOUR': 14, 'MINUTE': 14, 'DATETIME': '2026-06-12 14:14'}
2026-06-12 09:19:16 | INFO     | run                  | ======================================================================
2026-06-12 09:19:16 | INFO     | run                  | 🚀 MARKET DATA SCRAPER - SINGLE EXECUTION
2026-06-12 09:19:16 | INFO     | run                  | ======================================================================
2026-06-12 09:19:16 | INFO     | run                  | Execution Time: 2026-06-12 14:19:16 PKT
2026-06-12 09:19:16 | INFO     | run                  | Configuration:
2026-06-12 09:19:16 | INFO     | run                  |    - Timezone: Asia/Karachi
2026-06-12 09:19:16 | INFO     | run                  |    - Data directory: data
2026-06-12 09:19:16 | INFO     | run                  |    - Log directory: logs
2026-06-12 09:19:16 | INFO     | run                  | ======================================================================
2026-06-12 09:19:16 | INFO     | fetch_data           | Fetching data (Attempt 1/3)...
2026-06-12 09:19:16 | DEBUG    | fetch_data           | Establishing session with https://dps.psx.com.pk/
2026-06-12 09:19:19 | DEBUG    | fetch_data           | Requesting data from https://dps.psx.com.pk/market-watch
2026-06-12 09:19:21 | DEBUG    | fetch_data           | Response status: 200
2026-06-12 09:19:21 | DEBUG    | fetch_data           | Response content type: text/html; charset=utf-8
2026-06-12 09:19:21 | DEBUG    | fetch_data           | Response size: 458297 bytes
2026-06-12 09:19:21 | INFO     | fetch_data           | ✅ Data fetched successfully (Status: 200)
2026-06-12 09:19:21 | DEBUG    | parse_json           | Attempting JSON parsing...
2026-06-12 09:19:21 | DEBUG    | parse_json           | Response preview: <table class="tbl" data-page-length="25"><thead class="tbl__head"><!-- tr--><!--   th(colspan="11")--><!--   th.center(colspan="2", style="width: 110px;") TOTAL BUY ORDERS--><!--   th.center(colspan="2", style="width: 110px;") TOTAL SELL ORDERS--><tr><th data-name="symbol">SYMBOL</th><th data-name="sector">SECTOR</th><th data-name="listed">LISTED IN</th><th class="right" data-name="ldcp">LDCP</th><th class="right" data-name="open">OPEN</th><th class="right" data-name="high">HIGH</th><th class="r
2026-06-12 09:19:21 | WARNING  | parse_json           | ⚠️ JSON parsing failed: Expecting value: line 1 column 1 (char 0)
2026-06-12 09:19:21 | INFO     | run                  | JSON parsing failed, trying HTML fallback...
2026-06-12 09:19:21 | INFO     | parse_html           | Attempting HTML fallback parsing...
2026-06-12 09:19:21 | DEBUG    | parse_html           | Found 1 table(s) in HTML
2026-06-12 09:19:21 | DEBUG    | parse_html           | Table columns: ['SYMBOL', 'SECTOR', 'LISTED IN', 'LDCP', 'OPEN', 'HIGH', 'LOW', 'CURRENT', 'CHANGE', 'CHANGE (%)', 'VOLUME']
2026-06-12 09:19:21 | DEBUG    | parse_html           | Table shape: (479, 11)
2026-06-12 09:19:21 | INFO     | parse_html           | ✅ HTML parsed successfully (479 rows)
2026-06-12 09:19:21 | INFO     | clean_data           | Cleaning data...
2026-06-12 09:19:21 | DEBUG    | clean_data           | Initial shape: (479, 11)
2026-06-12 09:19:21 | DEBUG    | clean_data           | Initial columns: ['SYMBOL', 'SECTOR', 'LISTED IN', 'LDCP', 'OPEN', 'HIGH', 'LOW', 'CURRENT', 'CHANGE', 'CHANGE (%)', 'VOLUME']
2026-06-12 09:19:21 | DEBUG    | clean_data           | Removed 'LISTED IN' column
2026-06-12 09:19:21 | DEBUG    | clean_data           | Converted LDCP from float64 to numeric
2026-06-12 09:19:21 | DEBUG    | clean_data           | Converted OPEN from float64 to numeric
2026-06-12 09:19:21 | DEBUG    | clean_data           | Converted HIGH from float64 to numeric
2026-06-12 09:19:21 | DEBUG    | clean_data           | Converted LOW from float64 to numeric
2026-06-12 09:19:21 | DEBUG    | clean_data           | Converted CURRENT from float64 to numeric
2026-06-12 09:19:21 | DEBUG    | clean_data           | Converted CHANGE from float64 to numeric
2026-06-12 09:19:21 | DEBUG    | clean_data           | Converted CHANGE (%) from str to numeric
2026-06-12 09:19:21 | DEBUG    | clean_data           | Converted VOLUME from int64 to numeric
2026-06-12 09:19:21 | INFO     | clean_data           | ✅ Data cleaned (479 rows, 16 columns)
2026-06-12 09:19:21 | DEBUG    | clean_data           | Final columns: ['SYMBOL', 'SECTOR', 'LDCP', 'OPEN', 'HIGH', 'LOW', 'CURRENT', 'CHANGE', 'CHANGE (%)', 'VOLUME', 'YEAR', 'MONTH', 'DAY', 'HOUR', 'MINUTE', 'DATETIME']
2026-06-12 09:19:21 | DEBUG    | get_file_path        | Generated file path: data/2026/06/2026-06-12.xlsx
2026-06-12 09:19:21 | INFO     | save_data            | Saving data to: data/2026/06/2026-06-12.xlsx
2026-06-12 09:19:21 | DEBUG    | save_data            | Existing file found, merging data...
2026-06-12 09:19:25 | DEBUG    | save_data            | Loaded 38706 existing rows
2026-06-12 09:19:25 | DEBUG    | save_data            | Combined to 39185 rows
2026-06-12 09:19:25 | DEBUG    | save_data            | Writing to temporary file...
2026-06-12 09:19:32 | DEBUG    | save_data            | Data written to temp file: /home/runner/work/Thalorae-BackLioraen/Thalorae-BackLioraen/data/2026/06/tmpk2o4qm5d.xlsx
2026-06-12 09:19:32 | DEBUG    | save_data            | Temp file moved to final location
2026-06-12 09:19:32 | INFO     | save_data            | ✅ Data saved successfully (39185 total rows, 2902538 bytes)
2026-06-12 09:19:32 | INFO     | run                  | ======================================================================
2026-06-12 09:19:32 | INFO     | run                  | 📊 EXECUTION SUMMARY:
2026-06-12 09:19:32 | INFO     | run                  |    ✅ Status: SUCCESS
2026-06-12 09:19:32 | INFO     | run                  |    - Rows processed: 479
2026-06-12 09:19:32 | INFO     | run                  |    - Unique symbols: 479
2026-06-12 09:19:32 | INFO     | run                  |    - Timestamp: 2026-06-12 14:19:16
2026-06-12 09:19:32 | INFO     | run                  |    - File: data/2026/06/2026-06-12.xlsx
2026-06-12 09:19:32 | INFO     | run                  | ======================================================================
2026-06-12 09:19:32 | DEBUG    | run                  | Sample data (first row):
2026-06-12 09:19:32 | DEBUG    | run                  | {'SYMBOL': 'SPSL', 'SECTOR': 821, 'LDCP': 21.66, 'OPEN': 22.5, 'HIGH': 23.45, 'LOW': 22.4, 'CURRENT': 22.93, 'CHANGE': 1.27, 'CHANGE (%)': nan, 'VOLUME': 38855268, 'YEAR': 2026, 'MONTH': 6, 'DAY': 12, 'HOUR': 14, 'MINUTE': 19, 'DATETIME': '2026-06-12 14:19'}
2026-06-12 09:24:33 | INFO     | run                  | ======================================================================
2026-06-12 09:24:33 | INFO     | run                  | 🚀 MARKET DATA SCRAPER - SINGLE EXECUTION
2026-06-12 09:24:33 | INFO     | run                  | ======================================================================
2026-06-12 09:24:33 | INFO     | run                  | Execution Time: 2026-06-12 14:24:33 PKT
2026-06-12 09:24:33 | INFO     | run                  | Configuration:
2026-06-12 09:24:33 | INFO     | run                  |    - Timezone: Asia/Karachi
2026-06-12 09:24:33 | INFO     | run                  |    - Data directory: data
2026-06-12 09:24:33 | INFO     | run                  |    - Log directory: logs
2026-06-12 09:24:33 | INFO     | run                  | ======================================================================
2026-06-12 09:24:33 | INFO     | fetch_data           | Fetching data (Attempt 1/3)...
2026-06-12 09:24:33 | DEBUG    | fetch_data           | Establishing session with https://dps.psx.com.pk/
2026-06-12 09:24:36 | DEBUG    | fetch_data           | Requesting data from https://dps.psx.com.pk/market-watch
2026-06-12 09:24:37 | DEBUG    | fetch_data           | Response status: 200
2026-06-12 09:24:37 | DEBUG    | fetch_data           | Response content type: text/html; charset=utf-8
2026-06-12 09:24:37 | DEBUG    | fetch_data           | Response size: 458297 bytes
2026-06-12 09:24:37 | INFO     | fetch_data           | ✅ Data fetched successfully (Status: 200)
2026-06-12 09:24:37 | DEBUG    | parse_json           | Attempting JSON parsing...
2026-06-12 09:24:37 | DEBUG    | parse_json           | Response preview: <table class="tbl" data-page-length="25"><thead class="tbl__head"><!-- tr--><!--   th(colspan="11")--><!--   th.center(colspan="2", style="width: 110px;") TOTAL BUY ORDERS--><!--   th.center(colspan="2", style="width: 110px;") TOTAL SELL ORDERS--><tr><th data-name="symbol">SYMBOL</th><th data-name="sector">SECTOR</th><th data-name="listed">LISTED IN</th><th class="right" data-name="ldcp">LDCP</th><th class="right" data-name="open">OPEN</th><th class="right" data-name="high">HIGH</th><th class="r
2026-06-12 09:24:37 | WARNING  | parse_json           | ⚠️ JSON parsing failed: Expecting value: line 1 column 1 (char 0)
2026-06-12 09:24:37 | INFO     | run                  | JSON parsing failed, trying HTML fallback...
2026-06-12 09:24:37 | INFO     | parse_html           | Attempting HTML fallback parsing...
2026-06-12 09:24:37 | DEBUG    | parse_html           | Found 1 table(s) in HTML
2026-06-12 09:24:37 | DEBUG    | parse_html           | Table columns: ['SYMBOL', 'SECTOR', 'LISTED IN', 'LDCP', 'OPEN', 'HIGH', 'LOW', 'CURRENT', 'CHANGE', 'CHANGE (%)', 'VOLUME']
2026-06-12 09:24:37 | DEBUG    | parse_html           | Table shape: (479, 11)
2026-06-12 09:24:37 | INFO     | parse_html           | ✅ HTML parsed successfully (479 rows)
2026-06-12 09:24:37 | INFO     | clean_data           | Cleaning data...
2026-06-12 09:24:37 | DEBUG    | clean_data           | Initial shape: (479, 11)
2026-06-12 09:24:37 | DEBUG    | clean_data           | Initial columns: ['SYMBOL', 'SECTOR', 'LISTED IN', 'LDCP', 'OPEN', 'HIGH', 'LOW', 'CURRENT', 'CHANGE', 'CHANGE (%)', 'VOLUME']
2026-06-12 09:24:37 | DEBUG    | clean_data           | Removed 'LISTED IN' column
2026-06-12 09:24:37 | DEBUG    | clean_data           | Converted LDCP from float64 to numeric
2026-06-12 09:24:37 | DEBUG    | clean_data           | Converted OPEN from float64 to numeric
2026-06-12 09:24:37 | DEBUG    | clean_data           | Converted HIGH from float64 to numeric
2026-06-12 09:24:37 | DEBUG    | clean_data           | Converted LOW from float64 to numeric
2026-06-12 09:24:37 | DEBUG    | clean_data           | Converted CURRENT from float64 to numeric
2026-06-12 09:24:37 | DEBUG    | clean_data           | Converted CHANGE from float64 to numeric
2026-06-12 09:24:37 | DEBUG    | clean_data           | Converted CHANGE (%) from str to numeric
2026-06-12 09:24:37 | DEBUG    | clean_data           | Converted VOLUME from int64 to numeric
2026-06-12 09:24:37 | INFO     | clean_data           | ✅ Data cleaned (479 rows, 16 columns)
2026-06-12 09:24:37 | DEBUG    | clean_data           | Final columns: ['SYMBOL', 'SECTOR', 'LDCP', 'OPEN', 'HIGH', 'LOW', 'CURRENT', 'CHANGE', 'CHANGE (%)', 'VOLUME', 'YEAR', 'MONTH', 'DAY', 'HOUR', 'MINUTE', 'DATETIME']
2026-06-12 09:24:37 | DEBUG    | get_file_path        | Generated file path: data/2026/06/2026-06-12.xlsx
2026-06-12 09:24:37 | INFO     | save_data            | Saving data to: data/2026/06/2026-06-12.xlsx
2026-06-12 09:24:37 | DEBUG    | save_data            | Existing file found, merging data...
2026-06-12 09:24:41 | DEBUG    | save_data            | Loaded 39185 existing rows
2026-06-12 09:24:41 | DEBUG    | save_data            | Combined to 39664 rows
2026-06-12 09:24:41 | DEBUG    | save_data            | Writing to temporary file...
2026-06-12 09:24:49 | DEBUG    | save_data            | Data written to temp file: /home/runner/work/Thalorae-BackLioraen/Thalorae-BackLioraen/data/2026/06/tmpxkdjz81l.xlsx
2026-06-12 09:24:49 | DEBUG    | save_data            | Temp file moved to final location
2026-06-12 09:24:49 | INFO     | save_data            | ✅ Data saved successfully (39664 total rows, 2938222 bytes)
2026-06-12 09:24:49 | INFO     | run                  | ======================================================================
2026-06-12 09:24:49 | INFO     | run                  | 📊 EXECUTION SUMMARY:
2026-06-12 09:24:49 | INFO     | run                  |    ✅ Status: SUCCESS
2026-06-12 09:24:49 | INFO     | run                  |    - Rows processed: 479
2026-06-12 09:24:49 | INFO     | run                  |    - Unique symbols: 479
2026-06-12 09:24:49 | INFO     | run                  |    - Timestamp: 2026-06-12 14:24:33
2026-06-12 09:24:49 | INFO     | run                  |    - File: data/2026/06/2026-06-12.xlsx
2026-06-12 09:24:49 | INFO     | run                  | ======================================================================
2026-06-12 09:24:49 | DEBUG    | run                  | Sample data (first row):
2026-06-12 09:24:49 | DEBUG    | run                  | {'SYMBOL': 'SPSL', 'SECTOR': 821, 'LDCP': 21.66, 'OPEN': 22.5, 'HIGH': 23.45, 'LOW': 22.4, 'CURRENT': 22.93, 'CHANGE': 1.27, 'CHANGE (%)': nan, 'VOLUME': 38855268, 'YEAR': 2026, 'MONTH': 6, 'DAY': 12, 'HOUR': 14, 'MINUTE': 24, 'DATETIME': '2026-06-12 14:24'}
2026-06-12 09:29:49 | INFO     | run                  | ======================================================================
2026-06-12 09:29:49 | INFO     | run                  | 🚀 MARKET DATA SCRAPER - SINGLE EXECUTION
2026-06-12 09:29:49 | INFO     | run                  | ======================================================================
2026-06-12 09:29:49 | INFO     | run                  | Execution Time: 2026-06-12 14:29:49 PKT
2026-06-12 09:29:49 | INFO     | run                  | Configuration:
2026-06-12 09:29:49 | INFO     | run                  |    - Timezone: Asia/Karachi
2026-06-12 09:29:49 | INFO     | run                  |    - Data directory: data
2026-06-12 09:29:49 | INFO     | run                  |    - Log directory: logs
2026-06-12 09:29:49 | INFO     | run                  | ======================================================================
2026-06-12 09:29:49 | INFO     | fetch_data           | Fetching data (Attempt 1/3)...
2026-06-12 09:29:49 | DEBUG    | fetch_data           | Establishing session with https://dps.psx.com.pk/
2026-06-12 09:29:53 | DEBUG    | fetch_data           | Requesting data from https://dps.psx.com.pk/market-watch
2026-06-12 09:29:55 | DEBUG    | fetch_data           | Response status: 200
2026-06-12 09:29:55 | DEBUG    | fetch_data           | Response content type: text/html; charset=utf-8
2026-06-12 09:29:55 | DEBUG    | fetch_data           | Response size: 458297 bytes
2026-06-12 09:29:55 | INFO     | fetch_data           | ✅ Data fetched successfully (Status: 200)
2026-06-12 09:29:55 | DEBUG    | parse_json           | Attempting JSON parsing...
2026-06-12 09:29:55 | DEBUG    | parse_json           | Response preview: <table class="tbl" data-page-length="25"><thead class="tbl__head"><!-- tr--><!--   th(colspan="11")--><!--   th.center(colspan="2", style="width: 110px;") TOTAL BUY ORDERS--><!--   th.center(colspan="2", style="width: 110px;") TOTAL SELL ORDERS--><tr><th data-name="symbol">SYMBOL</th><th data-name="sector">SECTOR</th><th data-name="listed">LISTED IN</th><th class="right" data-name="ldcp">LDCP</th><th class="right" data-name="open">OPEN</th><th class="right" data-name="high">HIGH</th><th class="r
2026-06-12 09:29:55 | WARNING  | parse_json           | ⚠️ JSON parsing failed: Expecting value: line 1 column 1 (char 0)
2026-06-12 09:29:55 | INFO     | run                  | JSON parsing failed, trying HTML fallback...
2026-06-12 09:29:55 | INFO     | parse_html           | Attempting HTML fallback parsing...
2026-06-12 09:29:55 | DEBUG    | parse_html           | Found 1 table(s) in HTML
2026-06-12 09:29:55 | DEBUG    | parse_html           | Table columns: ['SYMBOL', 'SECTOR', 'LISTED IN', 'LDCP', 'OPEN', 'HIGH', 'LOW', 'CURRENT', 'CHANGE', 'CHANGE (%)', 'VOLUME']
2026-06-12 09:29:55 | DEBUG    | parse_html           | Table shape: (479, 11)
2026-06-12 09:29:55 | INFO     | parse_html           | ✅ HTML parsed successfully (479 rows)
2026-06-12 09:29:55 | INFO     | clean_data           | Cleaning data...
2026-06-12 09:29:55 | DEBUG    | clean_data           | Initial shape: (479, 11)
2026-06-12 09:29:55 | DEBUG    | clean_data           | Initial columns: ['SYMBOL', 'SECTOR', 'LISTED IN', 'LDCP', 'OPEN', 'HIGH', 'LOW', 'CURRENT', 'CHANGE', 'CHANGE (%)', 'VOLUME']
2026-06-12 09:29:55 | DEBUG    | clean_data           | Removed 'LISTED IN' column
2026-06-12 09:29:55 | DEBUG    | clean_data           | Converted LDCP from float64 to numeric
2026-06-12 09:29:55 | DEBUG    | clean_data           | Converted OPEN from float64 to numeric
2026-06-12 09:29:55 | DEBUG    | clean_data           | Converted HIGH from float64 to numeric
2026-06-12 09:29:55 | DEBUG    | clean_data           | Converted LOW from float64 to numeric
2026-06-12 09:29:55 | DEBUG    | clean_data           | Converted CURRENT from float64 to numeric
2026-06-12 09:29:55 | DEBUG    | clean_data           | Converted CHANGE from float64 to numeric
2026-06-12 09:29:55 | DEBUG    | clean_data           | Converted CHANGE (%) from str to numeric
2026-06-12 09:29:55 | DEBUG    | clean_data           | Converted VOLUME from int64 to numeric
2026-06-12 09:29:55 | INFO     | clean_data           | ✅ Data cleaned (479 rows, 16 columns)
2026-06-12 09:29:55 | DEBUG    | clean_data           | Final columns: ['SYMBOL', 'SECTOR', 'LDCP', 'OPEN', 'HIGH', 'LOW', 'CURRENT', 'CHANGE', 'CHANGE (%)', 'VOLUME', 'YEAR', 'MONTH', 'DAY', 'HOUR', 'MINUTE', 'DATETIME']
2026-06-12 09:29:55 | DEBUG    | get_file_path        | Generated file path: data/2026/06/2026-06-12.xlsx
2026-06-12 09:29:55 | INFO     | save_data            | Saving data to: data/2026/06/2026-06-12.xlsx
2026-06-12 09:29:55 | DEBUG    | save_data            | Existing file found, merging data...
2026-06-12 09:29:59 | DEBUG    | save_data            | Loaded 39664 existing rows
2026-06-12 09:29:59 | DEBUG    | save_data            | Combined to 40143 rows
2026-06-12 09:29:59 | DEBUG    | save_data            | Writing to temporary file...
2026-06-12 09:30:06 | DEBUG    | save_data            | Data written to temp file: /home/runner/work/Thalorae-BackLioraen/Thalorae-BackLioraen/data/2026/06/tmpyqyx5rfr.xlsx
2026-06-12 09:30:06 | DEBUG    | save_data            | Temp file moved to final location
2026-06-12 09:30:06 | INFO     | save_data            | ✅ Data saved successfully (40143 total rows, 2973961 bytes)
2026-06-12 09:30:06 | INFO     | run                  | ======================================================================
2026-06-12 09:30:06 | INFO     | run                  | 📊 EXECUTION SUMMARY:
2026-06-12 09:30:06 | INFO     | run                  |    ✅ Status: SUCCESS
2026-06-12 09:30:06 | INFO     | run                  |    - Rows processed: 479
2026-06-12 09:30:06 | INFO     | run                  |    - Unique symbols: 479
2026-06-12 09:30:06 | INFO     | run                  |    - Timestamp: 2026-06-12 14:29:49
2026-06-12 09:30:06 | INFO     | run                  |    - File: data/2026/06/2026-06-12.xlsx
2026-06-12 09:30:06 | INFO     | run                  | ======================================================================
2026-06-12 09:30:06 | DEBUG    | run                  | Sample data (first row):
2026-06-12 09:30:06 | DEBUG    | run                  | {'SYMBOL': 'SPSL', 'SECTOR': 821, 'LDCP': 21.66, 'OPEN': 22.5, 'HIGH': 23.45, 'LOW': 22.4, 'CURRENT': 22.93, 'CHANGE': 1.27, 'CHANGE (%)': nan, 'VOLUME': 38855268, 'YEAR': 2026, 'MONTH': 6, 'DAY': 12, 'HOUR': 14, 'MINUTE': 29, 'DATETIME': '2026-06-12 14:29'}
2026-06-12 09:35:07 | INFO     | run                  | ======================================================================
2026-06-12 09:35:07 | INFO     | run                  | 🚀 MARKET DATA SCRAPER - SINGLE EXECUTION
2026-06-12 09:35:07 | INFO     | run                  | ======================================================================
2026-06-12 09:35:07 | INFO     | run                  | Execution Time: 2026-06-12 14:35:07 PKT
2026-06-12 09:35:07 | INFO     | run                  | Configuration:
2026-06-12 09:35:07 | INFO     | run                  |    - Timezone: Asia/Karachi
2026-06-12 09:35:07 | INFO     | run                  |    - Data directory: data
2026-06-12 09:35:07 | INFO     | run                  |    - Log directory: logs
2026-06-12 09:35:07 | INFO     | run                  | ======================================================================
2026-06-12 09:35:07 | INFO     | fetch_data           | Fetching data (Attempt 1/3)...
2026-06-12 09:35:07 | DEBUG    | fetch_data           | Establishing session with https://dps.psx.com.pk/
2026-06-12 09:35:10 | DEBUG    | fetch_data           | Requesting data from https://dps.psx.com.pk/market-watch
2026-06-12 09:35:11 | DEBUG    | fetch_data           | Response status: 200
2026-06-12 09:35:11 | DEBUG    | fetch_data           | Response content type: text/html; charset=utf-8
2026-06-12 09:35:11 | DEBUG    | fetch_data           | Response size: 458373 bytes
2026-06-12 09:35:11 | INFO     | fetch_data           | ✅ Data fetched successfully (Status: 200)
2026-06-12 09:35:11 | DEBUG    | parse_json           | Attempting JSON parsing...
2026-06-12 09:35:11 | DEBUG    | parse_json           | Response preview: <table class="tbl" data-page-length="25"><thead class="tbl__head"><!-- tr--><!--   th(colspan="11")--><!--   th.center(colspan="2", style="width: 110px;") TOTAL BUY ORDERS--><!--   th.center(colspan="2", style="width: 110px;") TOTAL SELL ORDERS--><tr><th data-name="symbol">SYMBOL</th><th data-name="sector">SECTOR</th><th data-name="listed">LISTED IN</th><th class="right" data-name="ldcp">LDCP</th><th class="right" data-name="open">OPEN</th><th class="right" data-name="high">HIGH</th><th class="r
2026-06-12 09:35:11 | WARNING  | parse_json           | ⚠️ JSON parsing failed: Expecting value: line 1 column 1 (char 0)
2026-06-12 09:35:11 | INFO     | run                  | JSON parsing failed, trying HTML fallback...
2026-06-12 09:35:11 | INFO     | parse_html           | Attempting HTML fallback parsing...
2026-06-12 09:35:11 | DEBUG    | parse_html           | Found 1 table(s) in HTML
2026-06-12 09:35:11 | DEBUG    | parse_html           | Table columns: ['SYMBOL', 'SECTOR', 'LISTED IN', 'LDCP', 'OPEN', 'HIGH', 'LOW', 'CURRENT', 'CHANGE', 'CHANGE (%)', 'VOLUME']
2026-06-12 09:35:11 | DEBUG    | parse_html           | Table shape: (479, 11)
2026-06-12 09:35:11 | INFO     | parse_html           | ✅ HTML parsed successfully (479 rows)
2026-06-12 09:35:11 | INFO     | clean_data           | Cleaning data...
2026-06-12 09:35:11 | DEBUG    | clean_data           | Initial shape: (479, 11)
2026-06-12 09:35:11 | DEBUG    | clean_data           | Initial columns: ['SYMBOL', 'SECTOR', 'LISTED IN', 'LDCP', 'OPEN', 'HIGH', 'LOW', 'CURRENT', 'CHANGE', 'CHANGE (%)', 'VOLUME']
2026-06-12 09:35:11 | DEBUG    | clean_data           | Removed 'LISTED IN' column
2026-06-12 09:35:11 | DEBUG    | clean_data           | Converted LDCP from float64 to numeric
2026-06-12 09:35:11 | DEBUG    | clean_data           | Converted OPEN from float64 to numeric
2026-06-12 09:35:11 | DEBUG    | clean_data           | Converted HIGH from float64 to numeric
2026-06-12 09:35:11 | DEBUG    | clean_data           | Converted LOW from float64 to numeric
2026-06-12 09:35:11 | DEBUG    | clean_data           | Converted CURRENT from float64 to numeric
2026-06-12 09:35:11 | DEBUG    | clean_data           | Converted CHANGE from float64 to numeric
2026-06-12 09:35:11 | DEBUG    | clean_data           | Converted CHANGE (%) from str to numeric
2026-06-12 09:35:11 | DEBUG    | clean_data           | Converted VOLUME from int64 to numeric
2026-06-12 09:35:11 | INFO     | clean_data           | ✅ Data cleaned (479 rows, 16 columns)
2026-06-12 09:35:11 | DEBUG    | clean_data           | Final columns: ['SYMBOL', 'SECTOR', 'LDCP', 'OPEN', 'HIGH', 'LOW', 'CURRENT', 'CHANGE', 'CHANGE (%)', 'VOLUME', 'YEAR', 'MONTH', 'DAY', 'HOUR', 'MINUTE', 'DATETIME']
2026-06-12 09:35:11 | DEBUG    | get_file_path        | Generated file path: data/2026/06/2026-06-12.xlsx
2026-06-12 09:35:11 | INFO     | save_data            | Saving data to: data/2026/06/2026-06-12.xlsx
2026-06-12 09:35:11 | DEBUG    | save_data            | Existing file found, merging data...
2026-06-12 09:35:16 | DEBUG    | save_data            | Loaded 40143 existing rows
2026-06-12 09:35:16 | DEBUG    | save_data            | Combined to 40622 rows
2026-06-12 09:35:16 | DEBUG    | save_data            | Writing to temporary file...
2026-06-12 09:35:23 | DEBUG    | save_data            | Data written to temp file: /home/runner/work/Thalorae-BackLioraen/Thalorae-BackLioraen/data/2026/06/tmpsy4ozs_5.xlsx
2026-06-12 09:35:23 | DEBUG    | save_data            | Temp file moved to final location
2026-06-12 09:35:23 | INFO     | save_data            | ✅ Data saved successfully (40622 total rows, 3009658 bytes)
2026-06-12 09:35:23 | INFO     | run                  | ======================================================================
2026-06-12 09:35:23 | INFO     | run                  | 📊 EXECUTION SUMMARY:
2026-06-12 09:35:23 | INFO     | run                  |    ✅ Status: SUCCESS
2026-06-12 09:35:23 | INFO     | run                  |    - Rows processed: 479
2026-06-12 09:35:23 | INFO     | run                  |    - Unique symbols: 479
2026-06-12 09:35:23 | INFO     | run                  |    - Timestamp: 2026-06-12 14:35:07
2026-06-12 09:35:23 | INFO     | run                  |    - File: data/2026/06/2026-06-12.xlsx
2026-06-12 09:35:23 | INFO     | run                  | ======================================================================
2026-06-12 09:35:23 | DEBUG    | run                  | Sample data (first row):
2026-06-12 09:35:23 | DEBUG    | run                  | {'SYMBOL': 'SPSL', 'SECTOR': 821, 'LDCP': 21.66, 'OPEN': 22.5, 'HIGH': 23.45, 'LOW': 22.4, 'CURRENT': 22.99, 'CHANGE': 1.33, 'CHANGE (%)': nan, 'VOLUME': 39340787, 'YEAR': 2026, 'MONTH': 6, 'DAY': 12, 'HOUR': 14, 'MINUTE': 35, 'DATETIME': '2026-06-12 14:35'}
2026-06-12 09:40:24 | INFO     | run                  | ======================================================================
2026-06-12 09:40:24 | INFO     | run                  | 🚀 MARKET DATA SCRAPER - SINGLE EXECUTION
2026-06-12 09:40:24 | INFO     | run                  | ======================================================================
2026-06-12 09:40:24 | INFO     | run                  | Execution Time: 2026-06-12 14:40:24 PKT
2026-06-12 09:40:24 | INFO     | run                  | Configuration:
2026-06-12 09:40:24 | INFO     | run                  |    - Timezone: Asia/Karachi
2026-06-12 09:40:24 | INFO     | run                  |    - Data directory: data
2026-06-12 09:40:24 | INFO     | run                  |    - Log directory: logs
2026-06-12 09:40:24 | INFO     | run                  | ======================================================================
2026-06-12 09:40:24 | INFO     | fetch_data           | Fetching data (Attempt 1/3)...
2026-06-12 09:40:24 | DEBUG    | fetch_data           | Establishing session with https://dps.psx.com.pk/
2026-06-12 09:40:27 | DEBUG    | fetch_data           | Requesting data from https://dps.psx.com.pk/market-watch
2026-06-12 09:40:30 | DEBUG    | fetch_data           | Response status: 200
2026-06-12 09:40:30 | DEBUG    | fetch_data           | Response content type: text/html; charset=utf-8
2026-06-12 09:40:30 | DEBUG    | fetch_data           | Response size: 458099 bytes
2026-06-12 09:40:30 | INFO     | fetch_data           | ✅ Data fetched successfully (Status: 200)
2026-06-12 09:40:30 | DEBUG    | parse_json           | Attempting JSON parsing...
2026-06-12 09:40:30 | DEBUG    | parse_json           | Response preview: <table class="tbl" data-page-length="25"><thead class="tbl__head"><!-- tr--><!--   th(colspan="11")--><!--   th.center(colspan="2", style="width: 110px;") TOTAL BUY ORDERS--><!--   th.center(colspan="2", style="width: 110px;") TOTAL SELL ORDERS--><tr><th data-name="symbol">SYMBOL</th><th data-name="sector">SECTOR</th><th data-name="listed">LISTED IN</th><th class="right" data-name="ldcp">LDCP</th><th class="right" data-name="open">OPEN</th><th class="right" data-name="high">HIGH</th><th class="r
2026-06-12 09:40:30 | WARNING  | parse_json           | ⚠️ JSON parsing failed: Expecting value: line 1 column 1 (char 0)
2026-06-12 09:40:30 | INFO     | run                  | JSON parsing failed, trying HTML fallback...
2026-06-12 09:40:30 | INFO     | parse_html           | Attempting HTML fallback parsing...
2026-06-12 09:40:30 | DEBUG    | parse_html           | Found 1 table(s) in HTML
2026-06-12 09:40:30 | DEBUG    | parse_html           | Table columns: ['SYMBOL', 'SECTOR', 'LISTED IN', 'LDCP', 'OPEN', 'HIGH', 'LOW', 'CURRENT', 'CHANGE', 'CHANGE (%)', 'VOLUME']
2026-06-12 09:40:30 | DEBUG    | parse_html           | Table shape: (479, 11)
2026-06-12 09:40:30 | INFO     | parse_html           | ✅ HTML parsed successfully (479 rows)
2026-06-12 09:40:30 | INFO     | clean_data           | Cleaning data...
2026-06-12 09:40:30 | DEBUG    | clean_data           | Initial shape: (479, 11)
2026-06-12 09:40:30 | DEBUG    | clean_data           | Initial columns: ['SYMBOL', 'SECTOR', 'LISTED IN', 'LDCP', 'OPEN', 'HIGH', 'LOW', 'CURRENT', 'CHANGE', 'CHANGE (%)', 'VOLUME']
2026-06-12 09:40:30 | DEBUG    | clean_data           | Removed 'LISTED IN' column
2026-06-12 09:40:30 | DEBUG    | clean_data           | Converted LDCP from float64 to numeric
2026-06-12 09:40:30 | DEBUG    | clean_data           | Converted OPEN from float64 to numeric
2026-06-12 09:40:30 | DEBUG    | clean_data           | Converted HIGH from float64 to numeric
2026-06-12 09:40:30 | DEBUG    | clean_data           | Converted LOW from float64 to numeric
2026-06-12 09:40:30 | DEBUG    | clean_data           | Converted CURRENT from float64 to numeric
2026-06-12 09:40:30 | DEBUG    | clean_data           | Converted CHANGE from float64 to numeric
2026-06-12 09:40:30 | DEBUG    | clean_data           | Converted CHANGE (%) from str to numeric
2026-06-12 09:40:30 | DEBUG    | clean_data           | Converted VOLUME from int64 to numeric
2026-06-12 09:40:30 | INFO     | clean_data           | ✅ Data cleaned (479 rows, 16 columns)
2026-06-12 09:40:30 | DEBUG    | clean_data           | Final columns: ['SYMBOL', 'SECTOR', 'LDCP', 'OPEN', 'HIGH', 'LOW', 'CURRENT', 'CHANGE', 'CHANGE (%)', 'VOLUME', 'YEAR', 'MONTH', 'DAY', 'HOUR', 'MINUTE', 'DATETIME']
2026-06-12 09:40:30 | DEBUG    | get_file_path        | Generated file path: data/2026/06/2026-06-12.xlsx
2026-06-12 09:40:30 | INFO     | save_data            | Saving data to: data/2026/06/2026-06-12.xlsx
2026-06-12 09:40:30 | DEBUG    | save_data            | Existing file found, merging data...
2026-06-12 09:40:34 | DEBUG    | save_data            | Loaded 40622 existing rows
2026-06-12 09:40:34 | DEBUG    | save_data            | Combined to 41101 rows
2026-06-12 09:40:34 | DEBUG    | save_data            | Writing to temporary file...
2026-06-12 09:40:42 | DEBUG    | save_data            | Data written to temp file: /home/runner/work/Thalorae-BackLioraen/Thalorae-BackLioraen/data/2026/06/tmph01g4284.xlsx
2026-06-12 09:40:42 | DEBUG    | save_data            | Temp file moved to final location
2026-06-12 09:40:42 | INFO     | save_data            | ✅ Data saved successfully (41101 total rows, 3045411 bytes)
2026-06-12 09:40:42 | INFO     | run                  | ======================================================================
2026-06-12 09:40:42 | INFO     | run                  | 📊 EXECUTION SUMMARY:
2026-06-12 09:40:42 | INFO     | run                  |    ✅ Status: SUCCESS
2026-06-12 09:40:42 | INFO     | run                  |    - Rows processed: 479
2026-06-12 09:40:42 | INFO     | run                  |    - Unique symbols: 479
2026-06-12 09:40:42 | INFO     | run                  |    - Timestamp: 2026-06-12 14:40:24
2026-06-12 09:40:42 | INFO     | run                  |    - File: data/2026/06/2026-06-12.xlsx
2026-06-12 09:40:42 | INFO     | run                  | ======================================================================
2026-06-12 09:40:42 | DEBUG    | run                  | Sample data (first row):
2026-06-12 09:40:42 | DEBUG    | run                  | {'SYMBOL': 'SPSL', 'SECTOR': 821, 'LDCP': 21.66, 'OPEN': 22.5, 'HIGH': 23.45, 'LOW': 22.4, 'CURRENT': 22.9, 'CHANGE': 1.24, 'CHANGE (%)': nan, 'VOLUME': 39938324, 'YEAR': 2026, 'MONTH': 6, 'DAY': 12, 'HOUR': 14, 'MINUTE': 40, 'DATETIME': '2026-06-12 14:40'}
2026-06-12 09:45:42 | INFO     | run                  | ======================================================================
2026-06-12 09:45:42 | INFO     | run                  | 🚀 MARKET DATA SCRAPER - SINGLE EXECUTION
2026-06-12 09:45:42 | INFO     | run                  | ======================================================================
2026-06-12 09:45:42 | INFO     | run                  | Execution Time: 2026-06-12 14:45:42 PKT
2026-06-12 09:45:42 | INFO     | run                  | Configuration:
2026-06-12 09:45:42 | INFO     | run                  |    - Timezone: Asia/Karachi
2026-06-12 09:45:42 | INFO     | run                  |    - Data directory: data
2026-06-12 09:45:42 | INFO     | run                  |    - Log directory: logs
2026-06-12 09:45:42 | INFO     | run                  | ======================================================================
2026-06-12 09:45:42 | INFO     | fetch_data           | Fetching data (Attempt 1/3)...
2026-06-12 09:45:42 | DEBUG    | fetch_data           | Establishing session with https://dps.psx.com.pk/
2026-06-12 09:45:45 | DEBUG    | fetch_data           | Requesting data from https://dps.psx.com.pk/market-watch
2026-06-12 09:45:47 | DEBUG    | fetch_data           | Response status: 200
2026-06-12 09:45:47 | DEBUG    | fetch_data           | Response content type: text/html; charset=utf-8
2026-06-12 09:45:47 | DEBUG    | fetch_data           | Response size: 458999 bytes
2026-06-12 09:45:47 | INFO     | fetch_data           | ✅ Data fetched successfully (Status: 200)
2026-06-12 09:45:47 | DEBUG    | parse_json           | Attempting JSON parsing...
2026-06-12 09:45:47 | DEBUG    | parse_json           | Response preview: <table class="tbl" data-page-length="25"><thead class="tbl__head"><!-- tr--><!--   th(colspan="11")--><!--   th.center(colspan="2", style="width: 110px;") TOTAL BUY ORDERS--><!--   th.center(colspan="2", style="width: 110px;") TOTAL SELL ORDERS--><tr><th data-name="symbol">SYMBOL</th><th data-name="sector">SECTOR</th><th data-name="listed">LISTED IN</th><th class="right" data-name="ldcp">LDCP</th><th class="right" data-name="open">OPEN</th><th class="right" data-name="high">HIGH</th><th class="r
2026-06-12 09:45:47 | WARNING  | parse_json           | ⚠️ JSON parsing failed: Expecting value: line 1 column 1 (char 0)
2026-06-12 09:45:47 | INFO     | run                  | JSON parsing failed, trying HTML fallback...
2026-06-12 09:45:47 | INFO     | parse_html           | Attempting HTML fallback parsing...
2026-06-12 09:45:47 | DEBUG    | parse_html           | Found 1 table(s) in HTML
2026-06-12 09:45:47 | DEBUG    | parse_html           | Table columns: ['SYMBOL', 'SECTOR', 'LISTED IN', 'LDCP', 'OPEN', 'HIGH', 'LOW', 'CURRENT', 'CHANGE', 'CHANGE (%)', 'VOLUME']
2026-06-12 09:45:47 | DEBUG    | parse_html           | Table shape: (480, 11)
2026-06-12 09:45:47 | INFO     | parse_html           | ✅ HTML parsed successfully (480 rows)
2026-06-12 09:45:47 | INFO     | clean_data           | Cleaning data...
2026-06-12 09:45:47 | DEBUG    | clean_data           | Initial shape: (480, 11)
2026-06-12 09:45:47 | DEBUG    | clean_data           | Initial columns: ['SYMBOL', 'SECTOR', 'LISTED IN', 'LDCP', 'OPEN', 'HIGH', 'LOW', 'CURRENT', 'CHANGE', 'CHANGE (%)', 'VOLUME']
2026-06-12 09:45:47 | DEBUG    | clean_data           | Removed 'LISTED IN' column
2026-06-12 09:45:47 | DEBUG    | clean_data           | Converted LDCP from float64 to numeric
2026-06-12 09:45:47 | DEBUG    | clean_data           | Converted OPEN from float64 to numeric
2026-06-12 09:45:47 | DEBUG    | clean_data           | Converted HIGH from float64 to numeric
2026-06-12 09:45:47 | DEBUG    | clean_data           | Converted LOW from float64 to numeric
2026-06-12 09:45:47 | DEBUG    | clean_data           | Converted CURRENT from float64 to numeric
2026-06-12 09:45:47 | DEBUG    | clean_data           | Converted CHANGE from float64 to numeric
2026-06-12 09:45:47 | DEBUG    | clean_data           | Converted CHANGE (%) from str to numeric
2026-06-12 09:45:47 | DEBUG    | clean_data           | Converted VOLUME from int64 to numeric
2026-06-12 09:45:47 | INFO     | clean_data           | ✅ Data cleaned (480 rows, 16 columns)
2026-06-12 09:45:47 | DEBUG    | clean_data           | Final columns: ['SYMBOL', 'SECTOR', 'LDCP', 'OPEN', 'HIGH', 'LOW', 'CURRENT', 'CHANGE', 'CHANGE (%)', 'VOLUME', 'YEAR', 'MONTH', 'DAY', 'HOUR', 'MINUTE', 'DATETIME']
2026-06-12 09:45:47 | DEBUG    | get_file_path        | Generated file path: data/2026/06/2026-06-12.xlsx
2026-06-12 09:45:47 | INFO     | save_data            | Saving data to: data/2026/06/2026-06-12.xlsx
2026-06-12 09:45:47 | DEBUG    | save_data            | Existing file found, merging data...
2026-06-12 09:45:52 | DEBUG    | save_data            | Loaded 41101 existing rows
2026-06-12 09:45:52 | DEBUG    | save_data            | Combined to 41581 rows
2026-06-12 09:45:52 | DEBUG    | save_data            | Writing to temporary file...
2026-06-12 09:45:59 | DEBUG    | save_data            | Data written to temp file: /home/runner/work/Thalorae-BackLioraen/Thalorae-BackLioraen/data/2026/06/tmpz78nhfxg.xlsx
2026-06-12 09:45:59 | DEBUG    | save_data            | Temp file moved to final location
2026-06-12 09:45:59 | INFO     | save_data            | ✅ Data saved successfully (41581 total rows, 3081362 bytes)
2026-06-12 09:45:59 | INFO     | run                  | ======================================================================
2026-06-12 09:45:59 | INFO     | run                  | 📊 EXECUTION SUMMARY:
2026-06-12 09:45:59 | INFO     | run                  |    ✅ Status: SUCCESS
2026-06-12 09:45:59 | INFO     | run                  |    - Rows processed: 480
2026-06-12 09:45:59 | INFO     | run                  |    - Unique symbols: 480
2026-06-12 09:45:59 | INFO     | run                  |    - Timestamp: 2026-06-12 14:45:42
2026-06-12 09:45:59 | INFO     | run                  |    - File: data/2026/06/2026-06-12.xlsx
2026-06-12 09:45:59 | INFO     | run                  | ======================================================================
2026-06-12 09:45:59 | DEBUG    | run                  | Sample data (first row):
2026-06-12 09:45:59 | DEBUG    | run                  | {'SYMBOL': 'SPSL', 'SECTOR': 821, 'LDCP': 21.66, 'OPEN': 22.5, 'HIGH': 23.45, 'LOW': 22.4, 'CURRENT': 22.83, 'CHANGE': 1.17, 'CHANGE (%)': nan, 'VOLUME': 40225290, 'YEAR': 2026, 'MONTH': 6, 'DAY': 12, 'HOUR': 14, 'MINUTE': 45, 'DATETIME': '2026-06-12 14:45'}
2026-06-12 09:51:00 | INFO     | run                  | ======================================================================
2026-06-12 09:51:00 | INFO     | run                  | 🚀 MARKET DATA SCRAPER - SINGLE EXECUTION
2026-06-12 09:51:00 | INFO     | run                  | ======================================================================
2026-06-12 09:51:00 | INFO     | run                  | Execution Time: 2026-06-12 14:51:00 PKT
2026-06-12 09:51:00 | INFO     | run                  | Configuration:
2026-06-12 09:51:00 | INFO     | run                  |    - Timezone: Asia/Karachi
2026-06-12 09:51:00 | INFO     | run                  |    - Data directory: data
2026-06-12 09:51:00 | INFO     | run                  |    - Log directory: logs
2026-06-12 09:51:00 | INFO     | run                  | ======================================================================
2026-06-12 09:51:00 | INFO     | fetch_data           | Fetching data (Attempt 1/3)...
2026-06-12 09:51:00 | DEBUG    | fetch_data           | Establishing session with https://dps.psx.com.pk/
2026-06-12 09:51:03 | DEBUG    | fetch_data           | Requesting data from https://dps.psx.com.pk/market-watch
2026-06-12 09:51:04 | DEBUG    | fetch_data           | Response status: 200
2026-06-12 09:51:04 | DEBUG    | fetch_data           | Response content type: text/html; charset=utf-8
2026-06-12 09:51:04 | DEBUG    | fetch_data           | Response size: 459996 bytes
2026-06-12 09:51:04 | INFO     | fetch_data           | ✅ Data fetched successfully (Status: 200)
2026-06-12 09:51:04 | DEBUG    | parse_json           | Attempting JSON parsing...
2026-06-12 09:51:04 | DEBUG    | parse_json           | Response preview: <table class="tbl" data-page-length="25"><thead class="tbl__head"><!-- tr--><!--   th(colspan="11")--><!--   th.center(colspan="2", style="width: 110px;") TOTAL BUY ORDERS--><!--   th.center(colspan="2", style="width: 110px;") TOTAL SELL ORDERS--><tr><th data-name="symbol">SYMBOL</th><th data-name="sector">SECTOR</th><th data-name="listed">LISTED IN</th><th class="right" data-name="ldcp">LDCP</th><th class="right" data-name="open">OPEN</th><th class="right" data-name="high">HIGH</th><th class="r
2026-06-12 09:51:04 | WARNING  | parse_json           | ⚠️ JSON parsing failed: Expecting value: line 1 column 1 (char 0)
2026-06-12 09:51:04 | INFO     | run                  | JSON parsing failed, trying HTML fallback...
2026-06-12 09:51:04 | INFO     | parse_html           | Attempting HTML fallback parsing...
2026-06-12 09:51:04 | DEBUG    | parse_html           | Found 1 table(s) in HTML
2026-06-12 09:51:04 | DEBUG    | parse_html           | Table columns: ['SYMBOL', 'SECTOR', 'LISTED IN', 'LDCP', 'OPEN', 'HIGH', 'LOW', 'CURRENT', 'CHANGE', 'CHANGE (%)', 'VOLUME']
2026-06-12 09:51:04 | DEBUG    | parse_html           | Table shape: (481, 11)
2026-06-12 09:51:04 | INFO     | parse_html           | ✅ HTML parsed successfully (481 rows)
2026-06-12 09:51:04 | INFO     | clean_data           | Cleaning data...
2026-06-12 09:51:04 | DEBUG    | clean_data           | Initial shape: (481, 11)
2026-06-12 09:51:04 | DEBUG    | clean_data           | Initial columns: ['SYMBOL', 'SECTOR', 'LISTED IN', 'LDCP', 'OPEN', 'HIGH', 'LOW', 'CURRENT', 'CHANGE', 'CHANGE (%)', 'VOLUME']
2026-06-12 09:51:04 | DEBUG    | clean_data           | Removed 'LISTED IN' column
2026-06-12 09:51:04 | DEBUG    | clean_data           | Converted LDCP from float64 to numeric
2026-06-12 09:51:04 | DEBUG    | clean_data           | Converted OPEN from float64 to numeric
2026-06-12 09:51:04 | DEBUG    | clean_data           | Converted HIGH from float64 to numeric
2026-06-12 09:51:04 | DEBUG    | clean_data           | Converted LOW from float64 to numeric
2026-06-12 09:51:04 | DEBUG    | clean_data           | Converted CURRENT from float64 to numeric
2026-06-12 09:51:04 | DEBUG    | clean_data           | Converted CHANGE from float64 to numeric
2026-06-12 09:51:04 | DEBUG    | clean_data           | Converted CHANGE (%) from str to numeric
2026-06-12 09:51:04 | DEBUG    | clean_data           | Converted VOLUME from int64 to numeric
2026-06-12 09:51:04 | INFO     | clean_data           | ✅ Data cleaned (481 rows, 16 columns)
2026-06-12 09:51:04 | DEBUG    | clean_data           | Final columns: ['SYMBOL', 'SECTOR', 'LDCP', 'OPEN', 'HIGH', 'LOW', 'CURRENT', 'CHANGE', 'CHANGE (%)', 'VOLUME', 'YEAR', 'MONTH', 'DAY', 'HOUR', 'MINUTE', 'DATETIME']
2026-06-12 09:51:04 | DEBUG    | get_file_path        | Generated file path: data/2026/06/2026-06-12.xlsx
2026-06-12 09:51:04 | INFO     | save_data            | Saving data to: data/2026/06/2026-06-12.xlsx
2026-06-12 09:51:04 | DEBUG    | save_data            | Existing file found, merging data...
2026-06-12 09:51:08 | DEBUG    | save_data            | Loaded 41581 existing rows
2026-06-12 09:51:08 | DEBUG    | save_data            | Combined to 42062 rows
2026-06-12 09:51:08 | DEBUG    | save_data            | Writing to temporary file...
2026-06-12 09:51:16 | DEBUG    | save_data            | Data written to temp file: /home/runner/work/Thalorae-BackLioraen/Thalorae-BackLioraen/data/2026/06/tmprhtf3hom.xlsx
2026-06-12 09:51:16 | DEBUG    | save_data            | Temp file moved to final location
2026-06-12 09:51:16 | INFO     | save_data            | ✅ Data saved successfully (42062 total rows, 3117418 bytes)
2026-06-12 09:51:16 | INFO     | run                  | ======================================================================
2026-06-12 09:51:16 | INFO     | run                  | 📊 EXECUTION SUMMARY:
2026-06-12 09:51:16 | INFO     | run                  |    ✅ Status: SUCCESS
2026-06-12 09:51:16 | INFO     | run                  |    - Rows processed: 481
2026-06-12 09:51:16 | INFO     | run                  |    - Unique symbols: 481
2026-06-12 09:51:16 | INFO     | run                  |    - Timestamp: 2026-06-12 14:51:00
2026-06-12 09:51:16 | INFO     | run                  |    - File: data/2026/06/2026-06-12.xlsx
2026-06-12 09:51:16 | INFO     | run                  | ======================================================================
2026-06-12 09:51:16 | DEBUG    | run                  | Sample data (first row):
2026-06-12 09:51:16 | DEBUG    | run                  | {'SYMBOL': 'SPSL', 'SECTOR': 821, 'LDCP': 21.66, 'OPEN': 22.5, 'HIGH': 23.45, 'LOW': 22.4, 'CURRENT': 22.9, 'CHANGE': 1.24, 'CHANGE (%)': nan, 'VOLUME': 40577887, 'YEAR': 2026, 'MONTH': 6, 'DAY': 12, 'HOUR': 14, 'MINUTE': 51, 'DATETIME': '2026-06-12 14:51'}
2026-06-12 09:56:16 | INFO     | run                  | ======================================================================
2026-06-12 09:56:16 | INFO     | run                  | 🚀 MARKET DATA SCRAPER - SINGLE EXECUTION
2026-06-12 09:56:16 | INFO     | run                  | ======================================================================
2026-06-12 09:56:16 | INFO     | run                  | Execution Time: 2026-06-12 14:56:16 PKT
2026-06-12 09:56:16 | INFO     | run                  | Configuration:
2026-06-12 09:56:16 | INFO     | run                  |    - Timezone: Asia/Karachi
2026-06-12 09:56:16 | INFO     | run                  |    - Data directory: data
2026-06-12 09:56:16 | INFO     | run                  |    - Log directory: logs
2026-06-12 09:56:16 | INFO     | run                  | ======================================================================
2026-06-12 09:56:16 | INFO     | fetch_data           | Fetching data (Attempt 1/3)...
2026-06-12 09:56:16 | DEBUG    | fetch_data           | Establishing session with https://dps.psx.com.pk/
2026-06-12 09:56:19 | DEBUG    | fetch_data           | Requesting data from https://dps.psx.com.pk/market-watch
2026-06-12 09:56:21 | DEBUG    | fetch_data           | Response status: 200
2026-06-12 09:56:21 | DEBUG    | fetch_data           | Response content type: text/html; charset=utf-8
2026-06-12 09:56:21 | DEBUG    | fetch_data           | Response size: 460075 bytes
2026-06-12 09:56:21 | INFO     | fetch_data           | ✅ Data fetched successfully (Status: 200)
2026-06-12 09:56:21 | DEBUG    | parse_json           | Attempting JSON parsing...
2026-06-12 09:56:21 | DEBUG    | parse_json           | Response preview: <table class="tbl" data-page-length="25"><thead class="tbl__head"><!-- tr--><!--   th(colspan="11")--><!--   th.center(colspan="2", style="width: 110px;") TOTAL BUY ORDERS--><!--   th.center(colspan="2", style="width: 110px;") TOTAL SELL ORDERS--><tr><th data-name="symbol">SYMBOL</th><th data-name="sector">SECTOR</th><th data-name="listed">LISTED IN</th><th class="right" data-name="ldcp">LDCP</th><th class="right" data-name="open">OPEN</th><th class="right" data-name="high">HIGH</th><th class="r
2026-06-12 09:56:21 | WARNING  | parse_json           | ⚠️ JSON parsing failed: Expecting value: line 1 column 1 (char 0)
2026-06-12 09:56:21 | INFO     | run                  | JSON parsing failed, trying HTML fallback...
2026-06-12 09:56:21 | INFO     | parse_html           | Attempting HTML fallback parsing...
2026-06-12 09:56:21 | DEBUG    | parse_html           | Found 1 table(s) in HTML
2026-06-12 09:56:21 | DEBUG    | parse_html           | Table columns: ['SYMBOL', 'SECTOR', 'LISTED IN', 'LDCP', 'OPEN', 'HIGH', 'LOW', 'CURRENT', 'CHANGE', 'CHANGE (%)', 'VOLUME']
2026-06-12 09:56:21 | DEBUG    | parse_html           | Table shape: (481, 11)
2026-06-12 09:56:21 | INFO     | parse_html           | ✅ HTML parsed successfully (481 rows)
2026-06-12 09:56:21 | INFO     | clean_data           | Cleaning data...
2026-06-12 09:56:21 | DEBUG    | clean_data           | Initial shape: (481, 11)
2026-06-12 09:56:21 | DEBUG    | clean_data           | Initial columns: ['SYMBOL', 'SECTOR', 'LISTED IN', 'LDCP', 'OPEN', 'HIGH', 'LOW', 'CURRENT', 'CHANGE', 'CHANGE (%)', 'VOLUME']
2026-06-12 09:56:21 | DEBUG    | clean_data           | Removed 'LISTED IN' column
2026-06-12 09:56:21 | DEBUG    | clean_data           | Converted LDCP from float64 to numeric
2026-06-12 09:56:21 | DEBUG    | clean_data           | Converted OPEN from float64 to numeric
2026-06-12 09:56:21 | DEBUG    | clean_data           | Converted HIGH from float64 to numeric
2026-06-12 09:56:21 | DEBUG    | clean_data           | Converted LOW from float64 to numeric
2026-06-12 09:56:21 | DEBUG    | clean_data           | Converted CURRENT from float64 to numeric
2026-06-12 09:56:21 | DEBUG    | clean_data           | Converted CHANGE from float64 to numeric
2026-06-12 09:56:21 | DEBUG    | clean_data           | Converted CHANGE (%) from str to numeric
2026-06-12 09:56:21 | DEBUG    | clean_data           | Converted VOLUME from int64 to numeric
2026-06-12 09:56:21 | INFO     | clean_data           | ✅ Data cleaned (481 rows, 16 columns)
2026-06-12 09:56:21 | DEBUG    | clean_data           | Final columns: ['SYMBOL', 'SECTOR', 'LDCP', 'OPEN', 'HIGH', 'LOW', 'CURRENT', 'CHANGE', 'CHANGE (%)', 'VOLUME', 'YEAR', 'MONTH', 'DAY', 'HOUR', 'MINUTE', 'DATETIME']
2026-06-12 09:56:21 | DEBUG    | get_file_path        | Generated file path: data/2026/06/2026-06-12.xlsx
2026-06-12 09:56:21 | INFO     | save_data            | Saving data to: data/2026/06/2026-06-12.xlsx
2026-06-12 09:56:21 | DEBUG    | save_data            | Existing file found, merging data...
2026-06-12 09:56:25 | DEBUG    | save_data            | Loaded 42062 existing rows
2026-06-12 09:56:25 | DEBUG    | save_data            | Combined to 42543 rows
2026-06-12 09:56:25 | DEBUG    | save_data            | Writing to temporary file...
2026-06-12 09:56:33 | DEBUG    | save_data            | Data written to temp file: /home/runner/work/Thalorae-BackLioraen/Thalorae-BackLioraen/data/2026/06/tmpfilidm2e.xlsx
2026-06-12 09:56:33 | DEBUG    | save_data            | Temp file moved to final location
2026-06-12 09:56:33 | INFO     | save_data            | ✅ Data saved successfully (42543 total rows, 3153377 bytes)
2026-06-12 09:56:33 | INFO     | run                  | ======================================================================
2026-06-12 09:56:33 | INFO     | run                  | 📊 EXECUTION SUMMARY:
2026-06-12 09:56:33 | INFO     | run                  |    ✅ Status: SUCCESS
2026-06-12 09:56:33 | INFO     | run                  |    - Rows processed: 481
2026-06-12 09:56:33 | INFO     | run                  |    - Unique symbols: 481
2026-06-12 09:56:33 | INFO     | run                  |    - Timestamp: 2026-06-12 14:56:16
2026-06-12 09:56:33 | INFO     | run                  |    - File: data/2026/06/2026-06-12.xlsx
2026-06-12 09:56:33 | INFO     | run                  | ======================================================================
2026-06-12 09:56:33 | DEBUG    | run                  | Sample data (first row):
2026-06-12 09:56:33 | DEBUG    | run                  | {'SYMBOL': 'SPSL', 'SECTOR': 821, 'LDCP': 21.66, 'OPEN': 22.5, 'HIGH': 23.45, 'LOW': 22.4, 'CURRENT': 22.83, 'CHANGE': 1.17, 'CHANGE (%)': nan, 'VOLUME': 40839662, 'YEAR': 2026, 'MONTH': 6, 'DAY': 12, 'HOUR': 14, 'MINUTE': 56, 'DATETIME': '2026-06-12 14:56'}
2026-06-12 10:01:33 | INFO     | run                  | ======================================================================
2026-06-12 10:01:33 | INFO     | run                  | 🚀 MARKET DATA SCRAPER - SINGLE EXECUTION
2026-06-12 10:01:33 | INFO     | run                  | ======================================================================
2026-06-12 10:01:33 | INFO     | run                  | Execution Time: 2026-06-12 15:01:33 PKT
2026-06-12 10:01:33 | INFO     | run                  | Configuration:
2026-06-12 10:01:33 | INFO     | run                  |    - Timezone: Asia/Karachi
2026-06-12 10:01:33 | INFO     | run                  |    - Data directory: data
2026-06-12 10:01:33 | INFO     | run                  |    - Log directory: logs
2026-06-12 10:01:33 | INFO     | run                  | ======================================================================
2026-06-12 10:01:33 | INFO     | fetch_data           | Fetching data (Attempt 1/3)...
2026-06-12 10:01:33 | DEBUG    | fetch_data           | Establishing session with https://dps.psx.com.pk/
2026-06-12 10:01:36 | DEBUG    | fetch_data           | Requesting data from https://dps.psx.com.pk/market-watch
2026-06-12 10:01:38 | DEBUG    | fetch_data           | Response status: 200
2026-06-12 10:01:38 | DEBUG    | fetch_data           | Response content type: text/html; charset=utf-8
2026-06-12 10:01:38 | DEBUG    | fetch_data           | Response size: 462071 bytes
2026-06-12 10:01:38 | INFO     | fetch_data           | ✅ Data fetched successfully (Status: 200)
2026-06-12 10:01:38 | DEBUG    | parse_json           | Attempting JSON parsing...
2026-06-12 10:01:38 | DEBUG    | parse_json           | Response preview: <table class="tbl" data-page-length="25"><thead class="tbl__head"><!-- tr--><!--   th(colspan="11")--><!--   th.center(colspan="2", style="width: 110px;") TOTAL BUY ORDERS--><!--   th.center(colspan="2", style="width: 110px;") TOTAL SELL ORDERS--><tr><th data-name="symbol">SYMBOL</th><th data-name="sector">SECTOR</th><th data-name="listed">LISTED IN</th><th class="right" data-name="ldcp">LDCP</th><th class="right" data-name="open">OPEN</th><th class="right" data-name="high">HIGH</th><th class="r
2026-06-12 10:01:38 | WARNING  | parse_json           | ⚠️ JSON parsing failed: Expecting value: line 1 column 1 (char 0)
2026-06-12 10:01:38 | INFO     | run                  | JSON parsing failed, trying HTML fallback...
2026-06-12 10:01:38 | INFO     | parse_html           | Attempting HTML fallback parsing...
2026-06-12 10:01:38 | DEBUG    | parse_html           | Found 1 table(s) in HTML
2026-06-12 10:01:38 | DEBUG    | parse_html           | Table columns: ['SYMBOL', 'SECTOR', 'LISTED IN', 'LDCP', 'OPEN', 'HIGH', 'LOW', 'CURRENT', 'CHANGE', 'CHANGE (%)', 'VOLUME']
2026-06-12 10:01:38 | DEBUG    | parse_html           | Table shape: (483, 11)
2026-06-12 10:01:38 | INFO     | parse_html           | ✅ HTML parsed successfully (483 rows)
2026-06-12 10:01:38 | INFO     | clean_data           | Cleaning data...
2026-06-12 10:01:38 | DEBUG    | clean_data           | Initial shape: (483, 11)
2026-06-12 10:01:38 | DEBUG    | clean_data           | Initial columns: ['SYMBOL', 'SECTOR', 'LISTED IN', 'LDCP', 'OPEN', 'HIGH', 'LOW', 'CURRENT', 'CHANGE', 'CHANGE (%)', 'VOLUME']
2026-06-12 10:01:38 | DEBUG    | clean_data           | Removed 'LISTED IN' column
2026-06-12 10:01:38 | DEBUG    | clean_data           | Converted LDCP from float64 to numeric
2026-06-12 10:01:38 | DEBUG    | clean_data           | Converted OPEN from float64 to numeric
2026-06-12 10:01:38 | DEBUG    | clean_data           | Converted HIGH from float64 to numeric
2026-06-12 10:01:38 | DEBUG    | clean_data           | Converted LOW from float64 to numeric
2026-06-12 10:01:38 | DEBUG    | clean_data           | Converted CURRENT from float64 to numeric
2026-06-12 10:01:38 | DEBUG    | clean_data           | Converted CHANGE from float64 to numeric
2026-06-12 10:01:38 | DEBUG    | clean_data           | Converted CHANGE (%) from str to numeric
2026-06-12 10:01:38 | DEBUG    | clean_data           | Converted VOLUME from int64 to numeric
2026-06-12 10:01:38 | INFO     | clean_data           | ✅ Data cleaned (483 rows, 16 columns)
2026-06-12 10:01:38 | DEBUG    | clean_data           | Final columns: ['SYMBOL', 'SECTOR', 'LDCP', 'OPEN', 'HIGH', 'LOW', 'CURRENT', 'CHANGE', 'CHANGE (%)', 'VOLUME', 'YEAR', 'MONTH', 'DAY', 'HOUR', 'MINUTE', 'DATETIME']
2026-06-12 10:01:38 | DEBUG    | get_file_path        | Generated file path: data/2026/06/2026-06-12.xlsx
2026-06-12 10:01:38 | INFO     | save_data            | Saving data to: data/2026/06/2026-06-12.xlsx
2026-06-12 10:01:38 | DEBUG    | save_data            | Existing file found, merging data...
2026-06-12 10:01:42 | DEBUG    | save_data            | Loaded 42543 existing rows
2026-06-12 10:01:42 | DEBUG    | save_data            | Combined to 43026 rows
2026-06-12 10:01:42 | DEBUG    | save_data            | Writing to temporary file...
2026-06-12 10:01:50 | DEBUG    | save_data            | Data written to temp file: /home/runner/work/Thalorae-BackLioraen/Thalorae-BackLioraen/data/2026/06/tmpmupvx13w.xlsx
2026-06-12 10:01:50 | DEBUG    | save_data            | Temp file moved to final location
2026-06-12 10:01:50 | INFO     | save_data            | ✅ Data saved successfully (43026 total rows, 3189638 bytes)
2026-06-12 10:01:50 | INFO     | run                  | ======================================================================
2026-06-12 10:01:50 | INFO     | run                  | 📊 EXECUTION SUMMARY:
2026-06-12 10:01:50 | INFO     | run                  |    ✅ Status: SUCCESS
2026-06-12 10:01:50 | INFO     | run                  |    - Rows processed: 483
2026-06-12 10:01:50 | INFO     | run                  |    - Unique symbols: 483
2026-06-12 10:01:50 | INFO     | run                  |    - Timestamp: 2026-06-12 15:01:33
2026-06-12 10:01:50 | INFO     | run                  |    - File: data/2026/06/2026-06-12.xlsx
2026-06-12 10:01:50 | INFO     | run                  | ======================================================================
2026-06-12 10:01:50 | DEBUG    | run                  | Sample data (first row):
2026-06-12 10:01:50 | DEBUG    | run                  | {'SYMBOL': 'SPSL', 'SECTOR': 821, 'LDCP': 21.66, 'OPEN': 22.5, 'HIGH': 23.45, 'LOW': 22.4, 'CURRENT': 22.71, 'CHANGE': 1.05, 'CHANGE (%)': nan, 'VOLUME': 41787571, 'YEAR': 2026, 'MONTH': 6, 'DAY': 12, 'HOUR': 15, 'MINUTE': 1, 'DATETIME': '2026-06-12 15:01'}
2026-06-12 10:06:51 | INFO     | run                  | ======================================================================
2026-06-12 10:06:51 | INFO     | run                  | 🚀 MARKET DATA SCRAPER - SINGLE EXECUTION
2026-06-12 10:06:51 | INFO     | run                  | ======================================================================
2026-06-12 10:06:51 | INFO     | run                  | Execution Time: 2026-06-12 15:06:51 PKT
2026-06-12 10:06:51 | INFO     | run                  | Configuration:
2026-06-12 10:06:51 | INFO     | run                  |    - Timezone: Asia/Karachi
2026-06-12 10:06:51 | INFO     | run                  |    - Data directory: data
2026-06-12 10:06:51 | INFO     | run                  |    - Log directory: logs
2026-06-12 10:06:51 | INFO     | run                  | ======================================================================
2026-06-12 10:06:51 | INFO     | fetch_data           | Fetching data (Attempt 1/3)...
2026-06-12 10:06:51 | DEBUG    | fetch_data           | Establishing session with https://dps.psx.com.pk/
2026-06-12 10:06:53 | DEBUG    | fetch_data           | Requesting data from https://dps.psx.com.pk/market-watch
2026-06-12 10:06:54 | ERROR    | fetch_data           | ❌ HTTP error: 502 Server Error: Bad Gateway for url: https://dps.psx.com.pk/market-watch
2026-06-12 10:06:54 | ERROR    | fetch_data           | Response content: <!DOCTYPE html PUBLIC "-//W3C//DTD XHTML 1.0 Transitional//EN" "http://www.w3.org/TR/xhtml1/DTD/xhtml1-transitional.dtd">
<html xmlns="http://www.w3.org/1999/xhtml">
<head>
<meta http-equiv="Content-Type" content="text/html; charset=utf-8" />
<title>502 Bad Gateway - DOSarrest Internet Security</title>
<link href="/DOAError/assets/css/core.css" rel="stylesheet" type="text/css" />
<link rel="shortcut icon" href="/DOAError/assets/images/favicon.ico" /><link rel="apple-touch-icon" href="/DOAE
2026-06-12 10:06:54 | ERROR    | fetch_data           | ❌ Failed to fetch data after all retries
2026-06-12 10:06:54 | ERROR    | run                  | ❌ Execution failed: Unable to fetch data
2026-06-12 10:11:54 | INFO     | run                  | ======================================================================
2026-06-12 10:11:54 | INFO     | run                  | 🚀 MARKET DATA SCRAPER - SINGLE EXECUTION
2026-06-12 10:11:54 | INFO     | run                  | ======================================================================
2026-06-12 10:11:54 | INFO     | run                  | Execution Time: 2026-06-12 15:11:54 PKT
2026-06-12 10:11:54 | INFO     | run                  | Configuration:
2026-06-12 10:11:54 | INFO     | run                  |    - Timezone: Asia/Karachi
2026-06-12 10:11:54 | INFO     | run                  |    - Data directory: data
2026-06-12 10:11:54 | INFO     | run                  |    - Log directory: logs
2026-06-12 10:11:54 | INFO     | run                  | ======================================================================
2026-06-12 10:11:54 | INFO     | fetch_data           | Fetching data (Attempt 1/3)...
2026-06-12 10:11:54 | DEBUG    | fetch_data           | Establishing session with https://dps.psx.com.pk/
2026-06-12 10:11:56 | DEBUG    | fetch_data           | Requesting data from https://dps.psx.com.pk/market-watch
2026-06-12 10:11:57 | DEBUG    | fetch_data           | Response status: 200
2026-06-12 10:11:57 | DEBUG    | fetch_data           | Response content type: text/html; charset=utf-8
2026-06-12 10:11:57 | DEBUG    | fetch_data           | Response size: 462464 bytes
2026-06-12 10:11:57 | INFO     | fetch_data           | ✅ Data fetched successfully (Status: 200)
2026-06-12 10:11:57 | DEBUG    | parse_json           | Attempting JSON parsing...
2026-06-12 10:11:57 | DEBUG    | parse_json           | Response preview: <table class="tbl" data-page-length="25"><thead class="tbl__head"><!-- tr--><!--   th(colspan="11")--><!--   th.center(colspan="2", style="width: 110px;") TOTAL BUY ORDERS--><!--   th.center(colspan="2", style="width: 110px;") TOTAL SELL ORDERS--><tr><th data-name="symbol">SYMBOL</th><th data-name="sector">SECTOR</th><th data-name="listed">LISTED IN</th><th class="right" data-name="ldcp">LDCP</th><th class="right" data-name="open">OPEN</th><th class="right" data-name="high">HIGH</th><th class="r
2026-06-12 10:11:57 | WARNING  | parse_json           | ⚠️ JSON parsing failed: Expecting value: line 1 column 1 (char 0)
2026-06-12 10:11:57 | INFO     | run                  | JSON parsing failed, trying HTML fallback...
2026-06-12 10:11:57 | INFO     | parse_html           | Attempting HTML fallback parsing...
2026-06-12 10:11:57 | DEBUG    | parse_html           | Found 1 table(s) in HTML
2026-06-12 10:11:57 | DEBUG    | parse_html           | Table columns: ['SYMBOL', 'SECTOR', 'LISTED IN', 'LDCP', 'OPEN', 'HIGH', 'LOW', 'CURRENT', 'CHANGE', 'CHANGE (%)', 'VOLUME']
2026-06-12 10:11:57 | DEBUG    | parse_html           | Table shape: (483, 11)
2026-06-12 10:11:57 | INFO     | parse_html           | ✅ HTML parsed successfully (483 rows)
2026-06-12 10:11:57 | INFO     | clean_data           | Cleaning data...
2026-06-12 10:11:57 | DEBUG    | clean_data           | Initial shape: (483, 11)
2026-06-12 10:11:57 | DEBUG    | clean_data           | Initial columns: ['SYMBOL', 'SECTOR', 'LISTED IN', 'LDCP', 'OPEN', 'HIGH', 'LOW', 'CURRENT', 'CHANGE', 'CHANGE (%)', 'VOLUME']
2026-06-12 10:11:57 | DEBUG    | clean_data           | Removed 'LISTED IN' column
2026-06-12 10:11:57 | DEBUG    | clean_data           | Converted LDCP from float64 to numeric
2026-06-12 10:11:57 | DEBUG    | clean_data           | Converted OPEN from float64 to numeric
2026-06-12 10:11:57 | DEBUG    | clean_data           | Converted HIGH from float64 to numeric
2026-06-12 10:11:57 | DEBUG    | clean_data           | Converted LOW from float64 to numeric
2026-06-12 10:11:57 | DEBUG    | clean_data           | Converted CURRENT from float64 to numeric
2026-06-12 10:11:57 | DEBUG    | clean_data           | Converted CHANGE from float64 to numeric
2026-06-12 10:11:57 | DEBUG    | clean_data           | Converted CHANGE (%) from str to numeric
2026-06-12 10:11:57 | DEBUG    | clean_data           | Converted VOLUME from int64 to numeric
2026-06-12 10:11:57 | INFO     | clean_data           | ✅ Data cleaned (483 rows, 16 columns)
2026-06-12 10:11:57 | DEBUG    | clean_data           | Final columns: ['SYMBOL', 'SECTOR', 'LDCP', 'OPEN', 'HIGH', 'LOW', 'CURRENT', 'CHANGE', 'CHANGE (%)', 'VOLUME', 'YEAR', 'MONTH', 'DAY', 'HOUR', 'MINUTE', 'DATETIME']
2026-06-12 10:11:57 | DEBUG    | get_file_path        | Generated file path: data/2026/06/2026-06-12.xlsx
2026-06-12 10:11:57 | INFO     | save_data            | Saving data to: data/2026/06/2026-06-12.xlsx
2026-06-12 10:11:57 | DEBUG    | save_data            | Existing file found, merging data...
2026-06-12 10:12:02 | DEBUG    | save_data            | Loaded 43026 existing rows
2026-06-12 10:12:02 | DEBUG    | save_data            | Combined to 43509 rows
2026-06-12 10:12:02 | DEBUG    | save_data            | Writing to temporary file...
2026-06-12 10:12:10 | DEBUG    | save_data            | Data written to temp file: /home/runner/work/Thalorae-BackLioraen/Thalorae-BackLioraen/data/2026/06/tmp_39h56su.xlsx
2026-06-12 10:12:10 | DEBUG    | save_data            | Temp file moved to final location
2026-06-12 10:12:10 | INFO     | save_data            | ✅ Data saved successfully (43509 total rows, 3225894 bytes)
2026-06-12 10:12:10 | INFO     | run                  | ======================================================================
2026-06-12 10:12:10 | INFO     | run                  | 📊 EXECUTION SUMMARY:
2026-06-12 10:12:10 | INFO     | run                  |    ✅ Status: SUCCESS
2026-06-12 10:12:10 | INFO     | run                  |    - Rows processed: 483
2026-06-12 10:12:10 | INFO     | run                  |    - Unique symbols: 483
2026-06-12 10:12:10 | INFO     | run                  |    - Timestamp: 2026-06-12 15:11:54
2026-06-12 10:12:10 | INFO     | run                  |    - File: data/2026/06/2026-06-12.xlsx
2026-06-12 10:12:10 | INFO     | run                  | ======================================================================
2026-06-12 10:12:10 | DEBUG    | run                  | Sample data (first row):
2026-06-12 10:12:10 | DEBUG    | run                  | {'SYMBOL': 'KOSM', 'SECTOR': 830, 'LDCP': 5.73, 'OPEN': 5.84, 'HIGH': 6.17, 'LOW': 5.75, 'CURRENT': 6.0, 'CHANGE': 0.27, 'CHANGE (%)': nan, 'VOLUME': 43030485, 'YEAR': 2026, 'MONTH': 6, 'DAY': 12, 'HOUR': 15, 'MINUTE': 11, 'DATETIME': '2026-06-12 15:11'}
2026-06-12 10:17:10 | INFO     | run                  | ======================================================================
2026-06-12 10:17:10 | INFO     | run                  | 🚀 MARKET DATA SCRAPER - SINGLE EXECUTION
2026-06-12 10:17:10 | INFO     | run                  | ======================================================================
2026-06-12 10:17:10 | INFO     | run                  | Execution Time: 2026-06-12 15:17:10 PKT
2026-06-12 10:17:10 | INFO     | run                  | Configuration:
2026-06-12 10:17:10 | INFO     | run                  |    - Timezone: Asia/Karachi
2026-06-12 10:17:10 | INFO     | run                  |    - Data directory: data
2026-06-12 10:17:10 | INFO     | run                  |    - Log directory: logs
2026-06-12 10:17:10 | INFO     | run                  | ======================================================================
2026-06-12 10:17:10 | INFO     | fetch_data           | Fetching data (Attempt 1/3)...
2026-06-12 10:17:10 | DEBUG    | fetch_data           | Establishing session with https://dps.psx.com.pk/
2026-06-12 10:17:14 | DEBUG    | fetch_data           | Requesting data from https://dps.psx.com.pk/market-watch
2026-06-12 10:17:16 | DEBUG    | fetch_data           | Response status: 200
2026-06-12 10:17:16 | DEBUG    | fetch_data           | Response content type: text/html; charset=utf-8
2026-06-12 10:17:16 | DEBUG    | fetch_data           | Response size: 462402 bytes
2026-06-12 10:17:16 | INFO     | fetch_data           | ✅ Data fetched successfully (Status: 200)
2026-06-12 10:17:16 | DEBUG    | parse_json           | Attempting JSON parsing...
2026-06-12 10:17:16 | DEBUG    | parse_json           | Response preview: <table class="tbl" data-page-length="25"><thead class="tbl__head"><!-- tr--><!--   th(colspan="11")--><!--   th.center(colspan="2", style="width: 110px;") TOTAL BUY ORDERS--><!--   th.center(colspan="2", style="width: 110px;") TOTAL SELL ORDERS--><tr><th data-name="symbol">SYMBOL</th><th data-name="sector">SECTOR</th><th data-name="listed">LISTED IN</th><th class="right" data-name="ldcp">LDCP</th><th class="right" data-name="open">OPEN</th><th class="right" data-name="high">HIGH</th><th class="r
2026-06-12 10:17:16 | WARNING  | parse_json           | ⚠️ JSON parsing failed: Expecting value: line 1 column 1 (char 0)
2026-06-12 10:17:16 | INFO     | run                  | JSON parsing failed, trying HTML fallback...
2026-06-12 10:17:16 | INFO     | parse_html           | Attempting HTML fallback parsing...
2026-06-12 10:17:16 | DEBUG    | parse_html           | Found 1 table(s) in HTML
2026-06-12 10:17:16 | DEBUG    | parse_html           | Table columns: ['SYMBOL', 'SECTOR', 'LISTED IN', 'LDCP', 'OPEN', 'HIGH', 'LOW', 'CURRENT', 'CHANGE', 'CHANGE (%)', 'VOLUME']
2026-06-12 10:17:16 | DEBUG    | parse_html           | Table shape: (483, 11)
2026-06-12 10:17:16 | INFO     | parse_html           | ✅ HTML parsed successfully (483 rows)
2026-06-12 10:17:16 | INFO     | clean_data           | Cleaning data...
2026-06-12 10:17:16 | DEBUG    | clean_data           | Initial shape: (483, 11)
2026-06-12 10:17:16 | DEBUG    | clean_data           | Initial columns: ['SYMBOL', 'SECTOR', 'LISTED IN', 'LDCP', 'OPEN', 'HIGH', 'LOW', 'CURRENT', 'CHANGE', 'CHANGE (%)', 'VOLUME']
2026-06-12 10:17:16 | DEBUG    | clean_data           | Removed 'LISTED IN' column
2026-06-12 10:17:16 | DEBUG    | clean_data           | Converted LDCP from float64 to numeric
2026-06-12 10:17:16 | DEBUG    | clean_data           | Converted OPEN from float64 to numeric
2026-06-12 10:17:16 | DEBUG    | clean_data           | Converted HIGH from float64 to numeric
2026-06-12 10:17:16 | DEBUG    | clean_data           | Converted LOW from float64 to numeric
2026-06-12 10:17:16 | DEBUG    | clean_data           | Converted CURRENT from float64 to numeric
2026-06-12 10:17:16 | DEBUG    | clean_data           | Converted CHANGE from float64 to numeric
2026-06-12 10:17:16 | DEBUG    | clean_data           | Converted CHANGE (%) from str to numeric
2026-06-12 10:17:16 | DEBUG    | clean_data           | Converted VOLUME from int64 to numeric
2026-06-12 10:17:16 | INFO     | clean_data           | ✅ Data cleaned (483 rows, 16 columns)
2026-06-12 10:17:16 | DEBUG    | clean_data           | Final columns: ['SYMBOL', 'SECTOR', 'LDCP', 'OPEN', 'HIGH', 'LOW', 'CURRENT', 'CHANGE', 'CHANGE (%)', 'VOLUME', 'YEAR', 'MONTH', 'DAY', 'HOUR', 'MINUTE', 'DATETIME']
2026-06-12 10:17:16 | DEBUG    | get_file_path        | Generated file path: data/2026/06/2026-06-12.xlsx
2026-06-12 10:17:16 | INFO     | save_data            | Saving data to: data/2026/06/2026-06-12.xlsx
2026-06-12 10:17:16 | DEBUG    | save_data            | Existing file found, merging data...
2026-06-12 10:17:20 | DEBUG    | save_data            | Loaded 43509 existing rows
2026-06-12 10:17:20 | DEBUG    | save_data            | Combined to 43992 rows
2026-06-12 10:17:20 | DEBUG    | save_data            | Writing to temporary file...
2026-06-12 10:17:28 | DEBUG    | save_data            | Data written to temp file: /home/runner/work/Thalorae-BackLioraen/Thalorae-BackLioraen/data/2026/06/tmp7_0xjxgq.xlsx
2026-06-12 10:17:28 | DEBUG    | save_data            | Temp file moved to final location
2026-06-12 10:17:28 | INFO     | save_data            | ✅ Data saved successfully (43992 total rows, 3262101 bytes)
2026-06-12 10:17:28 | INFO     | run                  | ======================================================================
2026-06-12 10:17:28 | INFO     | run                  | 📊 EXECUTION SUMMARY:
2026-06-12 10:17:28 | INFO     | run                  |    ✅ Status: SUCCESS
2026-06-12 10:17:28 | INFO     | run                  |    - Rows processed: 483
2026-06-12 10:17:28 | INFO     | run                  |    - Unique symbols: 483
2026-06-12 10:17:28 | INFO     | run                  |    - Timestamp: 2026-06-12 15:17:10
2026-06-12 10:17:28 | INFO     | run                  |    - File: data/2026/06/2026-06-12.xlsx
2026-06-12 10:17:28 | INFO     | run                  | ======================================================================
2026-06-12 10:17:28 | DEBUG    | run                  | Sample data (first row):
2026-06-12 10:17:28 | DEBUG    | run                  | {'SYMBOL': 'KOSM', 'SECTOR': 830, 'LDCP': 5.73, 'OPEN': 5.84, 'HIGH': 6.17, 'LOW': 5.75, 'CURRENT': 6.0, 'CHANGE': 0.27, 'CHANGE (%)': nan, 'VOLUME': 43294683, 'YEAR': 2026, 'MONTH': 6, 'DAY': 12, 'HOUR': 15, 'MINUTE': 17, 'DATETIME': '2026-06-12 15:17'}
2026-06-12 10:22:29 | INFO     | run                  | ======================================================================
2026-06-12 10:22:29 | INFO     | run                  | 🚀 MARKET DATA SCRAPER - SINGLE EXECUTION
2026-06-12 10:22:29 | INFO     | run                  | ======================================================================
2026-06-12 10:22:29 | INFO     | run                  | Execution Time: 2026-06-12 15:22:29 PKT
2026-06-12 10:22:29 | INFO     | run                  | Configuration:
2026-06-12 10:22:29 | INFO     | run                  |    - Timezone: Asia/Karachi
2026-06-12 10:22:29 | INFO     | run                  |    - Data directory: data
2026-06-12 10:22:29 | INFO     | run                  |    - Log directory: logs
2026-06-12 10:22:29 | INFO     | run                  | ======================================================================
2026-06-12 10:22:29 | INFO     | fetch_data           | Fetching data (Attempt 1/3)...
2026-06-12 10:22:29 | DEBUG    | fetch_data           | Establishing session with https://dps.psx.com.pk/
2026-06-12 10:22:31 | DEBUG    | fetch_data           | Requesting data from https://dps.psx.com.pk/market-watch
2026-06-12 10:22:33 | DEBUG    | fetch_data           | Response status: 200
2026-06-12 10:22:33 | DEBUG    | fetch_data           | Response content type: text/html; charset=utf-8
2026-06-12 10:22:33 | DEBUG    | fetch_data           | Response size: 462491 bytes
2026-06-12 10:22:33 | INFO     | fetch_data           | ✅ Data fetched successfully (Status: 200)
2026-06-12 10:22:33 | DEBUG    | parse_json           | Attempting JSON parsing...
2026-06-12 10:22:33 | DEBUG    | parse_json           | Response preview: <table class="tbl" data-page-length="25"><thead class="tbl__head"><!-- tr--><!--   th(colspan="11")--><!--   th.center(colspan="2", style="width: 110px;") TOTAL BUY ORDERS--><!--   th.center(colspan="2", style="width: 110px;") TOTAL SELL ORDERS--><tr><th data-name="symbol">SYMBOL</th><th data-name="sector">SECTOR</th><th data-name="listed">LISTED IN</th><th class="right" data-name="ldcp">LDCP</th><th class="right" data-name="open">OPEN</th><th class="right" data-name="high">HIGH</th><th class="r
2026-06-12 10:22:33 | WARNING  | parse_json           | ⚠️ JSON parsing failed: Expecting value: line 1 column 1 (char 0)
2026-06-12 10:22:33 | INFO     | run                  | JSON parsing failed, trying HTML fallback...
2026-06-12 10:22:33 | INFO     | parse_html           | Attempting HTML fallback parsing...
2026-06-12 10:22:33 | DEBUG    | parse_html           | Found 1 table(s) in HTML
2026-06-12 10:22:33 | DEBUG    | parse_html           | Table columns: ['SYMBOL', 'SECTOR', 'LISTED IN', 'LDCP', 'OPEN', 'HIGH', 'LOW', 'CURRENT', 'CHANGE', 'CHANGE (%)', 'VOLUME']
2026-06-12 10:22:33 | DEBUG    | parse_html           | Table shape: (483, 11)
2026-06-12 10:22:33 | INFO     | parse_html           | ✅ HTML parsed successfully (483 rows)
2026-06-12 10:22:33 | INFO     | clean_data           | Cleaning data...
2026-06-12 10:22:33 | DEBUG    | clean_data           | Initial shape: (483, 11)
2026-06-12 10:22:33 | DEBUG    | clean_data           | Initial columns: ['SYMBOL', 'SECTOR', 'LISTED IN', 'LDCP', 'OPEN', 'HIGH', 'LOW', 'CURRENT', 'CHANGE', 'CHANGE (%)', 'VOLUME']
2026-06-12 10:22:33 | DEBUG    | clean_data           | Removed 'LISTED IN' column
2026-06-12 10:22:33 | DEBUG    | clean_data           | Converted LDCP from float64 to numeric
2026-06-12 10:22:33 | DEBUG    | clean_data           | Converted OPEN from float64 to numeric
2026-06-12 10:22:33 | DEBUG    | clean_data           | Converted HIGH from float64 to numeric
2026-06-12 10:22:33 | DEBUG    | clean_data           | Converted LOW from float64 to numeric
2026-06-12 10:22:33 | DEBUG    | clean_data           | Converted CURRENT from float64 to numeric
2026-06-12 10:22:33 | DEBUG    | clean_data           | Converted CHANGE from float64 to numeric
2026-06-12 10:22:33 | DEBUG    | clean_data           | Converted CHANGE (%) from str to numeric
2026-06-12 10:22:33 | DEBUG    | clean_data           | Converted VOLUME from int64 to numeric
2026-06-12 10:22:33 | INFO     | clean_data           | ✅ Data cleaned (483 rows, 16 columns)
2026-06-12 10:22:33 | DEBUG    | clean_data           | Final columns: ['SYMBOL', 'SECTOR', 'LDCP', 'OPEN', 'HIGH', 'LOW', 'CURRENT', 'CHANGE', 'CHANGE (%)', 'VOLUME', 'YEAR', 'MONTH', 'DAY', 'HOUR', 'MINUTE', 'DATETIME']
2026-06-12 10:22:33 | DEBUG    | get_file_path        | Generated file path: data/2026/06/2026-06-12.xlsx
2026-06-12 10:22:33 | INFO     | save_data            | Saving data to: data/2026/06/2026-06-12.xlsx
2026-06-12 10:22:33 | DEBUG    | save_data            | Existing file found, merging data...
2026-06-12 10:22:38 | DEBUG    | save_data            | Loaded 43992 existing rows
2026-06-12 10:22:38 | DEBUG    | save_data            | Combined to 44475 rows
2026-06-12 10:22:38 | DEBUG    | save_data            | Writing to temporary file...
2026-06-12 10:22:46 | DEBUG    | save_data            | Data written to temp file: /home/runner/work/Thalorae-BackLioraen/Thalorae-BackLioraen/data/2026/06/tmpi1w1wo_f.xlsx
2026-06-12 10:22:46 | DEBUG    | save_data            | Temp file moved to final location
2026-06-12 10:22:46 | INFO     | save_data            | ✅ Data saved successfully (44475 total rows, 3298475 bytes)
2026-06-12 10:22:46 | INFO     | run                  | ======================================================================
2026-06-12 10:22:46 | INFO     | run                  | 📊 EXECUTION SUMMARY:
2026-06-12 10:22:46 | INFO     | run                  |    ✅ Status: SUCCESS
2026-06-12 10:22:46 | INFO     | run                  |    - Rows processed: 483
2026-06-12 10:22:46 | INFO     | run                  |    - Unique symbols: 483
2026-06-12 10:22:46 | INFO     | run                  |    - Timestamp: 2026-06-12 15:22:29
2026-06-12 10:22:46 | INFO     | run                  |    - File: data/2026/06/2026-06-12.xlsx
2026-06-12 10:22:46 | INFO     | run                  | ======================================================================
2026-06-12 10:22:46 | DEBUG    | run                  | Sample data (first row):
2026-06-12 10:22:46 | DEBUG    | run                  | {'SYMBOL': 'KOSM', 'SECTOR': 830, 'LDCP': 5.73, 'OPEN': 5.84, 'HIGH': 6.17, 'LOW': 5.75, 'CURRENT': 5.99, 'CHANGE': 0.26, 'CHANGE (%)': nan, 'VOLUME': 43617428, 'YEAR': 2026, 'MONTH': 6, 'DAY': 12, 'HOUR': 15, 'MINUTE': 22, 'DATETIME': '2026-06-12 15:22'}
2026-06-12 10:27:46 | INFO     | run                  | ======================================================================
2026-06-12 10:27:46 | INFO     | run                  | 🚀 MARKET DATA SCRAPER - SINGLE EXECUTION
2026-06-12 10:27:46 | INFO     | run                  | ======================================================================
2026-06-12 10:27:46 | INFO     | run                  | Execution Time: 2026-06-12 15:27:46 PKT
2026-06-12 10:27:46 | INFO     | run                  | Configuration:
2026-06-12 10:27:46 | INFO     | run                  |    - Timezone: Asia/Karachi
2026-06-12 10:27:46 | INFO     | run                  |    - Data directory: data
2026-06-12 10:27:46 | INFO     | run                  |    - Log directory: logs
2026-06-12 10:27:46 | INFO     | run                  | ======================================================================
2026-06-12 10:27:46 | INFO     | fetch_data           | Fetching data (Attempt 1/3)...
2026-06-12 10:27:46 | DEBUG    | fetch_data           | Establishing session with https://dps.psx.com.pk/
2026-06-12 10:27:50 | DEBUG    | fetch_data           | Requesting data from https://dps.psx.com.pk/market-watch
2026-06-12 10:27:53 | DEBUG    | fetch_data           | Response status: 200
2026-06-12 10:27:53 | DEBUG    | fetch_data           | Response content type: text/html; charset=utf-8
2026-06-12 10:27:53 | DEBUG    | fetch_data           | Response size: 462387 bytes
2026-06-12 10:27:53 | INFO     | fetch_data           | ✅ Data fetched successfully (Status: 200)
2026-06-12 10:27:53 | DEBUG    | parse_json           | Attempting JSON parsing...
2026-06-12 10:27:53 | DEBUG    | parse_json           | Response preview: <table class="tbl" data-page-length="25"><thead class="tbl__head"><!-- tr--><!--   th(colspan="11")--><!--   th.center(colspan="2", style="width: 110px;") TOTAL BUY ORDERS--><!--   th.center(colspan="2", style="width: 110px;") TOTAL SELL ORDERS--><tr><th data-name="symbol">SYMBOL</th><th data-name="sector">SECTOR</th><th data-name="listed">LISTED IN</th><th class="right" data-name="ldcp">LDCP</th><th class="right" data-name="open">OPEN</th><th class="right" data-name="high">HIGH</th><th class="r
2026-06-12 10:27:53 | WARNING  | parse_json           | ⚠️ JSON parsing failed: Expecting value: line 1 column 1 (char 0)
2026-06-12 10:27:53 | INFO     | run                  | JSON parsing failed, trying HTML fallback...
2026-06-12 10:27:53 | INFO     | parse_html           | Attempting HTML fallback parsing...
2026-06-12 10:27:53 | DEBUG    | parse_html           | Found 1 table(s) in HTML
2026-06-12 10:27:53 | DEBUG    | parse_html           | Table columns: ['SYMBOL', 'SECTOR', 'LISTED IN', 'LDCP', 'OPEN', 'HIGH', 'LOW', 'CURRENT', 'CHANGE', 'CHANGE (%)', 'VOLUME']
2026-06-12 10:27:53 | DEBUG    | parse_html           | Table shape: (483, 11)
2026-06-12 10:27:53 | INFO     | parse_html           | ✅ HTML parsed successfully (483 rows)
2026-06-12 10:27:53 | INFO     | clean_data           | Cleaning data...
2026-06-12 10:27:53 | DEBUG    | clean_data           | Initial shape: (483, 11)
2026-06-12 10:27:53 | DEBUG    | clean_data           | Initial columns: ['SYMBOL', 'SECTOR', 'LISTED IN', 'LDCP', 'OPEN', 'HIGH', 'LOW', 'CURRENT', 'CHANGE', 'CHANGE (%)', 'VOLUME']
2026-06-12 10:27:53 | DEBUG    | clean_data           | Removed 'LISTED IN' column
2026-06-12 10:27:53 | DEBUG    | clean_data           | Converted LDCP from float64 to numeric
2026-06-12 10:27:53 | DEBUG    | clean_data           | Converted OPEN from float64 to numeric
2026-06-12 10:27:53 | DEBUG    | clean_data           | Converted HIGH from float64 to numeric
2026-06-12 10:27:53 | DEBUG    | clean_data           | Converted LOW from float64 to numeric
2026-06-12 10:27:53 | DEBUG    | clean_data           | Converted CURRENT from float64 to numeric
2026-06-12 10:27:53 | DEBUG    | clean_data           | Converted CHANGE from float64 to numeric
2026-06-12 10:27:53 | DEBUG    | clean_data           | Converted CHANGE (%) from str to numeric
2026-06-12 10:27:53 | DEBUG    | clean_data           | Converted VOLUME from int64 to numeric
2026-06-12 10:27:53 | INFO     | clean_data           | ✅ Data cleaned (483 rows, 16 columns)
2026-06-12 10:27:53 | DEBUG    | clean_data           | Final columns: ['SYMBOL', 'SECTOR', 'LDCP', 'OPEN', 'HIGH', 'LOW', 'CURRENT', 'CHANGE', 'CHANGE (%)', 'VOLUME', 'YEAR', 'MONTH', 'DAY', 'HOUR', 'MINUTE', 'DATETIME']
2026-06-12 10:27:53 | DEBUG    | get_file_path        | Generated file path: data/2026/06/2026-06-12.xlsx
2026-06-12 10:27:53 | INFO     | save_data            | Saving data to: data/2026/06/2026-06-12.xlsx
2026-06-12 10:27:53 | DEBUG    | save_data            | Existing file found, merging data...
2026-06-12 10:27:57 | DEBUG    | save_data            | Loaded 44475 existing rows
2026-06-12 10:27:57 | DEBUG    | save_data            | Combined to 44958 rows
2026-06-12 10:27:57 | DEBUG    | save_data            | Writing to temporary file...
2026-06-12 10:28:05 | DEBUG    | save_data            | Data written to temp file: /home/runner/work/Thalorae-BackLioraen/Thalorae-BackLioraen/data/2026/06/tmpaamzkx2w.xlsx
2026-06-12 10:28:05 | DEBUG    | save_data            | Temp file moved to final location
2026-06-12 10:28:05 | INFO     | save_data            | ✅ Data saved successfully (44958 total rows, 3334803 bytes)
2026-06-12 10:28:05 | INFO     | run                  | ======================================================================
2026-06-12 10:28:05 | INFO     | run                  | 📊 EXECUTION SUMMARY:
2026-06-12 10:28:05 | INFO     | run                  |    ✅ Status: SUCCESS
2026-06-12 10:28:05 | INFO     | run                  |    - Rows processed: 483
2026-06-12 10:28:05 | INFO     | run                  |    - Unique symbols: 483
2026-06-12 10:28:05 | INFO     | run                  |    - Timestamp: 2026-06-12 15:27:46
2026-06-12 10:28:05 | INFO     | run                  |    - File: data/2026/06/2026-06-12.xlsx
2026-06-12 10:28:05 | INFO     | run                  | ======================================================================
2026-06-12 10:28:05 | DEBUG    | run                  | Sample data (first row):
2026-06-12 10:28:05 | DEBUG    | run                  | {'SYMBOL': 'KOSM', 'SECTOR': 830, 'LDCP': 5.73, 'OPEN': 5.84, 'HIGH': 6.17, 'LOW': 5.75, 'CURRENT': 5.98, 'CHANGE': 0.25, 'CHANGE (%)': nan, 'VOLUME': 43787538, 'YEAR': 2026, 'MONTH': 6, 'DAY': 12, 'HOUR': 15, 'MINUTE': 27, 'DATETIME': '2026-06-12 15:27'}
2026-06-12 10:33:06 | INFO     | run                  | ======================================================================
2026-06-12 10:33:06 | INFO     | run                  | 🚀 MARKET DATA SCRAPER - SINGLE EXECUTION
2026-06-12 10:33:06 | INFO     | run                  | ======================================================================
2026-06-12 10:33:06 | INFO     | run                  | Execution Time: 2026-06-12 15:33:06 PKT
2026-06-12 10:33:06 | INFO     | run                  | Configuration:
2026-06-12 10:33:06 | INFO     | run                  |    - Timezone: Asia/Karachi
2026-06-12 10:33:06 | INFO     | run                  |    - Data directory: data
2026-06-12 10:33:06 | INFO     | run                  |    - Log directory: logs
2026-06-12 10:33:06 | INFO     | run                  | ======================================================================
2026-06-12 10:33:06 | INFO     | fetch_data           | Fetching data (Attempt 1/3)...
2026-06-12 10:33:06 | DEBUG    | fetch_data           | Establishing session with https://dps.psx.com.pk/
2026-06-12 10:33:09 | DEBUG    | fetch_data           | Requesting data from https://dps.psx.com.pk/market-watch
2026-06-12 10:33:10 | DEBUG    | fetch_data           | Response status: 200
2026-06-12 10:33:10 | DEBUG    | fetch_data           | Response content type: text/html; charset=utf-8
2026-06-12 10:33:10 | DEBUG    | fetch_data           | Response size: 462745 bytes
2026-06-12 10:33:10 | INFO     | fetch_data           | ✅ Data fetched successfully (Status: 200)
2026-06-12 10:33:10 | DEBUG    | parse_json           | Attempting JSON parsing...
2026-06-12 10:33:10 | DEBUG    | parse_json           | Response preview: <table class="tbl" data-page-length="25"><thead class="tbl__head"><!-- tr--><!--   th(colspan="11")--><!--   th.center(colspan="2", style="width: 110px;") TOTAL BUY ORDERS--><!--   th.center(colspan="2", style="width: 110px;") TOTAL SELL ORDERS--><tr><th data-name="symbol">SYMBOL</th><th data-name="sector">SECTOR</th><th data-name="listed">LISTED IN</th><th class="right" data-name="ldcp">LDCP</th><th class="right" data-name="open">OPEN</th><th class="right" data-name="high">HIGH</th><th class="r
2026-06-12 10:33:10 | WARNING  | parse_json           | ⚠️ JSON parsing failed: Expecting value: line 1 column 1 (char 0)
2026-06-12 10:33:10 | INFO     | run                  | JSON parsing failed, trying HTML fallback...
2026-06-12 10:33:10 | INFO     | parse_html           | Attempting HTML fallback parsing...
2026-06-12 10:33:10 | DEBUG    | parse_html           | Found 1 table(s) in HTML
2026-06-12 10:33:10 | DEBUG    | parse_html           | Table columns: ['SYMBOL', 'SECTOR', 'LISTED IN', 'LDCP', 'OPEN', 'HIGH', 'LOW', 'CURRENT', 'CHANGE', 'CHANGE (%)', 'VOLUME']
2026-06-12 10:33:10 | DEBUG    | parse_html           | Table shape: (483, 11)
2026-06-12 10:33:10 | INFO     | parse_html           | ✅ HTML parsed successfully (483 rows)
2026-06-12 10:33:10 | INFO     | clean_data           | Cleaning data...
2026-06-12 10:33:10 | DEBUG    | clean_data           | Initial shape: (483, 11)
2026-06-12 10:33:10 | DEBUG    | clean_data           | Initial columns: ['SYMBOL', 'SECTOR', 'LISTED IN', 'LDCP', 'OPEN', 'HIGH', 'LOW', 'CURRENT', 'CHANGE', 'CHANGE (%)', 'VOLUME']
2026-06-12 10:33:10 | DEBUG    | clean_data           | Removed 'LISTED IN' column
2026-06-12 10:33:10 | DEBUG    | clean_data           | Converted LDCP from float64 to numeric
2026-06-12 10:33:10 | DEBUG    | clean_data           | Converted OPEN from float64 to numeric
2026-06-12 10:33:10 | DEBUG    | clean_data           | Converted HIGH from float64 to numeric
2026-06-12 10:33:10 | DEBUG    | clean_data           | Converted LOW from float64 to numeric
2026-06-12 10:33:10 | DEBUG    | clean_data           | Converted CURRENT from float64 to numeric
2026-06-12 10:33:10 | DEBUG    | clean_data           | Converted CHANGE from float64 to numeric
2026-06-12 10:33:10 | DEBUG    | clean_data           | Converted CHANGE (%) from str to numeric
2026-06-12 10:33:10 | DEBUG    | clean_data           | Converted VOLUME from int64 to numeric
2026-06-12 10:33:10 | INFO     | clean_data           | ✅ Data cleaned (483 rows, 16 columns)
2026-06-12 10:33:10 | DEBUG    | clean_data           | Final columns: ['SYMBOL', 'SECTOR', 'LDCP', 'OPEN', 'HIGH', 'LOW', 'CURRENT', 'CHANGE', 'CHANGE (%)', 'VOLUME', 'YEAR', 'MONTH', 'DAY', 'HOUR', 'MINUTE', 'DATETIME']
2026-06-12 10:33:10 | DEBUG    | get_file_path        | Generated file path: data/2026/06/2026-06-12.xlsx
2026-06-12 10:33:10 | INFO     | save_data            | Saving data to: data/2026/06/2026-06-12.xlsx
2026-06-12 10:33:10 | DEBUG    | save_data            | Existing file found, merging data...
2026-06-12 10:33:15 | DEBUG    | save_data            | Loaded 44958 existing rows
2026-06-12 10:33:15 | DEBUG    | save_data            | Combined to 45441 rows
2026-06-12 10:33:15 | DEBUG    | save_data            | Writing to temporary file...
2026-06-12 10:33:23 | DEBUG    | save_data            | Data written to temp file: /home/runner/work/Thalorae-BackLioraen/Thalorae-BackLioraen/data/2026/06/tmp634osbps.xlsx
2026-06-12 10:33:23 | DEBUG    | save_data            | Temp file moved to final location
2026-06-12 10:33:23 | INFO     | save_data            | ✅ Data saved successfully (45441 total rows, 3371058 bytes)
2026-06-12 10:33:23 | INFO     | run                  | ======================================================================
2026-06-12 10:33:23 | INFO     | run                  | 📊 EXECUTION SUMMARY:
2026-06-12 10:33:23 | INFO     | run                  |    ✅ Status: SUCCESS
2026-06-12 10:33:23 | INFO     | run                  |    - Rows processed: 483
2026-06-12 10:33:23 | INFO     | run                  |    - Unique symbols: 483
2026-06-12 10:33:23 | INFO     | run                  |    - Timestamp: 2026-06-12 15:33:06
2026-06-12 10:33:23 | INFO     | run                  |    - File: data/2026/06/2026-06-12.xlsx
2026-06-12 10:33:23 | INFO     | run                  | ======================================================================
2026-06-12 10:33:23 | DEBUG    | run                  | Sample data (first row):
2026-06-12 10:33:23 | DEBUG    | run                  | {'SYMBOL': 'KOSM', 'SECTOR': 830, 'LDCP': 5.73, 'OPEN': 5.84, 'HIGH': 6.17, 'LOW': 5.75, 'CURRENT': 5.95, 'CHANGE': 0.22, 'CHANGE (%)': nan, 'VOLUME': 46203848, 'YEAR': 2026, 'MONTH': 6, 'DAY': 12, 'HOUR': 15, 'MINUTE': 33, 'DATETIME': '2026-06-12 15:33'}
2026-06-12 10:38:24 | INFO     | run                  | ======================================================================
2026-06-12 10:38:24 | INFO     | run                  | 🚀 MARKET DATA SCRAPER - SINGLE EXECUTION
2026-06-12 10:38:24 | INFO     | run                  | ======================================================================
2026-06-12 10:38:24 | INFO     | run                  | Execution Time: 2026-06-12 15:38:24 PKT
2026-06-12 10:38:24 | INFO     | run                  | Configuration:
2026-06-12 10:38:24 | INFO     | run                  |    - Timezone: Asia/Karachi
2026-06-12 10:38:24 | INFO     | run                  |    - Data directory: data
2026-06-12 10:38:24 | INFO     | run                  |    - Log directory: logs
2026-06-12 10:38:24 | INFO     | run                  | ======================================================================
2026-06-12 10:38:24 | INFO     | fetch_data           | Fetching data (Attempt 1/3)...
2026-06-12 10:38:24 | DEBUG    | fetch_data           | Establishing session with https://dps.psx.com.pk/
2026-06-12 10:38:27 | DEBUG    | fetch_data           | Requesting data from https://dps.psx.com.pk/market-watch
2026-06-12 10:38:28 | DEBUG    | fetch_data           | Response status: 200
2026-06-12 10:38:28 | DEBUG    | fetch_data           | Response content type: text/html; charset=utf-8
2026-06-12 10:38:28 | DEBUG    | fetch_data           | Response size: 463663 bytes
2026-06-12 10:38:28 | INFO     | fetch_data           | ✅ Data fetched successfully (Status: 200)
2026-06-12 10:38:28 | DEBUG    | parse_json           | Attempting JSON parsing...
2026-06-12 10:38:28 | DEBUG    | parse_json           | Response preview: <table class="tbl" data-page-length="25"><thead class="tbl__head"><!-- tr--><!--   th(colspan="11")--><!--   th.center(colspan="2", style="width: 110px;") TOTAL BUY ORDERS--><!--   th.center(colspan="2", style="width: 110px;") TOTAL SELL ORDERS--><tr><th data-name="symbol">SYMBOL</th><th data-name="sector">SECTOR</th><th data-name="listed">LISTED IN</th><th class="right" data-name="ldcp">LDCP</th><th class="right" data-name="open">OPEN</th><th class="right" data-name="high">HIGH</th><th class="r
2026-06-12 10:38:28 | WARNING  | parse_json           | ⚠️ JSON parsing failed: Expecting value: line 1 column 1 (char 0)
2026-06-12 10:38:28 | INFO     | run                  | JSON parsing failed, trying HTML fallback...
2026-06-12 10:38:28 | INFO     | parse_html           | Attempting HTML fallback parsing...
2026-06-12 10:38:28 | DEBUG    | parse_html           | Found 1 table(s) in HTML
2026-06-12 10:38:28 | DEBUG    | parse_html           | Table columns: ['SYMBOL', 'SECTOR', 'LISTED IN', 'LDCP', 'OPEN', 'HIGH', 'LOW', 'CURRENT', 'CHANGE', 'CHANGE (%)', 'VOLUME']
2026-06-12 10:38:28 | DEBUG    | parse_html           | Table shape: (484, 11)
2026-06-12 10:38:28 | INFO     | parse_html           | ✅ HTML parsed successfully (484 rows)
2026-06-12 10:38:28 | INFO     | clean_data           | Cleaning data...
2026-06-12 10:38:28 | DEBUG    | clean_data           | Initial shape: (484, 11)
2026-06-12 10:38:28 | DEBUG    | clean_data           | Initial columns: ['SYMBOL', 'SECTOR', 'LISTED IN', 'LDCP', 'OPEN', 'HIGH', 'LOW', 'CURRENT', 'CHANGE', 'CHANGE (%)', 'VOLUME']
2026-06-12 10:38:28 | DEBUG    | clean_data           | Removed 'LISTED IN' column
2026-06-12 10:38:28 | DEBUG    | clean_data           | Converted LDCP from float64 to numeric
2026-06-12 10:38:28 | DEBUG    | clean_data           | Converted OPEN from float64 to numeric
2026-06-12 10:38:28 | DEBUG    | clean_data           | Converted HIGH from float64 to numeric
2026-06-12 10:38:28 | DEBUG    | clean_data           | Converted LOW from float64 to numeric
2026-06-12 10:38:28 | DEBUG    | clean_data           | Converted CURRENT from float64 to numeric
2026-06-12 10:38:28 | DEBUG    | clean_data           | Converted CHANGE from float64 to numeric
2026-06-12 10:38:28 | DEBUG    | clean_data           | Converted CHANGE (%) from str to numeric
2026-06-12 10:38:28 | DEBUG    | clean_data           | Converted VOLUME from int64 to numeric
2026-06-12 10:38:28 | INFO     | clean_data           | ✅ Data cleaned (484 rows, 16 columns)
2026-06-12 10:38:28 | DEBUG    | clean_data           | Final columns: ['SYMBOL', 'SECTOR', 'LDCP', 'OPEN', 'HIGH', 'LOW', 'CURRENT', 'CHANGE', 'CHANGE (%)', 'VOLUME', 'YEAR', 'MONTH', 'DAY', 'HOUR', 'MINUTE', 'DATETIME']
2026-06-12 10:38:28 | DEBUG    | get_file_path        | Generated file path: data/2026/06/2026-06-12.xlsx
2026-06-12 10:38:28 | INFO     | save_data            | Saving data to: data/2026/06/2026-06-12.xlsx
2026-06-12 10:38:28 | DEBUG    | save_data            | Existing file found, merging data...
2026-06-12 10:38:33 | DEBUG    | save_data            | Loaded 45441 existing rows
2026-06-12 10:38:33 | DEBUG    | save_data            | Combined to 45925 rows
2026-06-12 10:38:33 | DEBUG    | save_data            | Writing to temporary file...
2026-06-12 10:38:41 | DEBUG    | save_data            | Data written to temp file: /home/runner/work/Thalorae-BackLioraen/Thalorae-BackLioraen/data/2026/06/tmpql44zqrg.xlsx
2026-06-12 10:38:41 | DEBUG    | save_data            | Temp file moved to final location
2026-06-12 10:38:41 | INFO     | save_data            | ✅ Data saved successfully (45925 total rows, 3407424 bytes)
2026-06-12 10:38:41 | INFO     | run                  | ======================================================================
2026-06-12 10:38:41 | INFO     | run                  | 📊 EXECUTION SUMMARY:
2026-06-12 10:38:41 | INFO     | run                  |    ✅ Status: SUCCESS
2026-06-12 10:38:41 | INFO     | run                  |    - Rows processed: 484
2026-06-12 10:38:41 | INFO     | run                  |    - Unique symbols: 484
2026-06-12 10:38:41 | INFO     | run                  |    - Timestamp: 2026-06-12 15:38:24
2026-06-12 10:38:41 | INFO     | run                  |    - File: data/2026/06/2026-06-12.xlsx
2026-06-12 10:38:41 | INFO     | run                  | ======================================================================
2026-06-12 10:38:41 | DEBUG    | run                  | Sample data (first row):
2026-06-12 10:38:41 | DEBUG    | run                  | {'SYMBOL': 'KOSM', 'SECTOR': 830, 'LDCP': 5.73, 'OPEN': 5.84, 'HIGH': 6.17, 'LOW': 5.75, 'CURRENT': 5.95, 'CHANGE': 0.22, 'CHANGE (%)': nan, 'VOLUME': 46662370, 'YEAR': 2026, 'MONTH': 6, 'DAY': 12, 'HOUR': 15, 'MINUTE': 38, 'DATETIME': '2026-06-12 15:38'}
2026-06-12 10:43:42 | INFO     | run                  | ======================================================================
2026-06-12 10:43:42 | INFO     | run                  | 🚀 MARKET DATA SCRAPER - SINGLE EXECUTION
2026-06-12 10:43:42 | INFO     | run                  | ======================================================================
2026-06-12 10:43:42 | INFO     | run                  | Execution Time: 2026-06-12 15:43:42 PKT
2026-06-12 10:43:42 | INFO     | run                  | Configuration:
2026-06-12 10:43:42 | INFO     | run                  |    - Timezone: Asia/Karachi
2026-06-12 10:43:42 | INFO     | run                  |    - Data directory: data
2026-06-12 10:43:42 | INFO     | run                  |    - Log directory: logs
2026-06-12 10:43:42 | INFO     | run                  | ======================================================================
2026-06-12 10:43:42 | INFO     | fetch_data           | Fetching data (Attempt 1/3)...
2026-06-12 10:43:42 | DEBUG    | fetch_data           | Establishing session with https://dps.psx.com.pk/
2026-06-12 10:43:45 | DEBUG    | fetch_data           | Requesting data from https://dps.psx.com.pk/market-watch
2026-06-12 10:43:47 | DEBUG    | fetch_data           | Response status: 200
2026-06-12 10:43:47 | DEBUG    | fetch_data           | Response content type: text/html; charset=utf-8
2026-06-12 10:43:47 | DEBUG    | fetch_data           | Response size: 463300 bytes
2026-06-12 10:43:47 | INFO     | fetch_data           | ✅ Data fetched successfully (Status: 200)
2026-06-12 10:43:47 | DEBUG    | parse_json           | Attempting JSON parsing...
2026-06-12 10:43:47 | DEBUG    | parse_json           | Response preview: <table class="tbl" data-page-length="25"><thead class="tbl__head"><!-- tr--><!--   th(colspan="11")--><!--   th.center(colspan="2", style="width: 110px;") TOTAL BUY ORDERS--><!--   th.center(colspan="2", style="width: 110px;") TOTAL SELL ORDERS--><tr><th data-name="symbol">SYMBOL</th><th data-name="sector">SECTOR</th><th data-name="listed">LISTED IN</th><th class="right" data-name="ldcp">LDCP</th><th class="right" data-name="open">OPEN</th><th class="right" data-name="high">HIGH</th><th class="r
2026-06-12 10:43:47 | WARNING  | parse_json           | ⚠️ JSON parsing failed: Expecting value: line 1 column 1 (char 0)
2026-06-12 10:43:47 | INFO     | run                  | JSON parsing failed, trying HTML fallback...
2026-06-12 10:43:47 | INFO     | parse_html           | Attempting HTML fallback parsing...
2026-06-12 10:43:47 | DEBUG    | parse_html           | Found 1 table(s) in HTML
2026-06-12 10:43:47 | DEBUG    | parse_html           | Table columns: ['SYMBOL', 'SECTOR', 'LISTED IN', 'LDCP', 'OPEN', 'HIGH', 'LOW', 'CURRENT', 'CHANGE', 'CHANGE (%)', 'VOLUME']
2026-06-12 10:43:47 | DEBUG    | parse_html           | Table shape: (484, 11)
2026-06-12 10:43:47 | INFO     | parse_html           | ✅ HTML parsed successfully (484 rows)
2026-06-12 10:43:47 | INFO     | clean_data           | Cleaning data...
2026-06-12 10:43:47 | DEBUG    | clean_data           | Initial shape: (484, 11)
2026-06-12 10:43:47 | DEBUG    | clean_data           | Initial columns: ['SYMBOL', 'SECTOR', 'LISTED IN', 'LDCP', 'OPEN', 'HIGH', 'LOW', 'CURRENT', 'CHANGE', 'CHANGE (%)', 'VOLUME']
2026-06-12 10:43:47 | DEBUG    | clean_data           | Removed 'LISTED IN' column
2026-06-12 10:43:47 | DEBUG    | clean_data           | Converted LDCP from float64 to numeric
2026-06-12 10:43:47 | DEBUG    | clean_data           | Converted OPEN from float64 to numeric
2026-06-12 10:43:47 | DEBUG    | clean_data           | Converted HIGH from float64 to numeric
2026-06-12 10:43:47 | DEBUG    | clean_data           | Converted LOW from float64 to numeric
2026-06-12 10:43:47 | DEBUG    | clean_data           | Converted CURRENT from float64 to numeric
2026-06-12 10:43:47 | DEBUG    | clean_data           | Converted CHANGE from float64 to numeric
2026-06-12 10:43:47 | DEBUG    | clean_data           | Converted CHANGE (%) from str to numeric
2026-06-12 10:43:47 | DEBUG    | clean_data           | Converted VOLUME from int64 to numeric
2026-06-12 10:43:47 | INFO     | clean_data           | ✅ Data cleaned (484 rows, 16 columns)
2026-06-12 10:43:47 | DEBUG    | clean_data           | Final columns: ['SYMBOL', 'SECTOR', 'LDCP', 'OPEN', 'HIGH', 'LOW', 'CURRENT', 'CHANGE', 'CHANGE (%)', 'VOLUME', 'YEAR', 'MONTH', 'DAY', 'HOUR', 'MINUTE', 'DATETIME']
2026-06-12 10:43:47 | DEBUG    | get_file_path        | Generated file path: data/2026/06/2026-06-12.xlsx
2026-06-12 10:43:47 | INFO     | save_data            | Saving data to: data/2026/06/2026-06-12.xlsx
2026-06-12 10:43:47 | DEBUG    | save_data            | Existing file found, merging data...
2026-06-12 10:43:52 | DEBUG    | save_data            | Loaded 45925 existing rows
2026-06-12 10:43:52 | DEBUG    | save_data            | Combined to 46409 rows
2026-06-12 10:43:52 | DEBUG    | save_data            | Writing to temporary file...
2026-06-12 10:44:00 | DEBUG    | save_data            | Data written to temp file: /home/runner/work/Thalorae-BackLioraen/Thalorae-BackLioraen/data/2026/06/tmpxgi81txb.xlsx
2026-06-12 10:44:00 | DEBUG    | save_data            | Temp file moved to final location
2026-06-12 10:44:00 | INFO     | save_data            | ✅ Data saved successfully (46409 total rows, 3443760 bytes)
2026-06-12 10:44:00 | INFO     | run                  | ======================================================================
2026-06-12 10:44:00 | INFO     | run                  | 📊 EXECUTION SUMMARY:
2026-06-12 10:44:00 | INFO     | run                  |    ✅ Status: SUCCESS
2026-06-12 10:44:00 | INFO     | run                  |    - Rows processed: 484
2026-06-12 10:44:00 | INFO     | run                  |    - Unique symbols: 484
2026-06-12 10:44:00 | INFO     | run                  |    - Timestamp: 2026-06-12 15:43:42
2026-06-12 10:44:00 | INFO     | run                  |    - File: data/2026/06/2026-06-12.xlsx
2026-06-12 10:44:00 | INFO     | run                  | ======================================================================
2026-06-12 10:44:00 | DEBUG    | run                  | Sample data (first row):
2026-06-12 10:44:00 | DEBUG    | run                  | {'SYMBOL': 'KOSM', 'SECTOR': 830, 'LDCP': 5.73, 'OPEN': 5.84, 'HIGH': 6.17, 'LOW': 5.75, 'CURRENT': 5.92, 'CHANGE': 0.19, 'CHANGE (%)': nan, 'VOLUME': 48028680, 'YEAR': 2026, 'MONTH': 6, 'DAY': 12, 'HOUR': 15, 'MINUTE': 43, 'DATETIME': '2026-06-12 15:43'}
2026-06-12 10:49:01 | INFO     | run                  | ======================================================================
2026-06-12 10:49:01 | INFO     | run                  | 🚀 MARKET DATA SCRAPER - SINGLE EXECUTION
2026-06-12 10:49:01 | INFO     | run                  | ======================================================================
2026-06-12 10:49:01 | INFO     | run                  | Execution Time: 2026-06-12 15:49:01 PKT
2026-06-12 10:49:01 | INFO     | run                  | Configuration:
2026-06-12 10:49:01 | INFO     | run                  |    - Timezone: Asia/Karachi
2026-06-12 10:49:01 | INFO     | run                  |    - Data directory: data
2026-06-12 10:49:01 | INFO     | run                  |    - Log directory: logs
2026-06-12 10:49:01 | INFO     | run                  | ======================================================================
2026-06-12 10:49:01 | INFO     | fetch_data           | Fetching data (Attempt 1/3)...
2026-06-12 10:49:01 | DEBUG    | fetch_data           | Establishing session with https://dps.psx.com.pk/
2026-06-12 10:49:05 | DEBUG    | fetch_data           | Requesting data from https://dps.psx.com.pk/market-watch
2026-06-12 10:49:06 | DEBUG    | fetch_data           | Response status: 200
2026-06-12 10:49:06 | DEBUG    | fetch_data           | Response content type: text/html; charset=utf-8
2026-06-12 10:49:06 | DEBUG    | fetch_data           | Response size: 463308 bytes
2026-06-12 10:49:06 | INFO     | fetch_data           | ✅ Data fetched successfully (Status: 200)
2026-06-12 10:49:06 | DEBUG    | parse_json           | Attempting JSON parsing...
2026-06-12 10:49:06 | DEBUG    | parse_json           | Response preview: <table class="tbl" data-page-length="25"><thead class="tbl__head"><!-- tr--><!--   th(colspan="11")--><!--   th.center(colspan="2", style="width: 110px;") TOTAL BUY ORDERS--><!--   th.center(colspan="2", style="width: 110px;") TOTAL SELL ORDERS--><tr><th data-name="symbol">SYMBOL</th><th data-name="sector">SECTOR</th><th data-name="listed">LISTED IN</th><th class="right" data-name="ldcp">LDCP</th><th class="right" data-name="open">OPEN</th><th class="right" data-name="high">HIGH</th><th class="r
2026-06-12 10:49:06 | WARNING  | parse_json           | ⚠️ JSON parsing failed: Expecting value: line 1 column 1 (char 0)
2026-06-12 10:49:06 | INFO     | run                  | JSON parsing failed, trying HTML fallback...
2026-06-12 10:49:06 | INFO     | parse_html           | Attempting HTML fallback parsing...
2026-06-12 10:49:06 | DEBUG    | parse_html           | Found 1 table(s) in HTML
2026-06-12 10:49:06 | DEBUG    | parse_html           | Table columns: ['SYMBOL', 'SECTOR', 'LISTED IN', 'LDCP', 'OPEN', 'HIGH', 'LOW', 'CURRENT', 'CHANGE', 'CHANGE (%)', 'VOLUME']
2026-06-12 10:49:06 | DEBUG    | parse_html           | Table shape: (484, 11)
2026-06-12 10:49:06 | INFO     | parse_html           | ✅ HTML parsed successfully (484 rows)
2026-06-12 10:49:06 | INFO     | clean_data           | Cleaning data...
2026-06-12 10:49:06 | DEBUG    | clean_data           | Initial shape: (484, 11)
2026-06-12 10:49:06 | DEBUG    | clean_data           | Initial columns: ['SYMBOL', 'SECTOR', 'LISTED IN', 'LDCP', 'OPEN', 'HIGH', 'LOW', 'CURRENT', 'CHANGE', 'CHANGE (%)', 'VOLUME']
2026-06-12 10:49:06 | DEBUG    | clean_data           | Removed 'LISTED IN' column
2026-06-12 10:49:06 | DEBUG    | clean_data           | Converted LDCP from float64 to numeric
2026-06-12 10:49:06 | DEBUG    | clean_data           | Converted OPEN from float64 to numeric
2026-06-12 10:49:06 | DEBUG    | clean_data           | Converted HIGH from float64 to numeric
2026-06-12 10:49:06 | DEBUG    | clean_data           | Converted LOW from float64 to numeric
2026-06-12 10:49:06 | DEBUG    | clean_data           | Converted CURRENT from float64 to numeric
2026-06-12 10:49:06 | DEBUG    | clean_data           | Converted CHANGE from float64 to numeric
2026-06-12 10:49:06 | DEBUG    | clean_data           | Converted CHANGE (%) from str to numeric
2026-06-12 10:49:06 | DEBUG    | clean_data           | Converted VOLUME from int64 to numeric
2026-06-12 10:49:06 | INFO     | clean_data           | ✅ Data cleaned (484 rows, 16 columns)
2026-06-12 10:49:06 | DEBUG    | clean_data           | Final columns: ['SYMBOL', 'SECTOR', 'LDCP', 'OPEN', 'HIGH', 'LOW', 'CURRENT', 'CHANGE', 'CHANGE (%)', 'VOLUME', 'YEAR', 'MONTH', 'DAY', 'HOUR', 'MINUTE', 'DATETIME']
2026-06-12 10:49:06 | DEBUG    | get_file_path        | Generated file path: data/2026/06/2026-06-12.xlsx
2026-06-12 10:49:06 | INFO     | save_data            | Saving data to: data/2026/06/2026-06-12.xlsx
2026-06-12 10:49:06 | DEBUG    | save_data            | Existing file found, merging data...
2026-06-12 10:49:11 | DEBUG    | save_data            | Loaded 46409 existing rows
2026-06-12 10:49:11 | DEBUG    | save_data            | Combined to 46893 rows
2026-06-12 10:49:11 | DEBUG    | save_data            | Writing to temporary file...
2026-06-12 10:49:20 | DEBUG    | save_data            | Data written to temp file: /home/runner/work/Thalorae-BackLioraen/Thalorae-BackLioraen/data/2026/06/tmpuwa4fcav.xlsx
2026-06-12 10:49:20 | DEBUG    | save_data            | Temp file moved to final location
2026-06-12 10:49:20 | INFO     | save_data            | ✅ Data saved successfully (46893 total rows, 3480057 bytes)
2026-06-12 10:49:20 | INFO     | run                  | ======================================================================
2026-06-12 10:49:20 | INFO     | run                  | 📊 EXECUTION SUMMARY:
2026-06-12 10:49:20 | INFO     | run                  |    ✅ Status: SUCCESS
2026-06-12 10:49:20 | INFO     | run                  |    - Rows processed: 484
2026-06-12 10:49:20 | INFO     | run                  |    - Unique symbols: 484
2026-06-12 10:49:20 | INFO     | run                  |    - Timestamp: 2026-06-12 15:49:01
2026-06-12 10:49:20 | INFO     | run                  |    - File: data/2026/06/2026-06-12.xlsx
2026-06-12 10:49:20 | INFO     | run                  | ======================================================================
2026-06-12 10:49:20 | DEBUG    | run                  | Sample data (first row):
2026-06-12 10:49:20 | DEBUG    | run                  | {'SYMBOL': 'KOSM', 'SECTOR': 830, 'LDCP': 5.73, 'OPEN': 5.84, 'HIGH': 6.17, 'LOW': 5.75, 'CURRENT': 5.86, 'CHANGE': 0.13, 'CHANGE (%)': nan, 'VOLUME': 50347200, 'YEAR': 2026, 'MONTH': 6, 'DAY': 12, 'HOUR': 15, 'MINUTE': 49, 'DATETIME': '2026-06-12 15:49'}
2026-06-12 10:54:20 | INFO     | run                  | ======================================================================
2026-06-12 10:54:20 | INFO     | run                  | 🚀 MARKET DATA SCRAPER - SINGLE EXECUTION
2026-06-12 10:54:20 | INFO     | run                  | ======================================================================
2026-06-12 10:54:20 | INFO     | run                  | Execution Time: 2026-06-12 15:54:20 PKT
2026-06-12 10:54:20 | INFO     | run                  | Configuration:
2026-06-12 10:54:20 | INFO     | run                  |    - Timezone: Asia/Karachi
2026-06-12 10:54:20 | INFO     | run                  |    - Data directory: data
2026-06-12 10:54:20 | INFO     | run                  |    - Log directory: logs
2026-06-12 10:54:20 | INFO     | run                  | ======================================================================
2026-06-12 10:54:20 | INFO     | fetch_data           | Fetching data (Attempt 1/3)...
2026-06-12 10:54:20 | DEBUG    | fetch_data           | Establishing session with https://dps.psx.com.pk/
2026-06-12 10:54:23 | DEBUG    | fetch_data           | Requesting data from https://dps.psx.com.pk/market-watch
2026-06-12 10:54:24 | DEBUG    | fetch_data           | Response status: 200
2026-06-12 10:54:24 | DEBUG    | fetch_data           | Response content type: text/html; charset=utf-8
2026-06-12 10:54:24 | DEBUG    | fetch_data           | Response size: 463277 bytes
2026-06-12 10:54:24 | INFO     | fetch_data           | ✅ Data fetched successfully (Status: 200)
2026-06-12 10:54:24 | DEBUG    | parse_json           | Attempting JSON parsing...
2026-06-12 10:54:24 | DEBUG    | parse_json           | Response preview: <table class="tbl" data-page-length="25"><thead class="tbl__head"><!-- tr--><!--   th(colspan="11")--><!--   th.center(colspan="2", style="width: 110px;") TOTAL BUY ORDERS--><!--   th.center(colspan="2", style="width: 110px;") TOTAL SELL ORDERS--><tr><th data-name="symbol">SYMBOL</th><th data-name="sector">SECTOR</th><th data-name="listed">LISTED IN</th><th class="right" data-name="ldcp">LDCP</th><th class="right" data-name="open">OPEN</th><th class="right" data-name="high">HIGH</th><th class="r
2026-06-12 10:54:24 | WARNING  | parse_json           | ⚠️ JSON parsing failed: Expecting value: line 1 column 1 (char 0)
2026-06-12 10:54:24 | INFO     | run                  | JSON parsing failed, trying HTML fallback...
2026-06-12 10:54:24 | INFO     | parse_html           | Attempting HTML fallback parsing...
2026-06-12 10:54:24 | DEBUG    | parse_html           | Found 1 table(s) in HTML
2026-06-12 10:54:24 | DEBUG    | parse_html           | Table columns: ['SYMBOL', 'SECTOR', 'LISTED IN', 'LDCP', 'OPEN', 'HIGH', 'LOW', 'CURRENT', 'CHANGE', 'CHANGE (%)', 'VOLUME']
2026-06-12 10:54:24 | DEBUG    | parse_html           | Table shape: (484, 11)
2026-06-12 10:54:24 | INFO     | parse_html           | ✅ HTML parsed successfully (484 rows)
2026-06-12 10:54:24 | INFO     | clean_data           | Cleaning data...
2026-06-12 10:54:24 | DEBUG    | clean_data           | Initial shape: (484, 11)
2026-06-12 10:54:24 | DEBUG    | clean_data           | Initial columns: ['SYMBOL', 'SECTOR', 'LISTED IN', 'LDCP', 'OPEN', 'HIGH', 'LOW', 'CURRENT', 'CHANGE', 'CHANGE (%)', 'VOLUME']
2026-06-12 10:54:24 | DEBUG    | clean_data           | Removed 'LISTED IN' column
2026-06-12 10:54:24 | DEBUG    | clean_data           | Converted LDCP from float64 to numeric
2026-06-12 10:54:24 | DEBUG    | clean_data           | Converted OPEN from float64 to numeric
2026-06-12 10:54:24 | DEBUG    | clean_data           | Converted HIGH from float64 to numeric
2026-06-12 10:54:24 | DEBUG    | clean_data           | Converted LOW from float64 to numeric
2026-06-12 10:54:24 | DEBUG    | clean_data           | Converted CURRENT from float64 to numeric
2026-06-12 10:54:24 | DEBUG    | clean_data           | Converted CHANGE from float64 to numeric
2026-06-12 10:54:24 | DEBUG    | clean_data           | Converted CHANGE (%) from str to numeric
2026-06-12 10:54:24 | DEBUG    | clean_data           | Converted VOLUME from int64 to numeric
2026-06-12 10:54:24 | INFO     | clean_data           | ✅ Data cleaned (484 rows, 16 columns)
2026-06-12 10:54:24 | DEBUG    | clean_data           | Final columns: ['SYMBOL', 'SECTOR', 'LDCP', 'OPEN', 'HIGH', 'LOW', 'CURRENT', 'CHANGE', 'CHANGE (%)', 'VOLUME', 'YEAR', 'MONTH', 'DAY', 'HOUR', 'MINUTE', 'DATETIME']
2026-06-12 10:54:24 | DEBUG    | get_file_path        | Generated file path: data/2026/06/2026-06-12.xlsx
2026-06-12 10:54:24 | INFO     | save_data            | Saving data to: data/2026/06/2026-06-12.xlsx
2026-06-12 10:54:24 | DEBUG    | save_data            | Existing file found, merging data...
2026-06-12 10:54:29 | DEBUG    | save_data            | Loaded 46893 existing rows
2026-06-12 10:54:29 | DEBUG    | save_data            | Combined to 47377 rows
2026-06-12 10:54:29 | DEBUG    | save_data            | Writing to temporary file...
2026-06-12 10:54:38 | DEBUG    | save_data            | Data written to temp file: /home/runner/work/Thalorae-BackLioraen/Thalorae-BackLioraen/data/2026/06/tmp8t12b5s7.xlsx
2026-06-12 10:54:38 | DEBUG    | save_data            | Temp file moved to final location
2026-06-12 10:54:38 | INFO     | save_data            | ✅ Data saved successfully (47377 total rows, 3516513 bytes)
2026-06-12 10:54:38 | INFO     | run                  | ======================================================================
2026-06-12 10:54:38 | INFO     | run                  | 📊 EXECUTION SUMMARY:
2026-06-12 10:54:38 | INFO     | run                  |    ✅ Status: SUCCESS
2026-06-12 10:54:38 | INFO     | run                  |    - Rows processed: 484
2026-06-12 10:54:38 | INFO     | run                  |    - Unique symbols: 484
2026-06-12 10:54:38 | INFO     | run                  |    - Timestamp: 2026-06-12 15:54:20
2026-06-12 10:54:38 | INFO     | run                  |    - File: data/2026/06/2026-06-12.xlsx
2026-06-12 10:54:38 | INFO     | run                  | ======================================================================
2026-06-12 10:54:38 | DEBUG    | run                  | Sample data (first row):
2026-06-12 10:54:38 | DEBUG    | run                  | {'SYMBOL': 'KOSM', 'SECTOR': 830, 'LDCP': 5.73, 'OPEN': 5.84, 'HIGH': 6.17, 'LOW': 5.75, 'CURRENT': 5.88, 'CHANGE': 0.15, 'CHANGE (%)': nan, 'VOLUME': 50858743, 'YEAR': 2026, 'MONTH': 6, 'DAY': 12, 'HOUR': 15, 'MINUTE': 54, 'DATETIME': '2026-06-12 15:54'}
2026-06-12 10:59:38 | INFO     | run                  | ======================================================================
2026-06-12 10:59:38 | INFO     | run                  | 🚀 MARKET DATA SCRAPER - SINGLE EXECUTION
2026-06-12 10:59:38 | INFO     | run                  | ======================================================================
2026-06-12 10:59:38 | INFO     | run                  | Execution Time: 2026-06-12 15:59:38 PKT
2026-06-12 10:59:38 | INFO     | run                  | Configuration:
2026-06-12 10:59:38 | INFO     | run                  |    - Timezone: Asia/Karachi
2026-06-12 10:59:38 | INFO     | run                  |    - Data directory: data
2026-06-12 10:59:38 | INFO     | run                  |    - Log directory: logs
2026-06-12 10:59:38 | INFO     | run                  | ======================================================================
2026-06-12 10:59:38 | INFO     | fetch_data           | Fetching data (Attempt 1/3)...
2026-06-12 10:59:38 | DEBUG    | fetch_data           | Establishing session with https://dps.psx.com.pk/
2026-06-12 10:59:41 | DEBUG    | fetch_data           | Requesting data from https://dps.psx.com.pk/market-watch
2026-06-12 10:59:42 | DEBUG    | fetch_data           | Response status: 200
2026-06-12 10:59:42 | DEBUG    | fetch_data           | Response content type: text/html; charset=utf-8
2026-06-12 10:59:42 | DEBUG    | fetch_data           | Response size: 464417 bytes
2026-06-12 10:59:42 | INFO     | fetch_data           | ✅ Data fetched successfully (Status: 200)
2026-06-12 10:59:42 | DEBUG    | parse_json           | Attempting JSON parsing...
2026-06-12 10:59:42 | DEBUG    | parse_json           | Response preview: <table class="tbl" data-page-length="25"><thead class="tbl__head"><!-- tr--><!--   th(colspan="11")--><!--   th.center(colspan="2", style="width: 110px;") TOTAL BUY ORDERS--><!--   th.center(colspan="2", style="width: 110px;") TOTAL SELL ORDERS--><tr><th data-name="symbol">SYMBOL</th><th data-name="sector">SECTOR</th><th data-name="listed">LISTED IN</th><th class="right" data-name="ldcp">LDCP</th><th class="right" data-name="open">OPEN</th><th class="right" data-name="high">HIGH</th><th class="r
2026-06-12 10:59:42 | WARNING  | parse_json           | ⚠️ JSON parsing failed: Expecting value: line 1 column 1 (char 0)
2026-06-12 10:59:42 | INFO     | run                  | JSON parsing failed, trying HTML fallback...
2026-06-12 10:59:42 | INFO     | parse_html           | Attempting HTML fallback parsing...
2026-06-12 10:59:42 | DEBUG    | parse_html           | Found 1 table(s) in HTML
2026-06-12 10:59:42 | DEBUG    | parse_html           | Table columns: ['SYMBOL', 'SECTOR', 'LISTED IN', 'LDCP', 'OPEN', 'HIGH', 'LOW', 'CURRENT', 'CHANGE', 'CHANGE (%)', 'VOLUME']
2026-06-12 10:59:42 | DEBUG    | parse_html           | Table shape: (485, 11)
2026-06-12 10:59:42 | INFO     | parse_html           | ✅ HTML parsed successfully (485 rows)
2026-06-12 10:59:42 | INFO     | clean_data           | Cleaning data...
2026-06-12 10:59:42 | DEBUG    | clean_data           | Initial shape: (485, 11)
2026-06-12 10:59:42 | DEBUG    | clean_data           | Initial columns: ['SYMBOL', 'SECTOR', 'LISTED IN', 'LDCP', 'OPEN', 'HIGH', 'LOW', 'CURRENT', 'CHANGE', 'CHANGE (%)', 'VOLUME']
2026-06-12 10:59:42 | DEBUG    | clean_data           | Removed 'LISTED IN' column
2026-06-12 10:59:42 | DEBUG    | clean_data           | Converted LDCP from float64 to numeric
2026-06-12 10:59:42 | DEBUG    | clean_data           | Converted OPEN from float64 to numeric
2026-06-12 10:59:42 | DEBUG    | clean_data           | Converted HIGH from float64 to numeric
2026-06-12 10:59:42 | DEBUG    | clean_data           | Converted LOW from float64 to numeric
2026-06-12 10:59:42 | DEBUG    | clean_data           | Converted CURRENT from float64 to numeric
2026-06-12 10:59:42 | DEBUG    | clean_data           | Converted CHANGE from float64 to numeric
2026-06-12 10:59:42 | DEBUG    | clean_data           | Converted CHANGE (%) from str to numeric
2026-06-12 10:59:42 | DEBUG    | clean_data           | Converted VOLUME from int64 to numeric
2026-06-12 10:59:42 | INFO     | clean_data           | ✅ Data cleaned (485 rows, 16 columns)
2026-06-12 10:59:42 | DEBUG    | clean_data           | Final columns: ['SYMBOL', 'SECTOR', 'LDCP', 'OPEN', 'HIGH', 'LOW', 'CURRENT', 'CHANGE', 'CHANGE (%)', 'VOLUME', 'YEAR', 'MONTH', 'DAY', 'HOUR', 'MINUTE', 'DATETIME']
2026-06-12 10:59:42 | DEBUG    | get_file_path        | Generated file path: data/2026/06/2026-06-12.xlsx
2026-06-12 10:59:42 | INFO     | save_data            | Saving data to: data/2026/06/2026-06-12.xlsx
2026-06-12 10:59:42 | DEBUG    | save_data            | Existing file found, merging data...
2026-06-12 10:59:47 | DEBUG    | save_data            | Loaded 47377 existing rows
2026-06-12 10:59:47 | DEBUG    | save_data            | Combined to 47862 rows
2026-06-12 10:59:47 | DEBUG    | save_data            | Writing to temporary file...
2026-06-12 10:59:56 | DEBUG    | save_data            | Data written to temp file: /home/runner/work/Thalorae-BackLioraen/Thalorae-BackLioraen/data/2026/06/tmpoyy5r1_d.xlsx
2026-06-12 10:59:56 | DEBUG    | save_data            | Temp file moved to final location
2026-06-12 10:59:56 | INFO     | save_data            | ✅ Data saved successfully (47862 total rows, 3552982 bytes)
2026-06-12 10:59:56 | INFO     | run                  | ======================================================================
2026-06-12 10:59:56 | INFO     | run                  | 📊 EXECUTION SUMMARY:
2026-06-12 10:59:56 | INFO     | run                  |    ✅ Status: SUCCESS
2026-06-12 10:59:56 | INFO     | run                  |    - Rows processed: 485
2026-06-12 10:59:56 | INFO     | run                  |    - Unique symbols: 485
2026-06-12 10:59:56 | INFO     | run                  |    - Timestamp: 2026-06-12 15:59:38
2026-06-12 10:59:56 | INFO     | run                  |    - File: data/2026/06/2026-06-12.xlsx
2026-06-12 10:59:56 | INFO     | run                  | ======================================================================
2026-06-12 10:59:56 | DEBUG    | run                  | Sample data (first row):
2026-06-12 10:59:56 | DEBUG    | run                  | {'SYMBOL': 'KOSM', 'SECTOR': 830, 'LDCP': 5.73, 'OPEN': 5.84, 'HIGH': 6.17, 'LOW': 5.75, 'CURRENT': 5.87, 'CHANGE': 0.14, 'CHANGE (%)': nan, 'VOLUME': 53297874, 'YEAR': 2026, 'MONTH': 6, 'DAY': 12, 'HOUR': 15, 'MINUTE': 59, 'DATETIME': '2026-06-12 15:59'}
2026-06-12 11:04:56 | INFO     | run                  | ======================================================================
2026-06-12 11:04:56 | INFO     | run                  | 🚀 MARKET DATA SCRAPER - SINGLE EXECUTION
2026-06-12 11:04:56 | INFO     | run                  | ======================================================================
2026-06-12 11:04:56 | INFO     | run                  | Execution Time: 2026-06-12 16:04:56 PKT
2026-06-12 11:04:56 | INFO     | run                  | Configuration:
2026-06-12 11:04:56 | INFO     | run                  |    - Timezone: Asia/Karachi
2026-06-12 11:04:56 | INFO     | run                  |    - Data directory: data
2026-06-12 11:04:56 | INFO     | run                  |    - Log directory: logs
2026-06-12 11:04:56 | INFO     | run                  | ======================================================================
2026-06-12 11:04:56 | INFO     | fetch_data           | Fetching data (Attempt 1/3)...
2026-06-12 11:04:56 | DEBUG    | fetch_data           | Establishing session with https://dps.psx.com.pk/
2026-06-12 11:04:59 | DEBUG    | fetch_data           | Requesting data from https://dps.psx.com.pk/market-watch
2026-06-12 11:05:01 | DEBUG    | fetch_data           | Response status: 200
2026-06-12 11:05:01 | DEBUG    | fetch_data           | Response content type: text/html; charset=utf-8
2026-06-12 11:05:01 | DEBUG    | fetch_data           | Response size: 465556 bytes
2026-06-12 11:05:01 | INFO     | fetch_data           | ✅ Data fetched successfully (Status: 200)
2026-06-12 11:05:01 | DEBUG    | parse_json           | Attempting JSON parsing...
2026-06-12 11:05:01 | DEBUG    | parse_json           | Response preview: <table class="tbl" data-page-length="25"><thead class="tbl__head"><!-- tr--><!--   th(colspan="11")--><!--   th.center(colspan="2", style="width: 110px;") TOTAL BUY ORDERS--><!--   th.center(colspan="2", style="width: 110px;") TOTAL SELL ORDERS--><tr><th data-name="symbol">SYMBOL</th><th data-name="sector">SECTOR</th><th data-name="listed">LISTED IN</th><th class="right" data-name="ldcp">LDCP</th><th class="right" data-name="open">OPEN</th><th class="right" data-name="high">HIGH</th><th class="r
2026-06-12 11:05:01 | WARNING  | parse_json           | ⚠️ JSON parsing failed: Expecting value: line 1 column 1 (char 0)
2026-06-12 11:05:01 | INFO     | run                  | JSON parsing failed, trying HTML fallback...
2026-06-12 11:05:01 | INFO     | parse_html           | Attempting HTML fallback parsing...
2026-06-12 11:05:01 | DEBUG    | parse_html           | Found 1 table(s) in HTML
2026-06-12 11:05:01 | DEBUG    | parse_html           | Table columns: ['SYMBOL', 'SECTOR', 'LISTED IN', 'LDCP', 'OPEN', 'HIGH', 'LOW', 'CURRENT', 'CHANGE', 'CHANGE (%)', 'VOLUME']
2026-06-12 11:05:01 | DEBUG    | parse_html           | Table shape: (486, 11)
2026-06-12 11:05:01 | INFO     | parse_html           | ✅ HTML parsed successfully (486 rows)
2026-06-12 11:05:01 | INFO     | clean_data           | Cleaning data...
2026-06-12 11:05:01 | DEBUG    | clean_data           | Initial shape: (486, 11)
2026-06-12 11:05:01 | DEBUG    | clean_data           | Initial columns: ['SYMBOL', 'SECTOR', 'LISTED IN', 'LDCP', 'OPEN', 'HIGH', 'LOW', 'CURRENT', 'CHANGE', 'CHANGE (%)', 'VOLUME']
2026-06-12 11:05:01 | DEBUG    | clean_data           | Removed 'LISTED IN' column
2026-06-12 11:05:01 | DEBUG    | clean_data           | Converted LDCP from float64 to numeric
2026-06-12 11:05:01 | DEBUG    | clean_data           | Converted OPEN from float64 to numeric
2026-06-12 11:05:01 | DEBUG    | clean_data           | Converted HIGH from float64 to numeric
2026-06-12 11:05:01 | DEBUG    | clean_data           | Converted LOW from float64 to numeric
2026-06-12 11:05:01 | DEBUG    | clean_data           | Converted CURRENT from float64 to numeric
2026-06-12 11:05:01 | DEBUG    | clean_data           | Converted CHANGE from float64 to numeric
2026-06-12 11:05:01 | DEBUG    | clean_data           | Converted CHANGE (%) from str to numeric
2026-06-12 11:05:01 | DEBUG    | clean_data           | Converted VOLUME from int64 to numeric
2026-06-12 11:05:01 | INFO     | clean_data           | ✅ Data cleaned (486 rows, 16 columns)
2026-06-12 11:05:01 | DEBUG    | clean_data           | Final columns: ['SYMBOL', 'SECTOR', 'LDCP', 'OPEN', 'HIGH', 'LOW', 'CURRENT', 'CHANGE', 'CHANGE (%)', 'VOLUME', 'YEAR', 'MONTH', 'DAY', 'HOUR', 'MINUTE', 'DATETIME']
2026-06-12 11:05:01 | DEBUG    | get_file_path        | Generated file path: data/2026/06/2026-06-12.xlsx
2026-06-12 11:05:01 | INFO     | save_data            | Saving data to: data/2026/06/2026-06-12.xlsx
2026-06-12 11:05:01 | DEBUG    | save_data            | Existing file found, merging data...
2026-06-12 11:05:06 | DEBUG    | save_data            | Loaded 47862 existing rows
2026-06-12 11:05:06 | DEBUG    | save_data            | Combined to 48348 rows
2026-06-12 11:05:06 | DEBUG    | save_data            | Writing to temporary file...
2026-06-12 11:05:15 | DEBUG    | save_data            | Data written to temp file: /home/runner/work/Thalorae-BackLioraen/Thalorae-BackLioraen/data/2026/06/tmp6gh08uzl.xlsx
2026-06-12 11:05:15 | DEBUG    | save_data            | Temp file moved to final location
2026-06-12 11:05:15 | INFO     | save_data            | ✅ Data saved successfully (48348 total rows, 3589593 bytes)
2026-06-12 11:05:15 | INFO     | run                  | ======================================================================
2026-06-12 11:05:15 | INFO     | run                  | 📊 EXECUTION SUMMARY:
2026-06-12 11:05:15 | INFO     | run                  |    ✅ Status: SUCCESS
2026-06-12 11:05:15 | INFO     | run                  |    - Rows processed: 486
2026-06-12 11:05:15 | INFO     | run                  |    - Unique symbols: 486
2026-06-12 11:05:15 | INFO     | run                  |    - Timestamp: 2026-06-12 16:04:56
2026-06-12 11:05:15 | INFO     | run                  |    - File: data/2026/06/2026-06-12.xlsx
2026-06-12 11:05:15 | INFO     | run                  | ======================================================================
2026-06-12 11:05:15 | DEBUG    | run                  | Sample data (first row):
2026-06-12 11:05:15 | DEBUG    | run                  | {'SYMBOL': 'KOSM', 'SECTOR': 830, 'LDCP': 5.73, 'OPEN': 5.84, 'HIGH': 6.17, 'LOW': 5.75, 'CURRENT': 5.91, 'CHANGE': 0.18, 'CHANGE (%)': nan, 'VOLUME': 54081671, 'YEAR': 2026, 'MONTH': 6, 'DAY': 12, 'HOUR': 16, 'MINUTE': 4, 'DATETIME': '2026-06-12 16:04'}
2026-06-12 11:10:15 | INFO     | run                  | ======================================================================
2026-06-12 11:10:15 | INFO     | run                  | 🚀 MARKET DATA SCRAPER - SINGLE EXECUTION
2026-06-12 11:10:15 | INFO     | run                  | ======================================================================
2026-06-12 11:10:15 | INFO     | run                  | Execution Time: 2026-06-12 16:10:15 PKT
2026-06-12 11:10:15 | INFO     | run                  | Configuration:
2026-06-12 11:10:15 | INFO     | run                  |    - Timezone: Asia/Karachi
2026-06-12 11:10:15 | INFO     | run                  |    - Data directory: data
2026-06-12 11:10:15 | INFO     | run                  |    - Log directory: logs
2026-06-12 11:10:15 | INFO     | run                  | ======================================================================
2026-06-12 11:10:15 | INFO     | fetch_data           | Fetching data (Attempt 1/3)...
2026-06-12 11:10:15 | DEBUG    | fetch_data           | Establishing session with https://dps.psx.com.pk/
2026-06-12 11:10:18 | DEBUG    | fetch_data           | Requesting data from https://dps.psx.com.pk/market-watch
2026-06-12 11:10:20 | DEBUG    | fetch_data           | Response status: 200
2026-06-12 11:10:20 | DEBUG    | fetch_data           | Response content type: text/html; charset=utf-8
2026-06-12 11:10:20 | DEBUG    | fetch_data           | Response size: 465646 bytes
2026-06-12 11:10:20 | INFO     | fetch_data           | ✅ Data fetched successfully (Status: 200)
2026-06-12 11:10:20 | DEBUG    | parse_json           | Attempting JSON parsing...
2026-06-12 11:10:20 | DEBUG    | parse_json           | Response preview: <table class="tbl" data-page-length="25"><thead class="tbl__head"><!-- tr--><!--   th(colspan="11")--><!--   th.center(colspan="2", style="width: 110px;") TOTAL BUY ORDERS--><!--   th.center(colspan="2", style="width: 110px;") TOTAL SELL ORDERS--><tr><th data-name="symbol">SYMBOL</th><th data-name="sector">SECTOR</th><th data-name="listed">LISTED IN</th><th class="right" data-name="ldcp">LDCP</th><th class="right" data-name="open">OPEN</th><th class="right" data-name="high">HIGH</th><th class="r
2026-06-12 11:10:20 | WARNING  | parse_json           | ⚠️ JSON parsing failed: Expecting value: line 1 column 1 (char 0)
2026-06-12 11:10:20 | INFO     | run                  | JSON parsing failed, trying HTML fallback...
2026-06-12 11:10:20 | INFO     | parse_html           | Attempting HTML fallback parsing...
2026-06-12 11:10:20 | DEBUG    | parse_html           | Found 1 table(s) in HTML
2026-06-12 11:10:20 | DEBUG    | parse_html           | Table columns: ['SYMBOL', 'SECTOR', 'LISTED IN', 'LDCP', 'OPEN', 'HIGH', 'LOW', 'CURRENT', 'CHANGE', 'CHANGE (%)', 'VOLUME']
2026-06-12 11:10:20 | DEBUG    | parse_html           | Table shape: (486, 11)
2026-06-12 11:10:20 | INFO     | parse_html           | ✅ HTML parsed successfully (486 rows)
2026-06-12 11:10:20 | INFO     | clean_data           | Cleaning data...
2026-06-12 11:10:20 | DEBUG    | clean_data           | Initial shape: (486, 11)
2026-06-12 11:10:20 | DEBUG    | clean_data           | Initial columns: ['SYMBOL', 'SECTOR', 'LISTED IN', 'LDCP', 'OPEN', 'HIGH', 'LOW', 'CURRENT', 'CHANGE', 'CHANGE (%)', 'VOLUME']
2026-06-12 11:10:20 | DEBUG    | clean_data           | Removed 'LISTED IN' column
2026-06-12 11:10:20 | DEBUG    | clean_data           | Converted LDCP from float64 to numeric
2026-06-12 11:10:20 | DEBUG    | clean_data           | Converted OPEN from float64 to numeric
2026-06-12 11:10:20 | DEBUG    | clean_data           | Converted HIGH from float64 to numeric
2026-06-12 11:10:20 | DEBUG    | clean_data           | Converted LOW from float64 to numeric
2026-06-12 11:10:20 | DEBUG    | clean_data           | Converted CURRENT from float64 to numeric
2026-06-12 11:10:20 | DEBUG    | clean_data           | Converted CHANGE from float64 to numeric
2026-06-12 11:10:20 | DEBUG    | clean_data           | Converted CHANGE (%) from str to numeric
2026-06-12 11:10:20 | DEBUG    | clean_data           | Converted VOLUME from int64 to numeric
2026-06-12 11:10:20 | INFO     | clean_data           | ✅ Data cleaned (486 rows, 16 columns)
2026-06-12 11:10:20 | DEBUG    | clean_data           | Final columns: ['SYMBOL', 'SECTOR', 'LDCP', 'OPEN', 'HIGH', 'LOW', 'CURRENT', 'CHANGE', 'CHANGE (%)', 'VOLUME', 'YEAR', 'MONTH', 'DAY', 'HOUR', 'MINUTE', 'DATETIME']
2026-06-12 11:10:20 | DEBUG    | get_file_path        | Generated file path: data/2026/06/2026-06-12.xlsx
2026-06-12 11:10:20 | INFO     | save_data            | Saving data to: data/2026/06/2026-06-12.xlsx
2026-06-12 11:10:20 | DEBUG    | save_data            | Existing file found, merging data...
2026-06-12 11:10:25 | DEBUG    | save_data            | Loaded 48348 existing rows
2026-06-12 11:10:25 | DEBUG    | save_data            | Combined to 48834 rows
2026-06-12 11:10:25 | DEBUG    | save_data            | Writing to temporary file...
2026-06-12 11:10:33 | DEBUG    | save_data            | Data written to temp file: /home/runner/work/Thalorae-BackLioraen/Thalorae-BackLioraen/data/2026/06/tmp_uxxa6lo.xlsx
2026-06-12 11:10:33 | DEBUG    | save_data            | Temp file moved to final location
2026-06-12 11:10:33 | INFO     | save_data            | ✅ Data saved successfully (48834 total rows, 3626200 bytes)
2026-06-12 11:10:33 | INFO     | run                  | ======================================================================
2026-06-12 11:10:33 | INFO     | run                  | 📊 EXECUTION SUMMARY:
2026-06-12 11:10:33 | INFO     | run                  |    ✅ Status: SUCCESS
2026-06-12 11:10:33 | INFO     | run                  |    - Rows processed: 486
2026-06-12 11:10:33 | INFO     | run                  |    - Unique symbols: 486
2026-06-12 11:10:33 | INFO     | run                  |    - Timestamp: 2026-06-12 16:10:15
2026-06-12 11:10:33 | INFO     | run                  |    - File: data/2026/06/2026-06-12.xlsx
2026-06-12 11:10:33 | INFO     | run                  | ======================================================================
2026-06-12 11:10:33 | DEBUG    | run                  | Sample data (first row):
2026-06-12 11:10:33 | DEBUG    | run                  | {'SYMBOL': 'KOSM', 'SECTOR': 830, 'LDCP': 5.73, 'OPEN': 5.84, 'HIGH': 6.17, 'LOW': 5.75, 'CURRENT': 5.91, 'CHANGE': 0.18, 'CHANGE (%)': nan, 'VOLUME': 54519815, 'YEAR': 2026, 'MONTH': 6, 'DAY': 12, 'HOUR': 16, 'MINUTE': 10, 'DATETIME': '2026-06-12 16:10'}
2026-06-12 11:15:34 | INFO     | run                  | ======================================================================
2026-06-12 11:15:34 | INFO     | run                  | 🚀 MARKET DATA SCRAPER - SINGLE EXECUTION
2026-06-12 11:15:34 | INFO     | run                  | ======================================================================
2026-06-12 11:15:34 | INFO     | run                  | Execution Time: 2026-06-12 16:15:34 PKT
2026-06-12 11:15:34 | INFO     | run                  | Configuration:
2026-06-12 11:15:34 | INFO     | run                  |    - Timezone: Asia/Karachi
2026-06-12 11:15:34 | INFO     | run                  |    - Data directory: data
2026-06-12 11:15:34 | INFO     | run                  |    - Log directory: logs
2026-06-12 11:15:34 | INFO     | run                  | ======================================================================
2026-06-12 11:15:34 | INFO     | fetch_data           | Fetching data (Attempt 1/3)...
2026-06-12 11:15:34 | DEBUG    | fetch_data           | Establishing session with https://dps.psx.com.pk/
2026-06-12 11:15:37 | DEBUG    | fetch_data           | Requesting data from https://dps.psx.com.pk/market-watch
2026-06-12 11:15:38 | DEBUG    | fetch_data           | Response status: 200
2026-06-12 11:15:38 | DEBUG    | fetch_data           | Response content type: text/html; charset=utf-8
2026-06-12 11:15:38 | DEBUG    | fetch_data           | Response size: 465674 bytes
2026-06-12 11:15:38 | INFO     | fetch_data           | ✅ Data fetched successfully (Status: 200)
2026-06-12 11:15:38 | DEBUG    | parse_json           | Attempting JSON parsing...
2026-06-12 11:15:38 | DEBUG    | parse_json           | Response preview: <table class="tbl" data-page-length="25"><thead class="tbl__head"><!-- tr--><!--   th(colspan="11")--><!--   th.center(colspan="2", style="width: 110px;") TOTAL BUY ORDERS--><!--   th.center(colspan="2", style="width: 110px;") TOTAL SELL ORDERS--><tr><th data-name="symbol">SYMBOL</th><th data-name="sector">SECTOR</th><th data-name="listed">LISTED IN</th><th class="right" data-name="ldcp">LDCP</th><th class="right" data-name="open">OPEN</th><th class="right" data-name="high">HIGH</th><th class="r
2026-06-12 11:15:38 | WARNING  | parse_json           | ⚠️ JSON parsing failed: Expecting value: line 1 column 1 (char 0)
2026-06-12 11:15:38 | INFO     | run                  | JSON parsing failed, trying HTML fallback...
2026-06-12 11:15:38 | INFO     | parse_html           | Attempting HTML fallback parsing...
2026-06-12 11:15:38 | DEBUG    | parse_html           | Found 1 table(s) in HTML
2026-06-12 11:15:38 | DEBUG    | parse_html           | Table columns: ['SYMBOL', 'SECTOR', 'LISTED IN', 'LDCP', 'OPEN', 'HIGH', 'LOW', 'CURRENT', 'CHANGE', 'CHANGE (%)', 'VOLUME']
2026-06-12 11:15:38 | DEBUG    | parse_html           | Table shape: (486, 11)
2026-06-12 11:15:38 | INFO     | parse_html           | ✅ HTML parsed successfully (486 rows)
2026-06-12 11:15:38 | INFO     | clean_data           | Cleaning data...
2026-06-12 11:15:38 | DEBUG    | clean_data           | Initial shape: (486, 11)
2026-06-12 11:15:38 | DEBUG    | clean_data           | Initial columns: ['SYMBOL', 'SECTOR', 'LISTED IN', 'LDCP', 'OPEN', 'HIGH', 'LOW', 'CURRENT', 'CHANGE', 'CHANGE (%)', 'VOLUME']
2026-06-12 11:15:38 | DEBUG    | clean_data           | Removed 'LISTED IN' column
2026-06-12 11:15:38 | DEBUG    | clean_data           | Converted LDCP from float64 to numeric
2026-06-12 11:15:38 | DEBUG    | clean_data           | Converted OPEN from float64 to numeric
2026-06-12 11:15:38 | DEBUG    | clean_data           | Converted HIGH from float64 to numeric
2026-06-12 11:15:38 | DEBUG    | clean_data           | Converted LOW from float64 to numeric
2026-06-12 11:15:38 | DEBUG    | clean_data           | Converted CURRENT from float64 to numeric
2026-06-12 11:15:38 | DEBUG    | clean_data           | Converted CHANGE from float64 to numeric
2026-06-12 11:15:38 | DEBUG    | clean_data           | Converted CHANGE (%) from str to numeric
2026-06-12 11:15:38 | DEBUG    | clean_data           | Converted VOLUME from int64 to numeric
2026-06-12 11:15:38 | INFO     | clean_data           | ✅ Data cleaned (486 rows, 16 columns)
2026-06-12 11:15:38 | DEBUG    | clean_data           | Final columns: ['SYMBOL', 'SECTOR', 'LDCP', 'OPEN', 'HIGH', 'LOW', 'CURRENT', 'CHANGE', 'CHANGE (%)', 'VOLUME', 'YEAR', 'MONTH', 'DAY', 'HOUR', 'MINUTE', 'DATETIME']
2026-06-12 11:15:38 | DEBUG    | get_file_path        | Generated file path: data/2026/06/2026-06-12.xlsx
2026-06-12 11:15:38 | INFO     | save_data            | Saving data to: data/2026/06/2026-06-12.xlsx
2026-06-12 11:15:38 | DEBUG    | save_data            | Existing file found, merging data...
2026-06-12 11:15:44 | DEBUG    | save_data            | Loaded 48834 existing rows
2026-06-12 11:15:44 | DEBUG    | save_data            | Combined to 49320 rows
2026-06-12 11:15:44 | DEBUG    | save_data            | Writing to temporary file...
2026-06-12 11:15:52 | DEBUG    | save_data            | Data written to temp file: /home/runner/work/Thalorae-BackLioraen/Thalorae-BackLioraen/data/2026/06/tmpjdat78aq.xlsx
2026-06-12 11:15:52 | DEBUG    | save_data            | Temp file moved to final location
2026-06-12 11:15:52 | INFO     | save_data            | ✅ Data saved successfully (49320 total rows, 3662829 bytes)
2026-06-12 11:15:52 | INFO     | run                  | ======================================================================
2026-06-12 11:15:52 | INFO     | run                  | 📊 EXECUTION SUMMARY:
2026-06-12 11:15:52 | INFO     | run                  |    ✅ Status: SUCCESS
2026-06-12 11:15:52 | INFO     | run                  |    - Rows processed: 486
2026-06-12 11:15:52 | INFO     | run                  |    - Unique symbols: 486
2026-06-12 11:15:52 | INFO     | run                  |    - Timestamp: 2026-06-12 16:15:34
2026-06-12 11:15:52 | INFO     | run                  |    - File: data/2026/06/2026-06-12.xlsx
2026-06-12 11:15:52 | INFO     | run                  | ======================================================================
2026-06-12 11:15:52 | DEBUG    | run                  | Sample data (first row):
2026-06-12 11:15:52 | DEBUG    | run                  | {'SYMBOL': 'KOSM', 'SECTOR': 830, 'LDCP': 5.73, 'OPEN': 5.84, 'HIGH': 6.17, 'LOW': 5.75, 'CURRENT': 5.88, 'CHANGE': 0.15, 'CHANGE (%)': nan, 'VOLUME': 54966499, 'YEAR': 2026, 'MONTH': 6, 'DAY': 12, 'HOUR': 16, 'MINUTE': 15, 'DATETIME': '2026-06-12 16:15'}
2026-06-12 11:20:53 | INFO     | run                  | ======================================================================
2026-06-12 11:20:53 | INFO     | run                  | 🚀 MARKET DATA SCRAPER - SINGLE EXECUTION
2026-06-12 11:20:53 | INFO     | run                  | ======================================================================
2026-06-12 11:20:53 | INFO     | run                  | Execution Time: 2026-06-12 16:20:53 PKT
2026-06-12 11:20:53 | INFO     | run                  | Configuration:
2026-06-12 11:20:53 | INFO     | run                  |    - Timezone: Asia/Karachi
2026-06-12 11:20:53 | INFO     | run                  |    - Data directory: data
2026-06-12 11:20:53 | INFO     | run                  |    - Log directory: logs
2026-06-12 11:20:53 | INFO     | run                  | ======================================================================
2026-06-12 11:20:53 | INFO     | fetch_data           | Fetching data (Attempt 1/3)...
2026-06-12 11:20:53 | DEBUG    | fetch_data           | Establishing session with https://dps.psx.com.pk/
2026-06-12 11:20:55 | DEBUG    | fetch_data           | Requesting data from https://dps.psx.com.pk/market-watch
2026-06-12 11:20:55 | ERROR    | fetch_data           | ❌ HTTP error: 502 Server Error: Bad Gateway for url: https://dps.psx.com.pk/market-watch
2026-06-12 11:20:55 | ERROR    | fetch_data           | Response content: <!DOCTYPE html PUBLIC "-//W3C//DTD XHTML 1.0 Transitional//EN" "http://www.w3.org/TR/xhtml1/DTD/xhtml1-transitional.dtd">
<html xmlns="http://www.w3.org/1999/xhtml">
<head>
<meta http-equiv="Content-Type" content="text/html; charset=utf-8" />
<title>502 Bad Gateway - DOSarrest Internet Security</title>
<link href="/DOAError/assets/css/core.css" rel="stylesheet" type="text/css" />
<link rel="shortcut icon" href="/DOAError/assets/images/favicon.ico" /><link rel="apple-touch-icon" href="/DOAE
2026-06-12 11:20:55 | ERROR    | fetch_data           | ❌ Failed to fetch data after all retries
2026-06-12 11:20:55 | ERROR    | run                  | ❌ Execution failed: Unable to fetch data
2026-06-12 11:25:56 | INFO     | run                  | ======================================================================
2026-06-12 11:25:56 | INFO     | run                  | 🚀 MARKET DATA SCRAPER - SINGLE EXECUTION
2026-06-12 11:25:56 | INFO     | run                  | ======================================================================
2026-06-12 11:25:56 | INFO     | run                  | Execution Time: 2026-06-12 16:25:56 PKT
2026-06-12 11:25:56 | INFO     | run                  | Configuration:
2026-06-12 11:25:56 | INFO     | run                  |    - Timezone: Asia/Karachi
2026-06-12 11:25:56 | INFO     | run                  |    - Data directory: data
2026-06-12 11:25:56 | INFO     | run                  |    - Log directory: logs
2026-06-12 11:25:56 | INFO     | run                  | ======================================================================
2026-06-12 11:25:56 | INFO     | fetch_data           | Fetching data (Attempt 1/3)...
2026-06-12 11:25:56 | DEBUG    | fetch_data           | Establishing session with https://dps.psx.com.pk/
2026-06-12 11:26:00 | DEBUG    | fetch_data           | Requesting data from https://dps.psx.com.pk/market-watch
2026-06-12 11:26:01 | DEBUG    | fetch_data           | Response status: 200
2026-06-12 11:26:01 | DEBUG    | fetch_data           | Response content type: text/html; charset=utf-8
2026-06-12 11:26:01 | DEBUG    | fetch_data           | Response size: 467855 bytes
2026-06-12 11:26:01 | INFO     | fetch_data           | ✅ Data fetched successfully (Status: 200)
2026-06-12 11:26:01 | DEBUG    | parse_json           | Attempting JSON parsing...
2026-06-12 11:26:01 | DEBUG    | parse_json           | Response preview: <table class="tbl" data-page-length="25"><thead class="tbl__head"><!-- tr--><!--   th(colspan="11")--><!--   th.center(colspan="2", style="width: 110px;") TOTAL BUY ORDERS--><!--   th.center(colspan="2", style="width: 110px;") TOTAL SELL ORDERS--><tr><th data-name="symbol">SYMBOL</th><th data-name="sector">SECTOR</th><th data-name="listed">LISTED IN</th><th class="right" data-name="ldcp">LDCP</th><th class="right" data-name="open">OPEN</th><th class="right" data-name="high">HIGH</th><th class="r
2026-06-12 11:26:01 | WARNING  | parse_json           | ⚠️ JSON parsing failed: Expecting value: line 1 column 1 (char 0)
2026-06-12 11:26:01 | INFO     | run                  | JSON parsing failed, trying HTML fallback...
2026-06-12 11:26:01 | INFO     | parse_html           | Attempting HTML fallback parsing...
2026-06-12 11:26:01 | DEBUG    | parse_html           | Found 1 table(s) in HTML
2026-06-12 11:26:01 | DEBUG    | parse_html           | Table columns: ['SYMBOL', 'SECTOR', 'LISTED IN', 'LDCP', 'OPEN', 'HIGH', 'LOW', 'CURRENT', 'CHANGE', 'CHANGE (%)', 'VOLUME']
2026-06-12 11:26:01 | DEBUG    | parse_html           | Table shape: (488, 11)
2026-06-12 11:26:01 | INFO     | parse_html           | ✅ HTML parsed successfully (488 rows)
2026-06-12 11:26:01 | INFO     | clean_data           | Cleaning data...
2026-06-12 11:26:01 | DEBUG    | clean_data           | Initial shape: (488, 11)
2026-06-12 11:26:01 | DEBUG    | clean_data           | Initial columns: ['SYMBOL', 'SECTOR', 'LISTED IN', 'LDCP', 'OPEN', 'HIGH', 'LOW', 'CURRENT', 'CHANGE', 'CHANGE (%)', 'VOLUME']
2026-06-12 11:26:01 | DEBUG    | clean_data           | Removed 'LISTED IN' column
2026-06-12 11:26:01 | DEBUG    | clean_data           | Converted LDCP from float64 to numeric
2026-06-12 11:26:01 | DEBUG    | clean_data           | Converted OPEN from float64 to numeric
2026-06-12 11:26:01 | DEBUG    | clean_data           | Converted HIGH from float64 to numeric
2026-06-12 11:26:01 | DEBUG    | clean_data           | Converted LOW from float64 to numeric
2026-06-12 11:26:01 | DEBUG    | clean_data           | Converted CURRENT from float64 to numeric
2026-06-12 11:26:01 | DEBUG    | clean_data           | Converted CHANGE from float64 to numeric
2026-06-12 11:26:01 | DEBUG    | clean_data           | Converted CHANGE (%) from str to numeric
2026-06-12 11:26:01 | DEBUG    | clean_data           | Converted VOLUME from int64 to numeric
2026-06-12 11:26:01 | INFO     | clean_data           | ✅ Data cleaned (488 rows, 16 columns)
2026-06-12 11:26:01 | DEBUG    | clean_data           | Final columns: ['SYMBOL', 'SECTOR', 'LDCP', 'OPEN', 'HIGH', 'LOW', 'CURRENT', 'CHANGE', 'CHANGE (%)', 'VOLUME', 'YEAR', 'MONTH', 'DAY', 'HOUR', 'MINUTE', 'DATETIME']
2026-06-12 11:26:01 | DEBUG    | get_file_path        | Generated file path: data/2026/06/2026-06-12.xlsx
2026-06-12 11:26:01 | INFO     | save_data            | Saving data to: data/2026/06/2026-06-12.xlsx
2026-06-12 11:26:01 | DEBUG    | save_data            | Existing file found, merging data...
2026-06-12 11:26:07 | DEBUG    | save_data            | Loaded 49320 existing rows
2026-06-12 11:26:07 | DEBUG    | save_data            | Combined to 49808 rows
2026-06-12 11:26:07 | DEBUG    | save_data            | Writing to temporary file...
2026-06-12 11:26:16 | DEBUG    | save_data            | Data written to temp file: /home/runner/work/Thalorae-BackLioraen/Thalorae-BackLioraen/data/2026/06/tmp60lca_qa.xlsx
2026-06-12 11:26:16 | DEBUG    | save_data            | Temp file moved to final location
2026-06-12 11:26:16 | INFO     | save_data            | ✅ Data saved successfully (49808 total rows, 3699700 bytes)
2026-06-12 11:26:16 | INFO     | run                  | ======================================================================
2026-06-12 11:26:16 | INFO     | run                  | 📊 EXECUTION SUMMARY:
2026-06-12 11:26:16 | INFO     | run                  |    ✅ Status: SUCCESS
2026-06-12 11:26:16 | INFO     | run                  |    - Rows processed: 488
2026-06-12 11:26:16 | INFO     | run                  |    - Unique symbols: 488
2026-06-12 11:26:16 | INFO     | run                  |    - Timestamp: 2026-06-12 16:25:56
2026-06-12 11:26:16 | INFO     | run                  |    - File: data/2026/06/2026-06-12.xlsx
2026-06-12 11:26:16 | INFO     | run                  | ======================================================================
2026-06-12 11:26:16 | DEBUG    | run                  | Sample data (first row):
2026-06-12 11:26:16 | DEBUG    | run                  | {'SYMBOL': 'KOSM', 'SECTOR': 830, 'LDCP': 5.73, 'OPEN': 5.84, 'HIGH': 6.17, 'LOW': 5.75, 'CURRENT': 5.88, 'CHANGE': 0.15, 'CHANGE (%)': nan, 'VOLUME': 55817883, 'YEAR': 2026, 'MONTH': 6, 'DAY': 12, 'HOUR': 16, 'MINUTE': 25, 'DATETIME': '2026-06-12 16:25'}
2026-06-12 11:31:16 | INFO     | run                  | ======================================================================
2026-06-12 11:31:16 | INFO     | run                  | 🚀 MARKET DATA SCRAPER - SINGLE EXECUTION
2026-06-12 11:31:16 | INFO     | run                  | ======================================================================
2026-06-12 11:31:16 | INFO     | run                  | Execution Time: 2026-06-12 16:31:16 PKT
2026-06-12 11:31:16 | INFO     | run                  | Configuration:
2026-06-12 11:31:16 | INFO     | run                  |    - Timezone: Asia/Karachi
2026-06-12 11:31:16 | INFO     | run                  |    - Data directory: data
2026-06-12 11:31:16 | INFO     | run                  |    - Log directory: logs
2026-06-12 11:31:16 | INFO     | run                  | ======================================================================
2026-06-12 11:31:16 | INFO     | fetch_data           | Fetching data (Attempt 1/3)...
2026-06-12 11:31:16 | DEBUG    | fetch_data           | Establishing session with https://dps.psx.com.pk/
2026-06-12 11:31:19 | DEBUG    | fetch_data           | Requesting data from https://dps.psx.com.pk/market-watch
2026-06-12 11:31:20 | DEBUG    | fetch_data           | Response status: 200
2026-06-12 11:31:20 | DEBUG    | fetch_data           | Response content type: text/html; charset=utf-8
2026-06-12 11:31:20 | DEBUG    | fetch_data           | Response size: 467910 bytes
2026-06-12 11:31:20 | INFO     | fetch_data           | ✅ Data fetched successfully (Status: 200)
2026-06-12 11:31:20 | DEBUG    | parse_json           | Attempting JSON parsing...
2026-06-12 11:31:20 | DEBUG    | parse_json           | Response preview: <table class="tbl" data-page-length="25"><thead class="tbl__head"><!-- tr--><!--   th(colspan="11")--><!--   th.center(colspan="2", style="width: 110px;") TOTAL BUY ORDERS--><!--   th.center(colspan="2", style="width: 110px;") TOTAL SELL ORDERS--><tr><th data-name="symbol">SYMBOL</th><th data-name="sector">SECTOR</th><th data-name="listed">LISTED IN</th><th class="right" data-name="ldcp">LDCP</th><th class="right" data-name="open">OPEN</th><th class="right" data-name="high">HIGH</th><th class="r
2026-06-12 11:31:20 | WARNING  | parse_json           | ⚠️ JSON parsing failed: Expecting value: line 1 column 1 (char 0)
2026-06-12 11:31:20 | INFO     | run                  | JSON parsing failed, trying HTML fallback...
2026-06-12 11:31:20 | INFO     | parse_html           | Attempting HTML fallback parsing...
2026-06-12 11:31:20 | DEBUG    | parse_html           | Found 1 table(s) in HTML
2026-06-12 11:31:20 | DEBUG    | parse_html           | Table columns: ['SYMBOL', 'SECTOR', 'LISTED IN', 'LDCP', 'OPEN', 'HIGH', 'LOW', 'CURRENT', 'CHANGE', 'CHANGE (%)', 'VOLUME']
2026-06-12 11:31:20 | DEBUG    | parse_html           | Table shape: (488, 11)
2026-06-12 11:31:20 | INFO     | parse_html           | ✅ HTML parsed successfully (488 rows)
2026-06-12 11:31:20 | INFO     | clean_data           | Cleaning data...
2026-06-12 11:31:20 | DEBUG    | clean_data           | Initial shape: (488, 11)
2026-06-12 11:31:20 | DEBUG    | clean_data           | Initial columns: ['SYMBOL', 'SECTOR', 'LISTED IN', 'LDCP', 'OPEN', 'HIGH', 'LOW', 'CURRENT', 'CHANGE', 'CHANGE (%)', 'VOLUME']
2026-06-12 11:31:20 | DEBUG    | clean_data           | Removed 'LISTED IN' column
2026-06-12 11:31:20 | DEBUG    | clean_data           | Converted LDCP from float64 to numeric
2026-06-12 11:31:20 | DEBUG    | clean_data           | Converted OPEN from float64 to numeric
2026-06-12 11:31:20 | DEBUG    | clean_data           | Converted HIGH from float64 to numeric
2026-06-12 11:31:20 | DEBUG    | clean_data           | Converted LOW from float64 to numeric
2026-06-12 11:31:20 | DEBUG    | clean_data           | Converted CURRENT from float64 to numeric
2026-06-12 11:31:20 | DEBUG    | clean_data           | Converted CHANGE from float64 to numeric
2026-06-12 11:31:20 | DEBUG    | clean_data           | Converted CHANGE (%) from str to numeric
2026-06-12 11:31:20 | DEBUG    | clean_data           | Converted VOLUME from int64 to numeric
2026-06-12 11:31:20 | INFO     | clean_data           | ✅ Data cleaned (488 rows, 16 columns)
2026-06-12 11:31:20 | DEBUG    | clean_data           | Final columns: ['SYMBOL', 'SECTOR', 'LDCP', 'OPEN', 'HIGH', 'LOW', 'CURRENT', 'CHANGE', 'CHANGE (%)', 'VOLUME', 'YEAR', 'MONTH', 'DAY', 'HOUR', 'MINUTE', 'DATETIME']
2026-06-12 11:31:20 | DEBUG    | get_file_path        | Generated file path: data/2026/06/2026-06-12.xlsx
2026-06-12 11:31:20 | INFO     | save_data            | Saving data to: data/2026/06/2026-06-12.xlsx
2026-06-12 11:31:20 | DEBUG    | save_data            | Existing file found, merging data...
2026-06-12 11:31:25 | DEBUG    | save_data            | Loaded 49808 existing rows
2026-06-12 11:31:25 | DEBUG    | save_data            | Combined to 50296 rows
2026-06-12 11:31:25 | DEBUG    | save_data            | Writing to temporary file...
2026-06-12 11:31:34 | DEBUG    | save_data            | Data written to temp file: /home/runner/work/Thalorae-BackLioraen/Thalorae-BackLioraen/data/2026/06/tmpctn8ytb5.xlsx
2026-06-12 11:31:34 | DEBUG    | save_data            | Temp file moved to final location
2026-06-12 11:31:34 | INFO     | save_data            | ✅ Data saved successfully (50296 total rows, 3736551 bytes)
2026-06-12 11:31:34 | INFO     | run                  | ======================================================================
2026-06-12 11:31:34 | INFO     | run                  | 📊 EXECUTION SUMMARY:
2026-06-12 11:31:34 | INFO     | run                  |    ✅ Status: SUCCESS
2026-06-12 11:31:34 | INFO     | run                  |    - Rows processed: 488
2026-06-12 11:31:34 | INFO     | run                  |    - Unique symbols: 488
2026-06-12 11:31:34 | INFO     | run                  |    - Timestamp: 2026-06-12 16:31:16
2026-06-12 11:31:34 | INFO     | run                  |    - File: data/2026/06/2026-06-12.xlsx
2026-06-12 11:31:34 | INFO     | run                  | ======================================================================
2026-06-12 11:31:34 | DEBUG    | run                  | Sample data (first row):
2026-06-12 11:31:34 | DEBUG    | run                  | {'SYMBOL': 'KOSM', 'SECTOR': 830, 'LDCP': 5.73, 'OPEN': 5.84, 'HIGH': 6.17, 'LOW': 5.75, 'CURRENT': 5.91, 'CHANGE': 0.18, 'CHANGE (%)': nan, 'VOLUME': 57612765, 'YEAR': 2026, 'MONTH': 6, 'DAY': 12, 'HOUR': 16, 'MINUTE': 31, 'DATETIME': '2026-06-12 16:31'}
2026-06-12 11:36:35 | INFO     | run                  | ======================================================================
2026-06-12 11:36:35 | INFO     | run                  | 🚀 MARKET DATA SCRAPER - SINGLE EXECUTION
2026-06-12 11:36:35 | INFO     | run                  | ======================================================================
2026-06-12 11:36:35 | INFO     | run                  | Execution Time: 2026-06-12 16:36:35 PKT
2026-06-12 11:36:35 | INFO     | run                  | Configuration:
2026-06-12 11:36:35 | INFO     | run                  |    - Timezone: Asia/Karachi
2026-06-12 11:36:35 | INFO     | run                  |    - Data directory: data
2026-06-12 11:36:35 | INFO     | run                  |    - Log directory: logs
2026-06-12 11:36:35 | INFO     | run                  | ======================================================================
2026-06-12 11:36:35 | INFO     | fetch_data           | Fetching data (Attempt 1/3)...
2026-06-12 11:36:35 | DEBUG    | fetch_data           | Establishing session with https://dps.psx.com.pk/
2026-06-12 11:36:38 | DEBUG    | fetch_data           | Requesting data from https://dps.psx.com.pk/market-watch
2026-06-12 11:36:40 | DEBUG    | fetch_data           | Response status: 200
2026-06-12 11:36:40 | DEBUG    | fetch_data           | Response content type: text/html; charset=utf-8
2026-06-12 11:36:40 | DEBUG    | fetch_data           | Response size: 467997 bytes
2026-06-12 11:36:40 | INFO     | fetch_data           | ✅ Data fetched successfully (Status: 200)
2026-06-12 11:36:40 | DEBUG    | parse_json           | Attempting JSON parsing...
2026-06-12 11:36:40 | DEBUG    | parse_json           | Response preview: <table class="tbl" data-page-length="25"><thead class="tbl__head"><!-- tr--><!--   th(colspan="11")--><!--   th.center(colspan="2", style="width: 110px;") TOTAL BUY ORDERS--><!--   th.center(colspan="2", style="width: 110px;") TOTAL SELL ORDERS--><tr><th data-name="symbol">SYMBOL</th><th data-name="sector">SECTOR</th><th data-name="listed">LISTED IN</th><th class="right" data-name="ldcp">LDCP</th><th class="right" data-name="open">OPEN</th><th class="right" data-name="high">HIGH</th><th class="r
2026-06-12 11:36:40 | WARNING  | parse_json           | ⚠️ JSON parsing failed: Expecting value: line 1 column 1 (char 0)
2026-06-12 11:36:40 | INFO     | run                  | JSON parsing failed, trying HTML fallback...
2026-06-12 11:36:40 | INFO     | parse_html           | Attempting HTML fallback parsing...
2026-06-12 11:36:40 | DEBUG    | parse_html           | Found 1 table(s) in HTML
2026-06-12 11:36:40 | DEBUG    | parse_html           | Table columns: ['SYMBOL', 'SECTOR', 'LISTED IN', 'LDCP', 'OPEN', 'HIGH', 'LOW', 'CURRENT', 'CHANGE', 'CHANGE (%)', 'VOLUME']
2026-06-12 11:36:40 | DEBUG    | parse_html           | Table shape: (488, 11)
2026-06-12 11:36:40 | INFO     | parse_html           | ✅ HTML parsed successfully (488 rows)
2026-06-12 11:36:40 | INFO     | clean_data           | Cleaning data...
2026-06-12 11:36:40 | DEBUG    | clean_data           | Initial shape: (488, 11)
2026-06-12 11:36:40 | DEBUG    | clean_data           | Initial columns: ['SYMBOL', 'SECTOR', 'LISTED IN', 'LDCP', 'OPEN', 'HIGH', 'LOW', 'CURRENT', 'CHANGE', 'CHANGE (%)', 'VOLUME']
2026-06-12 11:36:40 | DEBUG    | clean_data           | Removed 'LISTED IN' column
2026-06-12 11:36:40 | DEBUG    | clean_data           | Converted LDCP from float64 to numeric
2026-06-12 11:36:40 | DEBUG    | clean_data           | Converted OPEN from float64 to numeric
2026-06-12 11:36:40 | DEBUG    | clean_data           | Converted HIGH from float64 to numeric
2026-06-12 11:36:40 | DEBUG    | clean_data           | Converted LOW from float64 to numeric
2026-06-12 11:36:40 | DEBUG    | clean_data           | Converted CURRENT from float64 to numeric
2026-06-12 11:36:40 | DEBUG    | clean_data           | Converted CHANGE from float64 to numeric
2026-06-12 11:36:40 | DEBUG    | clean_data           | Converted CHANGE (%) from str to numeric
2026-06-12 11:36:40 | DEBUG    | clean_data           | Converted VOLUME from int64 to numeric
2026-06-12 11:36:40 | INFO     | clean_data           | ✅ Data cleaned (488 rows, 16 columns)
2026-06-12 11:36:40 | DEBUG    | clean_data           | Final columns: ['SYMBOL', 'SECTOR', 'LDCP', 'OPEN', 'HIGH', 'LOW', 'CURRENT', 'CHANGE', 'CHANGE (%)', 'VOLUME', 'YEAR', 'MONTH', 'DAY', 'HOUR', 'MINUTE', 'DATETIME']
2026-06-12 11:36:40 | DEBUG    | get_file_path        | Generated file path: data/2026/06/2026-06-12.xlsx
2026-06-12 11:36:40 | INFO     | save_data            | Saving data to: data/2026/06/2026-06-12.xlsx
2026-06-12 11:36:40 | DEBUG    | save_data            | Existing file found, merging data...
2026-06-12 11:36:45 | DEBUG    | save_data            | Loaded 50296 existing rows
2026-06-12 11:36:45 | DEBUG    | save_data            | Combined to 50784 rows
2026-06-12 11:36:45 | DEBUG    | save_data            | Writing to temporary file...
2026-06-12 11:36:54 | DEBUG    | save_data            | Data written to temp file: /home/runner/work/Thalorae-BackLioraen/Thalorae-BackLioraen/data/2026/06/tmpsatxbn7o.xlsx
2026-06-12 11:36:54 | DEBUG    | save_data            | Temp file moved to final location
2026-06-12 11:36:54 | INFO     | save_data            | ✅ Data saved successfully (50784 total rows, 3773327 bytes)
2026-06-12 11:36:54 | INFO     | run                  | ======================================================================
2026-06-12 11:36:54 | INFO     | run                  | 📊 EXECUTION SUMMARY:
2026-06-12 11:36:54 | INFO     | run                  |    ✅ Status: SUCCESS
2026-06-12 11:36:54 | INFO     | run                  |    - Rows processed: 488
2026-06-12 11:36:54 | INFO     | run                  |    - Unique symbols: 488
2026-06-12 11:36:54 | INFO     | run                  |    - Timestamp: 2026-06-12 16:36:35
2026-06-12 11:36:54 | INFO     | run                  |    - File: data/2026/06/2026-06-12.xlsx
2026-06-12 11:36:54 | INFO     | run                  | ======================================================================
2026-06-12 11:36:54 | DEBUG    | run                  | Sample data (first row):
2026-06-12 11:36:54 | DEBUG    | run                  | {'SYMBOL': 'KOSM', 'SECTOR': 830, 'LDCP': 5.73, 'OPEN': 5.84, 'HIGH': 6.17, 'LOW': 5.75, 'CURRENT': 5.93, 'CHANGE': 0.2, 'CHANGE (%)': nan, 'VOLUME': 57693670, 'YEAR': 2026, 'MONTH': 6, 'DAY': 12, 'HOUR': 16, 'MINUTE': 36, 'DATETIME': '2026-06-12 16:36'}
2026-06-12 11:41:55 | INFO     | run                  | ======================================================================
2026-06-12 11:41:55 | INFO     | run                  | 🚀 MARKET DATA SCRAPER - SINGLE EXECUTION
2026-06-12 11:41:55 | INFO     | run                  | ======================================================================
2026-06-12 11:41:55 | INFO     | run                  | Execution Time: 2026-06-12 16:41:55 PKT
2026-06-12 11:41:55 | INFO     | run                  | Configuration:
2026-06-12 11:41:55 | INFO     | run                  |    - Timezone: Asia/Karachi
2026-06-12 11:41:55 | INFO     | run                  |    - Data directory: data
2026-06-12 11:41:55 | INFO     | run                  |    - Log directory: logs
2026-06-12 11:41:55 | INFO     | run                  | ======================================================================
2026-06-12 11:41:55 | INFO     | fetch_data           | Fetching data (Attempt 1/3)...
2026-06-12 11:41:55 | DEBUG    | fetch_data           | Establishing session with https://dps.psx.com.pk/
2026-06-12 11:41:58 | DEBUG    | fetch_data           | Requesting data from https://dps.psx.com.pk/market-watch
2026-06-12 11:42:01 | DEBUG    | fetch_data           | Response status: 200
2026-06-12 11:42:01 | DEBUG    | fetch_data           | Response content type: text/html; charset=utf-8
2026-06-12 11:42:01 | DEBUG    | fetch_data           | Response size: 467299 bytes
2026-06-12 11:42:01 | INFO     | fetch_data           | ✅ Data fetched successfully (Status: 200)
2026-06-12 11:42:01 | DEBUG    | parse_json           | Attempting JSON parsing...
2026-06-12 11:42:01 | DEBUG    | parse_json           | Response preview: <table class="tbl" data-page-length="25"><thead class="tbl__head"><!-- tr--><!--   th(colspan="11")--><!--   th.center(colspan="2", style="width: 110px;") TOTAL BUY ORDERS--><!--   th.center(colspan="2", style="width: 110px;") TOTAL SELL ORDERS--><tr><th data-name="symbol">SYMBOL</th><th data-name="sector">SECTOR</th><th data-name="listed">LISTED IN</th><th class="right" data-name="ldcp">LDCP</th><th class="right" data-name="open">OPEN</th><th class="right" data-name="high">HIGH</th><th class="r
2026-06-12 11:42:01 | WARNING  | parse_json           | ⚠️ JSON parsing failed: Expecting value: line 1 column 1 (char 0)
2026-06-12 11:42:01 | INFO     | run                  | JSON parsing failed, trying HTML fallback...
2026-06-12 11:42:01 | INFO     | parse_html           | Attempting HTML fallback parsing...
2026-06-12 11:42:01 | DEBUG    | parse_html           | Found 1 table(s) in HTML
2026-06-12 11:42:01 | DEBUG    | parse_html           | Table columns: ['SYMBOL', 'SECTOR', 'LISTED IN', 'LDCP', 'OPEN', 'HIGH', 'LOW', 'CURRENT', 'CHANGE', 'CHANGE (%)', 'VOLUME']
2026-06-12 11:42:01 | DEBUG    | parse_html           | Table shape: (488, 11)
2026-06-12 11:42:01 | INFO     | parse_html           | ✅ HTML parsed successfully (488 rows)
2026-06-12 11:42:01 | INFO     | clean_data           | Cleaning data...
2026-06-12 11:42:01 | DEBUG    | clean_data           | Initial shape: (488, 11)
2026-06-12 11:42:01 | DEBUG    | clean_data           | Initial columns: ['SYMBOL', 'SECTOR', 'LISTED IN', 'LDCP', 'OPEN', 'HIGH', 'LOW', 'CURRENT', 'CHANGE', 'CHANGE (%)', 'VOLUME']
2026-06-12 11:42:01 | DEBUG    | clean_data           | Removed 'LISTED IN' column
2026-06-12 11:42:01 | DEBUG    | clean_data           | Converted LDCP from float64 to numeric
2026-06-12 11:42:01 | DEBUG    | clean_data           | Converted OPEN from float64 to numeric
2026-06-12 11:42:01 | DEBUG    | clean_data           | Converted HIGH from float64 to numeric
2026-06-12 11:42:01 | DEBUG    | clean_data           | Converted LOW from float64 to numeric
2026-06-12 11:42:01 | DEBUG    | clean_data           | Converted CURRENT from float64 to numeric
2026-06-12 11:42:01 | DEBUG    | clean_data           | Converted CHANGE from float64 to numeric
2026-06-12 11:42:01 | DEBUG    | clean_data           | Converted CHANGE (%) from str to numeric
2026-06-12 11:42:01 | DEBUG    | clean_data           | Converted VOLUME from int64 to numeric
2026-06-12 11:42:01 | INFO     | clean_data           | ✅ Data cleaned (488 rows, 16 columns)
2026-06-12 11:42:01 | DEBUG    | clean_data           | Final columns: ['SYMBOL', 'SECTOR', 'LDCP', 'OPEN', 'HIGH', 'LOW', 'CURRENT', 'CHANGE', 'CHANGE (%)', 'VOLUME', 'YEAR', 'MONTH', 'DAY', 'HOUR', 'MINUTE', 'DATETIME']
2026-06-12 11:42:01 | DEBUG    | get_file_path        | Generated file path: data/2026/06/2026-06-12.xlsx
2026-06-12 11:42:01 | INFO     | save_data            | Saving data to: data/2026/06/2026-06-12.xlsx
2026-06-12 11:42:01 | DEBUG    | save_data            | Existing file found, merging data...
2026-06-12 11:42:06 | DEBUG    | save_data            | Loaded 50784 existing rows
2026-06-12 11:42:06 | DEBUG    | save_data            | Combined to 51272 rows
2026-06-12 11:42:06 | DEBUG    | save_data            | Writing to temporary file...
2026-06-12 11:42:15 | DEBUG    | save_data            | Data written to temp file: /home/runner/work/Thalorae-BackLioraen/Thalorae-BackLioraen/data/2026/06/tmppxlvtrf0.xlsx
2026-06-12 11:42:15 | DEBUG    | save_data            | Temp file moved to final location
2026-06-12 11:42:15 | INFO     | save_data            | ✅ Data saved successfully (51272 total rows, 3810350 bytes)
2026-06-12 11:42:15 | INFO     | run                  | ======================================================================
2026-06-12 11:42:15 | INFO     | run                  | 📊 EXECUTION SUMMARY:
2026-06-12 11:42:15 | INFO     | run                  |    ✅ Status: SUCCESS
2026-06-12 11:42:15 | INFO     | run                  |    - Rows processed: 488
2026-06-12 11:42:15 | INFO     | run                  |    - Unique symbols: 488
2026-06-12 11:42:15 | INFO     | run                  |    - Timestamp: 2026-06-12 16:41:55
2026-06-12 11:42:15 | INFO     | run                  |    - File: data/2026/06/2026-06-12.xlsx
2026-06-12 11:42:15 | INFO     | run                  | ======================================================================
2026-06-12 11:42:15 | DEBUG    | run                  | Sample data (first row):
2026-06-12 11:42:15 | DEBUG    | run                  | {'SYMBOL': 'KOSM', 'SECTOR': 830, 'LDCP': 5.73, 'OPEN': 5.84, 'HIGH': 6.17, 'LOW': 5.75, 'CURRENT': 5.88, 'CHANGE': 0.15, 'CHANGE (%)': nan, 'VOLUME': 57697171, 'YEAR': 2026, 'MONTH': 6, 'DAY': 12, 'HOUR': 16, 'MINUTE': 41, 'DATETIME': '2026-06-12 16:41'}
2026-06-12 11:47:16 | INFO     | run                  | ======================================================================
2026-06-12 11:47:16 | INFO     | run                  | 🚀 MARKET DATA SCRAPER - SINGLE EXECUTION
2026-06-12 11:47:16 | INFO     | run                  | ======================================================================
2026-06-12 11:47:16 | INFO     | run                  | Execution Time: 2026-06-12 16:47:16 PKT
2026-06-12 11:47:16 | INFO     | run                  | Configuration:
2026-06-12 11:47:16 | INFO     | run                  |    - Timezone: Asia/Karachi
2026-06-12 11:47:16 | INFO     | run                  |    - Data directory: data
2026-06-12 11:47:16 | INFO     | run                  |    - Log directory: logs
2026-06-12 11:47:16 | INFO     | run                  | ======================================================================
2026-06-12 11:47:16 | INFO     | fetch_data           | Fetching data (Attempt 1/3)...
2026-06-12 11:47:16 | DEBUG    | fetch_data           | Establishing session with https://dps.psx.com.pk/
2026-06-12 11:47:19 | DEBUG    | fetch_data           | Requesting data from https://dps.psx.com.pk/market-watch
2026-06-12 11:47:20 | DEBUG    | fetch_data           | Response status: 200
2026-06-12 11:47:20 | DEBUG    | fetch_data           | Response content type: text/html; charset=utf-8
2026-06-12 11:47:20 | DEBUG    | fetch_data           | Response size: 467303 bytes
2026-06-12 11:47:20 | INFO     | fetch_data           | ✅ Data fetched successfully (Status: 200)
2026-06-12 11:47:20 | DEBUG    | parse_json           | Attempting JSON parsing...
2026-06-12 11:47:20 | DEBUG    | parse_json           | Response preview: <table class="tbl" data-page-length="25"><thead class="tbl__head"><!-- tr--><!--   th(colspan="11")--><!--   th.center(colspan="2", style="width: 110px;") TOTAL BUY ORDERS--><!--   th.center(colspan="2", style="width: 110px;") TOTAL SELL ORDERS--><tr><th data-name="symbol">SYMBOL</th><th data-name="sector">SECTOR</th><th data-name="listed">LISTED IN</th><th class="right" data-name="ldcp">LDCP</th><th class="right" data-name="open">OPEN</th><th class="right" data-name="high">HIGH</th><th class="r
2026-06-12 11:47:20 | WARNING  | parse_json           | ⚠️ JSON parsing failed: Expecting value: line 1 column 1 (char 0)
2026-06-12 11:47:20 | INFO     | run                  | JSON parsing failed, trying HTML fallback...
2026-06-12 11:47:20 | INFO     | parse_html           | Attempting HTML fallback parsing...
2026-06-12 11:47:20 | DEBUG    | parse_html           | Found 1 table(s) in HTML
2026-06-12 11:47:20 | DEBUG    | parse_html           | Table columns: ['SYMBOL', 'SECTOR', 'LISTED IN', 'LDCP', 'OPEN', 'HIGH', 'LOW', 'CURRENT', 'CHANGE', 'CHANGE (%)', 'VOLUME']
2026-06-12 11:47:20 | DEBUG    | parse_html           | Table shape: (488, 11)
2026-06-12 11:47:20 | INFO     | parse_html           | ✅ HTML parsed successfully (488 rows)
2026-06-12 11:47:20 | INFO     | clean_data           | Cleaning data...
2026-06-12 11:47:20 | DEBUG    | clean_data           | Initial shape: (488, 11)
2026-06-12 11:47:20 | DEBUG    | clean_data           | Initial columns: ['SYMBOL', 'SECTOR', 'LISTED IN', 'LDCP', 'OPEN', 'HIGH', 'LOW', 'CURRENT', 'CHANGE', 'CHANGE (%)', 'VOLUME']
2026-06-12 11:47:20 | DEBUG    | clean_data           | Removed 'LISTED IN' column
2026-06-12 11:47:20 | DEBUG    | clean_data           | Converted LDCP from float64 to numeric
2026-06-12 11:47:20 | DEBUG    | clean_data           | Converted OPEN from float64 to numeric
2026-06-12 11:47:20 | DEBUG    | clean_data           | Converted HIGH from float64 to numeric
2026-06-12 11:47:20 | DEBUG    | clean_data           | Converted LOW from float64 to numeric
2026-06-12 11:47:20 | DEBUG    | clean_data           | Converted CURRENT from float64 to numeric
2026-06-12 11:47:20 | DEBUG    | clean_data           | Converted CHANGE from float64 to numeric
2026-06-12 11:47:20 | DEBUG    | clean_data           | Converted CHANGE (%) from str to numeric
2026-06-12 11:47:20 | DEBUG    | clean_data           | Converted VOLUME from int64 to numeric
2026-06-12 11:47:20 | INFO     | clean_data           | ✅ Data cleaned (488 rows, 16 columns)
2026-06-12 11:47:20 | DEBUG    | clean_data           | Final columns: ['SYMBOL', 'SECTOR', 'LDCP', 'OPEN', 'HIGH', 'LOW', 'CURRENT', 'CHANGE', 'CHANGE (%)', 'VOLUME', 'YEAR', 'MONTH', 'DAY', 'HOUR', 'MINUTE', 'DATETIME']
2026-06-12 11:47:20 | DEBUG    | get_file_path        | Generated file path: data/2026/06/2026-06-12.xlsx
2026-06-12 11:47:20 | INFO     | save_data            | Saving data to: data/2026/06/2026-06-12.xlsx
2026-06-12 11:47:20 | DEBUG    | save_data            | Existing file found, merging data...
2026-06-12 11:47:25 | DEBUG    | save_data            | Loaded 51272 existing rows
2026-06-12 11:47:25 | DEBUG    | save_data            | Combined to 51760 rows
2026-06-12 11:47:25 | DEBUG    | save_data            | Writing to temporary file...
2026-06-12 11:47:35 | DEBUG    | save_data            | Data written to temp file: /home/runner/work/Thalorae-BackLioraen/Thalorae-BackLioraen/data/2026/06/tmpf_s53vfv.xlsx
2026-06-12 11:47:35 | DEBUG    | save_data            | Temp file moved to final location
2026-06-12 11:47:35 | INFO     | save_data            | ✅ Data saved successfully (51760 total rows, 3847353 bytes)
2026-06-12 11:47:35 | INFO     | run                  | ======================================================================
2026-06-12 11:47:35 | INFO     | run                  | 📊 EXECUTION SUMMARY:
2026-06-12 11:47:35 | INFO     | run                  |    ✅ Status: SUCCESS
2026-06-12 11:47:35 | INFO     | run                  |    - Rows processed: 488
2026-06-12 11:47:35 | INFO     | run                  |    - Unique symbols: 488
2026-06-12 11:47:35 | INFO     | run                  |    - Timestamp: 2026-06-12 16:47:16
2026-06-12 11:47:35 | INFO     | run                  |    - File: data/2026/06/2026-06-12.xlsx
2026-06-12 11:47:35 | INFO     | run                  | ======================================================================
2026-06-12 11:47:35 | DEBUG    | run                  | Sample data (first row):
2026-06-12 11:47:35 | DEBUG    | run                  | {'SYMBOL': 'KOSM', 'SECTOR': 830, 'LDCP': 5.73, 'OPEN': 5.84, 'HIGH': 6.17, 'LOW': 5.75, 'CURRENT': 5.88, 'CHANGE': 0.15, 'CHANGE (%)': nan, 'VOLUME': 57727470, 'YEAR': 2026, 'MONTH': 6, 'DAY': 12, 'HOUR': 16, 'MINUTE': 47, 'DATETIME': '2026-06-12 16:47'}
2026-06-12 11:52:35 | INFO     | run                  | ======================================================================
2026-06-12 11:52:35 | INFO     | run                  | 🚀 MARKET DATA SCRAPER - SINGLE EXECUTION
2026-06-12 11:52:35 | INFO     | run                  | ======================================================================
2026-06-12 11:52:35 | INFO     | run                  | Execution Time: 2026-06-12 16:52:35 PKT
2026-06-12 11:52:35 | INFO     | run                  | Configuration:
2026-06-12 11:52:35 | INFO     | run                  |    - Timezone: Asia/Karachi
2026-06-12 11:52:35 | INFO     | run                  |    - Data directory: data
2026-06-12 11:52:35 | INFO     | run                  |    - Log directory: logs
2026-06-12 11:52:35 | INFO     | run                  | ======================================================================
2026-06-12 11:52:35 | INFO     | fetch_data           | Fetching data (Attempt 1/3)...
2026-06-12 11:52:35 | DEBUG    | fetch_data           | Establishing session with https://dps.psx.com.pk/
2026-06-12 11:52:38 | DEBUG    | fetch_data           | Requesting data from https://dps.psx.com.pk/market-watch
2026-06-12 11:52:40 | DEBUG    | fetch_data           | Response status: 200
2026-06-12 11:52:40 | DEBUG    | fetch_data           | Response content type: text/html; charset=utf-8
2026-06-12 11:52:40 | DEBUG    | fetch_data           | Response size: 467306 bytes
2026-06-12 11:52:40 | INFO     | fetch_data           | ✅ Data fetched successfully (Status: 200)
2026-06-12 11:52:40 | DEBUG    | parse_json           | Attempting JSON parsing...
2026-06-12 11:52:40 | DEBUG    | parse_json           | Response preview: <table class="tbl" data-page-length="25"><thead class="tbl__head"><!-- tr--><!--   th(colspan="11")--><!--   th.center(colspan="2", style="width: 110px;") TOTAL BUY ORDERS--><!--   th.center(colspan="2", style="width: 110px;") TOTAL SELL ORDERS--><tr><th data-name="symbol">SYMBOL</th><th data-name="sector">SECTOR</th><th data-name="listed">LISTED IN</th><th class="right" data-name="ldcp">LDCP</th><th class="right" data-name="open">OPEN</th><th class="right" data-name="high">HIGH</th><th class="r
2026-06-12 11:52:40 | WARNING  | parse_json           | ⚠️ JSON parsing failed: Expecting value: line 1 column 1 (char 0)
2026-06-12 11:52:40 | INFO     | run                  | JSON parsing failed, trying HTML fallback...
2026-06-12 11:52:40 | INFO     | parse_html           | Attempting HTML fallback parsing...
2026-06-12 11:52:40 | DEBUG    | parse_html           | Found 1 table(s) in HTML
2026-06-12 11:52:40 | DEBUG    | parse_html           | Table columns: ['SYMBOL', 'SECTOR', 'LISTED IN', 'LDCP', 'OPEN', 'HIGH', 'LOW', 'CURRENT', 'CHANGE', 'CHANGE (%)', 'VOLUME']
2026-06-12 11:52:40 | DEBUG    | parse_html           | Table shape: (488, 11)
2026-06-12 11:52:40 | INFO     | parse_html           | ✅ HTML parsed successfully (488 rows)
2026-06-12 11:52:40 | INFO     | clean_data           | Cleaning data...
2026-06-12 11:52:40 | DEBUG    | clean_data           | Initial shape: (488, 11)
2026-06-12 11:52:40 | DEBUG    | clean_data           | Initial columns: ['SYMBOL', 'SECTOR', 'LISTED IN', 'LDCP', 'OPEN', 'HIGH', 'LOW', 'CURRENT', 'CHANGE', 'CHANGE (%)', 'VOLUME']
2026-06-12 11:52:40 | DEBUG    | clean_data           | Removed 'LISTED IN' column
2026-06-12 11:52:40 | DEBUG    | clean_data           | Converted LDCP from float64 to numeric
2026-06-12 11:52:40 | DEBUG    | clean_data           | Converted OPEN from float64 to numeric
2026-06-12 11:52:40 | DEBUG    | clean_data           | Converted HIGH from float64 to numeric
2026-06-12 11:52:40 | DEBUG    | clean_data           | Converted LOW from float64 to numeric
2026-06-12 11:52:40 | DEBUG    | clean_data           | Converted CURRENT from float64 to numeric
2026-06-12 11:52:40 | DEBUG    | clean_data           | Converted CHANGE from float64 to numeric
2026-06-12 11:52:40 | DEBUG    | clean_data           | Converted CHANGE (%) from str to numeric
2026-06-12 11:52:40 | DEBUG    | clean_data           | Converted VOLUME from int64 to numeric
2026-06-12 11:52:40 | INFO     | clean_data           | ✅ Data cleaned (488 rows, 16 columns)
2026-06-12 11:52:40 | DEBUG    | clean_data           | Final columns: ['SYMBOL', 'SECTOR', 'LDCP', 'OPEN', 'HIGH', 'LOW', 'CURRENT', 'CHANGE', 'CHANGE (%)', 'VOLUME', 'YEAR', 'MONTH', 'DAY', 'HOUR', 'MINUTE', 'DATETIME']
2026-06-12 11:52:40 | DEBUG    | get_file_path        | Generated file path: data/2026/06/2026-06-12.xlsx
2026-06-12 11:52:40 | INFO     | save_data            | Saving data to: data/2026/06/2026-06-12.xlsx
2026-06-12 11:52:40 | DEBUG    | save_data            | Existing file found, merging data...
2026-06-12 11:52:46 | DEBUG    | save_data            | Loaded 51760 existing rows
2026-06-12 11:52:46 | DEBUG    | save_data            | Combined to 52248 rows
2026-06-12 11:52:46 | DEBUG    | save_data            | Writing to temporary file...
2026-06-12 11:52:55 | DEBUG    | save_data            | Data written to temp file: /home/runner/work/Thalorae-BackLioraen/Thalorae-BackLioraen/data/2026/06/tmpdkhfvsnc.xlsx
2026-06-12 11:52:55 | DEBUG    | save_data            | Temp file moved to final location
2026-06-12 11:52:55 | INFO     | save_data            | ✅ Data saved successfully (52248 total rows, 3884374 bytes)
2026-06-12 11:52:55 | INFO     | run                  | ======================================================================
2026-06-12 11:52:55 | INFO     | run                  | 📊 EXECUTION SUMMARY:
2026-06-12 11:52:55 | INFO     | run                  |    ✅ Status: SUCCESS
2026-06-12 11:52:55 | INFO     | run                  |    - Rows processed: 488
2026-06-12 11:52:55 | INFO     | run                  |    - Unique symbols: 488
2026-06-12 11:52:55 | INFO     | run                  |    - Timestamp: 2026-06-12 16:52:35
2026-06-12 11:52:55 | INFO     | run                  |    - File: data/2026/06/2026-06-12.xlsx
2026-06-12 11:52:55 | INFO     | run                  | ======================================================================
2026-06-12 11:52:55 | DEBUG    | run                  | Sample data (first row):
2026-06-12 11:52:55 | DEBUG    | run                  | {'SYMBOL': 'KOSM', 'SECTOR': 830, 'LDCP': 5.73, 'OPEN': 5.84, 'HIGH': 6.17, 'LOW': 5.75, 'CURRENT': 5.88, 'CHANGE': 0.15, 'CHANGE (%)': nan, 'VOLUME': 57747470, 'YEAR': 2026, 'MONTH': 6, 'DAY': 12, 'HOUR': 16, 'MINUTE': 52, 'DATETIME': '2026-06-12 16:52'}
2026-06-12 11:57:56 | INFO     | run                  | ======================================================================
2026-06-12 11:57:56 | INFO     | run                  | 🚀 MARKET DATA SCRAPER - SINGLE EXECUTION
2026-06-12 11:57:56 | INFO     | run                  | ======================================================================
2026-06-12 11:57:56 | INFO     | run                  | Execution Time: 2026-06-12 16:57:56 PKT
2026-06-12 11:57:56 | INFO     | run                  | Configuration:
2026-06-12 11:57:56 | INFO     | run                  |    - Timezone: Asia/Karachi
2026-06-12 11:57:56 | INFO     | run                  |    - Data directory: data
2026-06-12 11:57:56 | INFO     | run                  |    - Log directory: logs
2026-06-12 11:57:56 | INFO     | run                  | ======================================================================
2026-06-12 11:57:56 | INFO     | fetch_data           | Fetching data (Attempt 1/3)...
2026-06-12 11:57:56 | DEBUG    | fetch_data           | Establishing session with https://dps.psx.com.pk/
2026-06-12 11:57:59 | DEBUG    | fetch_data           | Requesting data from https://dps.psx.com.pk/market-watch
2026-06-12 11:58:00 | DEBUG    | fetch_data           | Response status: 200
2026-06-12 11:58:00 | DEBUG    | fetch_data           | Response content type: text/html; charset=utf-8
2026-06-12 11:58:00 | DEBUG    | fetch_data           | Response size: 467306 bytes
2026-06-12 11:58:00 | INFO     | fetch_data           | ✅ Data fetched successfully (Status: 200)
2026-06-12 11:58:00 | DEBUG    | parse_json           | Attempting JSON parsing...
2026-06-12 11:58:00 | DEBUG    | parse_json           | Response preview: <table class="tbl" data-page-length="25"><thead class="tbl__head"><!-- tr--><!--   th(colspan="11")--><!--   th.center(colspan="2", style="width: 110px;") TOTAL BUY ORDERS--><!--   th.center(colspan="2", style="width: 110px;") TOTAL SELL ORDERS--><tr><th data-name="symbol">SYMBOL</th><th data-name="sector">SECTOR</th><th data-name="listed">LISTED IN</th><th class="right" data-name="ldcp">LDCP</th><th class="right" data-name="open">OPEN</th><th class="right" data-name="high">HIGH</th><th class="r
2026-06-12 11:58:00 | WARNING  | parse_json           | ⚠️ JSON parsing failed: Expecting value: line 1 column 1 (char 0)
2026-06-12 11:58:00 | INFO     | run                  | JSON parsing failed, trying HTML fallback...
2026-06-12 11:58:00 | INFO     | parse_html           | Attempting HTML fallback parsing...
2026-06-12 11:58:00 | DEBUG    | parse_html           | Found 1 table(s) in HTML
2026-06-12 11:58:00 | DEBUG    | parse_html           | Table columns: ['SYMBOL', 'SECTOR', 'LISTED IN', 'LDCP', 'OPEN', 'HIGH', 'LOW', 'CURRENT', 'CHANGE', 'CHANGE (%)', 'VOLUME']
2026-06-12 11:58:00 | DEBUG    | parse_html           | Table shape: (488, 11)
2026-06-12 11:58:00 | INFO     | parse_html           | ✅ HTML parsed successfully (488 rows)
2026-06-12 11:58:00 | INFO     | clean_data           | Cleaning data...
2026-06-12 11:58:00 | DEBUG    | clean_data           | Initial shape: (488, 11)
2026-06-12 11:58:00 | DEBUG    | clean_data           | Initial columns: ['SYMBOL', 'SECTOR', 'LISTED IN', 'LDCP', 'OPEN', 'HIGH', 'LOW', 'CURRENT', 'CHANGE', 'CHANGE (%)', 'VOLUME']
2026-06-12 11:58:00 | DEBUG    | clean_data           | Removed 'LISTED IN' column
2026-06-12 11:58:00 | DEBUG    | clean_data           | Converted LDCP from float64 to numeric
2026-06-12 11:58:00 | DEBUG    | clean_data           | Converted OPEN from float64 to numeric
2026-06-12 11:58:00 | DEBUG    | clean_data           | Converted HIGH from float64 to numeric
2026-06-12 11:58:00 | DEBUG    | clean_data           | Converted LOW from float64 to numeric
2026-06-12 11:58:00 | DEBUG    | clean_data           | Converted CURRENT from float64 to numeric
2026-06-12 11:58:00 | DEBUG    | clean_data           | Converted CHANGE from float64 to numeric
2026-06-12 11:58:00 | DEBUG    | clean_data           | Converted CHANGE (%) from str to numeric
2026-06-12 11:58:00 | DEBUG    | clean_data           | Converted VOLUME from int64 to numeric
2026-06-12 11:58:00 | INFO     | clean_data           | ✅ Data cleaned (488 rows, 16 columns)
2026-06-12 11:58:00 | DEBUG    | clean_data           | Final columns: ['SYMBOL', 'SECTOR', 'LDCP', 'OPEN', 'HIGH', 'LOW', 'CURRENT', 'CHANGE', 'CHANGE (%)', 'VOLUME', 'YEAR', 'MONTH', 'DAY', 'HOUR', 'MINUTE', 'DATETIME']
2026-06-12 11:58:00 | DEBUG    | get_file_path        | Generated file path: data/2026/06/2026-06-12.xlsx
2026-06-12 11:58:00 | INFO     | save_data            | Saving data to: data/2026/06/2026-06-12.xlsx
2026-06-12 11:58:00 | DEBUG    | save_data            | Existing file found, merging data...
2026-06-12 11:58:06 | DEBUG    | save_data            | Loaded 52248 existing rows
2026-06-12 11:58:06 | DEBUG    | save_data            | Combined to 52736 rows
2026-06-12 11:58:06 | DEBUG    | save_data            | Writing to temporary file...
2026-06-12 11:58:15 | DEBUG    | save_data            | Data written to temp file: /home/runner/work/Thalorae-BackLioraen/Thalorae-BackLioraen/data/2026/06/tmpatutcje4.xlsx
2026-06-12 11:58:15 | DEBUG    | save_data            | Temp file moved to final location
2026-06-12 11:58:15 | INFO     | save_data            | ✅ Data saved successfully (52736 total rows, 3921306 bytes)
2026-06-12 11:58:15 | INFO     | run                  | ======================================================================
2026-06-12 11:58:15 | INFO     | run                  | 📊 EXECUTION SUMMARY:
2026-06-12 11:58:15 | INFO     | run                  |    ✅ Status: SUCCESS
2026-06-12 11:58:15 | INFO     | run                  |    - Rows processed: 488
2026-06-12 11:58:15 | INFO     | run                  |    - Unique symbols: 488
2026-06-12 11:58:15 | INFO     | run                  |    - Timestamp: 2026-06-12 16:57:56
2026-06-12 11:58:15 | INFO     | run                  |    - File: data/2026/06/2026-06-12.xlsx
2026-06-12 11:58:15 | INFO     | run                  | ======================================================================
2026-06-12 11:58:15 | DEBUG    | run                  | Sample data (first row):
2026-06-12 11:58:15 | DEBUG    | run                  | {'SYMBOL': 'KOSM', 'SECTOR': 830, 'LDCP': 5.73, 'OPEN': 5.84, 'HIGH': 6.17, 'LOW': 5.75, 'CURRENT': 5.88, 'CHANGE': 0.15, 'CHANGE (%)': nan, 'VOLUME': 57747470, 'YEAR': 2026, 'MONTH': 6, 'DAY': 12, 'HOUR': 16, 'MINUTE': 57, 'DATETIME': '2026-06-12 16:57'}
2026-06-12 12:03:16 | INFO     | run                  | ======================================================================
2026-06-12 12:03:16 | INFO     | run                  | 🚀 MARKET DATA SCRAPER - SINGLE EXECUTION
2026-06-12 12:03:16 | INFO     | run                  | ======================================================================
2026-06-12 12:03:16 | INFO     | run                  | Execution Time: 2026-06-12 17:03:16 PKT
2026-06-12 12:03:16 | INFO     | run                  | Configuration:
2026-06-12 12:03:16 | INFO     | run                  |    - Timezone: Asia/Karachi
2026-06-12 12:03:16 | INFO     | run                  |    - Data directory: data
2026-06-12 12:03:16 | INFO     | run                  |    - Log directory: logs
2026-06-12 12:03:16 | INFO     | run                  | ======================================================================
2026-06-12 12:03:16 | INFO     | fetch_data           | Fetching data (Attempt 1/3)...
2026-06-12 12:03:16 | DEBUG    | fetch_data           | Establishing session with https://dps.psx.com.pk/
2026-06-12 12:03:18 | DEBUG    | fetch_data           | Requesting data from https://dps.psx.com.pk/market-watch
2026-06-12 12:03:19 | DEBUG    | fetch_data           | Response status: 200
2026-06-12 12:03:19 | DEBUG    | fetch_data           | Response content type: text/html; charset=utf-8
2026-06-12 12:03:19 | DEBUG    | fetch_data           | Response size: 467306 bytes
2026-06-12 12:03:19 | INFO     | fetch_data           | ✅ Data fetched successfully (Status: 200)
2026-06-12 12:03:19 | DEBUG    | parse_json           | Attempting JSON parsing...
2026-06-12 12:03:19 | DEBUG    | parse_json           | Response preview: <table class="tbl" data-page-length="25"><thead class="tbl__head"><!-- tr--><!--   th(colspan="11")--><!--   th.center(colspan="2", style="width: 110px;") TOTAL BUY ORDERS--><!--   th.center(colspan="2", style="width: 110px;") TOTAL SELL ORDERS--><tr><th data-name="symbol">SYMBOL</th><th data-name="sector">SECTOR</th><th data-name="listed">LISTED IN</th><th class="right" data-name="ldcp">LDCP</th><th class="right" data-name="open">OPEN</th><th class="right" data-name="high">HIGH</th><th class="r
2026-06-12 12:03:19 | WARNING  | parse_json           | ⚠️ JSON parsing failed: Expecting value: line 1 column 1 (char 0)
2026-06-12 12:03:19 | INFO     | run                  | JSON parsing failed, trying HTML fallback...
2026-06-12 12:03:19 | INFO     | parse_html           | Attempting HTML fallback parsing...
2026-06-12 12:03:19 | DEBUG    | parse_html           | Found 1 table(s) in HTML
2026-06-12 12:03:19 | DEBUG    | parse_html           | Table columns: ['SYMBOL', 'SECTOR', 'LISTED IN', 'LDCP', 'OPEN', 'HIGH', 'LOW', 'CURRENT', 'CHANGE', 'CHANGE (%)', 'VOLUME']
2026-06-12 12:03:19 | DEBUG    | parse_html           | Table shape: (488, 11)
2026-06-12 12:03:19 | INFO     | parse_html           | ✅ HTML parsed successfully (488 rows)
2026-06-12 12:03:19 | INFO     | clean_data           | Cleaning data...
2026-06-12 12:03:19 | DEBUG    | clean_data           | Initial shape: (488, 11)
2026-06-12 12:03:19 | DEBUG    | clean_data           | Initial columns: ['SYMBOL', 'SECTOR', 'LISTED IN', 'LDCP', 'OPEN', 'HIGH', 'LOW', 'CURRENT', 'CHANGE', 'CHANGE (%)', 'VOLUME']
2026-06-12 12:03:19 | DEBUG    | clean_data           | Removed 'LISTED IN' column
2026-06-12 12:03:19 | DEBUG    | clean_data           | Converted LDCP from float64 to numeric
2026-06-12 12:03:19 | DEBUG    | clean_data           | Converted OPEN from float64 to numeric
2026-06-12 12:03:19 | DEBUG    | clean_data           | Converted HIGH from float64 to numeric
2026-06-12 12:03:19 | DEBUG    | clean_data           | Converted LOW from float64 to numeric
2026-06-12 12:03:19 | DEBUG    | clean_data           | Converted CURRENT from float64 to numeric
2026-06-12 12:03:19 | DEBUG    | clean_data           | Converted CHANGE from float64 to numeric
2026-06-12 12:03:19 | DEBUG    | clean_data           | Converted CHANGE (%) from str to numeric
2026-06-12 12:03:19 | DEBUG    | clean_data           | Converted VOLUME from int64 to numeric
2026-06-12 12:03:19 | INFO     | clean_data           | ✅ Data cleaned (488 rows, 16 columns)
2026-06-12 12:03:19 | DEBUG    | clean_data           | Final columns: ['SYMBOL', 'SECTOR', 'LDCP', 'OPEN', 'HIGH', 'LOW', 'CURRENT', 'CHANGE', 'CHANGE (%)', 'VOLUME', 'YEAR', 'MONTH', 'DAY', 'HOUR', 'MINUTE', 'DATETIME']
2026-06-12 12:03:19 | DEBUG    | get_file_path        | Generated file path: data/2026/06/2026-06-12.xlsx
2026-06-12 12:03:19 | INFO     | save_data            | Saving data to: data/2026/06/2026-06-12.xlsx
2026-06-12 12:03:19 | DEBUG    | save_data            | Existing file found, merging data...
2026-06-12 12:03:25 | DEBUG    | save_data            | Loaded 52736 existing rows
2026-06-12 12:03:25 | DEBUG    | save_data            | Combined to 53224 rows
2026-06-12 12:03:25 | DEBUG    | save_data            | Writing to temporary file...
2026-06-12 12:03:35 | DEBUG    | save_data            | Data written to temp file: /home/runner/work/Thalorae-BackLioraen/Thalorae-BackLioraen/data/2026/06/tmpf36e2e7i.xlsx
2026-06-12 12:03:35 | DEBUG    | save_data            | Temp file moved to final location
2026-06-12 12:03:35 | INFO     | save_data            | ✅ Data saved successfully (53224 total rows, 3958418 bytes)
2026-06-12 12:03:35 | INFO     | run                  | ======================================================================
2026-06-12 12:03:35 | INFO     | run                  | 📊 EXECUTION SUMMARY:
2026-06-12 12:03:35 | INFO     | run                  |    ✅ Status: SUCCESS
2026-06-12 12:03:35 | INFO     | run                  |    - Rows processed: 488
2026-06-12 12:03:35 | INFO     | run                  |    - Unique symbols: 488
2026-06-12 12:03:35 | INFO     | run                  |    - Timestamp: 2026-06-12 17:03:16
2026-06-12 12:03:35 | INFO     | run                  |    - File: data/2026/06/2026-06-12.xlsx
2026-06-12 12:03:35 | INFO     | run                  | ======================================================================
2026-06-12 12:03:35 | DEBUG    | run                  | Sample data (first row):
2026-06-12 12:03:35 | DEBUG    | run                  | {'SYMBOL': 'KOSM', 'SECTOR': 830, 'LDCP': 5.73, 'OPEN': 5.84, 'HIGH': 6.17, 'LOW': 5.75, 'CURRENT': 5.88, 'CHANGE': 0.15, 'CHANGE (%)': nan, 'VOLUME': 57747470, 'YEAR': 2026, 'MONTH': 6, 'DAY': 12, 'HOUR': 17, 'MINUTE': 3, 'DATETIME': '2026-06-12 17:03'}
2026-06-12 12:08:35 | INFO     | run                  | ======================================================================
2026-06-12 12:08:35 | INFO     | run                  | 🚀 MARKET DATA SCRAPER - SINGLE EXECUTION
2026-06-12 12:08:35 | INFO     | run                  | ======================================================================
2026-06-12 12:08:35 | INFO     | run                  | Execution Time: 2026-06-12 17:08:35 PKT
2026-06-12 12:08:35 | INFO     | run                  | Configuration:
2026-06-12 12:08:35 | INFO     | run                  |    - Timezone: Asia/Karachi
2026-06-12 12:08:35 | INFO     | run                  |    - Data directory: data
2026-06-12 12:08:35 | INFO     | run                  |    - Log directory: logs
2026-06-12 12:08:35 | INFO     | run                  | ======================================================================
2026-06-12 12:08:35 | INFO     | fetch_data           | Fetching data (Attempt 1/3)...
2026-06-12 12:08:35 | DEBUG    | fetch_data           | Establishing session with https://dps.psx.com.pk/
2026-06-12 12:08:38 | DEBUG    | fetch_data           | Requesting data from https://dps.psx.com.pk/market-watch
2026-06-12 12:08:40 | DEBUG    | fetch_data           | Response status: 200
2026-06-12 12:08:40 | DEBUG    | fetch_data           | Response content type: text/html; charset=utf-8
2026-06-12 12:08:40 | DEBUG    | fetch_data           | Response size: 467306 bytes
2026-06-12 12:08:40 | INFO     | fetch_data           | ✅ Data fetched successfully (Status: 200)
2026-06-12 12:08:40 | DEBUG    | parse_json           | Attempting JSON parsing...
2026-06-12 12:08:40 | DEBUG    | parse_json           | Response preview: <table class="tbl" data-page-length="25"><thead class="tbl__head"><!-- tr--><!--   th(colspan="11")--><!--   th.center(colspan="2", style="width: 110px;") TOTAL BUY ORDERS--><!--   th.center(colspan="2", style="width: 110px;") TOTAL SELL ORDERS--><tr><th data-name="symbol">SYMBOL</th><th data-name="sector">SECTOR</th><th data-name="listed">LISTED IN</th><th class="right" data-name="ldcp">LDCP</th><th class="right" data-name="open">OPEN</th><th class="right" data-name="high">HIGH</th><th class="r
2026-06-12 12:08:40 | WARNING  | parse_json           | ⚠️ JSON parsing failed: Expecting value: line 1 column 1 (char 0)
2026-06-12 12:08:40 | INFO     | run                  | JSON parsing failed, trying HTML fallback...
2026-06-12 12:08:40 | INFO     | parse_html           | Attempting HTML fallback parsing...
2026-06-12 12:08:40 | DEBUG    | parse_html           | Found 1 table(s) in HTML
2026-06-12 12:08:40 | DEBUG    | parse_html           | Table columns: ['SYMBOL', 'SECTOR', 'LISTED IN', 'LDCP', 'OPEN', 'HIGH', 'LOW', 'CURRENT', 'CHANGE', 'CHANGE (%)', 'VOLUME']
2026-06-12 12:08:40 | DEBUG    | parse_html           | Table shape: (488, 11)
2026-06-12 12:08:40 | INFO     | parse_html           | ✅ HTML parsed successfully (488 rows)
2026-06-12 12:08:40 | INFO     | clean_data           | Cleaning data...
2026-06-12 12:08:40 | DEBUG    | clean_data           | Initial shape: (488, 11)
2026-06-12 12:08:40 | DEBUG    | clean_data           | Initial columns: ['SYMBOL', 'SECTOR', 'LISTED IN', 'LDCP', 'OPEN', 'HIGH', 'LOW', 'CURRENT', 'CHANGE', 'CHANGE (%)', 'VOLUME']
2026-06-12 12:08:40 | DEBUG    | clean_data           | Removed 'LISTED IN' column
2026-06-12 12:08:40 | DEBUG    | clean_data           | Converted LDCP from float64 to numeric
2026-06-12 12:08:40 | DEBUG    | clean_data           | Converted OPEN from float64 to numeric
2026-06-12 12:08:40 | DEBUG    | clean_data           | Converted HIGH from float64 to numeric
2026-06-12 12:08:40 | DEBUG    | clean_data           | Converted LOW from float64 to numeric
2026-06-12 12:08:40 | DEBUG    | clean_data           | Converted CURRENT from float64 to numeric
2026-06-12 12:08:40 | DEBUG    | clean_data           | Converted CHANGE from float64 to numeric
2026-06-12 12:08:40 | DEBUG    | clean_data           | Converted CHANGE (%) from str to numeric
2026-06-12 12:08:40 | DEBUG    | clean_data           | Converted VOLUME from int64 to numeric
2026-06-12 12:08:40 | INFO     | clean_data           | ✅ Data cleaned (488 rows, 16 columns)
2026-06-12 12:08:40 | DEBUG    | clean_data           | Final columns: ['SYMBOL', 'SECTOR', 'LDCP', 'OPEN', 'HIGH', 'LOW', 'CURRENT', 'CHANGE', 'CHANGE (%)', 'VOLUME', 'YEAR', 'MONTH', 'DAY', 'HOUR', 'MINUTE', 'DATETIME']
2026-06-12 12:08:40 | DEBUG    | get_file_path        | Generated file path: data/2026/06/2026-06-12.xlsx
2026-06-12 12:08:40 | INFO     | save_data            | Saving data to: data/2026/06/2026-06-12.xlsx
2026-06-12 12:08:40 | DEBUG    | save_data            | Existing file found, merging data...
2026-06-12 12:08:45 | DEBUG    | save_data            | Loaded 53224 existing rows
2026-06-12 12:08:45 | DEBUG    | save_data            | Combined to 53712 rows
2026-06-12 12:08:45 | DEBUG    | save_data            | Writing to temporary file...
2026-06-12 12:08:55 | DEBUG    | save_data            | Data written to temp file: /home/runner/work/Thalorae-BackLioraen/Thalorae-BackLioraen/data/2026/06/tmpjy0h8o52.xlsx
2026-06-12 12:08:55 | DEBUG    | save_data            | Temp file moved to final location
2026-06-12 12:08:55 | INFO     | save_data            | ✅ Data saved successfully (53712 total rows, 3995556 bytes)
2026-06-12 12:08:55 | INFO     | run                  | ======================================================================
2026-06-12 12:08:55 | INFO     | run                  | 📊 EXECUTION SUMMARY:
2026-06-12 12:08:55 | INFO     | run                  |    ✅ Status: SUCCESS
2026-06-12 12:08:55 | INFO     | run                  |    - Rows processed: 488
2026-06-12 12:08:55 | INFO     | run                  |    - Unique symbols: 488
2026-06-12 12:08:55 | INFO     | run                  |    - Timestamp: 2026-06-12 17:08:35
2026-06-12 12:08:55 | INFO     | run                  |    - File: data/2026/06/2026-06-12.xlsx
2026-06-12 12:08:55 | INFO     | run                  | ======================================================================
2026-06-12 12:08:55 | DEBUG    | run                  | Sample data (first row):
2026-06-12 12:08:55 | DEBUG    | run                  | {'SYMBOL': 'KOSM', 'SECTOR': 830, 'LDCP': 5.73, 'OPEN': 5.84, 'HIGH': 6.17, 'LOW': 5.75, 'CURRENT': 5.88, 'CHANGE': 0.15, 'CHANGE (%)': nan, 'VOLUME': 57747470, 'YEAR': 2026, 'MONTH': 6, 'DAY': 12, 'HOUR': 17, 'MINUTE': 8, 'DATETIME': '2026-06-12 17:08'}
2026-06-12 12:13:56 | INFO     | run                  | ======================================================================
2026-06-12 12:13:56 | INFO     | run                  | 🚀 MARKET DATA SCRAPER - SINGLE EXECUTION
2026-06-12 12:13:56 | INFO     | run                  | ======================================================================
2026-06-12 12:13:56 | INFO     | run                  | Execution Time: 2026-06-12 17:13:56 PKT
2026-06-12 12:13:56 | INFO     | run                  | Configuration:
2026-06-12 12:13:56 | INFO     | run                  |    - Timezone: Asia/Karachi
2026-06-12 12:13:56 | INFO     | run                  |    - Data directory: data
2026-06-12 12:13:56 | INFO     | run                  |    - Log directory: logs
2026-06-12 12:13:56 | INFO     | run                  | ======================================================================
2026-06-12 12:13:56 | INFO     | fetch_data           | Fetching data (Attempt 1/3)...
2026-06-12 12:13:56 | DEBUG    | fetch_data           | Establishing session with https://dps.psx.com.pk/
2026-06-12 12:13:59 | DEBUG    | fetch_data           | Requesting data from https://dps.psx.com.pk/market-watch
2026-06-12 12:14:00 | DEBUG    | fetch_data           | Response status: 200
2026-06-12 12:14:00 | DEBUG    | fetch_data           | Response content type: text/html; charset=utf-8
2026-06-12 12:14:00 | DEBUG    | fetch_data           | Response size: 467306 bytes
2026-06-12 12:14:00 | INFO     | fetch_data           | ✅ Data fetched successfully (Status: 200)
2026-06-12 12:14:00 | DEBUG    | parse_json           | Attempting JSON parsing...
2026-06-12 12:14:00 | DEBUG    | parse_json           | Response preview: <table class="tbl" data-page-length="25"><thead class="tbl__head"><!-- tr--><!--   th(colspan="11")--><!--   th.center(colspan="2", style="width: 110px;") TOTAL BUY ORDERS--><!--   th.center(colspan="2", style="width: 110px;") TOTAL SELL ORDERS--><tr><th data-name="symbol">SYMBOL</th><th data-name="sector">SECTOR</th><th data-name="listed">LISTED IN</th><th class="right" data-name="ldcp">LDCP</th><th class="right" data-name="open">OPEN</th><th class="right" data-name="high">HIGH</th><th class="r
2026-06-12 12:14:00 | WARNING  | parse_json           | ⚠️ JSON parsing failed: Expecting value: line 1 column 1 (char 0)
2026-06-12 12:14:00 | INFO     | run                  | JSON parsing failed, trying HTML fallback...
2026-06-12 12:14:00 | INFO     | parse_html           | Attempting HTML fallback parsing...
2026-06-12 12:14:00 | DEBUG    | parse_html           | Found 1 table(s) in HTML
2026-06-12 12:14:00 | DEBUG    | parse_html           | Table columns: ['SYMBOL', 'SECTOR', 'LISTED IN', 'LDCP', 'OPEN', 'HIGH', 'LOW', 'CURRENT', 'CHANGE', 'CHANGE (%)', 'VOLUME']
2026-06-12 12:14:00 | DEBUG    | parse_html           | Table shape: (488, 11)
2026-06-12 12:14:00 | INFO     | parse_html           | ✅ HTML parsed successfully (488 rows)
2026-06-12 12:14:00 | INFO     | clean_data           | Cleaning data...
2026-06-12 12:14:00 | DEBUG    | clean_data           | Initial shape: (488, 11)
2026-06-12 12:14:00 | DEBUG    | clean_data           | Initial columns: ['SYMBOL', 'SECTOR', 'LISTED IN', 'LDCP', 'OPEN', 'HIGH', 'LOW', 'CURRENT', 'CHANGE', 'CHANGE (%)', 'VOLUME']
2026-06-12 12:14:00 | DEBUG    | clean_data           | Removed 'LISTED IN' column
2026-06-12 12:14:00 | DEBUG    | clean_data           | Converted LDCP from float64 to numeric
2026-06-12 12:14:00 | DEBUG    | clean_data           | Converted OPEN from float64 to numeric
2026-06-12 12:14:00 | DEBUG    | clean_data           | Converted HIGH from float64 to numeric
2026-06-12 12:14:00 | DEBUG    | clean_data           | Converted LOW from float64 to numeric
2026-06-12 12:14:00 | DEBUG    | clean_data           | Converted CURRENT from float64 to numeric
2026-06-12 12:14:00 | DEBUG    | clean_data           | Converted CHANGE from float64 to numeric
2026-06-12 12:14:00 | DEBUG    | clean_data           | Converted CHANGE (%) from str to numeric
2026-06-12 12:14:00 | DEBUG    | clean_data           | Converted VOLUME from int64 to numeric
2026-06-12 12:14:00 | INFO     | clean_data           | ✅ Data cleaned (488 rows, 16 columns)
2026-06-12 12:14:00 | DEBUG    | clean_data           | Final columns: ['SYMBOL', 'SECTOR', 'LDCP', 'OPEN', 'HIGH', 'LOW', 'CURRENT', 'CHANGE', 'CHANGE (%)', 'VOLUME', 'YEAR', 'MONTH', 'DAY', 'HOUR', 'MINUTE', 'DATETIME']
2026-06-12 12:14:00 | DEBUG    | get_file_path        | Generated file path: data/2026/06/2026-06-12.xlsx
2026-06-12 12:14:00 | INFO     | save_data            | Saving data to: data/2026/06/2026-06-12.xlsx
2026-06-12 12:14:00 | DEBUG    | save_data            | Existing file found, merging data...
2026-06-12 12:14:06 | DEBUG    | save_data            | Loaded 53712 existing rows
2026-06-12 12:14:06 | DEBUG    | save_data            | Combined to 54200 rows
2026-06-12 12:14:06 | DEBUG    | save_data            | Writing to temporary file...
2026-06-12 12:14:16 | DEBUG    | save_data            | Data written to temp file: /home/runner/work/Thalorae-BackLioraen/Thalorae-BackLioraen/data/2026/06/tmpu5l3pc30.xlsx
2026-06-12 12:14:16 | DEBUG    | save_data            | Temp file moved to final location
2026-06-12 12:14:16 | INFO     | save_data            | ✅ Data saved successfully (54200 total rows, 4032569 bytes)
2026-06-12 12:14:16 | INFO     | run                  | ======================================================================
2026-06-12 12:14:16 | INFO     | run                  | 📊 EXECUTION SUMMARY:
2026-06-12 12:14:16 | INFO     | run                  |    ✅ Status: SUCCESS
2026-06-12 12:14:16 | INFO     | run                  |    - Rows processed: 488
2026-06-12 12:14:16 | INFO     | run                  |    - Unique symbols: 488
2026-06-12 12:14:16 | INFO     | run                  |    - Timestamp: 2026-06-12 17:13:56
2026-06-12 12:14:16 | INFO     | run                  |    - File: data/2026/06/2026-06-12.xlsx
2026-06-12 12:14:16 | INFO     | run                  | ======================================================================
2026-06-12 12:14:16 | DEBUG    | run                  | Sample data (first row):
2026-06-12 12:14:16 | DEBUG    | run                  | {'SYMBOL': 'KOSM', 'SECTOR': 830, 'LDCP': 5.73, 'OPEN': 5.84, 'HIGH': 6.17, 'LOW': 5.75, 'CURRENT': 5.88, 'CHANGE': 0.15, 'CHANGE (%)': nan, 'VOLUME': 57747470, 'YEAR': 2026, 'MONTH': 6, 'DAY': 12, 'HOUR': 17, 'MINUTE': 13, 'DATETIME': '2026-06-12 17:13'}
2026-06-12 12:19:16 | INFO     | run                  | ======================================================================
2026-06-12 12:19:16 | INFO     | run                  | 🚀 MARKET DATA SCRAPER - SINGLE EXECUTION
2026-06-12 12:19:16 | INFO     | run                  | ======================================================================
2026-06-12 12:19:16 | INFO     | run                  | Execution Time: 2026-06-12 17:19:16 PKT
2026-06-12 12:19:16 | INFO     | run                  | Configuration:
2026-06-12 12:19:16 | INFO     | run                  |    - Timezone: Asia/Karachi
2026-06-12 12:19:16 | INFO     | run                  |    - Data directory: data
2026-06-12 12:19:16 | INFO     | run                  |    - Log directory: logs
2026-06-12 12:19:16 | INFO     | run                  | ======================================================================
2026-06-12 12:19:16 | INFO     | fetch_data           | Fetching data (Attempt 1/3)...
2026-06-12 12:19:16 | DEBUG    | fetch_data           | Establishing session with https://dps.psx.com.pk/
2026-06-12 12:19:19 | DEBUG    | fetch_data           | Requesting data from https://dps.psx.com.pk/market-watch
2026-06-12 12:19:21 | DEBUG    | fetch_data           | Response status: 200
2026-06-12 12:19:21 | DEBUG    | fetch_data           | Response content type: text/html; charset=utf-8
2026-06-12 12:19:21 | DEBUG    | fetch_data           | Response size: 467306 bytes
2026-06-12 12:19:21 | INFO     | fetch_data           | ✅ Data fetched successfully (Status: 200)
2026-06-12 12:19:21 | DEBUG    | parse_json           | Attempting JSON parsing...
2026-06-12 12:19:21 | DEBUG    | parse_json           | Response preview: <table class="tbl" data-page-length="25"><thead class="tbl__head"><!-- tr--><!--   th(colspan="11")--><!--   th.center(colspan="2", style="width: 110px;") TOTAL BUY ORDERS--><!--   th.center(colspan="2", style="width: 110px;") TOTAL SELL ORDERS--><tr><th data-name="symbol">SYMBOL</th><th data-name="sector">SECTOR</th><th data-name="listed">LISTED IN</th><th class="right" data-name="ldcp">LDCP</th><th class="right" data-name="open">OPEN</th><th class="right" data-name="high">HIGH</th><th class="r
2026-06-12 12:19:21 | WARNING  | parse_json           | ⚠️ JSON parsing failed: Expecting value: line 1 column 1 (char 0)
2026-06-12 12:19:21 | INFO     | run                  | JSON parsing failed, trying HTML fallback...
2026-06-12 12:19:21 | INFO     | parse_html           | Attempting HTML fallback parsing...
2026-06-12 12:19:21 | DEBUG    | parse_html           | Found 1 table(s) in HTML
2026-06-12 12:19:21 | DEBUG    | parse_html           | Table columns: ['SYMBOL', 'SECTOR', 'LISTED IN', 'LDCP', 'OPEN', 'HIGH', 'LOW', 'CURRENT', 'CHANGE', 'CHANGE (%)', 'VOLUME']
2026-06-12 12:19:21 | DEBUG    | parse_html           | Table shape: (488, 11)
2026-06-12 12:19:21 | INFO     | parse_html           | ✅ HTML parsed successfully (488 rows)
2026-06-12 12:19:21 | INFO     | clean_data           | Cleaning data...
2026-06-12 12:19:21 | DEBUG    | clean_data           | Initial shape: (488, 11)
2026-06-12 12:19:21 | DEBUG    | clean_data           | Initial columns: ['SYMBOL', 'SECTOR', 'LISTED IN', 'LDCP', 'OPEN', 'HIGH', 'LOW', 'CURRENT', 'CHANGE', 'CHANGE (%)', 'VOLUME']
2026-06-12 12:19:21 | DEBUG    | clean_data           | Removed 'LISTED IN' column
2026-06-12 12:19:21 | DEBUG    | clean_data           | Converted LDCP from float64 to numeric
2026-06-12 12:19:21 | DEBUG    | clean_data           | Converted OPEN from float64 to numeric
2026-06-12 12:19:21 | DEBUG    | clean_data           | Converted HIGH from float64 to numeric
2026-06-12 12:19:21 | DEBUG    | clean_data           | Converted LOW from float64 to numeric
2026-06-12 12:19:21 | DEBUG    | clean_data           | Converted CURRENT from float64 to numeric
2026-06-12 12:19:21 | DEBUG    | clean_data           | Converted CHANGE from float64 to numeric
2026-06-12 12:19:21 | DEBUG    | clean_data           | Converted CHANGE (%) from str to numeric
2026-06-12 12:19:21 | DEBUG    | clean_data           | Converted VOLUME from int64 to numeric
2026-06-12 12:19:21 | INFO     | clean_data           | ✅ Data cleaned (488 rows, 16 columns)
2026-06-12 12:19:21 | DEBUG    | clean_data           | Final columns: ['SYMBOL', 'SECTOR', 'LDCP', 'OPEN', 'HIGH', 'LOW', 'CURRENT', 'CHANGE', 'CHANGE (%)', 'VOLUME', 'YEAR', 'MONTH', 'DAY', 'HOUR', 'MINUTE', 'DATETIME']
2026-06-12 12:19:21 | DEBUG    | get_file_path        | Generated file path: data/2026/06/2026-06-12.xlsx
2026-06-12 12:19:21 | INFO     | save_data            | Saving data to: data/2026/06/2026-06-12.xlsx
2026-06-12 12:19:21 | DEBUG    | save_data            | Existing file found, merging data...
2026-06-12 12:19:27 | DEBUG    | save_data            | Loaded 54200 existing rows
2026-06-12 12:19:27 | DEBUG    | save_data            | Combined to 54688 rows
2026-06-12 12:19:27 | DEBUG    | save_data            | Writing to temporary file...
2026-06-12 12:19:37 | DEBUG    | save_data            | Data written to temp file: /home/runner/work/Thalorae-BackLioraen/Thalorae-BackLioraen/data/2026/06/tmp_m9g8a4c.xlsx
2026-06-12 12:19:37 | DEBUG    | save_data            | Temp file moved to final location
2026-06-12 12:19:37 | INFO     | save_data            | ✅ Data saved successfully (54688 total rows, 4069629 bytes)
2026-06-12 12:19:37 | INFO     | run                  | ======================================================================
2026-06-12 12:19:37 | INFO     | run                  | 📊 EXECUTION SUMMARY:
2026-06-12 12:19:37 | INFO     | run                  |    ✅ Status: SUCCESS
2026-06-12 12:19:37 | INFO     | run                  |    - Rows processed: 488
2026-06-12 12:19:37 | INFO     | run                  |    - Unique symbols: 488
2026-06-12 12:19:37 | INFO     | run                  |    - Timestamp: 2026-06-12 17:19:16
2026-06-12 12:19:37 | INFO     | run                  |    - File: data/2026/06/2026-06-12.xlsx
2026-06-12 12:19:37 | INFO     | run                  | ======================================================================
2026-06-12 12:19:37 | DEBUG    | run                  | Sample data (first row):
2026-06-12 12:19:37 | DEBUG    | run                  | {'SYMBOL': 'KOSM', 'SECTOR': 830, 'LDCP': 5.73, 'OPEN': 5.84, 'HIGH': 6.17, 'LOW': 5.75, 'CURRENT': 5.88, 'CHANGE': 0.15, 'CHANGE (%)': nan, 'VOLUME': 57747470, 'YEAR': 2026, 'MONTH': 6, 'DAY': 12, 'HOUR': 17, 'MINUTE': 19, 'DATETIME': '2026-06-12 17:19'}
2026-06-12 12:24:38 | INFO     | run                  | ======================================================================
2026-06-12 12:24:38 | INFO     | run                  | 🚀 MARKET DATA SCRAPER - SINGLE EXECUTION
2026-06-12 12:24:38 | INFO     | run                  | ======================================================================
2026-06-12 12:24:38 | INFO     | run                  | Execution Time: 2026-06-12 17:24:38 PKT
2026-06-12 12:24:38 | INFO     | run                  | Configuration:
2026-06-12 12:24:38 | INFO     | run                  |    - Timezone: Asia/Karachi
2026-06-12 12:24:38 | INFO     | run                  |    - Data directory: data
2026-06-12 12:24:38 | INFO     | run                  |    - Log directory: logs
2026-06-12 12:24:38 | INFO     | run                  | ======================================================================
2026-06-12 12:24:38 | INFO     | fetch_data           | Fetching data (Attempt 1/3)...
2026-06-12 12:24:38 | DEBUG    | fetch_data           | Establishing session with https://dps.psx.com.pk/
2026-06-12 12:24:40 | DEBUG    | fetch_data           | Requesting data from https://dps.psx.com.pk/market-watch
2026-06-12 12:24:42 | DEBUG    | fetch_data           | Response status: 200
2026-06-12 12:24:42 | DEBUG    | fetch_data           | Response content type: text/html; charset=utf-8
2026-06-12 12:24:42 | DEBUG    | fetch_data           | Response size: 467306 bytes
2026-06-12 12:24:42 | INFO     | fetch_data           | ✅ Data fetched successfully (Status: 200)
2026-06-12 12:24:42 | DEBUG    | parse_json           | Attempting JSON parsing...
2026-06-12 12:24:42 | DEBUG    | parse_json           | Response preview: <table class="tbl" data-page-length="25"><thead class="tbl__head"><!-- tr--><!--   th(colspan="11")--><!--   th.center(colspan="2", style="width: 110px;") TOTAL BUY ORDERS--><!--   th.center(colspan="2", style="width: 110px;") TOTAL SELL ORDERS--><tr><th data-name="symbol">SYMBOL</th><th data-name="sector">SECTOR</th><th data-name="listed">LISTED IN</th><th class="right" data-name="ldcp">LDCP</th><th class="right" data-name="open">OPEN</th><th class="right" data-name="high">HIGH</th><th class="r
2026-06-12 12:24:42 | WARNING  | parse_json           | ⚠️ JSON parsing failed: Expecting value: line 1 column 1 (char 0)
2026-06-12 12:24:42 | INFO     | run                  | JSON parsing failed, trying HTML fallback...
2026-06-12 12:24:42 | INFO     | parse_html           | Attempting HTML fallback parsing...
2026-06-12 12:24:42 | DEBUG    | parse_html           | Found 1 table(s) in HTML
2026-06-12 12:24:42 | DEBUG    | parse_html           | Table columns: ['SYMBOL', 'SECTOR', 'LISTED IN', 'LDCP', 'OPEN', 'HIGH', 'LOW', 'CURRENT', 'CHANGE', 'CHANGE (%)', 'VOLUME']
2026-06-12 12:24:42 | DEBUG    | parse_html           | Table shape: (488, 11)
2026-06-12 12:24:42 | INFO     | parse_html           | ✅ HTML parsed successfully (488 rows)
2026-06-12 12:24:42 | INFO     | clean_data           | Cleaning data...
2026-06-12 12:24:42 | DEBUG    | clean_data           | Initial shape: (488, 11)
2026-06-12 12:24:42 | DEBUG    | clean_data           | Initial columns: ['SYMBOL', 'SECTOR', 'LISTED IN', 'LDCP', 'OPEN', 'HIGH', 'LOW', 'CURRENT', 'CHANGE', 'CHANGE (%)', 'VOLUME']
2026-06-12 12:24:42 | DEBUG    | clean_data           | Removed 'LISTED IN' column
2026-06-12 12:24:42 | DEBUG    | clean_data           | Converted LDCP from float64 to numeric
2026-06-12 12:24:42 | DEBUG    | clean_data           | Converted OPEN from float64 to numeric
2026-06-12 12:24:42 | DEBUG    | clean_data           | Converted HIGH from float64 to numeric
2026-06-12 12:24:42 | DEBUG    | clean_data           | Converted LOW from float64 to numeric
2026-06-12 12:24:42 | DEBUG    | clean_data           | Converted CURRENT from float64 to numeric
2026-06-12 12:24:42 | DEBUG    | clean_data           | Converted CHANGE from float64 to numeric
2026-06-12 12:24:42 | DEBUG    | clean_data           | Converted CHANGE (%) from str to numeric
2026-06-12 12:24:42 | DEBUG    | clean_data           | Converted VOLUME from int64 to numeric
2026-06-12 12:24:42 | INFO     | clean_data           | ✅ Data cleaned (488 rows, 16 columns)
2026-06-12 12:24:42 | DEBUG    | clean_data           | Final columns: ['SYMBOL', 'SECTOR', 'LDCP', 'OPEN', 'HIGH', 'LOW', 'CURRENT', 'CHANGE', 'CHANGE (%)', 'VOLUME', 'YEAR', 'MONTH', 'DAY', 'HOUR', 'MINUTE', 'DATETIME']
2026-06-12 12:24:42 | DEBUG    | get_file_path        | Generated file path: data/2026/06/2026-06-12.xlsx
2026-06-12 12:24:42 | INFO     | save_data            | Saving data to: data/2026/06/2026-06-12.xlsx
2026-06-12 12:24:42 | DEBUG    | save_data            | Existing file found, merging data...
2026-06-12 12:24:48 | DEBUG    | save_data            | Loaded 54688 existing rows
2026-06-12 12:24:48 | DEBUG    | save_data            | Combined to 55176 rows
2026-06-12 12:24:48 | DEBUG    | save_data            | Writing to temporary file...
2026-06-12 12:24:58 | DEBUG    | save_data            | Data written to temp file: /home/runner/work/Thalorae-BackLioraen/Thalorae-BackLioraen/data/2026/06/tmpfeyb1mtx.xlsx
2026-06-12 12:24:58 | DEBUG    | save_data            | Temp file moved to final location
2026-06-12 12:24:58 | INFO     | save_data            | ✅ Data saved successfully (55176 total rows, 4106690 bytes)
2026-06-12 12:24:58 | INFO     | run                  | ======================================================================
2026-06-12 12:24:58 | INFO     | run                  | 📊 EXECUTION SUMMARY:
2026-06-12 12:24:58 | INFO     | run                  |    ✅ Status: SUCCESS
2026-06-12 12:24:58 | INFO     | run                  |    - Rows processed: 488
2026-06-12 12:24:58 | INFO     | run                  |    - Unique symbols: 488
2026-06-12 12:24:58 | INFO     | run                  |    - Timestamp: 2026-06-12 17:24:38
2026-06-12 12:24:58 | INFO     | run                  |    - File: data/2026/06/2026-06-12.xlsx
2026-06-12 12:24:58 | INFO     | run                  | ======================================================================
2026-06-12 12:24:58 | DEBUG    | run                  | Sample data (first row):
2026-06-12 12:24:58 | DEBUG    | run                  | {'SYMBOL': 'KOSM', 'SECTOR': 830, 'LDCP': 5.73, 'OPEN': 5.84, 'HIGH': 6.17, 'LOW': 5.75, 'CURRENT': 5.88, 'CHANGE': 0.15, 'CHANGE (%)': nan, 'VOLUME': 57747470, 'YEAR': 2026, 'MONTH': 6, 'DAY': 12, 'HOUR': 17, 'MINUTE': 24, 'DATETIME': '2026-06-12 17:24'}
2026-06-12 12:29:59 | INFO     | run                  | ======================================================================
2026-06-12 12:29:59 | INFO     | run                  | 🚀 MARKET DATA SCRAPER - SINGLE EXECUTION
2026-06-12 12:29:59 | INFO     | run                  | ======================================================================
2026-06-12 12:29:59 | INFO     | run                  | Execution Time: 2026-06-12 17:29:59 PKT
2026-06-12 12:29:59 | INFO     | run                  | Configuration:
2026-06-12 12:29:59 | INFO     | run                  |    - Timezone: Asia/Karachi
2026-06-12 12:29:59 | INFO     | run                  |    - Data directory: data
2026-06-12 12:29:59 | INFO     | run                  |    - Log directory: logs
2026-06-12 12:29:59 | INFO     | run                  | ======================================================================
2026-06-12 12:29:59 | INFO     | fetch_data           | Fetching data (Attempt 1/3)...
2026-06-12 12:29:59 | DEBUG    | fetch_data           | Establishing session with https://dps.psx.com.pk/
2026-06-12 12:30:01 | DEBUG    | fetch_data           | Requesting data from https://dps.psx.com.pk/market-watch
2026-06-12 12:30:03 | DEBUG    | fetch_data           | Response status: 200
2026-06-12 12:30:03 | DEBUG    | fetch_data           | Response content type: text/html; charset=utf-8
2026-06-12 12:30:03 | DEBUG    | fetch_data           | Response size: 467306 bytes
2026-06-12 12:30:03 | INFO     | fetch_data           | ✅ Data fetched successfully (Status: 200)
2026-06-12 12:30:03 | DEBUG    | parse_json           | Attempting JSON parsing...
2026-06-12 12:30:03 | DEBUG    | parse_json           | Response preview: <table class="tbl" data-page-length="25"><thead class="tbl__head"><!-- tr--><!--   th(colspan="11")--><!--   th.center(colspan="2", style="width: 110px;") TOTAL BUY ORDERS--><!--   th.center(colspan="2", style="width: 110px;") TOTAL SELL ORDERS--><tr><th data-name="symbol">SYMBOL</th><th data-name="sector">SECTOR</th><th data-name="listed">LISTED IN</th><th class="right" data-name="ldcp">LDCP</th><th class="right" data-name="open">OPEN</th><th class="right" data-name="high">HIGH</th><th class="r
2026-06-12 12:30:03 | WARNING  | parse_json           | ⚠️ JSON parsing failed: Expecting value: line 1 column 1 (char 0)
2026-06-12 12:30:03 | INFO     | run                  | JSON parsing failed, trying HTML fallback...
2026-06-12 12:30:03 | INFO     | parse_html           | Attempting HTML fallback parsing...
2026-06-12 12:30:03 | DEBUG    | parse_html           | Found 1 table(s) in HTML
2026-06-12 12:30:03 | DEBUG    | parse_html           | Table columns: ['SYMBOL', 'SECTOR', 'LISTED IN', 'LDCP', 'OPEN', 'HIGH', 'LOW', 'CURRENT', 'CHANGE', 'CHANGE (%)', 'VOLUME']
2026-06-12 12:30:03 | DEBUG    | parse_html           | Table shape: (488, 11)
2026-06-12 12:30:03 | INFO     | parse_html           | ✅ HTML parsed successfully (488 rows)
2026-06-12 12:30:03 | INFO     | clean_data           | Cleaning data...
2026-06-12 12:30:03 | DEBUG    | clean_data           | Initial shape: (488, 11)
2026-06-12 12:30:03 | DEBUG    | clean_data           | Initial columns: ['SYMBOL', 'SECTOR', 'LISTED IN', 'LDCP', 'OPEN', 'HIGH', 'LOW', 'CURRENT', 'CHANGE', 'CHANGE (%)', 'VOLUME']
2026-06-12 12:30:03 | DEBUG    | clean_data           | Removed 'LISTED IN' column
2026-06-12 12:30:03 | DEBUG    | clean_data           | Converted LDCP from float64 to numeric
2026-06-12 12:30:03 | DEBUG    | clean_data           | Converted OPEN from float64 to numeric
2026-06-12 12:30:03 | DEBUG    | clean_data           | Converted HIGH from float64 to numeric
2026-06-12 12:30:03 | DEBUG    | clean_data           | Converted LOW from float64 to numeric
2026-06-12 12:30:03 | DEBUG    | clean_data           | Converted CURRENT from float64 to numeric
2026-06-12 12:30:03 | DEBUG    | clean_data           | Converted CHANGE from float64 to numeric
2026-06-12 12:30:03 | DEBUG    | clean_data           | Converted CHANGE (%) from str to numeric
2026-06-12 12:30:03 | DEBUG    | clean_data           | Converted VOLUME from int64 to numeric
2026-06-12 12:30:03 | INFO     | clean_data           | ✅ Data cleaned (488 rows, 16 columns)
2026-06-12 12:30:03 | DEBUG    | clean_data           | Final columns: ['SYMBOL', 'SECTOR', 'LDCP', 'OPEN', 'HIGH', 'LOW', 'CURRENT', 'CHANGE', 'CHANGE (%)', 'VOLUME', 'YEAR', 'MONTH', 'DAY', 'HOUR', 'MINUTE', 'DATETIME']
2026-06-12 12:30:03 | DEBUG    | get_file_path        | Generated file path: data/2026/06/2026-06-12.xlsx
2026-06-12 12:30:03 | INFO     | save_data            | Saving data to: data/2026/06/2026-06-12.xlsx
2026-06-12 12:30:03 | DEBUG    | save_data            | Existing file found, merging data...
2026-06-12 12:30:09 | DEBUG    | save_data            | Loaded 55176 existing rows
2026-06-12 12:30:09 | DEBUG    | save_data            | Combined to 55664 rows
2026-06-12 12:30:09 | DEBUG    | save_data            | Writing to temporary file...
2026-06-12 12:30:19 | DEBUG    | save_data            | Data written to temp file: /home/runner/work/Thalorae-BackLioraen/Thalorae-BackLioraen/data/2026/06/tmp3g2og2jd.xlsx
2026-06-12 12:30:19 | DEBUG    | save_data            | Temp file moved to final location
2026-06-12 12:30:19 | INFO     | save_data            | ✅ Data saved successfully (55664 total rows, 4143722 bytes)
2026-06-12 12:30:19 | INFO     | run                  | ======================================================================
2026-06-12 12:30:19 | INFO     | run                  | 📊 EXECUTION SUMMARY:
2026-06-12 12:30:19 | INFO     | run                  |    ✅ Status: SUCCESS
2026-06-12 12:30:19 | INFO     | run                  |    - Rows processed: 488
2026-06-12 12:30:19 | INFO     | run                  |    - Unique symbols: 488
2026-06-12 12:30:19 | INFO     | run                  |    - Timestamp: 2026-06-12 17:29:59
2026-06-12 12:30:19 | INFO     | run                  |    - File: data/2026/06/2026-06-12.xlsx
2026-06-12 12:30:19 | INFO     | run                  | ======================================================================
2026-06-12 12:30:19 | DEBUG    | run                  | Sample data (first row):
2026-06-12 12:30:19 | DEBUG    | run                  | {'SYMBOL': 'KOSM', 'SECTOR': 830, 'LDCP': 5.73, 'OPEN': 5.84, 'HIGH': 6.17, 'LOW': 5.75, 'CURRENT': 5.88, 'CHANGE': 0.15, 'CHANGE (%)': nan, 'VOLUME': 57747470, 'YEAR': 2026, 'MONTH': 6, 'DAY': 12, 'HOUR': 17, 'MINUTE': 29, 'DATETIME': '2026-06-12 17:29'}
2026-06-12 12:35:20 | INFO     | run                  | ======================================================================
2026-06-12 12:35:20 | INFO     | run                  | 🚀 MARKET DATA SCRAPER - SINGLE EXECUTION
2026-06-12 12:35:20 | INFO     | run                  | ======================================================================
2026-06-12 12:35:20 | INFO     | run                  | Execution Time: 2026-06-12 17:35:20 PKT
2026-06-12 12:35:20 | INFO     | run                  | Configuration:
2026-06-12 12:35:20 | INFO     | run                  |    - Timezone: Asia/Karachi
2026-06-12 12:35:20 | INFO     | run                  |    - Data directory: data
2026-06-12 12:35:20 | INFO     | run                  |    - Log directory: logs
2026-06-12 12:35:20 | INFO     | run                  | ======================================================================
2026-06-12 12:35:20 | INFO     | fetch_data           | Fetching data (Attempt 1/3)...
2026-06-12 12:35:20 | DEBUG    | fetch_data           | Establishing session with https://dps.psx.com.pk/
2026-06-12 12:35:24 | DEBUG    | fetch_data           | Requesting data from https://dps.psx.com.pk/market-watch
2026-06-12 12:35:26 | DEBUG    | fetch_data           | Response status: 200
2026-06-12 12:35:26 | DEBUG    | fetch_data           | Response content type: text/html; charset=utf-8
2026-06-12 12:35:26 | DEBUG    | fetch_data           | Response size: 467306 bytes
2026-06-12 12:35:26 | INFO     | fetch_data           | ✅ Data fetched successfully (Status: 200)
2026-06-12 12:35:26 | DEBUG    | parse_json           | Attempting JSON parsing...
2026-06-12 12:35:26 | DEBUG    | parse_json           | Response preview: <table class="tbl" data-page-length="25"><thead class="tbl__head"><!-- tr--><!--   th(colspan="11")--><!--   th.center(colspan="2", style="width: 110px;") TOTAL BUY ORDERS--><!--   th.center(colspan="2", style="width: 110px;") TOTAL SELL ORDERS--><tr><th data-name="symbol">SYMBOL</th><th data-name="sector">SECTOR</th><th data-name="listed">LISTED IN</th><th class="right" data-name="ldcp">LDCP</th><th class="right" data-name="open">OPEN</th><th class="right" data-name="high">HIGH</th><th class="r
2026-06-12 12:35:26 | WARNING  | parse_json           | ⚠️ JSON parsing failed: Expecting value: line 1 column 1 (char 0)
2026-06-12 12:35:26 | INFO     | run                  | JSON parsing failed, trying HTML fallback...
2026-06-12 12:35:26 | INFO     | parse_html           | Attempting HTML fallback parsing...
2026-06-12 12:35:26 | DEBUG    | parse_html           | Found 1 table(s) in HTML
2026-06-12 12:35:26 | DEBUG    | parse_html           | Table columns: ['SYMBOL', 'SECTOR', 'LISTED IN', 'LDCP', 'OPEN', 'HIGH', 'LOW', 'CURRENT', 'CHANGE', 'CHANGE (%)', 'VOLUME']
2026-06-12 12:35:26 | DEBUG    | parse_html           | Table shape: (488, 11)
2026-06-12 12:35:26 | INFO     | parse_html           | ✅ HTML parsed successfully (488 rows)
2026-06-12 12:35:26 | INFO     | clean_data           | Cleaning data...
2026-06-12 12:35:26 | DEBUG    | clean_data           | Initial shape: (488, 11)
2026-06-12 12:35:26 | DEBUG    | clean_data           | Initial columns: ['SYMBOL', 'SECTOR', 'LISTED IN', 'LDCP', 'OPEN', 'HIGH', 'LOW', 'CURRENT', 'CHANGE', 'CHANGE (%)', 'VOLUME']
2026-06-12 12:35:26 | DEBUG    | clean_data           | Removed 'LISTED IN' column
2026-06-12 12:35:26 | DEBUG    | clean_data           | Converted LDCP from float64 to numeric
2026-06-12 12:35:26 | DEBUG    | clean_data           | Converted OPEN from float64 to numeric
2026-06-12 12:35:26 | DEBUG    | clean_data           | Converted HIGH from float64 to numeric
2026-06-12 12:35:26 | DEBUG    | clean_data           | Converted LOW from float64 to numeric
2026-06-12 12:35:26 | DEBUG    | clean_data           | Converted CURRENT from float64 to numeric
2026-06-12 12:35:26 | DEBUG    | clean_data           | Converted CHANGE from float64 to numeric
2026-06-12 12:35:26 | DEBUG    | clean_data           | Converted CHANGE (%) from str to numeric
2026-06-12 12:35:26 | DEBUG    | clean_data           | Converted VOLUME from int64 to numeric
2026-06-12 12:35:26 | INFO     | clean_data           | ✅ Data cleaned (488 rows, 16 columns)
2026-06-12 12:35:26 | DEBUG    | clean_data           | Final columns: ['SYMBOL', 'SECTOR', 'LDCP', 'OPEN', 'HIGH', 'LOW', 'CURRENT', 'CHANGE', 'CHANGE (%)', 'VOLUME', 'YEAR', 'MONTH', 'DAY', 'HOUR', 'MINUTE', 'DATETIME']
2026-06-12 12:35:26 | DEBUG    | get_file_path        | Generated file path: data/2026/06/2026-06-12.xlsx
2026-06-12 12:35:26 | INFO     | save_data            | Saving data to: data/2026/06/2026-06-12.xlsx
2026-06-12 12:35:26 | DEBUG    | save_data            | Existing file found, merging data...
2026-06-12 12:35:31 | DEBUG    | save_data            | Loaded 55664 existing rows
2026-06-12 12:35:31 | DEBUG    | save_data            | Combined to 56152 rows
2026-06-12 12:35:32 | DEBUG    | save_data            | Writing to temporary file...
2026-06-12 12:35:42 | DEBUG    | save_data            | Data written to temp file: /home/runner/work/Thalorae-BackLioraen/Thalorae-BackLioraen/data/2026/06/tmp8ppl2rud.xlsx
2026-06-12 12:35:42 | DEBUG    | save_data            | Temp file moved to final location
2026-06-12 12:35:42 | INFO     | save_data            | ✅ Data saved successfully (56152 total rows, 4180786 bytes)
2026-06-12 12:35:42 | INFO     | run                  | ======================================================================
2026-06-12 12:35:42 | INFO     | run                  | 📊 EXECUTION SUMMARY:
2026-06-12 12:35:42 | INFO     | run                  |    ✅ Status: SUCCESS
2026-06-12 12:35:42 | INFO     | run                  |    - Rows processed: 488
2026-06-12 12:35:42 | INFO     | run                  |    - Unique symbols: 488
2026-06-12 12:35:42 | INFO     | run                  |    - Timestamp: 2026-06-12 17:35:20
2026-06-12 12:35:42 | INFO     | run                  |    - File: data/2026/06/2026-06-12.xlsx
2026-06-12 12:35:42 | INFO     | run                  | ======================================================================
2026-06-12 12:35:42 | DEBUG    | run                  | Sample data (first row):
2026-06-12 12:35:42 | DEBUG    | run                  | {'SYMBOL': 'KOSM', 'SECTOR': 830, 'LDCP': 5.73, 'OPEN': 5.84, 'HIGH': 6.17, 'LOW': 5.75, 'CURRENT': 5.88, 'CHANGE': 0.15, 'CHANGE (%)': nan, 'VOLUME': 57747470, 'YEAR': 2026, 'MONTH': 6, 'DAY': 12, 'HOUR': 17, 'MINUTE': 35, 'DATETIME': '2026-06-12 17:35'}
