2026-09-16 03:18:19 | INFO     | run                  | ======================================================================
2026-09-16 03:18:19 | INFO     | run                  | 🚀 MARKET DATA SCRAPER - SINGLE EXECUTION
2026-09-16 03:18:19 | INFO     | run                  | ======================================================================
2026-09-16 03:18:19 | INFO     | run                  | Execution Time: 2026-09-16 08:18:19 PKT
2026-09-16 03:18:19 | INFO     | run                  | Configuration:
2026-09-16 03:18:19 | INFO     | run                  |    - Timezone: Asia/Karachi
2026-09-16 03:18:19 | INFO     | run                  |    - Data directory: data
2026-09-16 03:18:19 | INFO     | run                  |    - Log directory: logs
2026-09-16 03:18:19 | INFO     | run                  |    - Excluded symbols: {'XR', 'XS', 'XT', 'XD'}
2026-09-16 03:18:19 | INFO     | run                  | ======================================================================
2026-09-16 03:18:19 | INFO     | fetch_data           | Fetching data (Attempt 1/3)...
2026-09-16 03:18:19 | DEBUG    | fetch_data           | Establishing session with https://dps.psx.com.pk/
2026-09-16 03:18:22 | DEBUG    | fetch_data           | Requesting data from https://dps.psx.com.pk/market-watch
2026-09-16 03:18:23 | DEBUG    | fetch_data           | Response status: 200
2026-09-16 03:18:23 | DEBUG    | fetch_data           | Response content type: text/html; charset=utf-8
2026-09-16 03:18:23 | DEBUG    | fetch_data           | Response size: 472261 bytes
2026-09-16 03:18:23 | INFO     | fetch_data           | ✅ Data fetched successfully (Status: 200)
2026-09-16 03:18:23 | DEBUG    | parse_json           | Attempting JSON parsing...
2026-09-16 03:18:23 | DEBUG    | parse_json           | Response preview: <table class="tbl" data-page-length="25"><thead class="tbl__head"><!-- tr--><!--   th(colspan="11")--><!--   th.center(colspan="2", style="width: 110px;") TOTAL BUY ORDERS--><!--   th.center(colspan="2", style="width: 110px;") TOTAL SELL ORDERS--><tr><th data-name="symbol">SYMBOL</th><th data-name="sector">SECTOR</th><th data-name="listed">LISTED IN</th><th class="right" data-name="ldcp">LDCP</th><th class="right" data-name="open">OPEN</th><th class="right" data-name="high">HIGH</th><th class="r
2026-09-16 03:18:23 | WARNING  | parse_json           | ⚠️ JSON parsing failed: Expecting value: line 1 column 1 (char 0)
2026-09-16 03:18:23 | INFO     | run                  | JSON parsing failed, trying HTML fallback...
2026-09-16 03:18:23 | INFO     | parse_html           | Attempting HTML fallback parsing...
2026-09-16 03:18:23 | DEBUG    | parse_html           | Found 1 table(s) in HTML
2026-09-16 03:18:23 | DEBUG    | parse_html           | Table columns: ['SYMBOL', 'SECTOR', 'LISTED IN', 'LDCP', 'OPEN', 'HIGH', 'LOW', 'CURRENT', 'CHANGE', 'CHANGE (%)', 'VOLUME']
2026-09-16 03:18:23 | DEBUG    | parse_html           | Table shape: (494, 11)
2026-09-16 03:18:23 | INFO     | parse_html           | ✅ HTML parsed successfully (494 rows)
2026-09-16 03:18:23 | INFO     | clean_data           | Cleaning data...
2026-09-16 03:18:23 | DEBUG    | clean_data           | Initial shape: (494, 11)
2026-09-16 03:18:23 | DEBUG    | clean_data           | Initial columns: ['SYMBOL', 'SECTOR', 'LISTED IN', 'LDCP', 'OPEN', 'HIGH', 'LOW', 'CURRENT', 'CHANGE', 'CHANGE (%)', 'VOLUME']
2026-09-16 03:18:23 | DEBUG    | clean_data           | Removed 'LISTED IN' column
2026-09-16 03:18:23 | DEBUG    | clean_data           | Converted LDCP from float64 to numeric
2026-09-16 03:18:23 | DEBUG    | clean_data           | Converted OPEN from float64 to numeric
2026-09-16 03:18:23 | DEBUG    | clean_data           | Converted HIGH from float64 to numeric
2026-09-16 03:18:23 | DEBUG    | clean_data           | Converted LOW from float64 to numeric
2026-09-16 03:18:23 | DEBUG    | clean_data           | Converted CURRENT from float64 to numeric
2026-09-16 03:18:23 | DEBUG    | clean_data           | Converted CHANGE from float64 to numeric
2026-09-16 03:18:23 | WARNING  | clean_data           | Column CHANGE (%): 494 values could not be converted to numeric
2026-09-16 03:18:23 | DEBUG    | clean_data           | Converted CHANGE (%) from str to numeric
2026-09-16 03:18:23 | DEBUG    | clean_data           | Converted VOLUME from int64 to numeric
2026-09-16 03:18:23 | INFO     | clean_data           | ✅ Data cleaned (494 rows, 16 columns)
2026-09-16 03:18:23 | DEBUG    | clean_data           | Final columns: ['SYMBOL', 'SECTOR', 'LDCP', 'OPEN', 'HIGH', 'LOW', 'CURRENT', 'CHANGE', 'CHANGE (%)', 'VOLUME', 'YEAR', 'MONTH', 'DAY', 'HOUR', 'MINUTE', 'DATETIME']
2026-09-16 03:18:23 | DEBUG    | get_file_path        | Generated file path: data/2026/09/2026-09-16.xlsx
2026-09-16 03:18:23 | INFO     | save_data            | Saving data to: data/2026/09/2026-09-16.xlsx
2026-09-16 03:18:23 | DEBUG    | save_data            | Writing to temporary file...
2026-09-16 03:18:23 | DEBUG    | save_data            | Data written to temp file: /home/runner/work/Thalorae-BackLioraen/Thalorae-BackLioraen/data/2026/09/tmpqpu7zmum.xlsx
2026-09-16 03:18:23 | DEBUG    | save_data            | Temp file moved to final location
2026-09-16 03:18:23 | INFO     | save_data            | ✅ Data saved successfully (494 total rows, 41,857 bytes)
2026-09-16 03:18:23 | INFO     | run                  | ======================================================================
2026-09-16 03:18:23 | INFO     | run                  | 📊 EXECUTION SUMMARY:
2026-09-16 03:18:23 | INFO     | run                  |    ✅ Status: SUCCESS
2026-09-16 03:18:23 | INFO     | run                  |    - Rows processed: 494
2026-09-16 03:18:23 | INFO     | run                  |    - Unique symbols: 494
2026-09-16 03:18:23 | INFO     | run                  |    - Timestamp: 2026-09-16 08:18:19
2026-09-16 03:18:23 | INFO     | run                  |    - File: data/2026/09/2026-09-16.xlsx
2026-09-16 03:18:23 | INFO     | run                  | ======================================================================
2026-09-16 03:18:23 | DEBUG    | run                  | Sample data (first row):
2026-09-16 03:18:23 | DEBUG    | run                  | {'SYMBOL': 'CNERGY', 'SECTOR': 825, 'LDCP': 12.81, 'OPEN': 13.06, 'HIGH': 13.19, 'LOW': 12.71, 'CURRENT': 12.81, 'CHANGE': 0.0, 'CHANGE (%)': nan, 'VOLUME': 56228801, 'YEAR': 2026, 'MONTH': 9, 'DAY': 16, 'HOUR': 8, 'MINUTE': 18, 'DATETIME': '2026-09-16 08:18'}
2026-09-16 03:18:23 | DEBUG    | close                | Session closed
2026-09-16 03:23:24 | INFO     | run                  | ======================================================================
2026-09-16 03:23:24 | INFO     | run                  | 🚀 MARKET DATA SCRAPER - SINGLE EXECUTION
2026-09-16 03:23:24 | INFO     | run                  | ======================================================================
2026-09-16 03:23:24 | INFO     | run                  | Execution Time: 2026-09-16 08:23:24 PKT
2026-09-16 03:23:24 | INFO     | run                  | Configuration:
2026-09-16 03:23:24 | INFO     | run                  |    - Timezone: Asia/Karachi
2026-09-16 03:23:24 | INFO     | run                  |    - Data directory: data
2026-09-16 03:23:24 | INFO     | run                  |    - Log directory: logs
2026-09-16 03:23:24 | INFO     | run                  |    - Excluded symbols: {'XR', 'XT', 'XS', 'XD'}
2026-09-16 03:23:24 | INFO     | run                  | ======================================================================
2026-09-16 03:23:24 | INFO     | fetch_data           | Fetching data (Attempt 1/3)...
2026-09-16 03:23:24 | DEBUG    | fetch_data           | Establishing session with https://dps.psx.com.pk/
2026-09-16 03:23:27 | DEBUG    | fetch_data           | Requesting data from https://dps.psx.com.pk/market-watch
2026-09-16 03:23:27 | DEBUG    | fetch_data           | Response status: 200
2026-09-16 03:23:27 | DEBUG    | fetch_data           | Response content type: text/html; charset=utf-8
2026-09-16 03:23:27 | DEBUG    | fetch_data           | Response size: 472261 bytes
2026-09-16 03:23:27 | INFO     | fetch_data           | ✅ Data fetched successfully (Status: 200)
2026-09-16 03:23:27 | DEBUG    | parse_json           | Attempting JSON parsing...
2026-09-16 03:23:27 | DEBUG    | parse_json           | Response preview: <table class="tbl" data-page-length="25"><thead class="tbl__head"><!-- tr--><!--   th(colspan="11")--><!--   th.center(colspan="2", style="width: 110px;") TOTAL BUY ORDERS--><!--   th.center(colspan="2", style="width: 110px;") TOTAL SELL ORDERS--><tr><th data-name="symbol">SYMBOL</th><th data-name="sector">SECTOR</th><th data-name="listed">LISTED IN</th><th class="right" data-name="ldcp">LDCP</th><th class="right" data-name="open">OPEN</th><th class="right" data-name="high">HIGH</th><th class="r
2026-09-16 03:23:27 | WARNING  | parse_json           | ⚠️ JSON parsing failed: Expecting value: line 1 column 1 (char 0)
2026-09-16 03:23:27 | INFO     | run                  | JSON parsing failed, trying HTML fallback...
2026-09-16 03:23:27 | INFO     | parse_html           | Attempting HTML fallback parsing...
2026-09-16 03:23:27 | DEBUG    | parse_html           | Found 1 table(s) in HTML
2026-09-16 03:23:27 | DEBUG    | parse_html           | Table columns: ['SYMBOL', 'SECTOR', 'LISTED IN', 'LDCP', 'OPEN', 'HIGH', 'LOW', 'CURRENT', 'CHANGE', 'CHANGE (%)', 'VOLUME']
2026-09-16 03:23:27 | DEBUG    | parse_html           | Table shape: (494, 11)
2026-09-16 03:23:27 | INFO     | parse_html           | ✅ HTML parsed successfully (494 rows)
2026-09-16 03:23:27 | INFO     | clean_data           | Cleaning data...
2026-09-16 03:23:27 | DEBUG    | clean_data           | Initial shape: (494, 11)
2026-09-16 03:23:27 | DEBUG    | clean_data           | Initial columns: ['SYMBOL', 'SECTOR', 'LISTED IN', 'LDCP', 'OPEN', 'HIGH', 'LOW', 'CURRENT', 'CHANGE', 'CHANGE (%)', 'VOLUME']
2026-09-16 03:23:27 | DEBUG    | clean_data           | Removed 'LISTED IN' column
2026-09-16 03:23:27 | DEBUG    | clean_data           | Converted LDCP from float64 to numeric
2026-09-16 03:23:27 | DEBUG    | clean_data           | Converted OPEN from float64 to numeric
2026-09-16 03:23:27 | DEBUG    | clean_data           | Converted HIGH from float64 to numeric
2026-09-16 03:23:27 | DEBUG    | clean_data           | Converted LOW from float64 to numeric
2026-09-16 03:23:27 | DEBUG    | clean_data           | Converted CURRENT from float64 to numeric
2026-09-16 03:23:27 | DEBUG    | clean_data           | Converted CHANGE from float64 to numeric
2026-09-16 03:23:27 | WARNING  | clean_data           | Column CHANGE (%): 494 values could not be converted to numeric
2026-09-16 03:23:27 | DEBUG    | clean_data           | Converted CHANGE (%) from str to numeric
2026-09-16 03:23:27 | DEBUG    | clean_data           | Converted VOLUME from int64 to numeric
2026-09-16 03:23:27 | INFO     | clean_data           | ✅ Data cleaned (494 rows, 16 columns)
2026-09-16 03:23:27 | DEBUG    | clean_data           | Final columns: ['SYMBOL', 'SECTOR', 'LDCP', 'OPEN', 'HIGH', 'LOW', 'CURRENT', 'CHANGE', 'CHANGE (%)', 'VOLUME', 'YEAR', 'MONTH', 'DAY', 'HOUR', 'MINUTE', 'DATETIME']
2026-09-16 03:23:27 | DEBUG    | get_file_path        | Generated file path: data/2026/09/2026-09-16.xlsx
2026-09-16 03:23:27 | INFO     | save_data            | Saving data to: data/2026/09/2026-09-16.xlsx
2026-09-16 03:23:27 | DEBUG    | _create_backup       | Backup created: data/2026/09/backups/2026-09-16_backup_20260916_032327.xlsx
2026-09-16 03:23:27 | DEBUG    | save_data            | Existing file found, merging data...
2026-09-16 03:23:28 | DEBUG    | save_data            | Loaded 494 existing rows
2026-09-16 03:23:28 | DEBUG    | save_data            | Combined to 988 rows
2026-09-16 03:23:28 | DEBUG    | save_data            | Writing to temporary file...
2026-09-16 03:23:28 | DEBUG    | save_data            | Data written to temp file: /home/runner/work/Thalorae-BackLioraen/Thalorae-BackLioraen/data/2026/09/tmpcf_ffuj4.xlsx
2026-09-16 03:23:28 | DEBUG    | save_data            | Temp file moved to final location
2026-09-16 03:23:28 | INFO     | save_data            | ✅ Data saved successfully (988 total rows, 78,340 bytes)
2026-09-16 03:23:28 | INFO     | run                  | ======================================================================
2026-09-16 03:23:28 | INFO     | run                  | 📊 EXECUTION SUMMARY:
2026-09-16 03:23:28 | INFO     | run                  |    ✅ Status: SUCCESS
2026-09-16 03:23:28 | INFO     | run                  |    - Rows processed: 494
2026-09-16 03:23:28 | INFO     | run                  |    - Unique symbols: 494
2026-09-16 03:23:28 | INFO     | run                  |    - Timestamp: 2026-09-16 08:23:24
2026-09-16 03:23:28 | INFO     | run                  |    - File: data/2026/09/2026-09-16.xlsx
2026-09-16 03:23:28 | INFO     | run                  | ======================================================================
2026-09-16 03:23:28 | DEBUG    | run                  | Sample data (first row):
2026-09-16 03:23:28 | DEBUG    | run                  | {'SYMBOL': 'CNERGY', 'SECTOR': 825, 'LDCP': 12.81, 'OPEN': 13.06, 'HIGH': 13.19, 'LOW': 12.71, 'CURRENT': 12.81, 'CHANGE': 0.0, 'CHANGE (%)': nan, 'VOLUME': 56228801, 'YEAR': 2026, 'MONTH': 9, 'DAY': 16, 'HOUR': 8, 'MINUTE': 23, 'DATETIME': '2026-09-16 08:23'}
2026-09-16 03:23:28 | DEBUG    | close                | Session closed
2026-09-16 03:28:28 | INFO     | run                  | ======================================================================
2026-09-16 03:28:28 | INFO     | run                  | 🚀 MARKET DATA SCRAPER - SINGLE EXECUTION
2026-09-16 03:28:28 | INFO     | run                  | ======================================================================
2026-09-16 03:28:28 | INFO     | run                  | Execution Time: 2026-09-16 08:28:28 PKT
2026-09-16 03:28:28 | INFO     | run                  | Configuration:
2026-09-16 03:28:28 | INFO     | run                  |    - Timezone: Asia/Karachi
2026-09-16 03:28:28 | INFO     | run                  |    - Data directory: data
2026-09-16 03:28:28 | INFO     | run                  |    - Log directory: logs
2026-09-16 03:28:28 | INFO     | run                  |    - Excluded symbols: {'XD', 'XT', 'XS', 'XR'}
2026-09-16 03:28:28 | INFO     | run                  | ======================================================================
2026-09-16 03:28:28 | INFO     | fetch_data           | Fetching data (Attempt 1/3)...
2026-09-16 03:28:28 | DEBUG    | fetch_data           | Establishing session with https://dps.psx.com.pk/
2026-09-16 03:28:30 | DEBUG    | fetch_data           | Requesting data from https://dps.psx.com.pk/market-watch
2026-09-16 03:28:31 | DEBUG    | fetch_data           | Response status: 200
2026-09-16 03:28:31 | DEBUG    | fetch_data           | Response content type: text/html; charset=utf-8
2026-09-16 03:28:31 | DEBUG    | fetch_data           | Response size: 472261 bytes
2026-09-16 03:28:31 | INFO     | fetch_data           | ✅ Data fetched successfully (Status: 200)
2026-09-16 03:28:31 | DEBUG    | parse_json           | Attempting JSON parsing...
2026-09-16 03:28:31 | DEBUG    | parse_json           | Response preview: <table class="tbl" data-page-length="25"><thead class="tbl__head"><!-- tr--><!--   th(colspan="11")--><!--   th.center(colspan="2", style="width: 110px;") TOTAL BUY ORDERS--><!--   th.center(colspan="2", style="width: 110px;") TOTAL SELL ORDERS--><tr><th data-name="symbol">SYMBOL</th><th data-name="sector">SECTOR</th><th data-name="listed">LISTED IN</th><th class="right" data-name="ldcp">LDCP</th><th class="right" data-name="open">OPEN</th><th class="right" data-name="high">HIGH</th><th class="r
2026-09-16 03:28:31 | WARNING  | parse_json           | ⚠️ JSON parsing failed: Expecting value: line 1 column 1 (char 0)
2026-09-16 03:28:31 | INFO     | run                  | JSON parsing failed, trying HTML fallback...
2026-09-16 03:28:31 | INFO     | parse_html           | Attempting HTML fallback parsing...
2026-09-16 03:28:32 | DEBUG    | parse_html           | Found 1 table(s) in HTML
2026-09-16 03:28:32 | DEBUG    | parse_html           | Table columns: ['SYMBOL', 'SECTOR', 'LISTED IN', 'LDCP', 'OPEN', 'HIGH', 'LOW', 'CURRENT', 'CHANGE', 'CHANGE (%)', 'VOLUME']
2026-09-16 03:28:32 | DEBUG    | parse_html           | Table shape: (494, 11)
2026-09-16 03:28:32 | INFO     | parse_html           | ✅ HTML parsed successfully (494 rows)
2026-09-16 03:28:32 | INFO     | clean_data           | Cleaning data...
2026-09-16 03:28:32 | DEBUG    | clean_data           | Initial shape: (494, 11)
2026-09-16 03:28:32 | DEBUG    | clean_data           | Initial columns: ['SYMBOL', 'SECTOR', 'LISTED IN', 'LDCP', 'OPEN', 'HIGH', 'LOW', 'CURRENT', 'CHANGE', 'CHANGE (%)', 'VOLUME']
2026-09-16 03:28:32 | DEBUG    | clean_data           | Removed 'LISTED IN' column
2026-09-16 03:28:32 | DEBUG    | clean_data           | Converted LDCP from float64 to numeric
2026-09-16 03:28:32 | DEBUG    | clean_data           | Converted OPEN from float64 to numeric
2026-09-16 03:28:32 | DEBUG    | clean_data           | Converted HIGH from float64 to numeric
2026-09-16 03:28:32 | DEBUG    | clean_data           | Converted LOW from float64 to numeric
2026-09-16 03:28:32 | DEBUG    | clean_data           | Converted CURRENT from float64 to numeric
2026-09-16 03:28:32 | DEBUG    | clean_data           | Converted CHANGE from float64 to numeric
2026-09-16 03:28:32 | WARNING  | clean_data           | Column CHANGE (%): 494 values could not be converted to numeric
2026-09-16 03:28:32 | DEBUG    | clean_data           | Converted CHANGE (%) from str to numeric
2026-09-16 03:28:32 | DEBUG    | clean_data           | Converted VOLUME from int64 to numeric
2026-09-16 03:28:32 | INFO     | clean_data           | ✅ Data cleaned (494 rows, 16 columns)
2026-09-16 03:28:32 | DEBUG    | clean_data           | Final columns: ['SYMBOL', 'SECTOR', 'LDCP', 'OPEN', 'HIGH', 'LOW', 'CURRENT', 'CHANGE', 'CHANGE (%)', 'VOLUME', 'YEAR', 'MONTH', 'DAY', 'HOUR', 'MINUTE', 'DATETIME']
2026-09-16 03:28:32 | DEBUG    | get_file_path        | Generated file path: data/2026/09/2026-09-16.xlsx
2026-09-16 03:28:32 | INFO     | save_data            | Saving data to: data/2026/09/2026-09-16.xlsx
2026-09-16 03:28:32 | DEBUG    | _create_backup       | Backup created: data/2026/09/backups/2026-09-16_backup_20260916_032832.xlsx
2026-09-16 03:28:32 | DEBUG    | save_data            | Existing file found, merging data...
2026-09-16 03:28:32 | DEBUG    | save_data            | Loaded 988 existing rows
2026-09-16 03:28:32 | DEBUG    | save_data            | Combined to 1482 rows
2026-09-16 03:28:32 | DEBUG    | save_data            | Writing to temporary file...
2026-09-16 03:28:32 | DEBUG    | save_data            | Data written to temp file: /home/runner/work/Thalorae-BackLioraen/Thalorae-BackLioraen/data/2026/09/tmpa90ycofl.xlsx
2026-09-16 03:28:32 | DEBUG    | save_data            | Temp file moved to final location
2026-09-16 03:28:32 | INFO     | save_data            | ✅ Data saved successfully (1482 total rows, 114,833 bytes)
2026-09-16 03:28:32 | INFO     | run                  | ======================================================================
2026-09-16 03:28:32 | INFO     | run                  | 📊 EXECUTION SUMMARY:
2026-09-16 03:28:32 | INFO     | run                  |    ✅ Status: SUCCESS
2026-09-16 03:28:32 | INFO     | run                  |    - Rows processed: 494
2026-09-16 03:28:32 | INFO     | run                  |    - Unique symbols: 494
2026-09-16 03:28:32 | INFO     | run                  |    - Timestamp: 2026-09-16 08:28:28
2026-09-16 03:28:32 | INFO     | run                  |    - File: data/2026/09/2026-09-16.xlsx
2026-09-16 03:28:32 | INFO     | run                  | ======================================================================
2026-09-16 03:28:32 | DEBUG    | run                  | Sample data (first row):
2026-09-16 03:28:32 | DEBUG    | run                  | {'SYMBOL': 'CNERGY', 'SECTOR': 825, 'LDCP': 12.81, 'OPEN': 13.06, 'HIGH': 13.19, 'LOW': 12.71, 'CURRENT': 12.81, 'CHANGE': 0.0, 'CHANGE (%)': nan, 'VOLUME': 56228801, 'YEAR': 2026, 'MONTH': 9, 'DAY': 16, 'HOUR': 8, 'MINUTE': 28, 'DATETIME': '2026-09-16 08:28'}
2026-09-16 03:28:32 | DEBUG    | close                | Session closed
2026-09-16 03:33:32 | INFO     | run                  | ======================================================================
2026-09-16 03:33:32 | INFO     | run                  | 🚀 MARKET DATA SCRAPER - SINGLE EXECUTION
2026-09-16 03:33:32 | INFO     | run                  | ======================================================================
2026-09-16 03:33:32 | INFO     | run                  | Execution Time: 2026-09-16 08:33:32 PKT
2026-09-16 03:33:32 | INFO     | run                  | Configuration:
2026-09-16 03:33:32 | INFO     | run                  |    - Timezone: Asia/Karachi
2026-09-16 03:33:32 | INFO     | run                  |    - Data directory: data
2026-09-16 03:33:32 | INFO     | run                  |    - Log directory: logs
2026-09-16 03:33:32 | INFO     | run                  |    - Excluded symbols: {'XD', 'XT', 'XS', 'XR'}
2026-09-16 03:33:32 | INFO     | run                  | ======================================================================
2026-09-16 03:33:32 | INFO     | fetch_data           | Fetching data (Attempt 1/3)...
2026-09-16 03:33:32 | DEBUG    | fetch_data           | Establishing session with https://dps.psx.com.pk/
2026-09-16 03:33:35 | DEBUG    | fetch_data           | Requesting data from https://dps.psx.com.pk/market-watch
2026-09-16 03:33:36 | DEBUG    | fetch_data           | Response status: 200
2026-09-16 03:33:36 | DEBUG    | fetch_data           | Response content type: text/html; charset=utf-8
2026-09-16 03:33:36 | DEBUG    | fetch_data           | Response size: 472261 bytes
2026-09-16 03:33:36 | INFO     | fetch_data           | ✅ Data fetched successfully (Status: 200)
2026-09-16 03:33:36 | DEBUG    | parse_json           | Attempting JSON parsing...
2026-09-16 03:33:36 | DEBUG    | parse_json           | Response preview: <table class="tbl" data-page-length="25"><thead class="tbl__head"><!-- tr--><!--   th(colspan="11")--><!--   th.center(colspan="2", style="width: 110px;") TOTAL BUY ORDERS--><!--   th.center(colspan="2", style="width: 110px;") TOTAL SELL ORDERS--><tr><th data-name="symbol">SYMBOL</th><th data-name="sector">SECTOR</th><th data-name="listed">LISTED IN</th><th class="right" data-name="ldcp">LDCP</th><th class="right" data-name="open">OPEN</th><th class="right" data-name="high">HIGH</th><th class="r
2026-09-16 03:33:36 | WARNING  | parse_json           | ⚠️ JSON parsing failed: Expecting value: line 1 column 1 (char 0)
2026-09-16 03:33:36 | INFO     | run                  | JSON parsing failed, trying HTML fallback...
2026-09-16 03:33:36 | INFO     | parse_html           | Attempting HTML fallback parsing...
2026-09-16 03:33:36 | DEBUG    | parse_html           | Found 1 table(s) in HTML
2026-09-16 03:33:36 | DEBUG    | parse_html           | Table columns: ['SYMBOL', 'SECTOR', 'LISTED IN', 'LDCP', 'OPEN', 'HIGH', 'LOW', 'CURRENT', 'CHANGE', 'CHANGE (%)', 'VOLUME']
2026-09-16 03:33:36 | DEBUG    | parse_html           | Table shape: (494, 11)
2026-09-16 03:33:36 | INFO     | parse_html           | ✅ HTML parsed successfully (494 rows)
2026-09-16 03:33:36 | INFO     | clean_data           | Cleaning data...
2026-09-16 03:33:36 | DEBUG    | clean_data           | Initial shape: (494, 11)
2026-09-16 03:33:36 | DEBUG    | clean_data           | Initial columns: ['SYMBOL', 'SECTOR', 'LISTED IN', 'LDCP', 'OPEN', 'HIGH', 'LOW', 'CURRENT', 'CHANGE', 'CHANGE (%)', 'VOLUME']
2026-09-16 03:33:36 | DEBUG    | clean_data           | Removed 'LISTED IN' column
2026-09-16 03:33:36 | DEBUG    | clean_data           | Converted LDCP from float64 to numeric
2026-09-16 03:33:36 | DEBUG    | clean_data           | Converted OPEN from float64 to numeric
2026-09-16 03:33:36 | DEBUG    | clean_data           | Converted HIGH from float64 to numeric
2026-09-16 03:33:36 | DEBUG    | clean_data           | Converted LOW from float64 to numeric
2026-09-16 03:33:36 | DEBUG    | clean_data           | Converted CURRENT from float64 to numeric
2026-09-16 03:33:36 | DEBUG    | clean_data           | Converted CHANGE from float64 to numeric
2026-09-16 03:33:36 | WARNING  | clean_data           | Column CHANGE (%): 494 values could not be converted to numeric
2026-09-16 03:33:36 | DEBUG    | clean_data           | Converted CHANGE (%) from str to numeric
2026-09-16 03:33:36 | DEBUG    | clean_data           | Converted VOLUME from int64 to numeric
2026-09-16 03:33:36 | INFO     | clean_data           | ✅ Data cleaned (494 rows, 16 columns)
2026-09-16 03:33:36 | DEBUG    | clean_data           | Final columns: ['SYMBOL', 'SECTOR', 'LDCP', 'OPEN', 'HIGH', 'LOW', 'CURRENT', 'CHANGE', 'CHANGE (%)', 'VOLUME', 'YEAR', 'MONTH', 'DAY', 'HOUR', 'MINUTE', 'DATETIME']
2026-09-16 03:33:36 | DEBUG    | get_file_path        | Generated file path: data/2026/09/2026-09-16.xlsx
2026-09-16 03:33:36 | INFO     | save_data            | Saving data to: data/2026/09/2026-09-16.xlsx
2026-09-16 03:33:36 | DEBUG    | _create_backup       | Backup created: data/2026/09/backups/2026-09-16_backup_20260916_033336.xlsx
2026-09-16 03:33:36 | DEBUG    | save_data            | Existing file found, merging data...
2026-09-16 03:33:36 | DEBUG    | save_data            | Loaded 1482 existing rows
2026-09-16 03:33:36 | DEBUG    | save_data            | Combined to 1976 rows
2026-09-16 03:33:36 | DEBUG    | save_data            | Writing to temporary file...
2026-09-16 03:33:36 | DEBUG    | save_data            | Data written to temp file: /home/runner/work/Thalorae-BackLioraen/Thalorae-BackLioraen/data/2026/09/tmpoedof5jk.xlsx
2026-09-16 03:33:36 | DEBUG    | save_data            | Temp file moved to final location
2026-09-16 03:33:36 | INFO     | save_data            | ✅ Data saved successfully (1976 total rows, 151,314 bytes)
2026-09-16 03:33:36 | INFO     | run                  | ======================================================================
2026-09-16 03:33:36 | INFO     | run                  | 📊 EXECUTION SUMMARY:
2026-09-16 03:33:36 | INFO     | run                  |    ✅ Status: SUCCESS
2026-09-16 03:33:36 | INFO     | run                  |    - Rows processed: 494
2026-09-16 03:33:36 | INFO     | run                  |    - Unique symbols: 494
2026-09-16 03:33:36 | INFO     | run                  |    - Timestamp: 2026-09-16 08:33:32
2026-09-16 03:33:36 | INFO     | run                  |    - File: data/2026/09/2026-09-16.xlsx
2026-09-16 03:33:36 | INFO     | run                  | ======================================================================
2026-09-16 03:33:36 | DEBUG    | run                  | Sample data (first row):
2026-09-16 03:33:36 | DEBUG    | run                  | {'SYMBOL': 'CNERGY', 'SECTOR': 825, 'LDCP': 12.81, 'OPEN': 13.06, 'HIGH': 13.19, 'LOW': 12.71, 'CURRENT': 12.81, 'CHANGE': 0.0, 'CHANGE (%)': nan, 'VOLUME': 56228801, 'YEAR': 2026, 'MONTH': 9, 'DAY': 16, 'HOUR': 8, 'MINUTE': 33, 'DATETIME': '2026-09-16 08:33'}
2026-09-16 03:33:36 | DEBUG    | close                | Session closed
2026-09-16 03:38:36 | INFO     | run                  | ======================================================================
2026-09-16 03:38:36 | INFO     | run                  | 🚀 MARKET DATA SCRAPER - SINGLE EXECUTION
2026-09-16 03:38:36 | INFO     | run                  | ======================================================================
2026-09-16 03:38:36 | INFO     | run                  | Execution Time: 2026-09-16 08:38:36 PKT
2026-09-16 03:38:36 | INFO     | run                  | Configuration:
2026-09-16 03:38:36 | INFO     | run                  |    - Timezone: Asia/Karachi
2026-09-16 03:38:36 | INFO     | run                  |    - Data directory: data
2026-09-16 03:38:36 | INFO     | run                  |    - Log directory: logs
2026-09-16 03:38:36 | INFO     | run                  |    - Excluded symbols: {'XR', 'XS', 'XD', 'XT'}
2026-09-16 03:38:36 | INFO     | run                  | ======================================================================
2026-09-16 03:38:36 | INFO     | fetch_data           | Fetching data (Attempt 1/3)...
2026-09-16 03:38:36 | DEBUG    | fetch_data           | Establishing session with https://dps.psx.com.pk/
2026-09-16 03:38:39 | DEBUG    | fetch_data           | Requesting data from https://dps.psx.com.pk/market-watch
2026-09-16 03:38:41 | DEBUG    | fetch_data           | Response status: 200
2026-09-16 03:38:41 | DEBUG    | fetch_data           | Response content type: text/html; charset=utf-8
2026-09-16 03:38:41 | DEBUG    | fetch_data           | Response size: 472218 bytes
2026-09-16 03:38:41 | INFO     | fetch_data           | ✅ Data fetched successfully (Status: 200)
2026-09-16 03:38:41 | DEBUG    | parse_json           | Attempting JSON parsing...
2026-09-16 03:38:41 | DEBUG    | parse_json           | Response preview: <table class="tbl" data-page-length="25"><thead class="tbl__head"><!-- tr--><!--   th(colspan="11")--><!--   th.center(colspan="2", style="width: 110px;") TOTAL BUY ORDERS--><!--   th.center(colspan="2", style="width: 110px;") TOTAL SELL ORDERS--><tr><th data-name="symbol">SYMBOL</th><th data-name="sector">SECTOR</th><th data-name="listed">LISTED IN</th><th class="right" data-name="ldcp">LDCP</th><th class="right" data-name="open">OPEN</th><th class="right" data-name="high">HIGH</th><th class="r
2026-09-16 03:38:41 | WARNING  | parse_json           | ⚠️ JSON parsing failed: Expecting value: line 1 column 1 (char 0)
2026-09-16 03:38:41 | INFO     | run                  | JSON parsing failed, trying HTML fallback...
2026-09-16 03:38:41 | INFO     | parse_html           | Attempting HTML fallback parsing...
2026-09-16 03:38:41 | DEBUG    | parse_html           | Found 1 table(s) in HTML
2026-09-16 03:38:41 | DEBUG    | parse_html           | Table columns: ['SYMBOL', 'SECTOR', 'LISTED IN', 'LDCP', 'OPEN', 'HIGH', 'LOW', 'CURRENT', 'CHANGE', 'CHANGE (%)', 'VOLUME']
2026-09-16 03:38:41 | DEBUG    | parse_html           | Table shape: (494, 11)
2026-09-16 03:38:41 | INFO     | parse_html           | ✅ HTML parsed successfully (494 rows)
2026-09-16 03:38:41 | INFO     | clean_data           | Cleaning data...
2026-09-16 03:38:41 | DEBUG    | clean_data           | Initial shape: (494, 11)
2026-09-16 03:38:41 | DEBUG    | clean_data           | Initial columns: ['SYMBOL', 'SECTOR', 'LISTED IN', 'LDCP', 'OPEN', 'HIGH', 'LOW', 'CURRENT', 'CHANGE', 'CHANGE (%)', 'VOLUME']
2026-09-16 03:38:41 | DEBUG    | clean_data           | Removed 'LISTED IN' column
2026-09-16 03:38:41 | DEBUG    | clean_data           | Converted LDCP from float64 to numeric
2026-09-16 03:38:41 | DEBUG    | clean_data           | Converted OPEN from float64 to numeric
2026-09-16 03:38:41 | DEBUG    | clean_data           | Converted HIGH from float64 to numeric
2026-09-16 03:38:41 | DEBUG    | clean_data           | Converted LOW from float64 to numeric
2026-09-16 03:38:41 | DEBUG    | clean_data           | Converted CURRENT from float64 to numeric
2026-09-16 03:38:41 | DEBUG    | clean_data           | Converted CHANGE from float64 to numeric
2026-09-16 03:38:41 | WARNING  | clean_data           | Column CHANGE (%): 494 values could not be converted to numeric
2026-09-16 03:38:41 | DEBUG    | clean_data           | Converted CHANGE (%) from str to numeric
2026-09-16 03:38:41 | DEBUG    | clean_data           | Converted VOLUME from int64 to numeric
2026-09-16 03:38:41 | INFO     | clean_data           | ✅ Data cleaned (494 rows, 16 columns)
2026-09-16 03:38:41 | DEBUG    | clean_data           | Final columns: ['SYMBOL', 'SECTOR', 'LDCP', 'OPEN', 'HIGH', 'LOW', 'CURRENT', 'CHANGE', 'CHANGE (%)', 'VOLUME', 'YEAR', 'MONTH', 'DAY', 'HOUR', 'MINUTE', 'DATETIME']
2026-09-16 03:38:41 | DEBUG    | get_file_path        | Generated file path: data/2026/09/2026-09-16.xlsx
2026-09-16 03:38:41 | INFO     | save_data            | Saving data to: data/2026/09/2026-09-16.xlsx
2026-09-16 03:38:41 | DEBUG    | _create_backup       | Backup created: data/2026/09/backups/2026-09-16_backup_20260916_033841.xlsx
2026-09-16 03:38:41 | DEBUG    | save_data            | Existing file found, merging data...
2026-09-16 03:38:41 | DEBUG    | save_data            | Loaded 1976 existing rows
2026-09-16 03:38:41 | DEBUG    | save_data            | Combined to 2470 rows
2026-09-16 03:38:41 | DEBUG    | save_data            | Writing to temporary file...
2026-09-16 03:38:42 | DEBUG    | save_data            | Data written to temp file: /home/runner/work/Thalorae-BackLioraen/Thalorae-BackLioraen/data/2026/09/tmpkh5eug02.xlsx
2026-09-16 03:38:42 | DEBUG    | save_data            | Temp file moved to final location
2026-09-16 03:38:42 | INFO     | save_data            | ✅ Data saved successfully (2470 total rows, 187,763 bytes)
2026-09-16 03:38:42 | INFO     | run                  | ======================================================================
2026-09-16 03:38:42 | INFO     | run                  | 📊 EXECUTION SUMMARY:
2026-09-16 03:38:42 | INFO     | run                  |    ✅ Status: SUCCESS
2026-09-16 03:38:42 | INFO     | run                  |    - Rows processed: 494
2026-09-16 03:38:42 | INFO     | run                  |    - Unique symbols: 494
2026-09-16 03:38:42 | INFO     | run                  |    - Timestamp: 2026-09-16 08:38:36
2026-09-16 03:38:42 | INFO     | run                  |    - File: data/2026/09/2026-09-16.xlsx
2026-09-16 03:38:42 | INFO     | run                  | ======================================================================
2026-09-16 03:38:42 | DEBUG    | run                  | Sample data (first row):
2026-09-16 03:38:42 | DEBUG    | run                  | {'SYMBOL': 'CNERGY', 'SECTOR': 825, 'LDCP': 12.81, 'OPEN': 13.06, 'HIGH': 13.19, 'LOW': 12.71, 'CURRENT': 12.81, 'CHANGE': 0.0, 'CHANGE (%)': nan, 'VOLUME': 56228801, 'YEAR': 2026, 'MONTH': 9, 'DAY': 16, 'HOUR': 8, 'MINUTE': 38, 'DATETIME': '2026-09-16 08:38'}
2026-09-16 03:38:42 | DEBUG    | close                | Session closed
2026-09-16 03:43:42 | INFO     | run                  | ======================================================================
2026-09-16 03:43:42 | INFO     | run                  | 🚀 MARKET DATA SCRAPER - SINGLE EXECUTION
2026-09-16 03:43:42 | INFO     | run                  | ======================================================================
2026-09-16 03:43:42 | INFO     | run                  | Execution Time: 2026-09-16 08:43:42 PKT
2026-09-16 03:43:42 | INFO     | run                  | Configuration:
2026-09-16 03:43:42 | INFO     | run                  |    - Timezone: Asia/Karachi
2026-09-16 03:43:42 | INFO     | run                  |    - Data directory: data
2026-09-16 03:43:42 | INFO     | run                  |    - Log directory: logs
2026-09-16 03:43:42 | INFO     | run                  |    - Excluded symbols: {'XD', 'XT', 'XR', 'XS'}
2026-09-16 03:43:42 | INFO     | run                  | ======================================================================
2026-09-16 03:43:42 | INFO     | fetch_data           | Fetching data (Attempt 1/3)...
2026-09-16 03:43:42 | DEBUG    | fetch_data           | Establishing session with https://dps.psx.com.pk/
2026-09-16 03:43:45 | DEBUG    | fetch_data           | Requesting data from https://dps.psx.com.pk/market-watch
2026-09-16 03:43:47 | DEBUG    | fetch_data           | Response status: 200
2026-09-16 03:43:47 | DEBUG    | fetch_data           | Response content type: text/html; charset=utf-8
2026-09-16 03:43:47 | DEBUG    | fetch_data           | Response size: 472218 bytes
2026-09-16 03:43:47 | INFO     | fetch_data           | ✅ Data fetched successfully (Status: 200)
2026-09-16 03:43:47 | DEBUG    | parse_json           | Attempting JSON parsing...
2026-09-16 03:43:47 | DEBUG    | parse_json           | Response preview: <table class="tbl" data-page-length="25"><thead class="tbl__head"><!-- tr--><!--   th(colspan="11")--><!--   th.center(colspan="2", style="width: 110px;") TOTAL BUY ORDERS--><!--   th.center(colspan="2", style="width: 110px;") TOTAL SELL ORDERS--><tr><th data-name="symbol">SYMBOL</th><th data-name="sector">SECTOR</th><th data-name="listed">LISTED IN</th><th class="right" data-name="ldcp">LDCP</th><th class="right" data-name="open">OPEN</th><th class="right" data-name="high">HIGH</th><th class="r
2026-09-16 03:43:47 | WARNING  | parse_json           | ⚠️ JSON parsing failed: Expecting value: line 1 column 1 (char 0)
2026-09-16 03:43:47 | INFO     | run                  | JSON parsing failed, trying HTML fallback...
2026-09-16 03:43:47 | INFO     | parse_html           | Attempting HTML fallback parsing...
2026-09-16 03:43:47 | DEBUG    | parse_html           | Found 1 table(s) in HTML
2026-09-16 03:43:47 | DEBUG    | parse_html           | Table columns: ['SYMBOL', 'SECTOR', 'LISTED IN', 'LDCP', 'OPEN', 'HIGH', 'LOW', 'CURRENT', 'CHANGE', 'CHANGE (%)', 'VOLUME']
2026-09-16 03:43:47 | DEBUG    | parse_html           | Table shape: (494, 11)
2026-09-16 03:43:47 | INFO     | parse_html           | ✅ HTML parsed successfully (494 rows)
2026-09-16 03:43:47 | INFO     | clean_data           | Cleaning data...
2026-09-16 03:43:47 | DEBUG    | clean_data           | Initial shape: (494, 11)
2026-09-16 03:43:47 | DEBUG    | clean_data           | Initial columns: ['SYMBOL', 'SECTOR', 'LISTED IN', 'LDCP', 'OPEN', 'HIGH', 'LOW', 'CURRENT', 'CHANGE', 'CHANGE (%)', 'VOLUME']
2026-09-16 03:43:47 | DEBUG    | clean_data           | Removed 'LISTED IN' column
2026-09-16 03:43:47 | DEBUG    | clean_data           | Converted LDCP from float64 to numeric
2026-09-16 03:43:47 | DEBUG    | clean_data           | Converted OPEN from float64 to numeric
2026-09-16 03:43:47 | DEBUG    | clean_data           | Converted HIGH from float64 to numeric
2026-09-16 03:43:47 | DEBUG    | clean_data           | Converted LOW from float64 to numeric
2026-09-16 03:43:47 | DEBUG    | clean_data           | Converted CURRENT from float64 to numeric
2026-09-16 03:43:47 | DEBUG    | clean_data           | Converted CHANGE from float64 to numeric
2026-09-16 03:43:47 | WARNING  | clean_data           | Column CHANGE (%): 494 values could not be converted to numeric
2026-09-16 03:43:47 | DEBUG    | clean_data           | Converted CHANGE (%) from str to numeric
2026-09-16 03:43:47 | DEBUG    | clean_data           | Converted VOLUME from int64 to numeric
2026-09-16 03:43:47 | INFO     | clean_data           | ✅ Data cleaned (494 rows, 16 columns)
2026-09-16 03:43:47 | DEBUG    | clean_data           | Final columns: ['SYMBOL', 'SECTOR', 'LDCP', 'OPEN', 'HIGH', 'LOW', 'CURRENT', 'CHANGE', 'CHANGE (%)', 'VOLUME', 'YEAR', 'MONTH', 'DAY', 'HOUR', 'MINUTE', 'DATETIME']
2026-09-16 03:43:47 | DEBUG    | get_file_path        | Generated file path: data/2026/09/2026-09-16.xlsx
2026-09-16 03:43:47 | INFO     | save_data            | Saving data to: data/2026/09/2026-09-16.xlsx
2026-09-16 03:43:47 | DEBUG    | _create_backup       | Backup created: data/2026/09/backups/2026-09-16_backup_20260916_034347.xlsx
2026-09-16 03:43:47 | DEBUG    | save_data            | Existing file found, merging data...
2026-09-16 03:43:47 | DEBUG    | save_data            | Loaded 2470 existing rows
2026-09-16 03:43:47 | DEBUG    | save_data            | Combined to 2964 rows
2026-09-16 03:43:47 | DEBUG    | save_data            | Writing to temporary file...
2026-09-16 03:43:47 | DEBUG    | save_data            | Data written to temp file: /home/runner/work/Thalorae-BackLioraen/Thalorae-BackLioraen/data/2026/09/tmpe224rito.xlsx
2026-09-16 03:43:47 | DEBUG    | save_data            | Temp file moved to final location
2026-09-16 03:43:47 | INFO     | save_data            | ✅ Data saved successfully (2964 total rows, 224,178 bytes)
2026-09-16 03:43:47 | INFO     | run                  | ======================================================================
2026-09-16 03:43:47 | INFO     | run                  | 📊 EXECUTION SUMMARY:
2026-09-16 03:43:47 | INFO     | run                  |    ✅ Status: SUCCESS
2026-09-16 03:43:47 | INFO     | run                  |    - Rows processed: 494
2026-09-16 03:43:47 | INFO     | run                  |    - Unique symbols: 494
2026-09-16 03:43:47 | INFO     | run                  |    - Timestamp: 2026-09-16 08:43:42
2026-09-16 03:43:47 | INFO     | run                  |    - File: data/2026/09/2026-09-16.xlsx
2026-09-16 03:43:47 | INFO     | run                  | ======================================================================
2026-09-16 03:43:47 | DEBUG    | run                  | Sample data (first row):
2026-09-16 03:43:47 | DEBUG    | run                  | {'SYMBOL': 'CNERGY', 'SECTOR': 825, 'LDCP': 12.81, 'OPEN': 13.06, 'HIGH': 13.19, 'LOW': 12.71, 'CURRENT': 12.81, 'CHANGE': 0.0, 'CHANGE (%)': nan, 'VOLUME': 56228801, 'YEAR': 2026, 'MONTH': 9, 'DAY': 16, 'HOUR': 8, 'MINUTE': 43, 'DATETIME': '2026-09-16 08:43'}
2026-09-16 03:43:47 | DEBUG    | close                | Session closed
2026-09-16 03:48:48 | INFO     | run                  | ======================================================================
2026-09-16 03:48:48 | INFO     | run                  | 🚀 MARKET DATA SCRAPER - SINGLE EXECUTION
2026-09-16 03:48:48 | INFO     | run                  | ======================================================================
2026-09-16 03:48:48 | INFO     | run                  | Execution Time: 2026-09-16 08:48:48 PKT
2026-09-16 03:48:48 | INFO     | run                  | Configuration:
2026-09-16 03:48:48 | INFO     | run                  |    - Timezone: Asia/Karachi
2026-09-16 03:48:48 | INFO     | run                  |    - Data directory: data
2026-09-16 03:48:48 | INFO     | run                  |    - Log directory: logs
2026-09-16 03:48:48 | INFO     | run                  |    - Excluded symbols: {'XD', 'XT', 'XR', 'XS'}
2026-09-16 03:48:48 | INFO     | run                  | ======================================================================
2026-09-16 03:48:48 | INFO     | fetch_data           | Fetching data (Attempt 1/3)...
2026-09-16 03:48:48 | DEBUG    | fetch_data           | Establishing session with https://dps.psx.com.pk/
2026-09-16 03:48:51 | DEBUG    | fetch_data           | Requesting data from https://dps.psx.com.pk/market-watch
2026-09-16 03:48:52 | DEBUG    | fetch_data           | Response status: 200
2026-09-16 03:48:52 | DEBUG    | fetch_data           | Response content type: text/html; charset=utf-8
2026-09-16 03:48:52 | DEBUG    | fetch_data           | Response size: 472218 bytes
2026-09-16 03:48:52 | INFO     | fetch_data           | ✅ Data fetched successfully (Status: 200)
2026-09-16 03:48:52 | DEBUG    | parse_json           | Attempting JSON parsing...
2026-09-16 03:48:52 | DEBUG    | parse_json           | Response preview: <table class="tbl" data-page-length="25"><thead class="tbl__head"><!-- tr--><!--   th(colspan="11")--><!--   th.center(colspan="2", style="width: 110px;") TOTAL BUY ORDERS--><!--   th.center(colspan="2", style="width: 110px;") TOTAL SELL ORDERS--><tr><th data-name="symbol">SYMBOL</th><th data-name="sector">SECTOR</th><th data-name="listed">LISTED IN</th><th class="right" data-name="ldcp">LDCP</th><th class="right" data-name="open">OPEN</th><th class="right" data-name="high">HIGH</th><th class="r
2026-09-16 03:48:52 | WARNING  | parse_json           | ⚠️ JSON parsing failed: Expecting value: line 1 column 1 (char 0)
2026-09-16 03:48:52 | INFO     | run                  | JSON parsing failed, trying HTML fallback...
2026-09-16 03:48:52 | INFO     | parse_html           | Attempting HTML fallback parsing...
2026-09-16 03:48:52 | DEBUG    | parse_html           | Found 1 table(s) in HTML
2026-09-16 03:48:52 | DEBUG    | parse_html           | Table columns: ['SYMBOL', 'SECTOR', 'LISTED IN', 'LDCP', 'OPEN', 'HIGH', 'LOW', 'CURRENT', 'CHANGE', 'CHANGE (%)', 'VOLUME']
2026-09-16 03:48:52 | DEBUG    | parse_html           | Table shape: (494, 11)
2026-09-16 03:48:52 | INFO     | parse_html           | ✅ HTML parsed successfully (494 rows)
2026-09-16 03:48:52 | INFO     | clean_data           | Cleaning data...
2026-09-16 03:48:52 | DEBUG    | clean_data           | Initial shape: (494, 11)
2026-09-16 03:48:52 | DEBUG    | clean_data           | Initial columns: ['SYMBOL', 'SECTOR', 'LISTED IN', 'LDCP', 'OPEN', 'HIGH', 'LOW', 'CURRENT', 'CHANGE', 'CHANGE (%)', 'VOLUME']
2026-09-16 03:48:52 | DEBUG    | clean_data           | Removed 'LISTED IN' column
2026-09-16 03:48:52 | DEBUG    | clean_data           | Converted LDCP from float64 to numeric
2026-09-16 03:48:52 | DEBUG    | clean_data           | Converted OPEN from float64 to numeric
2026-09-16 03:48:52 | DEBUG    | clean_data           | Converted HIGH from float64 to numeric
2026-09-16 03:48:52 | DEBUG    | clean_data           | Converted LOW from float64 to numeric
2026-09-16 03:48:52 | DEBUG    | clean_data           | Converted CURRENT from float64 to numeric
2026-09-16 03:48:52 | DEBUG    | clean_data           | Converted CHANGE from float64 to numeric
2026-09-16 03:48:52 | WARNING  | clean_data           | Column CHANGE (%): 494 values could not be converted to numeric
2026-09-16 03:48:52 | DEBUG    | clean_data           | Converted CHANGE (%) from str to numeric
2026-09-16 03:48:52 | DEBUG    | clean_data           | Converted VOLUME from int64 to numeric
2026-09-16 03:48:52 | INFO     | clean_data           | ✅ Data cleaned (494 rows, 16 columns)
2026-09-16 03:48:52 | DEBUG    | clean_data           | Final columns: ['SYMBOL', 'SECTOR', 'LDCP', 'OPEN', 'HIGH', 'LOW', 'CURRENT', 'CHANGE', 'CHANGE (%)', 'VOLUME', 'YEAR', 'MONTH', 'DAY', 'HOUR', 'MINUTE', 'DATETIME']
2026-09-16 03:48:52 | DEBUG    | get_file_path        | Generated file path: data/2026/09/2026-09-16.xlsx
2026-09-16 03:48:52 | INFO     | save_data            | Saving data to: data/2026/09/2026-09-16.xlsx
2026-09-16 03:48:52 | DEBUG    | _create_backup       | Backup created: data/2026/09/backups/2026-09-16_backup_20260916_034852.xlsx
2026-09-16 03:48:52 | DEBUG    | _cleanup_old_backups | Removed old backup: 2026-09-16_backup_20260916_032327.xlsx
2026-09-16 03:48:52 | DEBUG    | save_data            | Existing file found, merging data...
2026-09-16 03:48:53 | DEBUG    | save_data            | Loaded 2964 existing rows
2026-09-16 03:48:53 | DEBUG    | save_data            | Combined to 3458 rows
2026-09-16 03:48:53 | DEBUG    | save_data            | Writing to temporary file...
2026-09-16 03:48:53 | DEBUG    | save_data            | Data written to temp file: /home/runner/work/Thalorae-BackLioraen/Thalorae-BackLioraen/data/2026/09/tmpolwe3g_h.xlsx
2026-09-16 03:48:53 | DEBUG    | save_data            | Temp file moved to final location
2026-09-16 03:48:53 | INFO     | save_data            | ✅ Data saved successfully (3458 total rows, 260,627 bytes)
2026-09-16 03:48:53 | INFO     | run                  | ======================================================================
2026-09-16 03:48:53 | INFO     | run                  | 📊 EXECUTION SUMMARY:
2026-09-16 03:48:53 | INFO     | run                  |    ✅ Status: SUCCESS
2026-09-16 03:48:53 | INFO     | run                  |    - Rows processed: 494
2026-09-16 03:48:53 | INFO     | run                  |    - Unique symbols: 494
2026-09-16 03:48:53 | INFO     | run                  |    - Timestamp: 2026-09-16 08:48:48
2026-09-16 03:48:53 | INFO     | run                  |    - File: data/2026/09/2026-09-16.xlsx
2026-09-16 03:48:53 | INFO     | run                  | ======================================================================
2026-09-16 03:48:53 | DEBUG    | run                  | Sample data (first row):
2026-09-16 03:48:53 | DEBUG    | run                  | {'SYMBOL': 'CNERGY', 'SECTOR': 825, 'LDCP': 12.81, 'OPEN': 13.06, 'HIGH': 13.19, 'LOW': 12.71, 'CURRENT': 12.81, 'CHANGE': 0.0, 'CHANGE (%)': nan, 'VOLUME': 56228801, 'YEAR': 2026, 'MONTH': 9, 'DAY': 16, 'HOUR': 8, 'MINUTE': 48, 'DATETIME': '2026-09-16 08:48'}
2026-09-16 03:48:53 | DEBUG    | close                | Session closed
2026-09-16 03:53:53 | INFO     | run                  | ======================================================================
2026-09-16 03:53:53 | INFO     | run                  | 🚀 MARKET DATA SCRAPER - SINGLE EXECUTION
2026-09-16 03:53:53 | INFO     | run                  | ======================================================================
2026-09-16 03:53:53 | INFO     | run                  | Execution Time: 2026-09-16 08:53:53 PKT
2026-09-16 03:53:53 | INFO     | run                  | Configuration:
2026-09-16 03:53:53 | INFO     | run                  |    - Timezone: Asia/Karachi
2026-09-16 03:53:53 | INFO     | run                  |    - Data directory: data
2026-09-16 03:53:53 | INFO     | run                  |    - Log directory: logs
2026-09-16 03:53:53 | INFO     | run                  |    - Excluded symbols: {'XR', 'XS', 'XT', 'XD'}
2026-09-16 03:53:53 | INFO     | run                  | ======================================================================
2026-09-16 03:53:53 | INFO     | fetch_data           | Fetching data (Attempt 1/3)...
2026-09-16 03:53:53 | DEBUG    | fetch_data           | Establishing session with https://dps.psx.com.pk/
2026-09-16 03:53:57 | DEBUG    | fetch_data           | Requesting data from https://dps.psx.com.pk/market-watch
2026-09-16 03:53:59 | DEBUG    | fetch_data           | Response status: 200
2026-09-16 03:53:59 | DEBUG    | fetch_data           | Response content type: text/html; charset=utf-8
2026-09-16 03:53:59 | DEBUG    | fetch_data           | Response size: 472216 bytes
2026-09-16 03:53:59 | INFO     | fetch_data           | ✅ Data fetched successfully (Status: 200)
2026-09-16 03:53:59 | DEBUG    | parse_json           | Attempting JSON parsing...
2026-09-16 03:53:59 | DEBUG    | parse_json           | Response preview: <table class="tbl" data-page-length="25"><thead class="tbl__head"><!-- tr--><!--   th(colspan="11")--><!--   th.center(colspan="2", style="width: 110px;") TOTAL BUY ORDERS--><!--   th.center(colspan="2", style="width: 110px;") TOTAL SELL ORDERS--><tr><th data-name="symbol">SYMBOL</th><th data-name="sector">SECTOR</th><th data-name="listed">LISTED IN</th><th class="right" data-name="ldcp">LDCP</th><th class="right" data-name="open">OPEN</th><th class="right" data-name="high">HIGH</th><th class="r
2026-09-16 03:53:59 | WARNING  | parse_json           | ⚠️ JSON parsing failed: Expecting value: line 1 column 1 (char 0)
2026-09-16 03:53:59 | INFO     | run                  | JSON parsing failed, trying HTML fallback...
2026-09-16 03:53:59 | INFO     | parse_html           | Attempting HTML fallback parsing...
2026-09-16 03:53:59 | DEBUG    | parse_html           | Found 1 table(s) in HTML
2026-09-16 03:53:59 | DEBUG    | parse_html           | Table columns: ['SYMBOL', 'SECTOR', 'LISTED IN', 'LDCP', 'OPEN', 'HIGH', 'LOW', 'CURRENT', 'CHANGE', 'CHANGE (%)', 'VOLUME']
2026-09-16 03:53:59 | DEBUG    | parse_html           | Table shape: (494, 11)
2026-09-16 03:53:59 | INFO     | parse_html           | ✅ HTML parsed successfully (494 rows)
2026-09-16 03:53:59 | INFO     | clean_data           | Cleaning data...
2026-09-16 03:53:59 | DEBUG    | clean_data           | Initial shape: (494, 11)
2026-09-16 03:53:59 | DEBUG    | clean_data           | Initial columns: ['SYMBOL', 'SECTOR', 'LISTED IN', 'LDCP', 'OPEN', 'HIGH', 'LOW', 'CURRENT', 'CHANGE', 'CHANGE (%)', 'VOLUME']
2026-09-16 03:53:59 | DEBUG    | clean_data           | Removed 'LISTED IN' column
2026-09-16 03:53:59 | DEBUG    | clean_data           | Converted LDCP from float64 to numeric
2026-09-16 03:53:59 | DEBUG    | clean_data           | Converted OPEN from float64 to numeric
2026-09-16 03:53:59 | DEBUG    | clean_data           | Converted HIGH from float64 to numeric
2026-09-16 03:53:59 | DEBUG    | clean_data           | Converted LOW from float64 to numeric
2026-09-16 03:53:59 | DEBUG    | clean_data           | Converted CURRENT from float64 to numeric
2026-09-16 03:53:59 | DEBUG    | clean_data           | Converted CHANGE from float64 to numeric
2026-09-16 03:53:59 | WARNING  | clean_data           | Column CHANGE (%): 494 values could not be converted to numeric
2026-09-16 03:53:59 | DEBUG    | clean_data           | Converted CHANGE (%) from str to numeric
2026-09-16 03:53:59 | DEBUG    | clean_data           | Converted VOLUME from int64 to numeric
2026-09-16 03:53:59 | INFO     | clean_data           | ✅ Data cleaned (494 rows, 16 columns)
2026-09-16 03:53:59 | DEBUG    | clean_data           | Final columns: ['SYMBOL', 'SECTOR', 'LDCP', 'OPEN', 'HIGH', 'LOW', 'CURRENT', 'CHANGE', 'CHANGE (%)', 'VOLUME', 'YEAR', 'MONTH', 'DAY', 'HOUR', 'MINUTE', 'DATETIME']
2026-09-16 03:53:59 | DEBUG    | get_file_path        | Generated file path: data/2026/09/2026-09-16.xlsx
2026-09-16 03:53:59 | INFO     | save_data            | Saving data to: data/2026/09/2026-09-16.xlsx
2026-09-16 03:53:59 | DEBUG    | _create_backup       | Backup created: data/2026/09/backups/2026-09-16_backup_20260916_035359.xlsx
2026-09-16 03:53:59 | DEBUG    | _cleanup_old_backups | Removed old backup: 2026-09-16_backup_20260916_032832.xlsx
2026-09-16 03:53:59 | DEBUG    | save_data            | Existing file found, merging data...
2026-09-16 03:54:00 | DEBUG    | save_data            | Loaded 3458 existing rows
2026-09-16 03:54:00 | DEBUG    | save_data            | Combined to 3952 rows
2026-09-16 03:54:00 | DEBUG    | save_data            | Writing to temporary file...
2026-09-16 03:54:00 | DEBUG    | save_data            | Data written to temp file: /home/runner/work/Thalorae-BackLioraen/Thalorae-BackLioraen/data/2026/09/tmph16wehsd.xlsx
2026-09-16 03:54:00 | DEBUG    | save_data            | Temp file moved to final location
2026-09-16 03:54:00 | INFO     | save_data            | ✅ Data saved successfully (3952 total rows, 297,080 bytes)
2026-09-16 03:54:00 | INFO     | run                  | ======================================================================
2026-09-16 03:54:00 | INFO     | run                  | 📊 EXECUTION SUMMARY:
2026-09-16 03:54:00 | INFO     | run                  |    ✅ Status: SUCCESS
2026-09-16 03:54:00 | INFO     | run                  |    - Rows processed: 494
2026-09-16 03:54:00 | INFO     | run                  |    - Unique symbols: 494
2026-09-16 03:54:00 | INFO     | run                  |    - Timestamp: 2026-09-16 08:53:53
2026-09-16 03:54:00 | INFO     | run                  |    - File: data/2026/09/2026-09-16.xlsx
2026-09-16 03:54:00 | INFO     | run                  | ======================================================================
2026-09-16 03:54:00 | DEBUG    | run                  | Sample data (first row):
2026-09-16 03:54:00 | DEBUG    | run                  | {'SYMBOL': 'CNERGY', 'SECTOR': 825, 'LDCP': 12.81, 'OPEN': 13.06, 'HIGH': 13.19, 'LOW': 12.71, 'CURRENT': 12.81, 'CHANGE': 0.0, 'CHANGE (%)': nan, 'VOLUME': 56228801, 'YEAR': 2026, 'MONTH': 9, 'DAY': 16, 'HOUR': 8, 'MINUTE': 53, 'DATETIME': '2026-09-16 08:53'}
2026-09-16 03:54:00 | DEBUG    | close                | Session closed
2026-09-16 03:59:00 | INFO     | run                  | ======================================================================
2026-09-16 03:59:00 | INFO     | run                  | 🚀 MARKET DATA SCRAPER - SINGLE EXECUTION
2026-09-16 03:59:00 | INFO     | run                  | ======================================================================
2026-09-16 03:59:00 | INFO     | run                  | Execution Time: 2026-09-16 08:59:00 PKT
2026-09-16 03:59:00 | INFO     | run                  | Configuration:
2026-09-16 03:59:00 | INFO     | run                  |    - Timezone: Asia/Karachi
2026-09-16 03:59:00 | INFO     | run                  |    - Data directory: data
2026-09-16 03:59:00 | INFO     | run                  |    - Log directory: logs
2026-09-16 03:59:00 | INFO     | run                  |    - Excluded symbols: {'XT', 'XS', 'XR', 'XD'}
2026-09-16 03:59:00 | INFO     | run                  | ======================================================================
2026-09-16 03:59:00 | INFO     | fetch_data           | Fetching data (Attempt 1/3)...
2026-09-16 03:59:00 | DEBUG    | fetch_data           | Establishing session with https://dps.psx.com.pk/
2026-09-16 03:59:04 | DEBUG    | fetch_data           | Requesting data from https://dps.psx.com.pk/market-watch
2026-09-16 03:59:06 | DEBUG    | fetch_data           | Response status: 200
2026-09-16 03:59:06 | DEBUG    | fetch_data           | Response content type: text/html; charset=utf-8
2026-09-16 03:59:06 | DEBUG    | fetch_data           | Response size: 472216 bytes
2026-09-16 03:59:06 | INFO     | fetch_data           | ✅ Data fetched successfully (Status: 200)
2026-09-16 03:59:06 | DEBUG    | parse_json           | Attempting JSON parsing...
2026-09-16 03:59:06 | DEBUG    | parse_json           | Response preview: <table class="tbl" data-page-length="25"><thead class="tbl__head"><!-- tr--><!--   th(colspan="11")--><!--   th.center(colspan="2", style="width: 110px;") TOTAL BUY ORDERS--><!--   th.center(colspan="2", style="width: 110px;") TOTAL SELL ORDERS--><tr><th data-name="symbol">SYMBOL</th><th data-name="sector">SECTOR</th><th data-name="listed">LISTED IN</th><th class="right" data-name="ldcp">LDCP</th><th class="right" data-name="open">OPEN</th><th class="right" data-name="high">HIGH</th><th class="r
2026-09-16 03:59:06 | WARNING  | parse_json           | ⚠️ JSON parsing failed: Expecting value: line 1 column 1 (char 0)
2026-09-16 03:59:06 | INFO     | run                  | JSON parsing failed, trying HTML fallback...
2026-09-16 03:59:06 | INFO     | parse_html           | Attempting HTML fallback parsing...
2026-09-16 03:59:06 | DEBUG    | parse_html           | Found 1 table(s) in HTML
2026-09-16 03:59:06 | DEBUG    | parse_html           | Table columns: ['SYMBOL', 'SECTOR', 'LISTED IN', 'LDCP', 'OPEN', 'HIGH', 'LOW', 'CURRENT', 'CHANGE', 'CHANGE (%)', 'VOLUME']
2026-09-16 03:59:06 | DEBUG    | parse_html           | Table shape: (494, 11)
2026-09-16 03:59:06 | INFO     | parse_html           | ✅ HTML parsed successfully (494 rows)
2026-09-16 03:59:06 | INFO     | clean_data           | Cleaning data...
2026-09-16 03:59:06 | DEBUG    | clean_data           | Initial shape: (494, 11)
2026-09-16 03:59:06 | DEBUG    | clean_data           | Initial columns: ['SYMBOL', 'SECTOR', 'LISTED IN', 'LDCP', 'OPEN', 'HIGH', 'LOW', 'CURRENT', 'CHANGE', 'CHANGE (%)', 'VOLUME']
2026-09-16 03:59:06 | DEBUG    | clean_data           | Removed 'LISTED IN' column
2026-09-16 03:59:06 | DEBUG    | clean_data           | Converted LDCP from float64 to numeric
2026-09-16 03:59:06 | DEBUG    | clean_data           | Converted OPEN from float64 to numeric
2026-09-16 03:59:06 | DEBUG    | clean_data           | Converted HIGH from float64 to numeric
2026-09-16 03:59:06 | DEBUG    | clean_data           | Converted LOW from float64 to numeric
2026-09-16 03:59:06 | DEBUG    | clean_data           | Converted CURRENT from float64 to numeric
2026-09-16 03:59:06 | DEBUG    | clean_data           | Converted CHANGE from float64 to numeric
2026-09-16 03:59:06 | WARNING  | clean_data           | Column CHANGE (%): 494 values could not be converted to numeric
2026-09-16 03:59:06 | DEBUG    | clean_data           | Converted CHANGE (%) from str to numeric
2026-09-16 03:59:06 | DEBUG    | clean_data           | Converted VOLUME from int64 to numeric
2026-09-16 03:59:06 | INFO     | clean_data           | ✅ Data cleaned (494 rows, 16 columns)
2026-09-16 03:59:06 | DEBUG    | clean_data           | Final columns: ['SYMBOL', 'SECTOR', 'LDCP', 'OPEN', 'HIGH', 'LOW', 'CURRENT', 'CHANGE', 'CHANGE (%)', 'VOLUME', 'YEAR', 'MONTH', 'DAY', 'HOUR', 'MINUTE', 'DATETIME']
2026-09-16 03:59:06 | DEBUG    | get_file_path        | Generated file path: data/2026/09/2026-09-16.xlsx
2026-09-16 03:59:06 | INFO     | save_data            | Saving data to: data/2026/09/2026-09-16.xlsx
2026-09-16 03:59:06 | DEBUG    | _create_backup       | Backup created: data/2026/09/backups/2026-09-16_backup_20260916_035906.xlsx
2026-09-16 03:59:06 | DEBUG    | _cleanup_old_backups | Removed old backup: 2026-09-16_backup_20260916_033336.xlsx
2026-09-16 03:59:06 | DEBUG    | save_data            | Existing file found, merging data...
2026-09-16 03:59:06 | DEBUG    | save_data            | Loaded 3952 existing rows
2026-09-16 03:59:06 | DEBUG    | save_data            | Combined to 4446 rows
2026-09-16 03:59:06 | DEBUG    | save_data            | Writing to temporary file...
2026-09-16 03:59:07 | DEBUG    | save_data            | Data written to temp file: /home/runner/work/Thalorae-BackLioraen/Thalorae-BackLioraen/data/2026/09/tmpxygtxuyh.xlsx
2026-09-16 03:59:07 | DEBUG    | save_data            | Temp file moved to final location
2026-09-16 03:59:07 | INFO     | save_data            | ✅ Data saved successfully (4446 total rows, 333,492 bytes)
2026-09-16 03:59:07 | INFO     | run                  | ======================================================================
2026-09-16 03:59:07 | INFO     | run                  | 📊 EXECUTION SUMMARY:
2026-09-16 03:59:07 | INFO     | run                  |    ✅ Status: SUCCESS
2026-09-16 03:59:07 | INFO     | run                  |    - Rows processed: 494
2026-09-16 03:59:07 | INFO     | run                  |    - Unique symbols: 494
2026-09-16 03:59:07 | INFO     | run                  |    - Timestamp: 2026-09-16 08:59:00
2026-09-16 03:59:07 | INFO     | run                  |    - File: data/2026/09/2026-09-16.xlsx
2026-09-16 03:59:07 | INFO     | run                  | ======================================================================
2026-09-16 03:59:07 | DEBUG    | run                  | Sample data (first row):
2026-09-16 03:59:07 | DEBUG    | run                  | {'SYMBOL': 'CNERGY', 'SECTOR': 825, 'LDCP': 12.81, 'OPEN': 13.06, 'HIGH': 13.19, 'LOW': 12.71, 'CURRENT': 12.81, 'CHANGE': 0.0, 'CHANGE (%)': nan, 'VOLUME': 56228801, 'YEAR': 2026, 'MONTH': 9, 'DAY': 16, 'HOUR': 8, 'MINUTE': 59, 'DATETIME': '2026-09-16 08:59'}
2026-09-16 03:59:07 | DEBUG    | close                | Session closed
2026-09-16 04:04:07 | INFO     | run                  | ======================================================================
2026-09-16 04:04:07 | INFO     | run                  | 🚀 MARKET DATA SCRAPER - SINGLE EXECUTION
2026-09-16 04:04:07 | INFO     | run                  | ======================================================================
2026-09-16 04:04:07 | INFO     | run                  | Execution Time: 2026-09-16 09:04:07 PKT
2026-09-16 04:04:07 | INFO     | run                  | Configuration:
2026-09-16 04:04:07 | INFO     | run                  |    - Timezone: Asia/Karachi
2026-09-16 04:04:07 | INFO     | run                  |    - Data directory: data
2026-09-16 04:04:07 | INFO     | run                  |    - Log directory: logs
2026-09-16 04:04:07 | INFO     | run                  |    - Excluded symbols: {'XD', 'XS', 'XR', 'XT'}
2026-09-16 04:04:07 | INFO     | run                  | ======================================================================
2026-09-16 04:04:07 | INFO     | fetch_data           | Fetching data (Attempt 1/3)...
2026-09-16 04:04:07 | DEBUG    | fetch_data           | Establishing session with https://dps.psx.com.pk/
2026-09-16 04:04:10 | DEBUG    | fetch_data           | Requesting data from https://dps.psx.com.pk/market-watch
2026-09-16 04:04:12 | DEBUG    | fetch_data           | Response status: 200
2026-09-16 04:04:12 | DEBUG    | fetch_data           | Response content type: text/html; charset=utf-8
2026-09-16 04:04:12 | DEBUG    | fetch_data           | Response size: 472216 bytes
2026-09-16 04:04:12 | INFO     | fetch_data           | ✅ Data fetched successfully (Status: 200)
2026-09-16 04:04:12 | DEBUG    | parse_json           | Attempting JSON parsing...
2026-09-16 04:04:12 | DEBUG    | parse_json           | Response preview: <table class="tbl" data-page-length="25"><thead class="tbl__head"><!-- tr--><!--   th(colspan="11")--><!--   th.center(colspan="2", style="width: 110px;") TOTAL BUY ORDERS--><!--   th.center(colspan="2", style="width: 110px;") TOTAL SELL ORDERS--><tr><th data-name="symbol">SYMBOL</th><th data-name="sector">SECTOR</th><th data-name="listed">LISTED IN</th><th class="right" data-name="ldcp">LDCP</th><th class="right" data-name="open">OPEN</th><th class="right" data-name="high">HIGH</th><th class="r
2026-09-16 04:04:12 | WARNING  | parse_json           | ⚠️ JSON parsing failed: Expecting value: line 1 column 1 (char 0)
2026-09-16 04:04:12 | INFO     | run                  | JSON parsing failed, trying HTML fallback...
2026-09-16 04:04:12 | INFO     | parse_html           | Attempting HTML fallback parsing...
2026-09-16 04:04:12 | DEBUG    | parse_html           | Found 1 table(s) in HTML
2026-09-16 04:04:12 | DEBUG    | parse_html           | Table columns: ['SYMBOL', 'SECTOR', 'LISTED IN', 'LDCP', 'OPEN', 'HIGH', 'LOW', 'CURRENT', 'CHANGE', 'CHANGE (%)', 'VOLUME']
2026-09-16 04:04:12 | DEBUG    | parse_html           | Table shape: (494, 11)
2026-09-16 04:04:12 | INFO     | parse_html           | ✅ HTML parsed successfully (494 rows)
2026-09-16 04:04:12 | INFO     | clean_data           | Cleaning data...
2026-09-16 04:04:12 | DEBUG    | clean_data           | Initial shape: (494, 11)
2026-09-16 04:04:12 | DEBUG    | clean_data           | Initial columns: ['SYMBOL', 'SECTOR', 'LISTED IN', 'LDCP', 'OPEN', 'HIGH', 'LOW', 'CURRENT', 'CHANGE', 'CHANGE (%)', 'VOLUME']
2026-09-16 04:04:12 | DEBUG    | clean_data           | Removed 'LISTED IN' column
2026-09-16 04:04:12 | DEBUG    | clean_data           | Converted LDCP from float64 to numeric
2026-09-16 04:04:12 | DEBUG    | clean_data           | Converted OPEN from float64 to numeric
2026-09-16 04:04:12 | DEBUG    | clean_data           | Converted HIGH from float64 to numeric
2026-09-16 04:04:12 | DEBUG    | clean_data           | Converted LOW from float64 to numeric
2026-09-16 04:04:12 | DEBUG    | clean_data           | Converted CURRENT from float64 to numeric
2026-09-16 04:04:12 | DEBUG    | clean_data           | Converted CHANGE from float64 to numeric
2026-09-16 04:04:12 | WARNING  | clean_data           | Column CHANGE (%): 494 values could not be converted to numeric
2026-09-16 04:04:12 | DEBUG    | clean_data           | Converted CHANGE (%) from str to numeric
2026-09-16 04:04:12 | DEBUG    | clean_data           | Converted VOLUME from int64 to numeric
2026-09-16 04:04:12 | INFO     | clean_data           | ✅ Data cleaned (494 rows, 16 columns)
2026-09-16 04:04:12 | DEBUG    | clean_data           | Final columns: ['SYMBOL', 'SECTOR', 'LDCP', 'OPEN', 'HIGH', 'LOW', 'CURRENT', 'CHANGE', 'CHANGE (%)', 'VOLUME', 'YEAR', 'MONTH', 'DAY', 'HOUR', 'MINUTE', 'DATETIME']
2026-09-16 04:04:12 | DEBUG    | get_file_path        | Generated file path: data/2026/09/2026-09-16.xlsx
2026-09-16 04:04:12 | INFO     | save_data            | Saving data to: data/2026/09/2026-09-16.xlsx
2026-09-16 04:04:12 | DEBUG    | _create_backup       | Backup created: data/2026/09/backups/2026-09-16_backup_20260916_040412.xlsx
2026-09-16 04:04:12 | DEBUG    | _cleanup_old_backups | Removed old backup: 2026-09-16_backup_20260916_033841.xlsx
2026-09-16 04:04:12 | DEBUG    | save_data            | Existing file found, merging data...
2026-09-16 04:04:12 | DEBUG    | save_data            | Loaded 4446 existing rows
2026-09-16 04:04:12 | DEBUG    | save_data            | Combined to 4940 rows
2026-09-16 04:04:12 | DEBUG    | save_data            | Writing to temporary file...
2026-09-16 04:04:13 | DEBUG    | save_data            | Data written to temp file: /home/runner/work/Thalorae-BackLioraen/Thalorae-BackLioraen/data/2026/09/tmpaj2dcv9z.xlsx
2026-09-16 04:04:13 | DEBUG    | save_data            | Temp file moved to final location
2026-09-16 04:04:13 | INFO     | save_data            | ✅ Data saved successfully (4940 total rows, 369,636 bytes)
2026-09-16 04:04:13 | INFO     | run                  | ======================================================================
2026-09-16 04:04:13 | INFO     | run                  | 📊 EXECUTION SUMMARY:
2026-09-16 04:04:13 | INFO     | run                  |    ✅ Status: SUCCESS
2026-09-16 04:04:13 | INFO     | run                  |    - Rows processed: 494
2026-09-16 04:04:13 | INFO     | run                  |    - Unique symbols: 494
2026-09-16 04:04:13 | INFO     | run                  |    - Timestamp: 2026-09-16 09:04:07
2026-09-16 04:04:13 | INFO     | run                  |    - File: data/2026/09/2026-09-16.xlsx
2026-09-16 04:04:13 | INFO     | run                  | ======================================================================
2026-09-16 04:04:13 | DEBUG    | run                  | Sample data (first row):
2026-09-16 04:04:13 | DEBUG    | run                  | {'SYMBOL': 'CNERGY', 'SECTOR': 825, 'LDCP': 12.81, 'OPEN': 13.06, 'HIGH': 13.19, 'LOW': 12.71, 'CURRENT': 12.81, 'CHANGE': 0.0, 'CHANGE (%)': nan, 'VOLUME': 56228801, 'YEAR': 2026, 'MONTH': 9, 'DAY': 16, 'HOUR': 9, 'MINUTE': 4, 'DATETIME': '2026-09-16 09:04'}
2026-09-16 04:04:13 | DEBUG    | close                | Session closed
2026-09-16 04:09:13 | INFO     | run                  | ======================================================================
2026-09-16 04:09:13 | INFO     | run                  | 🚀 MARKET DATA SCRAPER - SINGLE EXECUTION
2026-09-16 04:09:13 | INFO     | run                  | ======================================================================
2026-09-16 04:09:13 | INFO     | run                  | Execution Time: 2026-09-16 09:09:13 PKT
2026-09-16 04:09:13 | INFO     | run                  | Configuration:
2026-09-16 04:09:13 | INFO     | run                  |    - Timezone: Asia/Karachi
2026-09-16 04:09:13 | INFO     | run                  |    - Data directory: data
2026-09-16 04:09:13 | INFO     | run                  |    - Log directory: logs
2026-09-16 04:09:13 | INFO     | run                  |    - Excluded symbols: {'XS', 'XD', 'XT', 'XR'}
2026-09-16 04:09:13 | INFO     | run                  | ======================================================================
2026-09-16 04:09:13 | INFO     | fetch_data           | Fetching data (Attempt 1/3)...
2026-09-16 04:09:13 | DEBUG    | fetch_data           | Establishing session with https://dps.psx.com.pk/
2026-09-16 04:09:16 | DEBUG    | fetch_data           | Requesting data from https://dps.psx.com.pk/market-watch
2026-09-16 04:09:18 | DEBUG    | fetch_data           | Response status: 200
2026-09-16 04:09:18 | DEBUG    | fetch_data           | Response content type: text/html; charset=utf-8
2026-09-16 04:09:18 | DEBUG    | fetch_data           | Response size: 472216 bytes
2026-09-16 04:09:18 | INFO     | fetch_data           | ✅ Data fetched successfully (Status: 200)
2026-09-16 04:09:18 | DEBUG    | parse_json           | Attempting JSON parsing...
2026-09-16 04:09:18 | DEBUG    | parse_json           | Response preview: <table class="tbl" data-page-length="25"><thead class="tbl__head"><!-- tr--><!--   th(colspan="11")--><!--   th.center(colspan="2", style="width: 110px;") TOTAL BUY ORDERS--><!--   th.center(colspan="2", style="width: 110px;") TOTAL SELL ORDERS--><tr><th data-name="symbol">SYMBOL</th><th data-name="sector">SECTOR</th><th data-name="listed">LISTED IN</th><th class="right" data-name="ldcp">LDCP</th><th class="right" data-name="open">OPEN</th><th class="right" data-name="high">HIGH</th><th class="r
2026-09-16 04:09:18 | WARNING  | parse_json           | ⚠️ JSON parsing failed: Expecting value: line 1 column 1 (char 0)
2026-09-16 04:09:18 | INFO     | run                  | JSON parsing failed, trying HTML fallback...
2026-09-16 04:09:18 | INFO     | parse_html           | Attempting HTML fallback parsing...
2026-09-16 04:09:18 | DEBUG    | parse_html           | Found 1 table(s) in HTML
2026-09-16 04:09:18 | DEBUG    | parse_html           | Table columns: ['SYMBOL', 'SECTOR', 'LISTED IN', 'LDCP', 'OPEN', 'HIGH', 'LOW', 'CURRENT', 'CHANGE', 'CHANGE (%)', 'VOLUME']
2026-09-16 04:09:18 | DEBUG    | parse_html           | Table shape: (494, 11)
2026-09-16 04:09:18 | INFO     | parse_html           | ✅ HTML parsed successfully (494 rows)
2026-09-16 04:09:18 | INFO     | clean_data           | Cleaning data...
2026-09-16 04:09:18 | DEBUG    | clean_data           | Initial shape: (494, 11)
2026-09-16 04:09:18 | DEBUG    | clean_data           | Initial columns: ['SYMBOL', 'SECTOR', 'LISTED IN', 'LDCP', 'OPEN', 'HIGH', 'LOW', 'CURRENT', 'CHANGE', 'CHANGE (%)', 'VOLUME']
2026-09-16 04:09:18 | DEBUG    | clean_data           | Removed 'LISTED IN' column
2026-09-16 04:09:18 | DEBUG    | clean_data           | Converted LDCP from float64 to numeric
2026-09-16 04:09:18 | DEBUG    | clean_data           | Converted OPEN from float64 to numeric
2026-09-16 04:09:18 | DEBUG    | clean_data           | Converted HIGH from float64 to numeric
2026-09-16 04:09:18 | DEBUG    | clean_data           | Converted LOW from float64 to numeric
2026-09-16 04:09:18 | DEBUG    | clean_data           | Converted CURRENT from float64 to numeric
2026-09-16 04:09:18 | DEBUG    | clean_data           | Converted CHANGE from float64 to numeric
2026-09-16 04:09:18 | WARNING  | clean_data           | Column CHANGE (%): 494 values could not be converted to numeric
2026-09-16 04:09:18 | DEBUG    | clean_data           | Converted CHANGE (%) from str to numeric
2026-09-16 04:09:18 | DEBUG    | clean_data           | Converted VOLUME from int64 to numeric
2026-09-16 04:09:18 | INFO     | clean_data           | ✅ Data cleaned (494 rows, 16 columns)
2026-09-16 04:09:18 | DEBUG    | clean_data           | Final columns: ['SYMBOL', 'SECTOR', 'LDCP', 'OPEN', 'HIGH', 'LOW', 'CURRENT', 'CHANGE', 'CHANGE (%)', 'VOLUME', 'YEAR', 'MONTH', 'DAY', 'HOUR', 'MINUTE', 'DATETIME']
2026-09-16 04:09:18 | DEBUG    | get_file_path        | Generated file path: data/2026/09/2026-09-16.xlsx
2026-09-16 04:09:18 | INFO     | save_data            | Saving data to: data/2026/09/2026-09-16.xlsx
2026-09-16 04:09:18 | DEBUG    | _create_backup       | Backup created: data/2026/09/backups/2026-09-16_backup_20260916_040918.xlsx
2026-09-16 04:09:18 | DEBUG    | _cleanup_old_backups | Removed old backup: 2026-09-16_backup_20260916_034347.xlsx
2026-09-16 04:09:18 | DEBUG    | save_data            | Existing file found, merging data...
2026-09-16 04:09:18 | DEBUG    | save_data            | Loaded 4940 existing rows
2026-09-16 04:09:18 | DEBUG    | save_data            | Combined to 5434 rows
2026-09-16 04:09:18 | DEBUG    | save_data            | Writing to temporary file...
2026-09-16 04:09:19 | DEBUG    | save_data            | Data written to temp file: /home/runner/work/Thalorae-BackLioraen/Thalorae-BackLioraen/data/2026/09/tmpk0nqu4n7.xlsx
2026-09-16 04:09:19 | DEBUG    | save_data            | Temp file moved to final location
2026-09-16 04:09:19 | INFO     | save_data            | ✅ Data saved successfully (5434 total rows, 405,644 bytes)
2026-09-16 04:09:19 | INFO     | run                  | ======================================================================
2026-09-16 04:09:19 | INFO     | run                  | 📊 EXECUTION SUMMARY:
2026-09-16 04:09:19 | INFO     | run                  |    ✅ Status: SUCCESS
2026-09-16 04:09:19 | INFO     | run                  |    - Rows processed: 494
2026-09-16 04:09:19 | INFO     | run                  |    - Unique symbols: 494
2026-09-16 04:09:19 | INFO     | run                  |    - Timestamp: 2026-09-16 09:09:13
2026-09-16 04:09:19 | INFO     | run                  |    - File: data/2026/09/2026-09-16.xlsx
2026-09-16 04:09:19 | INFO     | run                  | ======================================================================
2026-09-16 04:09:19 | DEBUG    | run                  | Sample data (first row):
2026-09-16 04:09:19 | DEBUG    | run                  | {'SYMBOL': 'CNERGY', 'SECTOR': 825, 'LDCP': 12.81, 'OPEN': 13.06, 'HIGH': 13.19, 'LOW': 12.71, 'CURRENT': 12.81, 'CHANGE': 0.0, 'CHANGE (%)': nan, 'VOLUME': 56228801, 'YEAR': 2026, 'MONTH': 9, 'DAY': 16, 'HOUR': 9, 'MINUTE': 9, 'DATETIME': '2026-09-16 09:09'}
2026-09-16 04:09:19 | DEBUG    | close                | Session closed
2026-09-16 04:14:19 | INFO     | run                  | ======================================================================
2026-09-16 04:14:19 | INFO     | run                  | 🚀 MARKET DATA SCRAPER - SINGLE EXECUTION
2026-09-16 04:14:19 | INFO     | run                  | ======================================================================
2026-09-16 04:14:19 | INFO     | run                  | Execution Time: 2026-09-16 09:14:19 PKT
2026-09-16 04:14:19 | INFO     | run                  | Configuration:
2026-09-16 04:14:19 | INFO     | run                  |    - Timezone: Asia/Karachi
2026-09-16 04:14:19 | INFO     | run                  |    - Data directory: data
2026-09-16 04:14:19 | INFO     | run                  |    - Log directory: logs
2026-09-16 04:14:19 | INFO     | run                  |    - Excluded symbols: {'XD', 'XT', 'XS', 'XR'}
2026-09-16 04:14:19 | INFO     | run                  | ======================================================================
2026-09-16 04:14:19 | INFO     | fetch_data           | Fetching data (Attempt 1/3)...
2026-09-16 04:14:19 | DEBUG    | fetch_data           | Establishing session with https://dps.psx.com.pk/
2026-09-16 04:14:22 | DEBUG    | fetch_data           | Requesting data from https://dps.psx.com.pk/market-watch
2026-09-16 04:14:24 | DEBUG    | fetch_data           | Response status: 200
2026-09-16 04:14:24 | DEBUG    | fetch_data           | Response content type: text/html; charset=utf-8
2026-09-16 04:14:24 | DEBUG    | fetch_data           | Response size: 472216 bytes
2026-09-16 04:14:24 | INFO     | fetch_data           | ✅ Data fetched successfully (Status: 200)
2026-09-16 04:14:24 | DEBUG    | parse_json           | Attempting JSON parsing...
2026-09-16 04:14:24 | DEBUG    | parse_json           | Response preview: <table class="tbl" data-page-length="25"><thead class="tbl__head"><!-- tr--><!--   th(colspan="11")--><!--   th.center(colspan="2", style="width: 110px;") TOTAL BUY ORDERS--><!--   th.center(colspan="2", style="width: 110px;") TOTAL SELL ORDERS--><tr><th data-name="symbol">SYMBOL</th><th data-name="sector">SECTOR</th><th data-name="listed">LISTED IN</th><th class="right" data-name="ldcp">LDCP</th><th class="right" data-name="open">OPEN</th><th class="right" data-name="high">HIGH</th><th class="r
2026-09-16 04:14:24 | WARNING  | parse_json           | ⚠️ JSON parsing failed: Expecting value: line 1 column 1 (char 0)
2026-09-16 04:14:24 | INFO     | run                  | JSON parsing failed, trying HTML fallback...
2026-09-16 04:14:24 | INFO     | parse_html           | Attempting HTML fallback parsing...
2026-09-16 04:14:24 | DEBUG    | parse_html           | Found 1 table(s) in HTML
2026-09-16 04:14:24 | DEBUG    | parse_html           | Table columns: ['SYMBOL', 'SECTOR', 'LISTED IN', 'LDCP', 'OPEN', 'HIGH', 'LOW', 'CURRENT', 'CHANGE', 'CHANGE (%)', 'VOLUME']
2026-09-16 04:14:24 | DEBUG    | parse_html           | Table shape: (494, 11)
2026-09-16 04:14:24 | INFO     | parse_html           | ✅ HTML parsed successfully (494 rows)
2026-09-16 04:14:24 | INFO     | clean_data           | Cleaning data...
2026-09-16 04:14:24 | DEBUG    | clean_data           | Initial shape: (494, 11)
2026-09-16 04:14:24 | DEBUG    | clean_data           | Initial columns: ['SYMBOL', 'SECTOR', 'LISTED IN', 'LDCP', 'OPEN', 'HIGH', 'LOW', 'CURRENT', 'CHANGE', 'CHANGE (%)', 'VOLUME']
2026-09-16 04:14:24 | DEBUG    | clean_data           | Removed 'LISTED IN' column
2026-09-16 04:14:24 | DEBUG    | clean_data           | Converted LDCP from float64 to numeric
2026-09-16 04:14:24 | DEBUG    | clean_data           | Converted OPEN from float64 to numeric
2026-09-16 04:14:24 | DEBUG    | clean_data           | Converted HIGH from float64 to numeric
2026-09-16 04:14:24 | DEBUG    | clean_data           | Converted LOW from float64 to numeric
2026-09-16 04:14:24 | DEBUG    | clean_data           | Converted CURRENT from float64 to numeric
2026-09-16 04:14:24 | DEBUG    | clean_data           | Converted CHANGE from float64 to numeric
2026-09-16 04:14:24 | WARNING  | clean_data           | Column CHANGE (%): 494 values could not be converted to numeric
2026-09-16 04:14:24 | DEBUG    | clean_data           | Converted CHANGE (%) from str to numeric
2026-09-16 04:14:24 | DEBUG    | clean_data           | Converted VOLUME from int64 to numeric
2026-09-16 04:14:24 | INFO     | clean_data           | ✅ Data cleaned (494 rows, 16 columns)
2026-09-16 04:14:24 | DEBUG    | clean_data           | Final columns: ['SYMBOL', 'SECTOR', 'LDCP', 'OPEN', 'HIGH', 'LOW', 'CURRENT', 'CHANGE', 'CHANGE (%)', 'VOLUME', 'YEAR', 'MONTH', 'DAY', 'HOUR', 'MINUTE', 'DATETIME']
2026-09-16 04:14:24 | DEBUG    | get_file_path        | Generated file path: data/2026/09/2026-09-16.xlsx
2026-09-16 04:14:24 | INFO     | save_data            | Saving data to: data/2026/09/2026-09-16.xlsx
2026-09-16 04:14:24 | DEBUG    | _create_backup       | Backup created: data/2026/09/backups/2026-09-16_backup_20260916_041424.xlsx
2026-09-16 04:14:24 | DEBUG    | _cleanup_old_backups | Removed old backup: 2026-09-16_backup_20260916_034852.xlsx
2026-09-16 04:14:24 | DEBUG    | save_data            | Existing file found, merging data...
2026-09-16 04:14:24 | DEBUG    | save_data            | Loaded 5434 existing rows
2026-09-16 04:14:24 | DEBUG    | save_data            | Combined to 5928 rows
2026-09-16 04:14:24 | DEBUG    | save_data            | Writing to temporary file...
2026-09-16 04:14:25 | DEBUG    | save_data            | Data written to temp file: /home/runner/work/Thalorae-BackLioraen/Thalorae-BackLioraen/data/2026/09/tmpcm9mbrbj.xlsx
2026-09-16 04:14:25 | DEBUG    | save_data            | Temp file moved to final location
2026-09-16 04:14:25 | INFO     | save_data            | ✅ Data saved successfully (5928 total rows, 441,708 bytes)
2026-09-16 04:14:25 | INFO     | run                  | ======================================================================
2026-09-16 04:14:25 | INFO     | run                  | 📊 EXECUTION SUMMARY:
2026-09-16 04:14:25 | INFO     | run                  |    ✅ Status: SUCCESS
2026-09-16 04:14:25 | INFO     | run                  |    - Rows processed: 494
2026-09-16 04:14:25 | INFO     | run                  |    - Unique symbols: 494
2026-09-16 04:14:25 | INFO     | run                  |    - Timestamp: 2026-09-16 09:14:19
2026-09-16 04:14:25 | INFO     | run                  |    - File: data/2026/09/2026-09-16.xlsx
2026-09-16 04:14:25 | INFO     | run                  | ======================================================================
2026-09-16 04:14:25 | DEBUG    | run                  | Sample data (first row):
2026-09-16 04:14:25 | DEBUG    | run                  | {'SYMBOL': 'CNERGY', 'SECTOR': 825, 'LDCP': 12.81, 'OPEN': 13.06, 'HIGH': 13.19, 'LOW': 12.71, 'CURRENT': 12.81, 'CHANGE': 0.0, 'CHANGE (%)': nan, 'VOLUME': 56228801, 'YEAR': 2026, 'MONTH': 9, 'DAY': 16, 'HOUR': 9, 'MINUTE': 14, 'DATETIME': '2026-09-16 09:14'}
2026-09-16 04:14:25 | DEBUG    | close                | Session closed
2026-09-16 04:19:25 | INFO     | run                  | ======================================================================
2026-09-16 04:19:25 | INFO     | run                  | 🚀 MARKET DATA SCRAPER - SINGLE EXECUTION
2026-09-16 04:19:25 | INFO     | run                  | ======================================================================
2026-09-16 04:19:25 | INFO     | run                  | Execution Time: 2026-09-16 09:19:25 PKT
2026-09-16 04:19:25 | INFO     | run                  | Configuration:
2026-09-16 04:19:25 | INFO     | run                  |    - Timezone: Asia/Karachi
2026-09-16 04:19:25 | INFO     | run                  |    - Data directory: data
2026-09-16 04:19:25 | INFO     | run                  |    - Log directory: logs
2026-09-16 04:19:25 | INFO     | run                  |    - Excluded symbols: {'XS', 'XD', 'XR', 'XT'}
2026-09-16 04:19:25 | INFO     | run                  | ======================================================================
2026-09-16 04:19:25 | INFO     | fetch_data           | Fetching data (Attempt 1/3)...
2026-09-16 04:19:25 | DEBUG    | fetch_data           | Establishing session with https://dps.psx.com.pk/
2026-09-16 04:19:28 | DEBUG    | fetch_data           | Requesting data from https://dps.psx.com.pk/market-watch
2026-09-16 04:19:29 | DEBUG    | fetch_data           | Response status: 200
2026-09-16 04:19:29 | DEBUG    | fetch_data           | Response content type: text/html; charset=utf-8
2026-09-16 04:19:29 | DEBUG    | fetch_data           | Response size: 472216 bytes
2026-09-16 04:19:29 | INFO     | fetch_data           | ✅ Data fetched successfully (Status: 200)
2026-09-16 04:19:29 | DEBUG    | parse_json           | Attempting JSON parsing...
2026-09-16 04:19:29 | DEBUG    | parse_json           | Response preview: <table class="tbl" data-page-length="25"><thead class="tbl__head"><!-- tr--><!--   th(colspan="11")--><!--   th.center(colspan="2", style="width: 110px;") TOTAL BUY ORDERS--><!--   th.center(colspan="2", style="width: 110px;") TOTAL SELL ORDERS--><tr><th data-name="symbol">SYMBOL</th><th data-name="sector">SECTOR</th><th data-name="listed">LISTED IN</th><th class="right" data-name="ldcp">LDCP</th><th class="right" data-name="open">OPEN</th><th class="right" data-name="high">HIGH</th><th class="r
2026-09-16 04:19:29 | WARNING  | parse_json           | ⚠️ JSON parsing failed: Expecting value: line 1 column 1 (char 0)
2026-09-16 04:19:29 | INFO     | run                  | JSON parsing failed, trying HTML fallback...
2026-09-16 04:19:29 | INFO     | parse_html           | Attempting HTML fallback parsing...
2026-09-16 04:19:29 | DEBUG    | parse_html           | Found 1 table(s) in HTML
2026-09-16 04:19:29 | DEBUG    | parse_html           | Table columns: ['SYMBOL', 'SECTOR', 'LISTED IN', 'LDCP', 'OPEN', 'HIGH', 'LOW', 'CURRENT', 'CHANGE', 'CHANGE (%)', 'VOLUME']
2026-09-16 04:19:29 | DEBUG    | parse_html           | Table shape: (494, 11)
2026-09-16 04:19:29 | INFO     | parse_html           | ✅ HTML parsed successfully (494 rows)
2026-09-16 04:19:29 | INFO     | clean_data           | Cleaning data...
2026-09-16 04:19:29 | DEBUG    | clean_data           | Initial shape: (494, 11)
2026-09-16 04:19:29 | DEBUG    | clean_data           | Initial columns: ['SYMBOL', 'SECTOR', 'LISTED IN', 'LDCP', 'OPEN', 'HIGH', 'LOW', 'CURRENT', 'CHANGE', 'CHANGE (%)', 'VOLUME']
2026-09-16 04:19:29 | DEBUG    | clean_data           | Removed 'LISTED IN' column
2026-09-16 04:19:29 | DEBUG    | clean_data           | Converted LDCP from float64 to numeric
2026-09-16 04:19:29 | DEBUG    | clean_data           | Converted OPEN from float64 to numeric
2026-09-16 04:19:29 | DEBUG    | clean_data           | Converted HIGH from float64 to numeric
2026-09-16 04:19:29 | DEBUG    | clean_data           | Converted LOW from float64 to numeric
2026-09-16 04:19:29 | DEBUG    | clean_data           | Converted CURRENT from float64 to numeric
2026-09-16 04:19:29 | DEBUG    | clean_data           | Converted CHANGE from float64 to numeric
2026-09-16 04:19:29 | WARNING  | clean_data           | Column CHANGE (%): 494 values could not be converted to numeric
2026-09-16 04:19:29 | DEBUG    | clean_data           | Converted CHANGE (%) from str to numeric
2026-09-16 04:19:29 | DEBUG    | clean_data           | Converted VOLUME from int64 to numeric
2026-09-16 04:19:29 | INFO     | clean_data           | ✅ Data cleaned (494 rows, 16 columns)
2026-09-16 04:19:29 | DEBUG    | clean_data           | Final columns: ['SYMBOL', 'SECTOR', 'LDCP', 'OPEN', 'HIGH', 'LOW', 'CURRENT', 'CHANGE', 'CHANGE (%)', 'VOLUME', 'YEAR', 'MONTH', 'DAY', 'HOUR', 'MINUTE', 'DATETIME']
2026-09-16 04:19:29 | DEBUG    | get_file_path        | Generated file path: data/2026/09/2026-09-16.xlsx
2026-09-16 04:19:29 | INFO     | save_data            | Saving data to: data/2026/09/2026-09-16.xlsx
2026-09-16 04:19:29 | DEBUG    | _create_backup       | Backup created: data/2026/09/backups/2026-09-16_backup_20260916_041929.xlsx
2026-09-16 04:19:29 | DEBUG    | _cleanup_old_backups | Removed old backup: 2026-09-16_backup_20260916_035359.xlsx
2026-09-16 04:19:29 | DEBUG    | save_data            | Existing file found, merging data...
2026-09-16 04:19:30 | DEBUG    | save_data            | Loaded 5928 existing rows
2026-09-16 04:19:30 | DEBUG    | save_data            | Combined to 6422 rows
2026-09-16 04:19:30 | DEBUG    | save_data            | Writing to temporary file...
2026-09-16 04:19:30 | DEBUG    | save_data            | Data written to temp file: /home/runner/work/Thalorae-BackLioraen/Thalorae-BackLioraen/data/2026/09/tmpa6co9hs1.xlsx
2026-09-16 04:19:30 | DEBUG    | save_data            | Temp file moved to final location
2026-09-16 04:19:30 | INFO     | save_data            | ✅ Data saved successfully (6422 total rows, 477,801 bytes)
2026-09-16 04:19:30 | INFO     | run                  | ======================================================================
2026-09-16 04:19:30 | INFO     | run                  | 📊 EXECUTION SUMMARY:
2026-09-16 04:19:30 | INFO     | run                  |    ✅ Status: SUCCESS
2026-09-16 04:19:30 | INFO     | run                  |    - Rows processed: 494
2026-09-16 04:19:30 | INFO     | run                  |    - Unique symbols: 494
2026-09-16 04:19:30 | INFO     | run                  |    - Timestamp: 2026-09-16 09:19:25
2026-09-16 04:19:30 | INFO     | run                  |    - File: data/2026/09/2026-09-16.xlsx
2026-09-16 04:19:30 | INFO     | run                  | ======================================================================
2026-09-16 04:19:30 | DEBUG    | run                  | Sample data (first row):
2026-09-16 04:19:30 | DEBUG    | run                  | {'SYMBOL': 'CNERGY', 'SECTOR': 825, 'LDCP': 12.81, 'OPEN': 13.06, 'HIGH': 13.19, 'LOW': 12.71, 'CURRENT': 12.81, 'CHANGE': 0.0, 'CHANGE (%)': nan, 'VOLUME': 56228801, 'YEAR': 2026, 'MONTH': 9, 'DAY': 16, 'HOUR': 9, 'MINUTE': 19, 'DATETIME': '2026-09-16 09:19'}
2026-09-16 04:19:30 | DEBUG    | close                | Session closed
2026-09-16 04:24:31 | INFO     | run                  | ======================================================================
2026-09-16 04:24:31 | INFO     | run                  | 🚀 MARKET DATA SCRAPER - SINGLE EXECUTION
2026-09-16 04:24:31 | INFO     | run                  | ======================================================================
2026-09-16 04:24:31 | INFO     | run                  | Execution Time: 2026-09-16 09:24:31 PKT
2026-09-16 04:24:31 | INFO     | run                  | Configuration:
2026-09-16 04:24:31 | INFO     | run                  |    - Timezone: Asia/Karachi
2026-09-16 04:24:31 | INFO     | run                  |    - Data directory: data
2026-09-16 04:24:31 | INFO     | run                  |    - Log directory: logs
2026-09-16 04:24:31 | INFO     | run                  |    - Excluded symbols: {'XD', 'XR', 'XS', 'XT'}
2026-09-16 04:24:31 | INFO     | run                  | ======================================================================
2026-09-16 04:24:31 | INFO     | fetch_data           | Fetching data (Attempt 1/3)...
2026-09-16 04:24:31 | DEBUG    | fetch_data           | Establishing session with https://dps.psx.com.pk/
2026-09-16 04:24:34 | DEBUG    | fetch_data           | Requesting data from https://dps.psx.com.pk/market-watch
2026-09-16 04:24:36 | DEBUG    | fetch_data           | Response status: 200
2026-09-16 04:24:36 | DEBUG    | fetch_data           | Response content type: text/html; charset=utf-8
2026-09-16 04:24:36 | DEBUG    | fetch_data           | Response size: 472216 bytes
2026-09-16 04:24:36 | INFO     | fetch_data           | ✅ Data fetched successfully (Status: 200)
2026-09-16 04:24:36 | DEBUG    | parse_json           | Attempting JSON parsing...
2026-09-16 04:24:36 | DEBUG    | parse_json           | Response preview: <table class="tbl" data-page-length="25"><thead class="tbl__head"><!-- tr--><!--   th(colspan="11")--><!--   th.center(colspan="2", style="width: 110px;") TOTAL BUY ORDERS--><!--   th.center(colspan="2", style="width: 110px;") TOTAL SELL ORDERS--><tr><th data-name="symbol">SYMBOL</th><th data-name="sector">SECTOR</th><th data-name="listed">LISTED IN</th><th class="right" data-name="ldcp">LDCP</th><th class="right" data-name="open">OPEN</th><th class="right" data-name="high">HIGH</th><th class="r
2026-09-16 04:24:36 | WARNING  | parse_json           | ⚠️ JSON parsing failed: Expecting value: line 1 column 1 (char 0)
2026-09-16 04:24:36 | INFO     | run                  | JSON parsing failed, trying HTML fallback...
2026-09-16 04:24:36 | INFO     | parse_html           | Attempting HTML fallback parsing...
2026-09-16 04:24:36 | DEBUG    | parse_html           | Found 1 table(s) in HTML
2026-09-16 04:24:36 | DEBUG    | parse_html           | Table columns: ['SYMBOL', 'SECTOR', 'LISTED IN', 'LDCP', 'OPEN', 'HIGH', 'LOW', 'CURRENT', 'CHANGE', 'CHANGE (%)', 'VOLUME']
2026-09-16 04:24:36 | DEBUG    | parse_html           | Table shape: (494, 11)
2026-09-16 04:24:36 | INFO     | parse_html           | ✅ HTML parsed successfully (494 rows)
2026-09-16 04:24:36 | INFO     | clean_data           | Cleaning data...
2026-09-16 04:24:36 | DEBUG    | clean_data           | Initial shape: (494, 11)
2026-09-16 04:24:36 | DEBUG    | clean_data           | Initial columns: ['SYMBOL', 'SECTOR', 'LISTED IN', 'LDCP', 'OPEN', 'HIGH', 'LOW', 'CURRENT', 'CHANGE', 'CHANGE (%)', 'VOLUME']
2026-09-16 04:24:36 | DEBUG    | clean_data           | Removed 'LISTED IN' column
2026-09-16 04:24:36 | DEBUG    | clean_data           | Converted LDCP from float64 to numeric
2026-09-16 04:24:36 | DEBUG    | clean_data           | Converted OPEN from float64 to numeric
2026-09-16 04:24:36 | DEBUG    | clean_data           | Converted HIGH from float64 to numeric
2026-09-16 04:24:36 | DEBUG    | clean_data           | Converted LOW from float64 to numeric
2026-09-16 04:24:36 | DEBUG    | clean_data           | Converted CURRENT from float64 to numeric
2026-09-16 04:24:36 | DEBUG    | clean_data           | Converted CHANGE from float64 to numeric
2026-09-16 04:24:36 | WARNING  | clean_data           | Column CHANGE (%): 494 values could not be converted to numeric
2026-09-16 04:24:36 | DEBUG    | clean_data           | Converted CHANGE (%) from str to numeric
2026-09-16 04:24:36 | DEBUG    | clean_data           | Converted VOLUME from int64 to numeric
2026-09-16 04:24:36 | INFO     | clean_data           | ✅ Data cleaned (494 rows, 16 columns)
2026-09-16 04:24:36 | DEBUG    | clean_data           | Final columns: ['SYMBOL', 'SECTOR', 'LDCP', 'OPEN', 'HIGH', 'LOW', 'CURRENT', 'CHANGE', 'CHANGE (%)', 'VOLUME', 'YEAR', 'MONTH', 'DAY', 'HOUR', 'MINUTE', 'DATETIME']
2026-09-16 04:24:36 | DEBUG    | get_file_path        | Generated file path: data/2026/09/2026-09-16.xlsx
2026-09-16 04:24:36 | INFO     | save_data            | Saving data to: data/2026/09/2026-09-16.xlsx
2026-09-16 04:24:36 | DEBUG    | _create_backup       | Backup created: data/2026/09/backups/2026-09-16_backup_20260916_042436.xlsx
2026-09-16 04:24:36 | DEBUG    | _cleanup_old_backups | Removed old backup: 2026-09-16_backup_20260916_035906.xlsx
2026-09-16 04:24:36 | DEBUG    | save_data            | Existing file found, merging data...
2026-09-16 04:24:36 | DEBUG    | save_data            | Loaded 6422 existing rows
2026-09-16 04:24:36 | DEBUG    | save_data            | Combined to 6916 rows
2026-09-16 04:24:36 | DEBUG    | save_data            | Writing to temporary file...
2026-09-16 04:24:37 | DEBUG    | save_data            | Data written to temp file: /home/runner/work/Thalorae-BackLioraen/Thalorae-BackLioraen/data/2026/09/tmpd5lcwdoj.xlsx
2026-09-16 04:24:37 | DEBUG    | save_data            | Temp file moved to final location
2026-09-16 04:24:37 | INFO     | save_data            | ✅ Data saved successfully (6916 total rows, 513,937 bytes)
2026-09-16 04:24:37 | INFO     | run                  | ======================================================================
2026-09-16 04:24:37 | INFO     | run                  | 📊 EXECUTION SUMMARY:
2026-09-16 04:24:37 | INFO     | run                  |    ✅ Status: SUCCESS
2026-09-16 04:24:37 | INFO     | run                  |    - Rows processed: 494
2026-09-16 04:24:37 | INFO     | run                  |    - Unique symbols: 494
2026-09-16 04:24:37 | INFO     | run                  |    - Timestamp: 2026-09-16 09:24:31
2026-09-16 04:24:37 | INFO     | run                  |    - File: data/2026/09/2026-09-16.xlsx
2026-09-16 04:24:37 | INFO     | run                  | ======================================================================
2026-09-16 04:24:37 | DEBUG    | run                  | Sample data (first row):
2026-09-16 04:24:37 | DEBUG    | run                  | {'SYMBOL': 'CNERGY', 'SECTOR': 825, 'LDCP': 12.81, 'OPEN': 13.06, 'HIGH': 13.19, 'LOW': 12.71, 'CURRENT': 12.81, 'CHANGE': 0.0, 'CHANGE (%)': nan, 'VOLUME': 56228801, 'YEAR': 2026, 'MONTH': 9, 'DAY': 16, 'HOUR': 9, 'MINUTE': 24, 'DATETIME': '2026-09-16 09:24'}
2026-09-16 04:24:37 | DEBUG    | close                | Session closed
2026-09-16 04:29:37 | INFO     | run                  | ======================================================================
2026-09-16 04:29:37 | INFO     | run                  | 🚀 MARKET DATA SCRAPER - SINGLE EXECUTION
2026-09-16 04:29:37 | INFO     | run                  | ======================================================================
2026-09-16 04:29:37 | INFO     | run                  | Execution Time: 2026-09-16 09:29:37 PKT
2026-09-16 04:29:37 | INFO     | run                  | Configuration:
2026-09-16 04:29:37 | INFO     | run                  |    - Timezone: Asia/Karachi
2026-09-16 04:29:37 | INFO     | run                  |    - Data directory: data
2026-09-16 04:29:37 | INFO     | run                  |    - Log directory: logs
2026-09-16 04:29:37 | INFO     | run                  |    - Excluded symbols: {'XS', 'XD', 'XT', 'XR'}
2026-09-16 04:29:37 | INFO     | run                  | ======================================================================
2026-09-16 04:29:37 | INFO     | fetch_data           | Fetching data (Attempt 1/3)...
2026-09-16 04:29:37 | DEBUG    | fetch_data           | Establishing session with https://dps.psx.com.pk/
2026-09-16 04:29:40 | DEBUG    | fetch_data           | Requesting data from https://dps.psx.com.pk/market-watch
2026-09-16 04:29:42 | DEBUG    | fetch_data           | Response status: 200
2026-09-16 04:29:42 | DEBUG    | fetch_data           | Response content type: text/html; charset=utf-8
2026-09-16 04:29:42 | DEBUG    | fetch_data           | Response size: 472216 bytes
2026-09-16 04:29:42 | INFO     | fetch_data           | ✅ Data fetched successfully (Status: 200)
2026-09-16 04:29:42 | DEBUG    | parse_json           | Attempting JSON parsing...
2026-09-16 04:29:42 | DEBUG    | parse_json           | Response preview: <table class="tbl" data-page-length="25"><thead class="tbl__head"><!-- tr--><!--   th(colspan="11")--><!--   th.center(colspan="2", style="width: 110px;") TOTAL BUY ORDERS--><!--   th.center(colspan="2", style="width: 110px;") TOTAL SELL ORDERS--><tr><th data-name="symbol">SYMBOL</th><th data-name="sector">SECTOR</th><th data-name="listed">LISTED IN</th><th class="right" data-name="ldcp">LDCP</th><th class="right" data-name="open">OPEN</th><th class="right" data-name="high">HIGH</th><th class="r
2026-09-16 04:29:42 | WARNING  | parse_json           | ⚠️ JSON parsing failed: Expecting value: line 1 column 1 (char 0)
2026-09-16 04:29:42 | INFO     | run                  | JSON parsing failed, trying HTML fallback...
2026-09-16 04:29:42 | INFO     | parse_html           | Attempting HTML fallback parsing...
2026-09-16 04:29:42 | DEBUG    | parse_html           | Found 1 table(s) in HTML
2026-09-16 04:29:42 | DEBUG    | parse_html           | Table columns: ['SYMBOL', 'SECTOR', 'LISTED IN', 'LDCP', 'OPEN', 'HIGH', 'LOW', 'CURRENT', 'CHANGE', 'CHANGE (%)', 'VOLUME']
2026-09-16 04:29:42 | DEBUG    | parse_html           | Table shape: (494, 11)
2026-09-16 04:29:42 | INFO     | parse_html           | ✅ HTML parsed successfully (494 rows)
2026-09-16 04:29:42 | INFO     | clean_data           | Cleaning data...
2026-09-16 04:29:42 | DEBUG    | clean_data           | Initial shape: (494, 11)
2026-09-16 04:29:42 | DEBUG    | clean_data           | Initial columns: ['SYMBOL', 'SECTOR', 'LISTED IN', 'LDCP', 'OPEN', 'HIGH', 'LOW', 'CURRENT', 'CHANGE', 'CHANGE (%)', 'VOLUME']
2026-09-16 04:29:42 | DEBUG    | clean_data           | Removed 'LISTED IN' column
2026-09-16 04:29:42 | DEBUG    | clean_data           | Converted LDCP from float64 to numeric
2026-09-16 04:29:42 | DEBUG    | clean_data           | Converted OPEN from float64 to numeric
2026-09-16 04:29:42 | DEBUG    | clean_data           | Converted HIGH from float64 to numeric
2026-09-16 04:29:42 | DEBUG    | clean_data           | Converted LOW from float64 to numeric
2026-09-16 04:29:42 | DEBUG    | clean_data           | Converted CURRENT from float64 to numeric
2026-09-16 04:29:42 | DEBUG    | clean_data           | Converted CHANGE from float64 to numeric
2026-09-16 04:29:42 | WARNING  | clean_data           | Column CHANGE (%): 494 values could not be converted to numeric
2026-09-16 04:29:42 | DEBUG    | clean_data           | Converted CHANGE (%) from str to numeric
2026-09-16 04:29:42 | DEBUG    | clean_data           | Converted VOLUME from int64 to numeric
2026-09-16 04:29:42 | INFO     | clean_data           | ✅ Data cleaned (494 rows, 16 columns)
2026-09-16 04:29:42 | DEBUG    | clean_data           | Final columns: ['SYMBOL', 'SECTOR', 'LDCP', 'OPEN', 'HIGH', 'LOW', 'CURRENT', 'CHANGE', 'CHANGE (%)', 'VOLUME', 'YEAR', 'MONTH', 'DAY', 'HOUR', 'MINUTE', 'DATETIME']
2026-09-16 04:29:42 | DEBUG    | get_file_path        | Generated file path: data/2026/09/2026-09-16.xlsx
2026-09-16 04:29:42 | INFO     | save_data            | Saving data to: data/2026/09/2026-09-16.xlsx
2026-09-16 04:29:42 | DEBUG    | _create_backup       | Backup created: data/2026/09/backups/2026-09-16_backup_20260916_042942.xlsx
2026-09-16 04:29:42 | DEBUG    | _cleanup_old_backups | Removed old backup: 2026-09-16_backup_20260916_040412.xlsx
2026-09-16 04:29:42 | DEBUG    | save_data            | Existing file found, merging data...
2026-09-16 04:29:42 | DEBUG    | save_data            | Loaded 6916 existing rows
2026-09-16 04:29:42 | DEBUG    | save_data            | Combined to 7410 rows
2026-09-16 04:29:42 | DEBUG    | save_data            | Writing to temporary file...
2026-09-16 04:29:43 | DEBUG    | save_data            | Data written to temp file: /home/runner/work/Thalorae-BackLioraen/Thalorae-BackLioraen/data/2026/09/tmpmtm_tshj.xlsx
2026-09-16 04:29:43 | DEBUG    | save_data            | Temp file moved to final location
2026-09-16 04:29:43 | INFO     | save_data            | ✅ Data saved successfully (7410 total rows, 550,058 bytes)
2026-09-16 04:29:43 | INFO     | run                  | ======================================================================
2026-09-16 04:29:43 | INFO     | run                  | 📊 EXECUTION SUMMARY:
2026-09-16 04:29:43 | INFO     | run                  |    ✅ Status: SUCCESS
2026-09-16 04:29:43 | INFO     | run                  |    - Rows processed: 494
2026-09-16 04:29:43 | INFO     | run                  |    - Unique symbols: 494
2026-09-16 04:29:43 | INFO     | run                  |    - Timestamp: 2026-09-16 09:29:37
2026-09-16 04:29:43 | INFO     | run                  |    - File: data/2026/09/2026-09-16.xlsx
2026-09-16 04:29:43 | INFO     | run                  | ======================================================================
2026-09-16 04:29:43 | DEBUG    | run                  | Sample data (first row):
2026-09-16 04:29:43 | DEBUG    | run                  | {'SYMBOL': 'CNERGY', 'SECTOR': 825, 'LDCP': 12.81, 'OPEN': 13.06, 'HIGH': 13.19, 'LOW': 12.71, 'CURRENT': 12.81, 'CHANGE': 0.0, 'CHANGE (%)': nan, 'VOLUME': 56228801, 'YEAR': 2026, 'MONTH': 9, 'DAY': 16, 'HOUR': 9, 'MINUTE': 29, 'DATETIME': '2026-09-16 09:29'}
2026-09-16 04:29:43 | DEBUG    | close                | Session closed
2026-09-16 04:34:43 | INFO     | run                  | ======================================================================
2026-09-16 04:34:43 | INFO     | run                  | 🚀 MARKET DATA SCRAPER - SINGLE EXECUTION
2026-09-16 04:34:43 | INFO     | run                  | ======================================================================
2026-09-16 04:34:43 | INFO     | run                  | Execution Time: 2026-09-16 09:34:43 PKT
2026-09-16 04:34:43 | INFO     | run                  | Configuration:
2026-09-16 04:34:43 | INFO     | run                  |    - Timezone: Asia/Karachi
2026-09-16 04:34:43 | INFO     | run                  |    - Data directory: data
2026-09-16 04:34:43 | INFO     | run                  |    - Log directory: logs
2026-09-16 04:34:43 | INFO     | run                  |    - Excluded symbols: {'XR', 'XT', 'XD', 'XS'}
2026-09-16 04:34:43 | INFO     | run                  | ======================================================================
2026-09-16 04:34:43 | INFO     | fetch_data           | Fetching data (Attempt 1/3)...
2026-09-16 04:34:43 | DEBUG    | fetch_data           | Establishing session with https://dps.psx.com.pk/
2026-09-16 04:34:46 | DEBUG    | fetch_data           | Requesting data from https://dps.psx.com.pk/market-watch
2026-09-16 04:34:49 | DEBUG    | fetch_data           | Response status: 200
2026-09-16 04:34:49 | DEBUG    | fetch_data           | Response content type: text/html; charset=utf-8
2026-09-16 04:34:49 | DEBUG    | fetch_data           | Response size: 216424 bytes
2026-09-16 04:34:49 | INFO     | fetch_data           | ✅ Data fetched successfully (Status: 200)
2026-09-16 04:34:49 | DEBUG    | parse_json           | Attempting JSON parsing...
2026-09-16 04:34:49 | DEBUG    | parse_json           | Response preview: <table class="tbl" data-page-length="25"><thead class="tbl__head"><!-- tr--><!--   th(colspan="11")--><!--   th.center(colspan="2", style="width: 110px;") TOTAL BUY ORDERS--><!--   th.center(colspan="2", style="width: 110px;") TOTAL SELL ORDERS--><tr><th data-name="symbol">SYMBOL</th><th data-name="sector">SECTOR</th><th data-name="listed">LISTED IN</th><th class="right" data-name="ldcp">LDCP</th><th class="right" data-name="open">OPEN</th><th class="right" data-name="high">HIGH</th><th class="r
2026-09-16 04:34:49 | WARNING  | parse_json           | ⚠️ JSON parsing failed: Expecting value: line 1 column 1 (char 0)
2026-09-16 04:34:49 | INFO     | run                  | JSON parsing failed, trying HTML fallback...
2026-09-16 04:34:49 | INFO     | parse_html           | Attempting HTML fallback parsing...
2026-09-16 04:34:49 | DEBUG    | parse_html           | Found 1 table(s) in HTML
2026-09-16 04:34:49 | DEBUG    | parse_html           | Table columns: ['SYMBOL', 'SECTOR', 'LISTED IN', 'LDCP', 'OPEN', 'HIGH', 'LOW', 'CURRENT', 'CHANGE', 'CHANGE (%)', 'VOLUME']
2026-09-16 04:34:49 | DEBUG    | parse_html           | Table shape: (226, 11)
2026-09-16 04:34:49 | INFO     | parse_html           | ✅ HTML parsed successfully (226 rows)
2026-09-16 04:34:49 | INFO     | clean_data           | Cleaning data...
2026-09-16 04:34:49 | DEBUG    | clean_data           | Initial shape: (226, 11)
2026-09-16 04:34:49 | DEBUG    | clean_data           | Initial columns: ['SYMBOL', 'SECTOR', 'LISTED IN', 'LDCP', 'OPEN', 'HIGH', 'LOW', 'CURRENT', 'CHANGE', 'CHANGE (%)', 'VOLUME']
2026-09-16 04:34:49 | DEBUG    | clean_data           | Removed 'LISTED IN' column
2026-09-16 04:34:49 | DEBUG    | clean_data           | Converted LDCP from float64 to numeric
2026-09-16 04:34:49 | DEBUG    | clean_data           | Converted OPEN from float64 to numeric
2026-09-16 04:34:49 | DEBUG    | clean_data           | Converted HIGH from float64 to numeric
2026-09-16 04:34:49 | DEBUG    | clean_data           | Converted LOW from float64 to numeric
2026-09-16 04:34:49 | DEBUG    | clean_data           | Converted CURRENT from float64 to numeric
2026-09-16 04:34:49 | DEBUG    | clean_data           | Converted CHANGE from float64 to numeric
2026-09-16 04:34:49 | WARNING  | clean_data           | Column CHANGE (%): 226 values could not be converted to numeric
2026-09-16 04:34:49 | DEBUG    | clean_data           | Converted CHANGE (%) from str to numeric
2026-09-16 04:34:49 | DEBUG    | clean_data           | Converted VOLUME from int64 to numeric
2026-09-16 04:34:49 | INFO     | clean_data           | ✅ Data cleaned (226 rows, 16 columns)
2026-09-16 04:34:49 | DEBUG    | clean_data           | Final columns: ['SYMBOL', 'SECTOR', 'LDCP', 'OPEN', 'HIGH', 'LOW', 'CURRENT', 'CHANGE', 'CHANGE (%)', 'VOLUME', 'YEAR', 'MONTH', 'DAY', 'HOUR', 'MINUTE', 'DATETIME']
2026-09-16 04:34:49 | DEBUG    | get_file_path        | Generated file path: data/2026/09/2026-09-16.xlsx
2026-09-16 04:34:49 | INFO     | save_data            | Saving data to: data/2026/09/2026-09-16.xlsx
2026-09-16 04:34:49 | DEBUG    | _create_backup       | Backup created: data/2026/09/backups/2026-09-16_backup_20260916_043449.xlsx
2026-09-16 04:34:49 | DEBUG    | _cleanup_old_backups | Removed old backup: 2026-09-16_backup_20260916_040918.xlsx
2026-09-16 04:34:49 | DEBUG    | save_data            | Existing file found, merging data...
2026-09-16 04:34:49 | DEBUG    | save_data            | Loaded 7410 existing rows
2026-09-16 04:34:49 | DEBUG    | save_data            | Combined to 7636 rows
2026-09-16 04:34:49 | DEBUG    | save_data            | Writing to temporary file...
2026-09-16 04:34:50 | DEBUG    | save_data            | Data written to temp file: /home/runner/work/Thalorae-BackLioraen/Thalorae-BackLioraen/data/2026/09/tmpiwv14btq.xlsx
2026-09-16 04:34:50 | DEBUG    | save_data            | Temp file moved to final location
2026-09-16 04:34:50 | INFO     | save_data            | ✅ Data saved successfully (7636 total rows, 565,063 bytes)
2026-09-16 04:34:50 | INFO     | run                  | ======================================================================
2026-09-16 04:34:50 | INFO     | run                  | 📊 EXECUTION SUMMARY:
2026-09-16 04:34:50 | INFO     | run                  |    ✅ Status: SUCCESS
2026-09-16 04:34:50 | INFO     | run                  |    - Rows processed: 226
2026-09-16 04:34:50 | INFO     | run                  |    - Unique symbols: 226
2026-09-16 04:34:50 | INFO     | run                  |    - Timestamp: 2026-09-16 09:34:43
2026-09-16 04:34:50 | INFO     | run                  |    - File: data/2026/09/2026-09-16.xlsx
2026-09-16 04:34:50 | INFO     | run                  | ======================================================================
2026-09-16 04:34:50 | DEBUG    | run                  | Sample data (first row):
2026-09-16 04:34:50 | DEBUG    | run                  | {'SYMBOL': 'WTL', 'SECTOR': 828, 'LDCP': 1.06, 'OPEN': 1.05, 'HIGH': 1.05, 'LOW': 1.05, 'CURRENT': 1.05, 'CHANGE': -0.01, 'CHANGE (%)': nan, 'VOLUME': 728081, 'YEAR': 2026, 'MONTH': 9, 'DAY': 16, 'HOUR': 9, 'MINUTE': 34, 'DATETIME': '2026-09-16 09:34'}
2026-09-16 04:34:50 | DEBUG    | close                | Session closed
2026-09-16 04:39:51 | INFO     | run                  | ======================================================================
2026-09-16 04:39:51 | INFO     | run                  | 🚀 MARKET DATA SCRAPER - SINGLE EXECUTION
2026-09-16 04:39:51 | INFO     | run                  | ======================================================================
2026-09-16 04:39:51 | INFO     | run                  | Execution Time: 2026-09-16 09:39:51 PKT
2026-09-16 04:39:51 | INFO     | run                  | Configuration:
2026-09-16 04:39:51 | INFO     | run                  |    - Timezone: Asia/Karachi
2026-09-16 04:39:51 | INFO     | run                  |    - Data directory: data
2026-09-16 04:39:51 | INFO     | run                  |    - Log directory: logs
2026-09-16 04:39:51 | INFO     | run                  |    - Excluded symbols: {'XR', 'XS', 'XT', 'XD'}
2026-09-16 04:39:51 | INFO     | run                  | ======================================================================
2026-09-16 04:39:51 | INFO     | fetch_data           | Fetching data (Attempt 1/3)...
2026-09-16 04:39:51 | DEBUG    | fetch_data           | Establishing session with https://dps.psx.com.pk/
2026-09-16 04:39:55 | DEBUG    | fetch_data           | Requesting data from https://dps.psx.com.pk/market-watch
2026-09-16 04:39:56 | DEBUG    | fetch_data           | Response status: 200
2026-09-16 04:39:56 | DEBUG    | fetch_data           | Response content type: text/html; charset=utf-8
2026-09-16 04:39:56 | DEBUG    | fetch_data           | Response size: 296796 bytes
2026-09-16 04:39:56 | INFO     | fetch_data           | ✅ Data fetched successfully (Status: 200)
2026-09-16 04:39:56 | DEBUG    | parse_json           | Attempting JSON parsing...
2026-09-16 04:39:56 | DEBUG    | parse_json           | Response preview: <table class="tbl" data-page-length="25"><thead class="tbl__head"><!-- tr--><!--   th(colspan="11")--><!--   th.center(colspan="2", style="width: 110px;") TOTAL BUY ORDERS--><!--   th.center(colspan="2", style="width: 110px;") TOTAL SELL ORDERS--><tr><th data-name="symbol">SYMBOL</th><th data-name="sector">SECTOR</th><th data-name="listed">LISTED IN</th><th class="right" data-name="ldcp">LDCP</th><th class="right" data-name="open">OPEN</th><th class="right" data-name="high">HIGH</th><th class="r
2026-09-16 04:39:56 | WARNING  | parse_json           | ⚠️ JSON parsing failed: Expecting value: line 1 column 1 (char 0)
2026-09-16 04:39:56 | INFO     | run                  | JSON parsing failed, trying HTML fallback...
2026-09-16 04:39:56 | INFO     | parse_html           | Attempting HTML fallback parsing...
2026-09-16 04:39:56 | DEBUG    | parse_html           | Found 1 table(s) in HTML
2026-09-16 04:39:56 | DEBUG    | parse_html           | Table columns: ['SYMBOL', 'SECTOR', 'LISTED IN', 'LDCP', 'OPEN', 'HIGH', 'LOW', 'CURRENT', 'CHANGE', 'CHANGE (%)', 'VOLUME']
2026-09-16 04:39:56 | DEBUG    | parse_html           | Table shape: (310, 11)
2026-09-16 04:39:56 | INFO     | parse_html           | ✅ HTML parsed successfully (310 rows)
2026-09-16 04:39:56 | INFO     | clean_data           | Cleaning data...
2026-09-16 04:39:56 | DEBUG    | clean_data           | Initial shape: (310, 11)
2026-09-16 04:39:56 | DEBUG    | clean_data           | Initial columns: ['SYMBOL', 'SECTOR', 'LISTED IN', 'LDCP', 'OPEN', 'HIGH', 'LOW', 'CURRENT', 'CHANGE', 'CHANGE (%)', 'VOLUME']
2026-09-16 04:39:56 | DEBUG    | clean_data           | Removed 'LISTED IN' column
2026-09-16 04:39:56 | DEBUG    | clean_data           | Converted LDCP from float64 to numeric
2026-09-16 04:39:56 | DEBUG    | clean_data           | Converted OPEN from float64 to numeric
2026-09-16 04:39:56 | DEBUG    | clean_data           | Converted HIGH from float64 to numeric
2026-09-16 04:39:56 | DEBUG    | clean_data           | Converted LOW from float64 to numeric
2026-09-16 04:39:56 | DEBUG    | clean_data           | Converted CURRENT from float64 to numeric
2026-09-16 04:39:56 | DEBUG    | clean_data           | Converted CHANGE from float64 to numeric
2026-09-16 04:39:56 | WARNING  | clean_data           | Column CHANGE (%): 310 values could not be converted to numeric
2026-09-16 04:39:56 | DEBUG    | clean_data           | Converted CHANGE (%) from str to numeric
2026-09-16 04:39:56 | DEBUG    | clean_data           | Converted VOLUME from int64 to numeric
2026-09-16 04:39:56 | INFO     | clean_data           | ✅ Data cleaned (310 rows, 16 columns)
2026-09-16 04:39:56 | DEBUG    | clean_data           | Final columns: ['SYMBOL', 'SECTOR', 'LDCP', 'OPEN', 'HIGH', 'LOW', 'CURRENT', 'CHANGE', 'CHANGE (%)', 'VOLUME', 'YEAR', 'MONTH', 'DAY', 'HOUR', 'MINUTE', 'DATETIME']
2026-09-16 04:39:56 | DEBUG    | get_file_path        | Generated file path: data/2026/09/2026-09-16.xlsx
2026-09-16 04:39:56 | INFO     | save_data            | Saving data to: data/2026/09/2026-09-16.xlsx
2026-09-16 04:39:56 | DEBUG    | _create_backup       | Backup created: data/2026/09/backups/2026-09-16_backup_20260916_043956.xlsx
2026-09-16 04:39:56 | DEBUG    | _cleanup_old_backups | Removed old backup: 2026-09-16_backup_20260916_041424.xlsx
2026-09-16 04:39:56 | DEBUG    | save_data            | Existing file found, merging data...
2026-09-16 04:39:57 | DEBUG    | save_data            | Loaded 7636 existing rows
2026-09-16 04:39:57 | DEBUG    | save_data            | Combined to 7946 rows
2026-09-16 04:39:57 | DEBUG    | save_data            | Writing to temporary file...
2026-09-16 04:39:58 | DEBUG    | save_data            | Data written to temp file: /home/runner/work/Thalorae-BackLioraen/Thalorae-BackLioraen/data/2026/09/tmpbodiysbu.xlsx
2026-09-16 04:39:58 | DEBUG    | save_data            | Temp file moved to final location
2026-09-16 04:39:58 | INFO     | save_data            | ✅ Data saved successfully (7946 total rows, 586,655 bytes)
2026-09-16 04:39:58 | INFO     | run                  | ======================================================================
2026-09-16 04:39:58 | INFO     | run                  | 📊 EXECUTION SUMMARY:
2026-09-16 04:39:58 | INFO     | run                  |    ✅ Status: SUCCESS
2026-09-16 04:39:58 | INFO     | run                  |    - Rows processed: 310
2026-09-16 04:39:58 | INFO     | run                  |    - Unique symbols: 310
2026-09-16 04:39:58 | INFO     | run                  |    - Timestamp: 2026-09-16 09:39:51
2026-09-16 04:39:58 | INFO     | run                  |    - File: data/2026/09/2026-09-16.xlsx
2026-09-16 04:39:58 | INFO     | run                  | ======================================================================
2026-09-16 04:39:58 | DEBUG    | run                  | Sample data (first row):
2026-09-16 04:39:58 | DEBUG    | run                  | {'SYMBOL': 'WTL', 'SECTOR': 828, 'LDCP': 1.06, 'OPEN': 1.05, 'HIGH': 1.05, 'LOW': 1.03, 'CURRENT': 1.05, 'CHANGE': -0.01, 'CHANGE (%)': nan, 'VOLUME': 2072013, 'YEAR': 2026, 'MONTH': 9, 'DAY': 16, 'HOUR': 9, 'MINUTE': 39, 'DATETIME': '2026-09-16 09:39'}
2026-09-16 04:39:58 | DEBUG    | close                | Session closed
2026-09-16 04:44:58 | INFO     | run                  | ======================================================================
2026-09-16 04:44:58 | INFO     | run                  | 🚀 MARKET DATA SCRAPER - SINGLE EXECUTION
2026-09-16 04:44:58 | INFO     | run                  | ======================================================================
2026-09-16 04:44:58 | INFO     | run                  | Execution Time: 2026-09-16 09:44:58 PKT
2026-09-16 04:44:58 | INFO     | run                  | Configuration:
2026-09-16 04:44:58 | INFO     | run                  |    - Timezone: Asia/Karachi
2026-09-16 04:44:58 | INFO     | run                  |    - Data directory: data
2026-09-16 04:44:58 | INFO     | run                  |    - Log directory: logs
2026-09-16 04:44:58 | INFO     | run                  |    - Excluded symbols: {'XD', 'XS', 'XT', 'XR'}
2026-09-16 04:44:58 | INFO     | run                  | ======================================================================
2026-09-16 04:44:58 | INFO     | fetch_data           | Fetching data (Attempt 1/3)...
2026-09-16 04:44:58 | DEBUG    | fetch_data           | Establishing session with https://dps.psx.com.pk/
2026-09-16 04:45:01 | DEBUG    | fetch_data           | Requesting data from https://dps.psx.com.pk/market-watch
2026-09-16 04:45:02 | DEBUG    | fetch_data           | Response status: 200
2026-09-16 04:45:02 | DEBUG    | fetch_data           | Response content type: text/html; charset=utf-8
2026-09-16 04:45:02 | DEBUG    | fetch_data           | Response size: 334304 bytes
2026-09-16 04:45:02 | INFO     | fetch_data           | ✅ Data fetched successfully (Status: 200)
2026-09-16 04:45:02 | DEBUG    | parse_json           | Attempting JSON parsing...
2026-09-16 04:45:02 | DEBUG    | parse_json           | Response preview: <table class="tbl" data-page-length="25"><thead class="tbl__head"><!-- tr--><!--   th(colspan="11")--><!--   th.center(colspan="2", style="width: 110px;") TOTAL BUY ORDERS--><!--   th.center(colspan="2", style="width: 110px;") TOTAL SELL ORDERS--><tr><th data-name="symbol">SYMBOL</th><th data-name="sector">SECTOR</th><th data-name="listed">LISTED IN</th><th class="right" data-name="ldcp">LDCP</th><th class="right" data-name="open">OPEN</th><th class="right" data-name="high">HIGH</th><th class="r
2026-09-16 04:45:02 | WARNING  | parse_json           | ⚠️ JSON parsing failed: Expecting value: line 1 column 1 (char 0)
2026-09-16 04:45:02 | INFO     | run                  | JSON parsing failed, trying HTML fallback...
2026-09-16 04:45:02 | INFO     | parse_html           | Attempting HTML fallback parsing...
2026-09-16 04:45:02 | DEBUG    | parse_html           | Found 1 table(s) in HTML
2026-09-16 04:45:02 | DEBUG    | parse_html           | Table columns: ['SYMBOL', 'SECTOR', 'LISTED IN', 'LDCP', 'OPEN', 'HIGH', 'LOW', 'CURRENT', 'CHANGE', 'CHANGE (%)', 'VOLUME']
2026-09-16 04:45:02 | DEBUG    | parse_html           | Table shape: (349, 11)
2026-09-16 04:45:02 | INFO     | parse_html           | ✅ HTML parsed successfully (349 rows)
2026-09-16 04:45:02 | INFO     | clean_data           | Cleaning data...
2026-09-16 04:45:02 | DEBUG    | clean_data           | Initial shape: (349, 11)
2026-09-16 04:45:02 | DEBUG    | clean_data           | Initial columns: ['SYMBOL', 'SECTOR', 'LISTED IN', 'LDCP', 'OPEN', 'HIGH', 'LOW', 'CURRENT', 'CHANGE', 'CHANGE (%)', 'VOLUME']
2026-09-16 04:45:02 | DEBUG    | clean_data           | Removed 'LISTED IN' column
2026-09-16 04:45:02 | DEBUG    | clean_data           | Converted LDCP from float64 to numeric
2026-09-16 04:45:02 | DEBUG    | clean_data           | Converted OPEN from float64 to numeric
2026-09-16 04:45:02 | DEBUG    | clean_data           | Converted HIGH from float64 to numeric
2026-09-16 04:45:02 | DEBUG    | clean_data           | Converted LOW from float64 to numeric
2026-09-16 04:45:02 | DEBUG    | clean_data           | Converted CURRENT from float64 to numeric
2026-09-16 04:45:02 | DEBUG    | clean_data           | Converted CHANGE from float64 to numeric
2026-09-16 04:45:02 | WARNING  | clean_data           | Column CHANGE (%): 349 values could not be converted to numeric
2026-09-16 04:45:02 | DEBUG    | clean_data           | Converted CHANGE (%) from str to numeric
2026-09-16 04:45:02 | DEBUG    | clean_data           | Converted VOLUME from int64 to numeric
2026-09-16 04:45:02 | INFO     | clean_data           | ✅ Data cleaned (349 rows, 16 columns)
2026-09-16 04:45:02 | DEBUG    | clean_data           | Final columns: ['SYMBOL', 'SECTOR', 'LDCP', 'OPEN', 'HIGH', 'LOW', 'CURRENT', 'CHANGE', 'CHANGE (%)', 'VOLUME', 'YEAR', 'MONTH', 'DAY', 'HOUR', 'MINUTE', 'DATETIME']
2026-09-16 04:45:02 | DEBUG    | get_file_path        | Generated file path: data/2026/09/2026-09-16.xlsx
2026-09-16 04:45:02 | INFO     | save_data            | Saving data to: data/2026/09/2026-09-16.xlsx
2026-09-16 04:45:02 | DEBUG    | _create_backup       | Backup created: data/2026/09/backups/2026-09-16_backup_20260916_044502.xlsx
2026-09-16 04:45:02 | DEBUG    | _cleanup_old_backups | Removed old backup: 2026-09-16_backup_20260916_041929.xlsx
2026-09-16 04:45:02 | DEBUG    | save_data            | Existing file found, merging data...
2026-09-16 04:45:02 | DEBUG    | save_data            | Loaded 7946 existing rows
2026-09-16 04:45:02 | DEBUG    | save_data            | Combined to 8295 rows
2026-09-16 04:45:02 | DEBUG    | save_data            | Writing to temporary file...
2026-09-16 04:45:03 | DEBUG    | save_data            | Data written to temp file: /home/runner/work/Thalorae-BackLioraen/Thalorae-BackLioraen/data/2026/09/tmp8sr1qz05.xlsx
2026-09-16 04:45:03 | DEBUG    | save_data            | Temp file moved to final location
2026-09-16 04:45:03 | INFO     | save_data            | ✅ Data saved successfully (8295 total rows, 611,273 bytes)
2026-09-16 04:45:03 | INFO     | run                  | ======================================================================
2026-09-16 04:45:03 | INFO     | run                  | 📊 EXECUTION SUMMARY:
2026-09-16 04:45:03 | INFO     | run                  |    ✅ Status: SUCCESS
2026-09-16 04:45:03 | INFO     | run                  |    - Rows processed: 349
2026-09-16 04:45:03 | INFO     | run                  |    - Unique symbols: 349
2026-09-16 04:45:03 | INFO     | run                  |    - Timestamp: 2026-09-16 09:44:58
2026-09-16 04:45:03 | INFO     | run                  |    - File: data/2026/09/2026-09-16.xlsx
2026-09-16 04:45:03 | INFO     | run                  | ======================================================================
2026-09-16 04:45:03 | DEBUG    | run                  | Sample data (first row):
2026-09-16 04:45:03 | DEBUG    | run                  | {'SYMBOL': 'WTL', 'SECTOR': 828, 'LDCP': 1.06, 'OPEN': 1.05, 'HIGH': 1.05, 'LOW': 1.03, 'CURRENT': 1.05, 'CHANGE': -0.01, 'CHANGE (%)': nan, 'VOLUME': 2641738, 'YEAR': 2026, 'MONTH': 9, 'DAY': 16, 'HOUR': 9, 'MINUTE': 44, 'DATETIME': '2026-09-16 09:44'}
2026-09-16 04:45:03 | DEBUG    | close                | Session closed
2026-09-16 04:50:04 | INFO     | run                  | ======================================================================
2026-09-16 04:50:04 | INFO     | run                  | 🚀 MARKET DATA SCRAPER - SINGLE EXECUTION
2026-09-16 04:50:04 | INFO     | run                  | ======================================================================
2026-09-16 04:50:04 | INFO     | run                  | Execution Time: 2026-09-16 09:50:04 PKT
2026-09-16 04:50:04 | INFO     | run                  | Configuration:
2026-09-16 04:50:04 | INFO     | run                  |    - Timezone: Asia/Karachi
2026-09-16 04:50:04 | INFO     | run                  |    - Data directory: data
2026-09-16 04:50:04 | INFO     | run                  |    - Log directory: logs
2026-09-16 04:50:04 | INFO     | run                  |    - Excluded symbols: {'XD', 'XR', 'XS', 'XT'}
2026-09-16 04:50:04 | INFO     | run                  | ======================================================================
2026-09-16 04:50:04 | INFO     | fetch_data           | Fetching data (Attempt 1/3)...
2026-09-16 04:50:04 | DEBUG    | fetch_data           | Establishing session with https://dps.psx.com.pk/
2026-09-16 04:50:06 | DEBUG    | fetch_data           | Requesting data from https://dps.psx.com.pk/market-watch
2026-09-16 04:50:09 | DEBUG    | fetch_data           | Response status: 200
2026-09-16 04:50:09 | DEBUG    | fetch_data           | Response content type: text/html; charset=utf-8
2026-09-16 04:50:09 | DEBUG    | fetch_data           | Response size: 357027 bytes
2026-09-16 04:50:09 | INFO     | fetch_data           | ✅ Data fetched successfully (Status: 200)
2026-09-16 04:50:09 | DEBUG    | parse_json           | Attempting JSON parsing...
2026-09-16 04:50:09 | DEBUG    | parse_json           | Response preview: <table class="tbl" data-page-length="25"><thead class="tbl__head"><!-- tr--><!--   th(colspan="11")--><!--   th.center(colspan="2", style="width: 110px;") TOTAL BUY ORDERS--><!--   th.center(colspan="2", style="width: 110px;") TOTAL SELL ORDERS--><tr><th data-name="symbol">SYMBOL</th><th data-name="sector">SECTOR</th><th data-name="listed">LISTED IN</th><th class="right" data-name="ldcp">LDCP</th><th class="right" data-name="open">OPEN</th><th class="right" data-name="high">HIGH</th><th class="r
2026-09-16 04:50:09 | WARNING  | parse_json           | ⚠️ JSON parsing failed: Expecting value: line 1 column 1 (char 0)
2026-09-16 04:50:09 | INFO     | run                  | JSON parsing failed, trying HTML fallback...
2026-09-16 04:50:09 | INFO     | parse_html           | Attempting HTML fallback parsing...
2026-09-16 04:50:09 | DEBUG    | parse_html           | Found 1 table(s) in HTML
2026-09-16 04:50:09 | DEBUG    | parse_html           | Table columns: ['SYMBOL', 'SECTOR', 'LISTED IN', 'LDCP', 'OPEN', 'HIGH', 'LOW', 'CURRENT', 'CHANGE', 'CHANGE (%)', 'VOLUME']
2026-09-16 04:50:09 | DEBUG    | parse_html           | Table shape: (373, 11)
2026-09-16 04:50:09 | INFO     | parse_html           | ✅ HTML parsed successfully (373 rows)
2026-09-16 04:50:09 | INFO     | clean_data           | Cleaning data...
2026-09-16 04:50:09 | DEBUG    | clean_data           | Initial shape: (373, 11)
2026-09-16 04:50:09 | DEBUG    | clean_data           | Initial columns: ['SYMBOL', 'SECTOR', 'LISTED IN', 'LDCP', 'OPEN', 'HIGH', 'LOW', 'CURRENT', 'CHANGE', 'CHANGE (%)', 'VOLUME']
2026-09-16 04:50:09 | DEBUG    | clean_data           | Removed 'LISTED IN' column
2026-09-16 04:50:09 | DEBUG    | clean_data           | Converted LDCP from float64 to numeric
2026-09-16 04:50:09 | DEBUG    | clean_data           | Converted OPEN from float64 to numeric
2026-09-16 04:50:09 | DEBUG    | clean_data           | Converted HIGH from float64 to numeric
2026-09-16 04:50:09 | DEBUG    | clean_data           | Converted LOW from float64 to numeric
2026-09-16 04:50:09 | DEBUG    | clean_data           | Converted CURRENT from float64 to numeric
2026-09-16 04:50:09 | DEBUG    | clean_data           | Converted CHANGE from float64 to numeric
2026-09-16 04:50:09 | WARNING  | clean_data           | Column CHANGE (%): 373 values could not be converted to numeric
2026-09-16 04:50:09 | DEBUG    | clean_data           | Converted CHANGE (%) from str to numeric
2026-09-16 04:50:09 | DEBUG    | clean_data           | Converted VOLUME from int64 to numeric
2026-09-16 04:50:09 | INFO     | clean_data           | ✅ Data cleaned (373 rows, 16 columns)
2026-09-16 04:50:09 | DEBUG    | clean_data           | Final columns: ['SYMBOL', 'SECTOR', 'LDCP', 'OPEN', 'HIGH', 'LOW', 'CURRENT', 'CHANGE', 'CHANGE (%)', 'VOLUME', 'YEAR', 'MONTH', 'DAY', 'HOUR', 'MINUTE', 'DATETIME']
2026-09-16 04:50:09 | DEBUG    | get_file_path        | Generated file path: data/2026/09/2026-09-16.xlsx
2026-09-16 04:50:09 | INFO     | save_data            | Saving data to: data/2026/09/2026-09-16.xlsx
2026-09-16 04:50:09 | DEBUG    | _create_backup       | Backup created: data/2026/09/backups/2026-09-16_backup_20260916_045009.xlsx
2026-09-16 04:50:09 | DEBUG    | _cleanup_old_backups | Removed old backup: 2026-09-16_backup_20260916_042436.xlsx
2026-09-16 04:50:09 | DEBUG    | save_data            | Existing file found, merging data...
2026-09-16 04:50:09 | DEBUG    | save_data            | Loaded 8295 existing rows
2026-09-16 04:50:09 | DEBUG    | save_data            | Combined to 8668 rows
2026-09-16 04:50:09 | DEBUG    | save_data            | Writing to temporary file...
2026-09-16 04:50:11 | DEBUG    | save_data            | Data written to temp file: /home/runner/work/Thalorae-BackLioraen/Thalorae-BackLioraen/data/2026/09/tmpfcf80lno.xlsx
2026-09-16 04:50:11 | DEBUG    | save_data            | Temp file moved to final location
2026-09-16 04:50:11 | INFO     | save_data            | ✅ Data saved successfully (8668 total rows, 637,764 bytes)
2026-09-16 04:50:11 | INFO     | run                  | ======================================================================
2026-09-16 04:50:11 | INFO     | run                  | 📊 EXECUTION SUMMARY:
2026-09-16 04:50:11 | INFO     | run                  |    ✅ Status: SUCCESS
2026-09-16 04:50:11 | INFO     | run                  |    - Rows processed: 373
2026-09-16 04:50:11 | INFO     | run                  |    - Unique symbols: 373
2026-09-16 04:50:11 | INFO     | run                  |    - Timestamp: 2026-09-16 09:50:04
2026-09-16 04:50:11 | INFO     | run                  |    - File: data/2026/09/2026-09-16.xlsx
2026-09-16 04:50:11 | INFO     | run                  | ======================================================================
2026-09-16 04:50:11 | DEBUG    | run                  | Sample data (first row):
2026-09-16 04:50:11 | DEBUG    | run                  | {'SYMBOL': 'CNERGY', 'SECTOR': 825, 'LDCP': 12.81, 'OPEN': 12.82, 'HIGH': 12.9, 'LOW': 12.7, 'CURRENT': 12.9, 'CHANGE': 0.09, 'CHANGE (%)': nan, 'VOLUME': 3016341, 'YEAR': 2026, 'MONTH': 9, 'DAY': 16, 'HOUR': 9, 'MINUTE': 50, 'DATETIME': '2026-09-16 09:50'}
2026-09-16 04:50:11 | DEBUG    | close                | Session closed
2026-09-16 04:55:11 | INFO     | run                  | ======================================================================
2026-09-16 04:55:11 | INFO     | run                  | 🚀 MARKET DATA SCRAPER - SINGLE EXECUTION
2026-09-16 04:55:11 | INFO     | run                  | ======================================================================
2026-09-16 04:55:11 | INFO     | run                  | Execution Time: 2026-09-16 09:55:11 PKT
2026-09-16 04:55:11 | INFO     | run                  | Configuration:
2026-09-16 04:55:11 | INFO     | run                  |    - Timezone: Asia/Karachi
2026-09-16 04:55:11 | INFO     | run                  |    - Data directory: data
2026-09-16 04:55:11 | INFO     | run                  |    - Log directory: logs
2026-09-16 04:55:11 | INFO     | run                  |    - Excluded symbols: {'XT', 'XS', 'XR', 'XD'}
2026-09-16 04:55:11 | INFO     | run                  | ======================================================================
2026-09-16 04:55:11 | INFO     | fetch_data           | Fetching data (Attempt 1/3)...
2026-09-16 04:55:11 | DEBUG    | fetch_data           | Establishing session with https://dps.psx.com.pk/
2026-09-16 04:55:14 | DEBUG    | fetch_data           | Requesting data from https://dps.psx.com.pk/market-watch
2026-09-16 04:55:15 | DEBUG    | fetch_data           | Response status: 200
2026-09-16 04:55:15 | DEBUG    | fetch_data           | Response content type: text/html; charset=utf-8
2026-09-16 04:55:15 | DEBUG    | fetch_data           | Response size: 371062 bytes
2026-09-16 04:55:15 | INFO     | fetch_data           | ✅ Data fetched successfully (Status: 200)
2026-09-16 04:55:15 | DEBUG    | parse_json           | Attempting JSON parsing...
2026-09-16 04:55:15 | DEBUG    | parse_json           | Response preview: <table class="tbl" data-page-length="25"><thead class="tbl__head"><!-- tr--><!--   th(colspan="11")--><!--   th.center(colspan="2", style="width: 110px;") TOTAL BUY ORDERS--><!--   th.center(colspan="2", style="width: 110px;") TOTAL SELL ORDERS--><tr><th data-name="symbol">SYMBOL</th><th data-name="sector">SECTOR</th><th data-name="listed">LISTED IN</th><th class="right" data-name="ldcp">LDCP</th><th class="right" data-name="open">OPEN</th><th class="right" data-name="high">HIGH</th><th class="r
2026-09-16 04:55:15 | WARNING  | parse_json           | ⚠️ JSON parsing failed: Expecting value: line 1 column 1 (char 0)
2026-09-16 04:55:15 | INFO     | run                  | JSON parsing failed, trying HTML fallback...
2026-09-16 04:55:15 | INFO     | parse_html           | Attempting HTML fallback parsing...
2026-09-16 04:55:15 | DEBUG    | parse_html           | Found 1 table(s) in HTML
2026-09-16 04:55:15 | DEBUG    | parse_html           | Table columns: ['SYMBOL', 'SECTOR', 'LISTED IN', 'LDCP', 'OPEN', 'HIGH', 'LOW', 'CURRENT', 'CHANGE', 'CHANGE (%)', 'VOLUME']
2026-09-16 04:55:15 | DEBUG    | parse_html           | Table shape: (388, 11)
2026-09-16 04:55:15 | INFO     | parse_html           | ✅ HTML parsed successfully (388 rows)
2026-09-16 04:55:15 | INFO     | clean_data           | Cleaning data...
2026-09-16 04:55:15 | DEBUG    | clean_data           | Initial shape: (388, 11)
2026-09-16 04:55:15 | DEBUG    | clean_data           | Initial columns: ['SYMBOL', 'SECTOR', 'LISTED IN', 'LDCP', 'OPEN', 'HIGH', 'LOW', 'CURRENT', 'CHANGE', 'CHANGE (%)', 'VOLUME']
2026-09-16 04:55:15 | DEBUG    | clean_data           | Removed 'LISTED IN' column
2026-09-16 04:55:15 | DEBUG    | clean_data           | Converted LDCP from float64 to numeric
2026-09-16 04:55:15 | DEBUG    | clean_data           | Converted OPEN from float64 to numeric
2026-09-16 04:55:15 | DEBUG    | clean_data           | Converted HIGH from float64 to numeric
2026-09-16 04:55:15 | DEBUG    | clean_data           | Converted LOW from float64 to numeric
2026-09-16 04:55:15 | DEBUG    | clean_data           | Converted CURRENT from float64 to numeric
2026-09-16 04:55:15 | DEBUG    | clean_data           | Converted CHANGE from float64 to numeric
2026-09-16 04:55:15 | WARNING  | clean_data           | Column CHANGE (%): 388 values could not be converted to numeric
2026-09-16 04:55:15 | DEBUG    | clean_data           | Converted CHANGE (%) from str to numeric
2026-09-16 04:55:15 | DEBUG    | clean_data           | Converted VOLUME from int64 to numeric
2026-09-16 04:55:15 | INFO     | clean_data           | ✅ Data cleaned (388 rows, 16 columns)
2026-09-16 04:55:15 | DEBUG    | clean_data           | Final columns: ['SYMBOL', 'SECTOR', 'LDCP', 'OPEN', 'HIGH', 'LOW', 'CURRENT', 'CHANGE', 'CHANGE (%)', 'VOLUME', 'YEAR', 'MONTH', 'DAY', 'HOUR', 'MINUTE', 'DATETIME']
2026-09-16 04:55:15 | DEBUG    | get_file_path        | Generated file path: data/2026/09/2026-09-16.xlsx
2026-09-16 04:55:15 | INFO     | save_data            | Saving data to: data/2026/09/2026-09-16.xlsx
2026-09-16 04:55:15 | DEBUG    | _create_backup       | Backup created: data/2026/09/backups/2026-09-16_backup_20260916_045515.xlsx
2026-09-16 04:55:15 | DEBUG    | _cleanup_old_backups | Removed old backup: 2026-09-16_backup_20260916_042942.xlsx
2026-09-16 04:55:15 | DEBUG    | save_data            | Existing file found, merging data...
2026-09-16 04:55:15 | DEBUG    | save_data            | Loaded 8668 existing rows
2026-09-16 04:55:15 | DEBUG    | save_data            | Combined to 9056 rows
2026-09-16 04:55:15 | DEBUG    | save_data            | Writing to temporary file...
2026-09-16 04:55:16 | DEBUG    | save_data            | Data written to temp file: /home/runner/work/Thalorae-BackLioraen/Thalorae-BackLioraen/data/2026/09/tmp8rc53igg.xlsx
2026-09-16 04:55:16 | DEBUG    | save_data            | Temp file moved to final location
2026-09-16 04:55:16 | INFO     | save_data            | ✅ Data saved successfully (9056 total rows, 665,452 bytes)
2026-09-16 04:55:16 | INFO     | run                  | ======================================================================
2026-09-16 04:55:16 | INFO     | run                  | 📊 EXECUTION SUMMARY:
2026-09-16 04:55:16 | INFO     | run                  |    ✅ Status: SUCCESS
2026-09-16 04:55:16 | INFO     | run                  |    - Rows processed: 388
2026-09-16 04:55:16 | INFO     | run                  |    - Unique symbols: 388
2026-09-16 04:55:16 | INFO     | run                  |    - Timestamp: 2026-09-16 09:55:11
2026-09-16 04:55:16 | INFO     | run                  |    - File: data/2026/09/2026-09-16.xlsx
2026-09-16 04:55:16 | INFO     | run                  | ======================================================================
2026-09-16 04:55:16 | DEBUG    | run                  | Sample data (first row):
2026-09-16 04:55:16 | DEBUG    | run                  | {'SYMBOL': 'CNERGY', 'SECTOR': 825, 'LDCP': 12.81, 'OPEN': 12.82, 'HIGH': 12.93, 'LOW': 12.7, 'CURRENT': 12.92, 'CHANGE': 0.11, 'CHANGE (%)': nan, 'VOLUME': 4462782, 'YEAR': 2026, 'MONTH': 9, 'DAY': 16, 'HOUR': 9, 'MINUTE': 55, 'DATETIME': '2026-09-16 09:55'}
2026-09-16 04:55:16 | DEBUG    | close                | Session closed
2026-09-16 05:00:17 | INFO     | run                  | ======================================================================
2026-09-16 05:00:17 | INFO     | run                  | 🚀 MARKET DATA SCRAPER - SINGLE EXECUTION
2026-09-16 05:00:17 | INFO     | run                  | ======================================================================
2026-09-16 05:00:17 | INFO     | run                  | Execution Time: 2026-09-16 10:00:17 PKT
2026-09-16 05:00:17 | INFO     | run                  | Configuration:
2026-09-16 05:00:17 | INFO     | run                  |    - Timezone: Asia/Karachi
2026-09-16 05:00:17 | INFO     | run                  |    - Data directory: data
2026-09-16 05:00:17 | INFO     | run                  |    - Log directory: logs
2026-09-16 05:00:17 | INFO     | run                  |    - Excluded symbols: {'XT', 'XD', 'XR', 'XS'}
2026-09-16 05:00:17 | INFO     | run                  | ======================================================================
2026-09-16 05:00:17 | INFO     | fetch_data           | Fetching data (Attempt 1/3)...
2026-09-16 05:00:17 | DEBUG    | fetch_data           | Establishing session with https://dps.psx.com.pk/
2026-09-16 05:00:20 | DEBUG    | fetch_data           | Requesting data from https://dps.psx.com.pk/market-watch
2026-09-16 05:00:22 | DEBUG    | fetch_data           | Response status: 200
2026-09-16 05:00:22 | DEBUG    | fetch_data           | Response content type: text/html; charset=utf-8
2026-09-16 05:00:22 | DEBUG    | fetch_data           | Response size: 380234 bytes
2026-09-16 05:00:22 | INFO     | fetch_data           | ✅ Data fetched successfully (Status: 200)
2026-09-16 05:00:22 | DEBUG    | parse_json           | Attempting JSON parsing...
2026-09-16 05:00:22 | DEBUG    | parse_json           | Response preview: <table class="tbl" data-page-length="25"><thead class="tbl__head"><!-- tr--><!--   th(colspan="11")--><!--   th.center(colspan="2", style="width: 110px;") TOTAL BUY ORDERS--><!--   th.center(colspan="2", style="width: 110px;") TOTAL SELL ORDERS--><tr><th data-name="symbol">SYMBOL</th><th data-name="sector">SECTOR</th><th data-name="listed">LISTED IN</th><th class="right" data-name="ldcp">LDCP</th><th class="right" data-name="open">OPEN</th><th class="right" data-name="high">HIGH</th><th class="r
2026-09-16 05:00:22 | WARNING  | parse_json           | ⚠️ JSON parsing failed: Expecting value: line 1 column 1 (char 0)
2026-09-16 05:00:22 | INFO     | run                  | JSON parsing failed, trying HTML fallback...
2026-09-16 05:00:22 | INFO     | parse_html           | Attempting HTML fallback parsing...
2026-09-16 05:00:22 | DEBUG    | parse_html           | Found 1 table(s) in HTML
2026-09-16 05:00:22 | DEBUG    | parse_html           | Table columns: ['SYMBOL', 'SECTOR', 'LISTED IN', 'LDCP', 'OPEN', 'HIGH', 'LOW', 'CURRENT', 'CHANGE', 'CHANGE (%)', 'VOLUME']
2026-09-16 05:00:22 | DEBUG    | parse_html           | Table shape: (398, 11)
2026-09-16 05:00:22 | INFO     | parse_html           | ✅ HTML parsed successfully (398 rows)
2026-09-16 05:00:22 | INFO     | clean_data           | Cleaning data...
2026-09-16 05:00:22 | DEBUG    | clean_data           | Initial shape: (398, 11)
2026-09-16 05:00:22 | DEBUG    | clean_data           | Initial columns: ['SYMBOL', 'SECTOR', 'LISTED IN', 'LDCP', 'OPEN', 'HIGH', 'LOW', 'CURRENT', 'CHANGE', 'CHANGE (%)', 'VOLUME']
2026-09-16 05:00:22 | DEBUG    | clean_data           | Removed 'LISTED IN' column
2026-09-16 05:00:22 | DEBUG    | clean_data           | Converted LDCP from float64 to numeric
2026-09-16 05:00:22 | DEBUG    | clean_data           | Converted OPEN from float64 to numeric
2026-09-16 05:00:22 | DEBUG    | clean_data           | Converted HIGH from float64 to numeric
2026-09-16 05:00:22 | DEBUG    | clean_data           | Converted LOW from float64 to numeric
2026-09-16 05:00:22 | DEBUG    | clean_data           | Converted CURRENT from float64 to numeric
2026-09-16 05:00:22 | DEBUG    | clean_data           | Converted CHANGE from float64 to numeric
2026-09-16 05:00:22 | WARNING  | clean_data           | Column CHANGE (%): 398 values could not be converted to numeric
2026-09-16 05:00:22 | DEBUG    | clean_data           | Converted CHANGE (%) from str to numeric
2026-09-16 05:00:22 | DEBUG    | clean_data           | Converted VOLUME from int64 to numeric
2026-09-16 05:00:22 | INFO     | clean_data           | ✅ Data cleaned (398 rows, 16 columns)
2026-09-16 05:00:22 | DEBUG    | clean_data           | Final columns: ['SYMBOL', 'SECTOR', 'LDCP', 'OPEN', 'HIGH', 'LOW', 'CURRENT', 'CHANGE', 'CHANGE (%)', 'VOLUME', 'YEAR', 'MONTH', 'DAY', 'HOUR', 'MINUTE', 'DATETIME']
2026-09-16 05:00:22 | DEBUG    | get_file_path        | Generated file path: data/2026/09/2026-09-16.xlsx
2026-09-16 05:00:22 | INFO     | save_data            | Saving data to: data/2026/09/2026-09-16.xlsx
2026-09-16 05:00:22 | DEBUG    | _create_backup       | Backup created: data/2026/09/backups/2026-09-16_backup_20260916_050022.xlsx
2026-09-16 05:00:22 | DEBUG    | _cleanup_old_backups | Removed old backup: 2026-09-16_backup_20260916_043449.xlsx
2026-09-16 05:00:22 | DEBUG    | save_data            | Existing file found, merging data...
2026-09-16 05:00:23 | DEBUG    | save_data            | Loaded 9056 existing rows
2026-09-16 05:00:23 | DEBUG    | save_data            | Combined to 9454 rows
2026-09-16 05:00:23 | DEBUG    | save_data            | Writing to temporary file...
2026-09-16 05:00:24 | DEBUG    | save_data            | Data written to temp file: /home/runner/work/Thalorae-BackLioraen/Thalorae-BackLioraen/data/2026/09/tmpgmga3_ee.xlsx
2026-09-16 05:00:24 | DEBUG    | save_data            | Temp file moved to final location
2026-09-16 05:00:24 | INFO     | save_data            | ✅ Data saved successfully (9454 total rows, 694,186 bytes)
2026-09-16 05:00:24 | INFO     | run                  | ======================================================================
2026-09-16 05:00:24 | INFO     | run                  | 📊 EXECUTION SUMMARY:
2026-09-16 05:00:24 | INFO     | run                  |    ✅ Status: SUCCESS
2026-09-16 05:00:24 | INFO     | run                  |    - Rows processed: 398
2026-09-16 05:00:24 | INFO     | run                  |    - Unique symbols: 398
2026-09-16 05:00:24 | INFO     | run                  |    - Timestamp: 2026-09-16 10:00:17
2026-09-16 05:00:24 | INFO     | run                  |    - File: data/2026/09/2026-09-16.xlsx
2026-09-16 05:00:24 | INFO     | run                  | ======================================================================
2026-09-16 05:00:24 | DEBUG    | run                  | Sample data (first row):
2026-09-16 05:00:24 | DEBUG    | run                  | {'SYMBOL': 'CNERGY', 'SECTOR': 825, 'LDCP': 12.81, 'OPEN': 12.82, 'HIGH': 12.93, 'LOW': 12.7, 'CURRENT': 12.86, 'CHANGE': 0.05, 'CHANGE (%)': nan, 'VOLUME': 4864560, 'YEAR': 2026, 'MONTH': 9, 'DAY': 16, 'HOUR': 10, 'MINUTE': 0, 'DATETIME': '2026-09-16 10:00'}
2026-09-16 05:00:24 | DEBUG    | close                | Session closed
2026-09-16 05:05:24 | INFO     | run                  | ======================================================================
2026-09-16 05:05:24 | INFO     | run                  | 🚀 MARKET DATA SCRAPER - SINGLE EXECUTION
2026-09-16 05:05:24 | INFO     | run                  | ======================================================================
2026-09-16 05:05:24 | INFO     | run                  | Execution Time: 2026-09-16 10:05:24 PKT
2026-09-16 05:05:24 | INFO     | run                  | Configuration:
2026-09-16 05:05:24 | INFO     | run                  |    - Timezone: Asia/Karachi
2026-09-16 05:05:24 | INFO     | run                  |    - Data directory: data
2026-09-16 05:05:24 | INFO     | run                  |    - Log directory: logs
2026-09-16 05:05:24 | INFO     | run                  |    - Excluded symbols: {'XR', 'XT', 'XS', 'XD'}
2026-09-16 05:05:24 | INFO     | run                  | ======================================================================
2026-09-16 05:05:24 | INFO     | fetch_data           | Fetching data (Attempt 1/3)...
2026-09-16 05:05:24 | DEBUG    | fetch_data           | Establishing session with https://dps.psx.com.pk/
2026-09-16 05:05:28 | DEBUG    | fetch_data           | Requesting data from https://dps.psx.com.pk/market-watch
2026-09-16 05:05:29 | DEBUG    | fetch_data           | Response status: 200
2026-09-16 05:05:29 | DEBUG    | fetch_data           | Response content type: text/html; charset=utf-8
2026-09-16 05:05:29 | DEBUG    | fetch_data           | Response size: 385433 bytes
2026-09-16 05:05:29 | INFO     | fetch_data           | ✅ Data fetched successfully (Status: 200)
2026-09-16 05:05:29 | DEBUG    | parse_json           | Attempting JSON parsing...
2026-09-16 05:05:29 | DEBUG    | parse_json           | Response preview: <table class="tbl" data-page-length="25"><thead class="tbl__head"><!-- tr--><!--   th(colspan="11")--><!--   th.center(colspan="2", style="width: 110px;") TOTAL BUY ORDERS--><!--   th.center(colspan="2", style="width: 110px;") TOTAL SELL ORDERS--><tr><th data-name="symbol">SYMBOL</th><th data-name="sector">SECTOR</th><th data-name="listed">LISTED IN</th><th class="right" data-name="ldcp">LDCP</th><th class="right" data-name="open">OPEN</th><th class="right" data-name="high">HIGH</th><th class="r
2026-09-16 05:05:29 | WARNING  | parse_json           | ⚠️ JSON parsing failed: Expecting value: line 1 column 1 (char 0)
2026-09-16 05:05:29 | INFO     | run                  | JSON parsing failed, trying HTML fallback...
2026-09-16 05:05:29 | INFO     | parse_html           | Attempting HTML fallback parsing...
2026-09-16 05:05:30 | DEBUG    | parse_html           | Found 1 table(s) in HTML
2026-09-16 05:05:30 | DEBUG    | parse_html           | Table columns: ['SYMBOL', 'SECTOR', 'LISTED IN', 'LDCP', 'OPEN', 'HIGH', 'LOW', 'CURRENT', 'CHANGE', 'CHANGE (%)', 'VOLUME']
2026-09-16 05:05:30 | DEBUG    | parse_html           | Table shape: (403, 11)
2026-09-16 05:05:30 | INFO     | parse_html           | ✅ HTML parsed successfully (403 rows)
2026-09-16 05:05:30 | INFO     | clean_data           | Cleaning data...
2026-09-16 05:05:30 | DEBUG    | clean_data           | Initial shape: (403, 11)
2026-09-16 05:05:30 | DEBUG    | clean_data           | Initial columns: ['SYMBOL', 'SECTOR', 'LISTED IN', 'LDCP', 'OPEN', 'HIGH', 'LOW', 'CURRENT', 'CHANGE', 'CHANGE (%)', 'VOLUME']
2026-09-16 05:05:30 | DEBUG    | clean_data           | Removed 'LISTED IN' column
2026-09-16 05:05:30 | DEBUG    | clean_data           | Converted LDCP from float64 to numeric
2026-09-16 05:05:30 | DEBUG    | clean_data           | Converted OPEN from float64 to numeric
2026-09-16 05:05:30 | DEBUG    | clean_data           | Converted HIGH from float64 to numeric
2026-09-16 05:05:30 | DEBUG    | clean_data           | Converted LOW from float64 to numeric
2026-09-16 05:05:30 | DEBUG    | clean_data           | Converted CURRENT from float64 to numeric
2026-09-16 05:05:30 | DEBUG    | clean_data           | Converted CHANGE from float64 to numeric
2026-09-16 05:05:30 | WARNING  | clean_data           | Column CHANGE (%): 403 values could not be converted to numeric
2026-09-16 05:05:30 | DEBUG    | clean_data           | Converted CHANGE (%) from str to numeric
2026-09-16 05:05:30 | DEBUG    | clean_data           | Converted VOLUME from int64 to numeric
2026-09-16 05:05:30 | INFO     | clean_data           | ✅ Data cleaned (403 rows, 16 columns)
2026-09-16 05:05:30 | DEBUG    | clean_data           | Final columns: ['SYMBOL', 'SECTOR', 'LDCP', 'OPEN', 'HIGH', 'LOW', 'CURRENT', 'CHANGE', 'CHANGE (%)', 'VOLUME', 'YEAR', 'MONTH', 'DAY', 'HOUR', 'MINUTE', 'DATETIME']
2026-09-16 05:05:30 | DEBUG    | get_file_path        | Generated file path: data/2026/09/2026-09-16.xlsx
2026-09-16 05:05:30 | INFO     | save_data            | Saving data to: data/2026/09/2026-09-16.xlsx
2026-09-16 05:05:30 | DEBUG    | _create_backup       | Backup created: data/2026/09/backups/2026-09-16_backup_20260916_050530.xlsx
2026-09-16 05:05:30 | DEBUG    | _cleanup_old_backups | Removed old backup: 2026-09-16_backup_20260916_043956.xlsx
2026-09-16 05:05:30 | DEBUG    | save_data            | Existing file found, merging data...
2026-09-16 05:05:30 | DEBUG    | save_data            | Loaded 9454 existing rows
2026-09-16 05:05:30 | DEBUG    | save_data            | Combined to 9857 rows
2026-09-16 05:05:30 | DEBUG    | save_data            | Writing to temporary file...
2026-09-16 05:05:31 | DEBUG    | save_data            | Data written to temp file: /home/runner/work/Thalorae-BackLioraen/Thalorae-BackLioraen/data/2026/09/tmpofrxf2o3.xlsx
2026-09-16 05:05:31 | DEBUG    | save_data            | Temp file moved to final location
2026-09-16 05:05:31 | INFO     | save_data            | ✅ Data saved successfully (9857 total rows, 723,368 bytes)
2026-09-16 05:05:31 | INFO     | run                  | ======================================================================
2026-09-16 05:05:31 | INFO     | run                  | 📊 EXECUTION SUMMARY:
2026-09-16 05:05:31 | INFO     | run                  |    ✅ Status: SUCCESS
2026-09-16 05:05:31 | INFO     | run                  |    - Rows processed: 403
2026-09-16 05:05:31 | INFO     | run                  |    - Unique symbols: 403
2026-09-16 05:05:31 | INFO     | run                  |    - Timestamp: 2026-09-16 10:05:24
2026-09-16 05:05:31 | INFO     | run                  |    - File: data/2026/09/2026-09-16.xlsx
2026-09-16 05:05:31 | INFO     | run                  | ======================================================================
2026-09-16 05:05:31 | DEBUG    | run                  | Sample data (first row):
2026-09-16 05:05:31 | DEBUG    | run                  | {'SYMBOL': 'CNERGY', 'SECTOR': 825, 'LDCP': 12.81, 'OPEN': 12.82, 'HIGH': 12.93, 'LOW': 12.7, 'CURRENT': 12.84, 'CHANGE': 0.03, 'CHANGE (%)': nan, 'VOLUME': 5444304, 'YEAR': 2026, 'MONTH': 9, 'DAY': 16, 'HOUR': 10, 'MINUTE': 5, 'DATETIME': '2026-09-16 10:05'}
2026-09-16 05:05:31 | DEBUG    | close                | Session closed
2026-09-16 05:10:32 | INFO     | run                  | ======================================================================
2026-09-16 05:10:32 | INFO     | run                  | 🚀 MARKET DATA SCRAPER - SINGLE EXECUTION
2026-09-16 05:10:32 | INFO     | run                  | ======================================================================
2026-09-16 05:10:32 | INFO     | run                  | Execution Time: 2026-09-16 10:10:32 PKT
2026-09-16 05:10:32 | INFO     | run                  | Configuration:
2026-09-16 05:10:32 | INFO     | run                  |    - Timezone: Asia/Karachi
2026-09-16 05:10:32 | INFO     | run                  |    - Data directory: data
2026-09-16 05:10:32 | INFO     | run                  |    - Log directory: logs
2026-09-16 05:10:32 | INFO     | run                  |    - Excluded symbols: {'XT', 'XD', 'XR', 'XS'}
2026-09-16 05:10:32 | INFO     | run                  | ======================================================================
2026-09-16 05:10:32 | INFO     | fetch_data           | Fetching data (Attempt 1/3)...
2026-09-16 05:10:32 | DEBUG    | fetch_data           | Establishing session with https://dps.psx.com.pk/
2026-09-16 05:10:34 | DEBUG    | fetch_data           | Requesting data from https://dps.psx.com.pk/market-watch
2026-09-16 05:10:36 | DEBUG    | fetch_data           | Response status: 200
2026-09-16 05:10:36 | DEBUG    | fetch_data           | Response content type: text/html; charset=utf-8
2026-09-16 05:10:36 | DEBUG    | fetch_data           | Response size: 392390 bytes
2026-09-16 05:10:36 | INFO     | fetch_data           | ✅ Data fetched successfully (Status: 200)
2026-09-16 05:10:36 | DEBUG    | parse_json           | Attempting JSON parsing...
2026-09-16 05:10:36 | DEBUG    | parse_json           | Response preview: <table class="tbl" data-page-length="25"><thead class="tbl__head"><!-- tr--><!--   th(colspan="11")--><!--   th.center(colspan="2", style="width: 110px;") TOTAL BUY ORDERS--><!--   th.center(colspan="2", style="width: 110px;") TOTAL SELL ORDERS--><tr><th data-name="symbol">SYMBOL</th><th data-name="sector">SECTOR</th><th data-name="listed">LISTED IN</th><th class="right" data-name="ldcp">LDCP</th><th class="right" data-name="open">OPEN</th><th class="right" data-name="high">HIGH</th><th class="r
2026-09-16 05:10:36 | WARNING  | parse_json           | ⚠️ JSON parsing failed: Expecting value: line 1 column 1 (char 0)
2026-09-16 05:10:36 | INFO     | run                  | JSON parsing failed, trying HTML fallback...
2026-09-16 05:10:36 | INFO     | parse_html           | Attempting HTML fallback parsing...
2026-09-16 05:10:36 | DEBUG    | parse_html           | Found 1 table(s) in HTML
2026-09-16 05:10:36 | DEBUG    | parse_html           | Table columns: ['SYMBOL', 'SECTOR', 'LISTED IN', 'LDCP', 'OPEN', 'HIGH', 'LOW', 'CURRENT', 'CHANGE', 'CHANGE (%)', 'VOLUME']
2026-09-16 05:10:36 | DEBUG    | parse_html           | Table shape: (410, 11)
2026-09-16 05:10:36 | INFO     | parse_html           | ✅ HTML parsed successfully (410 rows)
2026-09-16 05:10:36 | INFO     | clean_data           | Cleaning data...
2026-09-16 05:10:36 | DEBUG    | clean_data           | Initial shape: (410, 11)
2026-09-16 05:10:36 | DEBUG    | clean_data           | Initial columns: ['SYMBOL', 'SECTOR', 'LISTED IN', 'LDCP', 'OPEN', 'HIGH', 'LOW', 'CURRENT', 'CHANGE', 'CHANGE (%)', 'VOLUME']
2026-09-16 05:10:36 | DEBUG    | clean_data           | Removed 'LISTED IN' column
2026-09-16 05:10:36 | DEBUG    | clean_data           | Converted LDCP from float64 to numeric
2026-09-16 05:10:36 | DEBUG    | clean_data           | Converted OPEN from float64 to numeric
2026-09-16 05:10:36 | DEBUG    | clean_data           | Converted HIGH from float64 to numeric
2026-09-16 05:10:36 | DEBUG    | clean_data           | Converted LOW from float64 to numeric
2026-09-16 05:10:36 | DEBUG    | clean_data           | Converted CURRENT from float64 to numeric
2026-09-16 05:10:36 | DEBUG    | clean_data           | Converted CHANGE from float64 to numeric
2026-09-16 05:10:36 | WARNING  | clean_data           | Column CHANGE (%): 410 values could not be converted to numeric
2026-09-16 05:10:36 | DEBUG    | clean_data           | Converted CHANGE (%) from str to numeric
2026-09-16 05:10:36 | DEBUG    | clean_data           | Converted VOLUME from int64 to numeric
2026-09-16 05:10:36 | INFO     | clean_data           | ✅ Data cleaned (410 rows, 16 columns)
2026-09-16 05:10:36 | DEBUG    | clean_data           | Final columns: ['SYMBOL', 'SECTOR', 'LDCP', 'OPEN', 'HIGH', 'LOW', 'CURRENT', 'CHANGE', 'CHANGE (%)', 'VOLUME', 'YEAR', 'MONTH', 'DAY', 'HOUR', 'MINUTE', 'DATETIME']
2026-09-16 05:10:36 | DEBUG    | get_file_path        | Generated file path: data/2026/09/2026-09-16.xlsx
2026-09-16 05:10:36 | INFO     | save_data            | Saving data to: data/2026/09/2026-09-16.xlsx
2026-09-16 05:10:36 | DEBUG    | _create_backup       | Backup created: data/2026/09/backups/2026-09-16_backup_20260916_051036.xlsx
2026-09-16 05:10:36 | DEBUG    | _cleanup_old_backups | Removed old backup: 2026-09-16_backup_20260916_044502.xlsx
2026-09-16 05:10:36 | DEBUG    | save_data            | Existing file found, merging data...
2026-09-16 05:10:37 | DEBUG    | save_data            | Loaded 9857 existing rows
2026-09-16 05:10:37 | DEBUG    | save_data            | Combined to 10267 rows
2026-09-16 05:10:37 | DEBUG    | save_data            | Writing to temporary file...
2026-09-16 05:10:38 | DEBUG    | save_data            | Data written to temp file: /home/runner/work/Thalorae-BackLioraen/Thalorae-BackLioraen/data/2026/09/tmp2fij_6c9.xlsx
2026-09-16 05:10:38 | DEBUG    | save_data            | Temp file moved to final location
2026-09-16 05:10:38 | INFO     | save_data            | ✅ Data saved successfully (10267 total rows, 753,077 bytes)
2026-09-16 05:10:38 | INFO     | run                  | ======================================================================
2026-09-16 05:10:38 | INFO     | run                  | 📊 EXECUTION SUMMARY:
2026-09-16 05:10:38 | INFO     | run                  |    ✅ Status: SUCCESS
2026-09-16 05:10:38 | INFO     | run                  |    - Rows processed: 410
2026-09-16 05:10:38 | INFO     | run                  |    - Unique symbols: 410
2026-09-16 05:10:38 | INFO     | run                  |    - Timestamp: 2026-09-16 10:10:32
2026-09-16 05:10:38 | INFO     | run                  |    - File: data/2026/09/2026-09-16.xlsx
2026-09-16 05:10:38 | INFO     | run                  | ======================================================================
2026-09-16 05:10:38 | DEBUG    | run                  | Sample data (first row):
2026-09-16 05:10:38 | DEBUG    | run                  | {'SYMBOL': 'CNERGY', 'SECTOR': 825, 'LDCP': 12.81, 'OPEN': 12.82, 'HIGH': 12.93, 'LOW': 12.7, 'CURRENT': 12.83, 'CHANGE': 0.02, 'CHANGE (%)': nan, 'VOLUME': 5524350, 'YEAR': 2026, 'MONTH': 9, 'DAY': 16, 'HOUR': 10, 'MINUTE': 10, 'DATETIME': '2026-09-16 10:10'}
2026-09-16 05:10:38 | DEBUG    | close                | Session closed
2026-09-16 05:15:39 | INFO     | run                  | ======================================================================
2026-09-16 05:15:39 | INFO     | run                  | 🚀 MARKET DATA SCRAPER - SINGLE EXECUTION
2026-09-16 05:15:39 | INFO     | run                  | ======================================================================
2026-09-16 05:15:39 | INFO     | run                  | Execution Time: 2026-09-16 10:15:39 PKT
2026-09-16 05:15:39 | INFO     | run                  | Configuration:
2026-09-16 05:15:39 | INFO     | run                  |    - Timezone: Asia/Karachi
2026-09-16 05:15:39 | INFO     | run                  |    - Data directory: data
2026-09-16 05:15:39 | INFO     | run                  |    - Log directory: logs
2026-09-16 05:15:39 | INFO     | run                  |    - Excluded symbols: {'XD', 'XR', 'XS', 'XT'}
2026-09-16 05:15:39 | INFO     | run                  | ======================================================================
2026-09-16 05:15:39 | INFO     | fetch_data           | Fetching data (Attempt 1/3)...
2026-09-16 05:15:39 | DEBUG    | fetch_data           | Establishing session with https://dps.psx.com.pk/
2026-09-16 05:15:42 | DEBUG    | fetch_data           | Requesting data from https://dps.psx.com.pk/market-watch
2026-09-16 05:15:45 | DEBUG    | fetch_data           | Response status: 200
2026-09-16 05:15:45 | DEBUG    | fetch_data           | Response content type: text/html; charset=utf-8
2026-09-16 05:15:45 | DEBUG    | fetch_data           | Response size: 399210 bytes
2026-09-16 05:15:45 | INFO     | fetch_data           | ✅ Data fetched successfully (Status: 200)
2026-09-16 05:15:45 | DEBUG    | parse_json           | Attempting JSON parsing...
2026-09-16 05:15:45 | DEBUG    | parse_json           | Response preview: <table class="tbl" data-page-length="25"><thead class="tbl__head"><!-- tr--><!--   th(colspan="11")--><!--   th.center(colspan="2", style="width: 110px;") TOTAL BUY ORDERS--><!--   th.center(colspan="2", style="width: 110px;") TOTAL SELL ORDERS--><tr><th data-name="symbol">SYMBOL</th><th data-name="sector">SECTOR</th><th data-name="listed">LISTED IN</th><th class="right" data-name="ldcp">LDCP</th><th class="right" data-name="open">OPEN</th><th class="right" data-name="high">HIGH</th><th class="r
2026-09-16 05:15:45 | WARNING  | parse_json           | ⚠️ JSON parsing failed: Expecting value: line 1 column 1 (char 0)
2026-09-16 05:15:45 | INFO     | run                  | JSON parsing failed, trying HTML fallback...
2026-09-16 05:15:45 | INFO     | parse_html           | Attempting HTML fallback parsing...
2026-09-16 05:15:45 | DEBUG    | parse_html           | Found 1 table(s) in HTML
2026-09-16 05:15:45 | DEBUG    | parse_html           | Table columns: ['SYMBOL', 'SECTOR', 'LISTED IN', 'LDCP', 'OPEN', 'HIGH', 'LOW', 'CURRENT', 'CHANGE', 'CHANGE (%)', 'VOLUME']
2026-09-16 05:15:45 | DEBUG    | parse_html           | Table shape: (417, 11)
2026-09-16 05:15:45 | INFO     | parse_html           | ✅ HTML parsed successfully (417 rows)
2026-09-16 05:15:45 | INFO     | clean_data           | Cleaning data...
2026-09-16 05:15:45 | DEBUG    | clean_data           | Initial shape: (417, 11)
2026-09-16 05:15:45 | DEBUG    | clean_data           | Initial columns: ['SYMBOL', 'SECTOR', 'LISTED IN', 'LDCP', 'OPEN', 'HIGH', 'LOW', 'CURRENT', 'CHANGE', 'CHANGE (%)', 'VOLUME']
2026-09-16 05:15:45 | DEBUG    | clean_data           | Removed 'LISTED IN' column
2026-09-16 05:15:45 | DEBUG    | clean_data           | Converted LDCP from float64 to numeric
2026-09-16 05:15:45 | DEBUG    | clean_data           | Converted OPEN from float64 to numeric
2026-09-16 05:15:45 | DEBUG    | clean_data           | Converted HIGH from float64 to numeric
2026-09-16 05:15:45 | DEBUG    | clean_data           | Converted LOW from float64 to numeric
2026-09-16 05:15:45 | DEBUG    | clean_data           | Converted CURRENT from float64 to numeric
2026-09-16 05:15:45 | DEBUG    | clean_data           | Converted CHANGE from float64 to numeric
2026-09-16 05:15:45 | WARNING  | clean_data           | Column CHANGE (%): 417 values could not be converted to numeric
2026-09-16 05:15:45 | DEBUG    | clean_data           | Converted CHANGE (%) from str to numeric
2026-09-16 05:15:45 | DEBUG    | clean_data           | Converted VOLUME from int64 to numeric
2026-09-16 05:15:45 | INFO     | clean_data           | ✅ Data cleaned (417 rows, 16 columns)
2026-09-16 05:15:45 | DEBUG    | clean_data           | Final columns: ['SYMBOL', 'SECTOR', 'LDCP', 'OPEN', 'HIGH', 'LOW', 'CURRENT', 'CHANGE', 'CHANGE (%)', 'VOLUME', 'YEAR', 'MONTH', 'DAY', 'HOUR', 'MINUTE', 'DATETIME']
2026-09-16 05:15:45 | DEBUG    | get_file_path        | Generated file path: data/2026/09/2026-09-16.xlsx
2026-09-16 05:15:45 | INFO     | save_data            | Saving data to: data/2026/09/2026-09-16.xlsx
2026-09-16 05:15:45 | DEBUG    | _create_backup       | Backup created: data/2026/09/backups/2026-09-16_backup_20260916_051545.xlsx
2026-09-16 05:15:45 | DEBUG    | _cleanup_old_backups | Removed old backup: 2026-09-16_backup_20260916_045009.xlsx
2026-09-16 05:15:45 | DEBUG    | save_data            | Existing file found, merging data...
2026-09-16 05:15:46 | DEBUG    | save_data            | Loaded 10267 existing rows
2026-09-16 05:15:46 | DEBUG    | save_data            | Combined to 10684 rows
2026-09-16 05:15:46 | DEBUG    | save_data            | Writing to temporary file...
2026-09-16 05:15:47 | DEBUG    | save_data            | Data written to temp file: /home/runner/work/Thalorae-BackLioraen/Thalorae-BackLioraen/data/2026/09/tmpkitqylpy.xlsx
2026-09-16 05:15:47 | DEBUG    | save_data            | Temp file moved to final location
2026-09-16 05:15:47 | INFO     | save_data            | ✅ Data saved successfully (10684 total rows, 783,365 bytes)
2026-09-16 05:15:47 | INFO     | run                  | ======================================================================
2026-09-16 05:15:47 | INFO     | run                  | 📊 EXECUTION SUMMARY:
2026-09-16 05:15:47 | INFO     | run                  |    ✅ Status: SUCCESS
2026-09-16 05:15:47 | INFO     | run                  |    - Rows processed: 417
2026-09-16 05:15:47 | INFO     | run                  |    - Unique symbols: 417
2026-09-16 05:15:47 | INFO     | run                  |    - Timestamp: 2026-09-16 10:15:39
2026-09-16 05:15:47 | INFO     | run                  |    - File: data/2026/09/2026-09-16.xlsx
2026-09-16 05:15:47 | INFO     | run                  | ======================================================================
2026-09-16 05:15:47 | DEBUG    | run                  | Sample data (first row):
2026-09-16 05:15:47 | DEBUG    | run                  | {'SYMBOL': 'CNERGY', 'SECTOR': 825, 'LDCP': 12.81, 'OPEN': 12.82, 'HIGH': 12.93, 'LOW': 12.7, 'CURRENT': 12.83, 'CHANGE': 0.02, 'CHANGE (%)': nan, 'VOLUME': 5545374, 'YEAR': 2026, 'MONTH': 9, 'DAY': 16, 'HOUR': 10, 'MINUTE': 15, 'DATETIME': '2026-09-16 10:15'}
2026-09-16 05:15:47 | DEBUG    | close                | Session closed
2026-09-16 05:20:48 | INFO     | run                  | ======================================================================
2026-09-16 05:20:48 | INFO     | run                  | 🚀 MARKET DATA SCRAPER - SINGLE EXECUTION
2026-09-16 05:20:48 | INFO     | run                  | ======================================================================
2026-09-16 05:20:48 | INFO     | run                  | Execution Time: 2026-09-16 10:20:48 PKT
2026-09-16 05:20:48 | INFO     | run                  | Configuration:
2026-09-16 05:20:48 | INFO     | run                  |    - Timezone: Asia/Karachi
2026-09-16 05:20:48 | INFO     | run                  |    - Data directory: data
2026-09-16 05:20:48 | INFO     | run                  |    - Log directory: logs
2026-09-16 05:20:48 | INFO     | run                  |    - Excluded symbols: {'XT', 'XR', 'XS', 'XD'}
2026-09-16 05:20:48 | INFO     | run                  | ======================================================================
2026-09-16 05:20:48 | INFO     | fetch_data           | Fetching data (Attempt 1/3)...
2026-09-16 05:20:48 | DEBUG    | fetch_data           | Establishing session with https://dps.psx.com.pk/
2026-09-16 05:20:51 | DEBUG    | fetch_data           | Requesting data from https://dps.psx.com.pk/market-watch
2026-09-16 05:20:52 | DEBUG    | fetch_data           | Response status: 200
2026-09-16 05:20:52 | DEBUG    | fetch_data           | Response content type: text/html; charset=utf-8
2026-09-16 05:20:52 | DEBUG    | fetch_data           | Response size: 403915 bytes
2026-09-16 05:20:52 | INFO     | fetch_data           | ✅ Data fetched successfully (Status: 200)
2026-09-16 05:20:52 | DEBUG    | parse_json           | Attempting JSON parsing...
2026-09-16 05:20:52 | DEBUG    | parse_json           | Response preview: <table class="tbl" data-page-length="25"><thead class="tbl__head"><!-- tr--><!--   th(colspan="11")--><!--   th.center(colspan="2", style="width: 110px;") TOTAL BUY ORDERS--><!--   th.center(colspan="2", style="width: 110px;") TOTAL SELL ORDERS--><tr><th data-name="symbol">SYMBOL</th><th data-name="sector">SECTOR</th><th data-name="listed">LISTED IN</th><th class="right" data-name="ldcp">LDCP</th><th class="right" data-name="open">OPEN</th><th class="right" data-name="high">HIGH</th><th class="r
2026-09-16 05:20:52 | WARNING  | parse_json           | ⚠️ JSON parsing failed: Expecting value: line 1 column 1 (char 0)
2026-09-16 05:20:52 | INFO     | run                  | JSON parsing failed, trying HTML fallback...
2026-09-16 05:20:52 | INFO     | parse_html           | Attempting HTML fallback parsing...
2026-09-16 05:20:52 | DEBUG    | parse_html           | Found 1 table(s) in HTML
2026-09-16 05:20:52 | DEBUG    | parse_html           | Table columns: ['SYMBOL', 'SECTOR', 'LISTED IN', 'LDCP', 'OPEN', 'HIGH', 'LOW', 'CURRENT', 'CHANGE', 'CHANGE (%)', 'VOLUME']
2026-09-16 05:20:52 | DEBUG    | parse_html           | Table shape: (422, 11)
2026-09-16 05:20:52 | INFO     | parse_html           | ✅ HTML parsed successfully (422 rows)
2026-09-16 05:20:52 | INFO     | clean_data           | Cleaning data...
2026-09-16 05:20:52 | DEBUG    | clean_data           | Initial shape: (422, 11)
2026-09-16 05:20:52 | DEBUG    | clean_data           | Initial columns: ['SYMBOL', 'SECTOR', 'LISTED IN', 'LDCP', 'OPEN', 'HIGH', 'LOW', 'CURRENT', 'CHANGE', 'CHANGE (%)', 'VOLUME']
2026-09-16 05:20:52 | DEBUG    | clean_data           | Removed 'LISTED IN' column
2026-09-16 05:20:52 | DEBUG    | clean_data           | Converted LDCP from float64 to numeric
2026-09-16 05:20:52 | DEBUG    | clean_data           | Converted OPEN from float64 to numeric
2026-09-16 05:20:52 | DEBUG    | clean_data           | Converted HIGH from float64 to numeric
2026-09-16 05:20:52 | DEBUG    | clean_data           | Converted LOW from float64 to numeric
2026-09-16 05:20:52 | DEBUG    | clean_data           | Converted CURRENT from float64 to numeric
2026-09-16 05:20:52 | DEBUG    | clean_data           | Converted CHANGE from float64 to numeric
2026-09-16 05:20:52 | WARNING  | clean_data           | Column CHANGE (%): 422 values could not be converted to numeric
2026-09-16 05:20:52 | DEBUG    | clean_data           | Converted CHANGE (%) from str to numeric
2026-09-16 05:20:52 | DEBUG    | clean_data           | Converted VOLUME from int64 to numeric
2026-09-16 05:20:52 | INFO     | clean_data           | ✅ Data cleaned (422 rows, 16 columns)
2026-09-16 05:20:52 | DEBUG    | clean_data           | Final columns: ['SYMBOL', 'SECTOR', 'LDCP', 'OPEN', 'HIGH', 'LOW', 'CURRENT', 'CHANGE', 'CHANGE (%)', 'VOLUME', 'YEAR', 'MONTH', 'DAY', 'HOUR', 'MINUTE', 'DATETIME']
2026-09-16 05:20:52 | DEBUG    | get_file_path        | Generated file path: data/2026/09/2026-09-16.xlsx
2026-09-16 05:20:52 | INFO     | save_data            | Saving data to: data/2026/09/2026-09-16.xlsx
2026-09-16 05:20:52 | DEBUG    | _create_backup       | Backup created: data/2026/09/backups/2026-09-16_backup_20260916_052052.xlsx
2026-09-16 05:20:52 | DEBUG    | _cleanup_old_backups | Removed old backup: 2026-09-16_backup_20260916_045515.xlsx
2026-09-16 05:20:52 | DEBUG    | save_data            | Existing file found, merging data...
2026-09-16 05:20:52 | DEBUG    | save_data            | Loaded 10684 existing rows
2026-09-16 05:20:52 | DEBUG    | save_data            | Combined to 11106 rows
2026-09-16 05:20:52 | DEBUG    | save_data            | Writing to temporary file...
2026-09-16 05:20:54 | DEBUG    | save_data            | Data written to temp file: /home/runner/work/Thalorae-BackLioraen/Thalorae-BackLioraen/data/2026/09/tmp0orz5_9w.xlsx
2026-09-16 05:20:54 | DEBUG    | save_data            | Temp file moved to final location
2026-09-16 05:20:54 | INFO     | save_data            | ✅ Data saved successfully (11106 total rows, 814,053 bytes)
2026-09-16 05:20:54 | INFO     | run                  | ======================================================================
2026-09-16 05:20:54 | INFO     | run                  | 📊 EXECUTION SUMMARY:
2026-09-16 05:20:54 | INFO     | run                  |    ✅ Status: SUCCESS
2026-09-16 05:20:54 | INFO     | run                  |    - Rows processed: 422
2026-09-16 05:20:54 | INFO     | run                  |    - Unique symbols: 422
2026-09-16 05:20:54 | INFO     | run                  |    - Timestamp: 2026-09-16 10:20:48
2026-09-16 05:20:54 | INFO     | run                  |    - File: data/2026/09/2026-09-16.xlsx
2026-09-16 05:20:54 | INFO     | run                  | ======================================================================
2026-09-16 05:20:54 | DEBUG    | run                  | Sample data (first row):
2026-09-16 05:20:54 | DEBUG    | run                  | {'SYMBOL': 'WTL', 'SECTOR': 828, 'LDCP': 1.06, 'OPEN': 1.05, 'HIGH': 1.1, 'LOW': 1.03, 'CURRENT': 1.05, 'CHANGE': -0.01, 'CHANGE (%)': nan, 'VOLUME': 6118746, 'YEAR': 2026, 'MONTH': 9, 'DAY': 16, 'HOUR': 10, 'MINUTE': 20, 'DATETIME': '2026-09-16 10:20'}
2026-09-16 05:20:54 | DEBUG    | close                | Session closed
2026-09-16 05:25:54 | INFO     | run                  | ======================================================================
2026-09-16 05:25:54 | INFO     | run                  | 🚀 MARKET DATA SCRAPER - SINGLE EXECUTION
2026-09-16 05:25:54 | INFO     | run                  | ======================================================================
2026-09-16 05:25:54 | INFO     | run                  | Execution Time: 2026-09-16 10:25:54 PKT
2026-09-16 05:25:54 | INFO     | run                  | Configuration:
2026-09-16 05:25:54 | INFO     | run                  |    - Timezone: Asia/Karachi
2026-09-16 05:25:54 | INFO     | run                  |    - Data directory: data
2026-09-16 05:25:54 | INFO     | run                  |    - Log directory: logs
2026-09-16 05:25:54 | INFO     | run                  |    - Excluded symbols: {'XD', 'XT', 'XS', 'XR'}
2026-09-16 05:25:54 | INFO     | run                  | ======================================================================
2026-09-16 05:25:54 | INFO     | fetch_data           | Fetching data (Attempt 1/3)...
2026-09-16 05:25:54 | DEBUG    | fetch_data           | Establishing session with https://dps.psx.com.pk/
2026-09-16 05:25:56 | DEBUG    | fetch_data           | Requesting data from https://dps.psx.com.pk/market-watch
2026-09-16 05:25:58 | DEBUG    | fetch_data           | Response status: 200
2026-09-16 05:25:58 | DEBUG    | fetch_data           | Response content type: text/html; charset=utf-8
2026-09-16 05:25:58 | DEBUG    | fetch_data           | Response size: 409543 bytes
2026-09-16 05:25:58 | INFO     | fetch_data           | ✅ Data fetched successfully (Status: 200)
2026-09-16 05:25:58 | DEBUG    | parse_json           | Attempting JSON parsing...
2026-09-16 05:25:58 | DEBUG    | parse_json           | Response preview: <table class="tbl" data-page-length="25"><thead class="tbl__head"><!-- tr--><!--   th(colspan="11")--><!--   th.center(colspan="2", style="width: 110px;") TOTAL BUY ORDERS--><!--   th.center(colspan="2", style="width: 110px;") TOTAL SELL ORDERS--><tr><th data-name="symbol">SYMBOL</th><th data-name="sector">SECTOR</th><th data-name="listed">LISTED IN</th><th class="right" data-name="ldcp">LDCP</th><th class="right" data-name="open">OPEN</th><th class="right" data-name="high">HIGH</th><th class="r
2026-09-16 05:25:58 | WARNING  | parse_json           | ⚠️ JSON parsing failed: Expecting value: line 1 column 1 (char 0)
2026-09-16 05:25:58 | INFO     | run                  | JSON parsing failed, trying HTML fallback...
2026-09-16 05:25:58 | INFO     | parse_html           | Attempting HTML fallback parsing...
2026-09-16 05:25:58 | DEBUG    | parse_html           | Found 1 table(s) in HTML
2026-09-16 05:25:58 | DEBUG    | parse_html           | Table columns: ['SYMBOL', 'SECTOR', 'LISTED IN', 'LDCP', 'OPEN', 'HIGH', 'LOW', 'CURRENT', 'CHANGE', 'CHANGE (%)', 'VOLUME']
2026-09-16 05:25:58 | DEBUG    | parse_html           | Table shape: (428, 11)
2026-09-16 05:25:58 | INFO     | parse_html           | ✅ HTML parsed successfully (428 rows)
2026-09-16 05:25:58 | INFO     | clean_data           | Cleaning data...
2026-09-16 05:25:58 | DEBUG    | clean_data           | Initial shape: (428, 11)
2026-09-16 05:25:58 | DEBUG    | clean_data           | Initial columns: ['SYMBOL', 'SECTOR', 'LISTED IN', 'LDCP', 'OPEN', 'HIGH', 'LOW', 'CURRENT', 'CHANGE', 'CHANGE (%)', 'VOLUME']
2026-09-16 05:25:58 | DEBUG    | clean_data           | Removed 'LISTED IN' column
2026-09-16 05:25:58 | DEBUG    | clean_data           | Converted LDCP from float64 to numeric
2026-09-16 05:25:58 | DEBUG    | clean_data           | Converted OPEN from float64 to numeric
2026-09-16 05:25:58 | DEBUG    | clean_data           | Converted HIGH from float64 to numeric
2026-09-16 05:25:58 | DEBUG    | clean_data           | Converted LOW from float64 to numeric
2026-09-16 05:25:58 | DEBUG    | clean_data           | Converted CURRENT from float64 to numeric
2026-09-16 05:25:58 | DEBUG    | clean_data           | Converted CHANGE from float64 to numeric
2026-09-16 05:25:58 | WARNING  | clean_data           | Column CHANGE (%): 428 values could not be converted to numeric
2026-09-16 05:25:58 | DEBUG    | clean_data           | Converted CHANGE (%) from str to numeric
2026-09-16 05:25:58 | DEBUG    | clean_data           | Converted VOLUME from int64 to numeric
2026-09-16 05:25:58 | INFO     | clean_data           | ✅ Data cleaned (428 rows, 16 columns)
2026-09-16 05:25:58 | DEBUG    | clean_data           | Final columns: ['SYMBOL', 'SECTOR', 'LDCP', 'OPEN', 'HIGH', 'LOW', 'CURRENT', 'CHANGE', 'CHANGE (%)', 'VOLUME', 'YEAR', 'MONTH', 'DAY', 'HOUR', 'MINUTE', 'DATETIME']
2026-09-16 05:25:58 | DEBUG    | get_file_path        | Generated file path: data/2026/09/2026-09-16.xlsx
2026-09-16 05:25:58 | INFO     | save_data            | Saving data to: data/2026/09/2026-09-16.xlsx
2026-09-16 05:25:58 | DEBUG    | _create_backup       | Backup created: data/2026/09/backups/2026-09-16_backup_20260916_052558.xlsx
2026-09-16 05:25:58 | DEBUG    | _cleanup_old_backups | Removed old backup: 2026-09-16_backup_20260916_050022.xlsx
2026-09-16 05:25:58 | DEBUG    | save_data            | Existing file found, merging data...
2026-09-16 05:25:58 | DEBUG    | save_data            | Loaded 11106 existing rows
2026-09-16 05:25:58 | DEBUG    | save_data            | Combined to 11534 rows
2026-09-16 05:25:58 | DEBUG    | save_data            | Writing to temporary file...
2026-09-16 05:26:00 | DEBUG    | save_data            | Data written to temp file: /home/runner/work/Thalorae-BackLioraen/Thalorae-BackLioraen/data/2026/09/tmp0ublkg_1.xlsx
2026-09-16 05:26:00 | DEBUG    | save_data            | Temp file moved to final location
2026-09-16 05:26:00 | INFO     | save_data            | ✅ Data saved successfully (11534 total rows, 845,129 bytes)
2026-09-16 05:26:00 | INFO     | run                  | ======================================================================
2026-09-16 05:26:00 | INFO     | run                  | 📊 EXECUTION SUMMARY:
2026-09-16 05:26:00 | INFO     | run                  |    ✅ Status: SUCCESS
2026-09-16 05:26:00 | INFO     | run                  |    - Rows processed: 428
2026-09-16 05:26:00 | INFO     | run                  |    - Unique symbols: 428
2026-09-16 05:26:00 | INFO     | run                  |    - Timestamp: 2026-09-16 10:25:54
2026-09-16 05:26:00 | INFO     | run                  |    - File: data/2026/09/2026-09-16.xlsx
2026-09-16 05:26:00 | INFO     | run                  | ======================================================================
2026-09-16 05:26:00 | DEBUG    | run                  | Sample data (first row):
2026-09-16 05:26:00 | DEBUG    | run                  | {'SYMBOL': 'WTL', 'SECTOR': 828, 'LDCP': 1.06, 'OPEN': 1.05, 'HIGH': 1.1, 'LOW': 1.03, 'CURRENT': 1.05, 'CHANGE': -0.01, 'CHANGE (%)': nan, 'VOLUME': 8130514, 'YEAR': 2026, 'MONTH': 9, 'DAY': 16, 'HOUR': 10, 'MINUTE': 25, 'DATETIME': '2026-09-16 10:25'}
2026-09-16 05:26:00 | DEBUG    | close                | Session closed
2026-09-16 05:31:00 | INFO     | run                  | ======================================================================
2026-09-16 05:31:00 | INFO     | run                  | 🚀 MARKET DATA SCRAPER - SINGLE EXECUTION
2026-09-16 05:31:00 | INFO     | run                  | ======================================================================
2026-09-16 05:31:00 | INFO     | run                  | Execution Time: 2026-09-16 10:31:00 PKT
2026-09-16 05:31:00 | INFO     | run                  | Configuration:
2026-09-16 05:31:00 | INFO     | run                  |    - Timezone: Asia/Karachi
2026-09-16 05:31:00 | INFO     | run                  |    - Data directory: data
2026-09-16 05:31:00 | INFO     | run                  |    - Log directory: logs
2026-09-16 05:31:00 | INFO     | run                  |    - Excluded symbols: {'XT', 'XS', 'XD', 'XR'}
2026-09-16 05:31:00 | INFO     | run                  | ======================================================================
2026-09-16 05:31:00 | INFO     | fetch_data           | Fetching data (Attempt 1/3)...
2026-09-16 05:31:00 | DEBUG    | fetch_data           | Establishing session with https://dps.psx.com.pk/
2026-09-16 05:31:02 | DEBUG    | fetch_data           | Requesting data from https://dps.psx.com.pk/market-watch
2026-09-16 05:31:04 | DEBUG    | fetch_data           | Response status: 200
2026-09-16 05:31:04 | DEBUG    | fetch_data           | Response content type: text/html; charset=utf-8
2026-09-16 05:31:04 | DEBUG    | fetch_data           | Response size: 419050 bytes
2026-09-16 05:31:04 | INFO     | fetch_data           | ✅ Data fetched successfully (Status: 200)
2026-09-16 05:31:04 | DEBUG    | parse_json           | Attempting JSON parsing...
2026-09-16 05:31:04 | DEBUG    | parse_json           | Response preview: <table class="tbl" data-page-length="25"><thead class="tbl__head"><!-- tr--><!--   th(colspan="11")--><!--   th.center(colspan="2", style="width: 110px;") TOTAL BUY ORDERS--><!--   th.center(colspan="2", style="width: 110px;") TOTAL SELL ORDERS--><tr><th data-name="symbol">SYMBOL</th><th data-name="sector">SECTOR</th><th data-name="listed">LISTED IN</th><th class="right" data-name="ldcp">LDCP</th><th class="right" data-name="open">OPEN</th><th class="right" data-name="high">HIGH</th><th class="r
2026-09-16 05:31:04 | WARNING  | parse_json           | ⚠️ JSON parsing failed: Expecting value: line 1 column 1 (char 0)
2026-09-16 05:31:04 | INFO     | run                  | JSON parsing failed, trying HTML fallback...
2026-09-16 05:31:04 | INFO     | parse_html           | Attempting HTML fallback parsing...
2026-09-16 05:31:04 | DEBUG    | parse_html           | Found 1 table(s) in HTML
2026-09-16 05:31:04 | DEBUG    | parse_html           | Table columns: ['SYMBOL', 'SECTOR', 'LISTED IN', 'LDCP', 'OPEN', 'HIGH', 'LOW', 'CURRENT', 'CHANGE', 'CHANGE (%)', 'VOLUME']
2026-09-16 05:31:04 | DEBUG    | parse_html           | Table shape: (438, 11)
2026-09-16 05:31:04 | INFO     | parse_html           | ✅ HTML parsed successfully (438 rows)
2026-09-16 05:31:04 | INFO     | clean_data           | Cleaning data...
2026-09-16 05:31:04 | DEBUG    | clean_data           | Initial shape: (438, 11)
2026-09-16 05:31:04 | DEBUG    | clean_data           | Initial columns: ['SYMBOL', 'SECTOR', 'LISTED IN', 'LDCP', 'OPEN', 'HIGH', 'LOW', 'CURRENT', 'CHANGE', 'CHANGE (%)', 'VOLUME']
2026-09-16 05:31:04 | DEBUG    | clean_data           | Removed 'LISTED IN' column
2026-09-16 05:31:04 | DEBUG    | clean_data           | Converted LDCP from float64 to numeric
2026-09-16 05:31:04 | DEBUG    | clean_data           | Converted OPEN from float64 to numeric
2026-09-16 05:31:04 | DEBUG    | clean_data           | Converted HIGH from float64 to numeric
2026-09-16 05:31:04 | DEBUG    | clean_data           | Converted LOW from float64 to numeric
2026-09-16 05:31:04 | DEBUG    | clean_data           | Converted CURRENT from float64 to numeric
2026-09-16 05:31:04 | DEBUG    | clean_data           | Converted CHANGE from float64 to numeric
2026-09-16 05:31:04 | WARNING  | clean_data           | Column CHANGE (%): 438 values could not be converted to numeric
2026-09-16 05:31:04 | DEBUG    | clean_data           | Converted CHANGE (%) from str to numeric
2026-09-16 05:31:04 | DEBUG    | clean_data           | Converted VOLUME from int64 to numeric
2026-09-16 05:31:04 | INFO     | clean_data           | ✅ Data cleaned (438 rows, 16 columns)
2026-09-16 05:31:04 | DEBUG    | clean_data           | Final columns: ['SYMBOL', 'SECTOR', 'LDCP', 'OPEN', 'HIGH', 'LOW', 'CURRENT', 'CHANGE', 'CHANGE (%)', 'VOLUME', 'YEAR', 'MONTH', 'DAY', 'HOUR', 'MINUTE', 'DATETIME']
2026-09-16 05:31:04 | DEBUG    | get_file_path        | Generated file path: data/2026/09/2026-09-16.xlsx
2026-09-16 05:31:04 | INFO     | save_data            | Saving data to: data/2026/09/2026-09-16.xlsx
2026-09-16 05:31:04 | DEBUG    | _create_backup       | Backup created: data/2026/09/backups/2026-09-16_backup_20260916_053104.xlsx
2026-09-16 05:31:04 | DEBUG    | _cleanup_old_backups | Removed old backup: 2026-09-16_backup_20260916_050530.xlsx
2026-09-16 05:31:04 | DEBUG    | save_data            | Existing file found, merging data...
2026-09-16 05:31:05 | DEBUG    | save_data            | Loaded 11534 existing rows
2026-09-16 05:31:05 | DEBUG    | save_data            | Combined to 11972 rows
2026-09-16 05:31:05 | DEBUG    | save_data            | Writing to temporary file...
2026-09-16 05:31:06 | DEBUG    | save_data            | Data written to temp file: /home/runner/work/Thalorae-BackLioraen/Thalorae-BackLioraen/data/2026/09/tmp3xnbs1x6.xlsx
2026-09-16 05:31:06 | DEBUG    | save_data            | Temp file moved to final location
2026-09-16 05:31:06 | INFO     | save_data            | ✅ Data saved successfully (11972 total rows, 876,955 bytes)
2026-09-16 05:31:06 | INFO     | run                  | ======================================================================
2026-09-16 05:31:06 | INFO     | run                  | 📊 EXECUTION SUMMARY:
2026-09-16 05:31:06 | INFO     | run                  |    ✅ Status: SUCCESS
2026-09-16 05:31:06 | INFO     | run                  |    - Rows processed: 438
2026-09-16 05:31:06 | INFO     | run                  |    - Unique symbols: 438
2026-09-16 05:31:06 | INFO     | run                  |    - Timestamp: 2026-09-16 10:31:00
2026-09-16 05:31:06 | INFO     | run                  |    - File: data/2026/09/2026-09-16.xlsx
2026-09-16 05:31:06 | INFO     | run                  | ======================================================================
2026-09-16 05:31:06 | DEBUG    | run                  | Sample data (first row):
2026-09-16 05:31:06 | DEBUG    | run                  | {'SYMBOL': 'WTL', 'SECTOR': 828, 'LDCP': 1.06, 'OPEN': 1.05, 'HIGH': 1.1, 'LOW': 1.03, 'CURRENT': 1.04, 'CHANGE': -0.02, 'CHANGE (%)': nan, 'VOLUME': 8915731, 'YEAR': 2026, 'MONTH': 9, 'DAY': 16, 'HOUR': 10, 'MINUTE': 31, 'DATETIME': '2026-09-16 10:31'}
2026-09-16 05:31:06 | DEBUG    | close                | Session closed
2026-09-16 05:36:06 | INFO     | run                  | ======================================================================
2026-09-16 05:36:06 | INFO     | run                  | 🚀 MARKET DATA SCRAPER - SINGLE EXECUTION
2026-09-16 05:36:06 | INFO     | run                  | ======================================================================
2026-09-16 05:36:06 | INFO     | run                  | Execution Time: 2026-09-16 10:36:06 PKT
2026-09-16 05:36:06 | INFO     | run                  | Configuration:
2026-09-16 05:36:06 | INFO     | run                  |    - Timezone: Asia/Karachi
2026-09-16 05:36:06 | INFO     | run                  |    - Data directory: data
2026-09-16 05:36:06 | INFO     | run                  |    - Log directory: logs
2026-09-16 05:36:06 | INFO     | run                  |    - Excluded symbols: {'XD', 'XR', 'XS', 'XT'}
2026-09-16 05:36:06 | INFO     | run                  | ======================================================================
2026-09-16 05:36:06 | INFO     | fetch_data           | Fetching data (Attempt 1/3)...
2026-09-16 05:36:06 | DEBUG    | fetch_data           | Establishing session with https://dps.psx.com.pk/
2026-09-16 05:36:09 | DEBUG    | fetch_data           | Requesting data from https://dps.psx.com.pk/market-watch
2026-09-16 05:36:10 | DEBUG    | fetch_data           | Response status: 200
2026-09-16 05:36:10 | DEBUG    | fetch_data           | Response content type: text/html; charset=utf-8
2026-09-16 05:36:10 | DEBUG    | fetch_data           | Response size: 423928 bytes
2026-09-16 05:36:10 | INFO     | fetch_data           | ✅ Data fetched successfully (Status: 200)
2026-09-16 05:36:10 | DEBUG    | parse_json           | Attempting JSON parsing...
2026-09-16 05:36:10 | DEBUG    | parse_json           | Response preview: <table class="tbl" data-page-length="25"><thead class="tbl__head"><!-- tr--><!--   th(colspan="11")--><!--   th.center(colspan="2", style="width: 110px;") TOTAL BUY ORDERS--><!--   th.center(colspan="2", style="width: 110px;") TOTAL SELL ORDERS--><tr><th data-name="symbol">SYMBOL</th><th data-name="sector">SECTOR</th><th data-name="listed">LISTED IN</th><th class="right" data-name="ldcp">LDCP</th><th class="right" data-name="open">OPEN</th><th class="right" data-name="high">HIGH</th><th class="r
2026-09-16 05:36:10 | WARNING  | parse_json           | ⚠️ JSON parsing failed: Expecting value: line 1 column 1 (char 0)
2026-09-16 05:36:10 | INFO     | run                  | JSON parsing failed, trying HTML fallback...
2026-09-16 05:36:10 | INFO     | parse_html           | Attempting HTML fallback parsing...
2026-09-16 05:36:10 | DEBUG    | parse_html           | Found 1 table(s) in HTML
2026-09-16 05:36:10 | DEBUG    | parse_html           | Table columns: ['SYMBOL', 'SECTOR', 'LISTED IN', 'LDCP', 'OPEN', 'HIGH', 'LOW', 'CURRENT', 'CHANGE', 'CHANGE (%)', 'VOLUME']
2026-09-16 05:36:10 | DEBUG    | parse_html           | Table shape: (443, 11)
2026-09-16 05:36:10 | INFO     | parse_html           | ✅ HTML parsed successfully (443 rows)
2026-09-16 05:36:10 | INFO     | clean_data           | Cleaning data...
2026-09-16 05:36:10 | DEBUG    | clean_data           | Initial shape: (443, 11)
2026-09-16 05:36:10 | DEBUG    | clean_data           | Initial columns: ['SYMBOL', 'SECTOR', 'LISTED IN', 'LDCP', 'OPEN', 'HIGH', 'LOW', 'CURRENT', 'CHANGE', 'CHANGE (%)', 'VOLUME']
2026-09-16 05:36:10 | DEBUG    | clean_data           | Removed 'LISTED IN' column
2026-09-16 05:36:10 | DEBUG    | clean_data           | Converted LDCP from float64 to numeric
2026-09-16 05:36:10 | DEBUG    | clean_data           | Converted OPEN from float64 to numeric
2026-09-16 05:36:10 | DEBUG    | clean_data           | Converted HIGH from float64 to numeric
2026-09-16 05:36:10 | DEBUG    | clean_data           | Converted LOW from float64 to numeric
2026-09-16 05:36:10 | DEBUG    | clean_data           | Converted CURRENT from float64 to numeric
2026-09-16 05:36:10 | DEBUG    | clean_data           | Converted CHANGE from float64 to numeric
2026-09-16 05:36:10 | WARNING  | clean_data           | Column CHANGE (%): 443 values could not be converted to numeric
2026-09-16 05:36:10 | DEBUG    | clean_data           | Converted CHANGE (%) from str to numeric
2026-09-16 05:36:10 | DEBUG    | clean_data           | Converted VOLUME from int64 to numeric
2026-09-16 05:36:10 | INFO     | clean_data           | ✅ Data cleaned (443 rows, 16 columns)
2026-09-16 05:36:10 | DEBUG    | clean_data           | Final columns: ['SYMBOL', 'SECTOR', 'LDCP', 'OPEN', 'HIGH', 'LOW', 'CURRENT', 'CHANGE', 'CHANGE (%)', 'VOLUME', 'YEAR', 'MONTH', 'DAY', 'HOUR', 'MINUTE', 'DATETIME']
2026-09-16 05:36:10 | DEBUG    | get_file_path        | Generated file path: data/2026/09/2026-09-16.xlsx
2026-09-16 05:36:10 | INFO     | save_data            | Saving data to: data/2026/09/2026-09-16.xlsx
2026-09-16 05:36:10 | DEBUG    | _create_backup       | Backup created: data/2026/09/backups/2026-09-16_backup_20260916_053610.xlsx
2026-09-16 05:36:10 | DEBUG    | _cleanup_old_backups | Removed old backup: 2026-09-16_backup_20260916_051036.xlsx
2026-09-16 05:36:10 | DEBUG    | save_data            | Existing file found, merging data...
2026-09-16 05:36:11 | DEBUG    | save_data            | Loaded 11972 existing rows
2026-09-16 05:36:11 | DEBUG    | save_data            | Combined to 12415 rows
2026-09-16 05:36:11 | DEBUG    | save_data            | Writing to temporary file...
2026-09-16 05:36:13 | DEBUG    | save_data            | Data written to temp file: /home/runner/work/Thalorae-BackLioraen/Thalorae-BackLioraen/data/2026/09/tmptfl96cfq.xlsx
2026-09-16 05:36:13 | DEBUG    | save_data            | Temp file moved to final location
2026-09-16 05:36:13 | INFO     | save_data            | ✅ Data saved successfully (12415 total rows, 909,142 bytes)
2026-09-16 05:36:13 | INFO     | run                  | ======================================================================
2026-09-16 05:36:13 | INFO     | run                  | 📊 EXECUTION SUMMARY:
2026-09-16 05:36:13 | INFO     | run                  |    ✅ Status: SUCCESS
2026-09-16 05:36:13 | INFO     | run                  |    - Rows processed: 443
2026-09-16 05:36:13 | INFO     | run                  |    - Unique symbols: 443
2026-09-16 05:36:13 | INFO     | run                  |    - Timestamp: 2026-09-16 10:36:06
2026-09-16 05:36:13 | INFO     | run                  |    - File: data/2026/09/2026-09-16.xlsx
2026-09-16 05:36:13 | INFO     | run                  | ======================================================================
2026-09-16 05:36:13 | DEBUG    | run                  | Sample data (first row):
2026-09-16 05:36:13 | DEBUG    | run                  | {'SYMBOL': 'WTL', 'SECTOR': 828, 'LDCP': 1.06, 'OPEN': 1.05, 'HIGH': 1.1, 'LOW': 1.03, 'CURRENT': 1.03, 'CHANGE': -0.03, 'CHANGE (%)': nan, 'VOLUME': 10338933, 'YEAR': 2026, 'MONTH': 9, 'DAY': 16, 'HOUR': 10, 'MINUTE': 36, 'DATETIME': '2026-09-16 10:36'}
2026-09-16 05:36:13 | DEBUG    | close                | Session closed
2026-09-16 05:41:13 | INFO     | run                  | ======================================================================
2026-09-16 05:41:13 | INFO     | run                  | 🚀 MARKET DATA SCRAPER - SINGLE EXECUTION
2026-09-16 05:41:13 | INFO     | run                  | ======================================================================
2026-09-16 05:41:13 | INFO     | run                  | Execution Time: 2026-09-16 10:41:13 PKT
2026-09-16 05:41:13 | INFO     | run                  | Configuration:
2026-09-16 05:41:13 | INFO     | run                  |    - Timezone: Asia/Karachi
2026-09-16 05:41:13 | INFO     | run                  |    - Data directory: data
2026-09-16 05:41:13 | INFO     | run                  |    - Log directory: logs
2026-09-16 05:41:13 | INFO     | run                  |    - Excluded symbols: {'XT', 'XR', 'XD', 'XS'}
2026-09-16 05:41:13 | INFO     | run                  | ======================================================================
2026-09-16 05:41:13 | INFO     | fetch_data           | Fetching data (Attempt 1/3)...
2026-09-16 05:41:13 | DEBUG    | fetch_data           | Establishing session with https://dps.psx.com.pk/
2026-09-16 05:41:16 | DEBUG    | fetch_data           | Requesting data from https://dps.psx.com.pk/market-watch
2026-09-16 05:41:17 | DEBUG    | fetch_data           | Response status: 200
2026-09-16 05:41:17 | DEBUG    | fetch_data           | Response content type: text/html; charset=utf-8
2026-09-16 05:41:17 | DEBUG    | fetch_data           | Response size: 424799 bytes
2026-09-16 05:41:17 | INFO     | fetch_data           | ✅ Data fetched successfully (Status: 200)
2026-09-16 05:41:17 | DEBUG    | parse_json           | Attempting JSON parsing...
2026-09-16 05:41:17 | DEBUG    | parse_json           | Response preview: <table class="tbl" data-page-length="25"><thead class="tbl__head"><!-- tr--><!--   th(colspan="11")--><!--   th.center(colspan="2", style="width: 110px;") TOTAL BUY ORDERS--><!--   th.center(colspan="2", style="width: 110px;") TOTAL SELL ORDERS--><tr><th data-name="symbol">SYMBOL</th><th data-name="sector">SECTOR</th><th data-name="listed">LISTED IN</th><th class="right" data-name="ldcp">LDCP</th><th class="right" data-name="open">OPEN</th><th class="right" data-name="high">HIGH</th><th class="r
2026-09-16 05:41:17 | WARNING  | parse_json           | ⚠️ JSON parsing failed: Expecting value: line 1 column 1 (char 0)
2026-09-16 05:41:17 | INFO     | run                  | JSON parsing failed, trying HTML fallback...
2026-09-16 05:41:17 | INFO     | parse_html           | Attempting HTML fallback parsing...
2026-09-16 05:41:17 | DEBUG    | parse_html           | Found 1 table(s) in HTML
2026-09-16 05:41:17 | DEBUG    | parse_html           | Table columns: ['SYMBOL', 'SECTOR', 'LISTED IN', 'LDCP', 'OPEN', 'HIGH', 'LOW', 'CURRENT', 'CHANGE', 'CHANGE (%)', 'VOLUME']
2026-09-16 05:41:17 | DEBUG    | parse_html           | Table shape: (444, 11)
2026-09-16 05:41:17 | INFO     | parse_html           | ✅ HTML parsed successfully (444 rows)
2026-09-16 05:41:17 | INFO     | clean_data           | Cleaning data...
2026-09-16 05:41:17 | DEBUG    | clean_data           | Initial shape: (444, 11)
2026-09-16 05:41:17 | DEBUG    | clean_data           | Initial columns: ['SYMBOL', 'SECTOR', 'LISTED IN', 'LDCP', 'OPEN', 'HIGH', 'LOW', 'CURRENT', 'CHANGE', 'CHANGE (%)', 'VOLUME']
2026-09-16 05:41:17 | DEBUG    | clean_data           | Removed 'LISTED IN' column
2026-09-16 05:41:17 | DEBUG    | clean_data           | Converted LDCP from float64 to numeric
2026-09-16 05:41:17 | DEBUG    | clean_data           | Converted OPEN from float64 to numeric
2026-09-16 05:41:17 | DEBUG    | clean_data           | Converted HIGH from float64 to numeric
2026-09-16 05:41:17 | DEBUG    | clean_data           | Converted LOW from float64 to numeric
2026-09-16 05:41:17 | DEBUG    | clean_data           | Converted CURRENT from float64 to numeric
2026-09-16 05:41:17 | DEBUG    | clean_data           | Converted CHANGE from float64 to numeric
2026-09-16 05:41:17 | WARNING  | clean_data           | Column CHANGE (%): 444 values could not be converted to numeric
2026-09-16 05:41:17 | DEBUG    | clean_data           | Converted CHANGE (%) from str to numeric
2026-09-16 05:41:17 | DEBUG    | clean_data           | Converted VOLUME from int64 to numeric
2026-09-16 05:41:17 | INFO     | clean_data           | ✅ Data cleaned (444 rows, 16 columns)
2026-09-16 05:41:17 | DEBUG    | clean_data           | Final columns: ['SYMBOL', 'SECTOR', 'LDCP', 'OPEN', 'HIGH', 'LOW', 'CURRENT', 'CHANGE', 'CHANGE (%)', 'VOLUME', 'YEAR', 'MONTH', 'DAY', 'HOUR', 'MINUTE', 'DATETIME']
2026-09-16 05:41:17 | DEBUG    | get_file_path        | Generated file path: data/2026/09/2026-09-16.xlsx
2026-09-16 05:41:17 | INFO     | save_data            | Saving data to: data/2026/09/2026-09-16.xlsx
2026-09-16 05:41:17 | DEBUG    | _create_backup       | Backup created: data/2026/09/backups/2026-09-16_backup_20260916_054117.xlsx
2026-09-16 05:41:17 | DEBUG    | _cleanup_old_backups | Removed old backup: 2026-09-16_backup_20260916_051545.xlsx
2026-09-16 05:41:17 | DEBUG    | save_data            | Existing file found, merging data...
2026-09-16 05:41:18 | DEBUG    | save_data            | Loaded 12415 existing rows
2026-09-16 05:41:18 | DEBUG    | save_data            | Combined to 12859 rows
2026-09-16 05:41:18 | DEBUG    | save_data            | Writing to temporary file...
2026-09-16 05:41:19 | DEBUG    | save_data            | Data written to temp file: /home/runner/work/Thalorae-BackLioraen/Thalorae-BackLioraen/data/2026/09/tmpau82f_6r.xlsx
2026-09-16 05:41:19 | DEBUG    | save_data            | Temp file moved to final location
2026-09-16 05:41:19 | INFO     | save_data            | ✅ Data saved successfully (12859 total rows, 941,492 bytes)
2026-09-16 05:41:19 | INFO     | run                  | ======================================================================
2026-09-16 05:41:19 | INFO     | run                  | 📊 EXECUTION SUMMARY:
2026-09-16 05:41:19 | INFO     | run                  |    ✅ Status: SUCCESS
2026-09-16 05:41:19 | INFO     | run                  |    - Rows processed: 444
2026-09-16 05:41:19 | INFO     | run                  |    - Unique symbols: 444
2026-09-16 05:41:19 | INFO     | run                  |    - Timestamp: 2026-09-16 10:41:13
2026-09-16 05:41:19 | INFO     | run                  |    - File: data/2026/09/2026-09-16.xlsx
2026-09-16 05:41:19 | INFO     | run                  | ======================================================================
2026-09-16 05:41:19 | DEBUG    | run                  | Sample data (first row):
2026-09-16 05:41:19 | DEBUG    | run                  | {'SYMBOL': 'WTL', 'SECTOR': 828, 'LDCP': 1.06, 'OPEN': 1.05, 'HIGH': 1.1, 'LOW': 1.0, 'CURRENT': 1.02, 'CHANGE': -0.04, 'CHANGE (%)': nan, 'VOLUME': 16683761, 'YEAR': 2026, 'MONTH': 9, 'DAY': 16, 'HOUR': 10, 'MINUTE': 41, 'DATETIME': '2026-09-16 10:41'}
2026-09-16 05:41:19 | DEBUG    | close                | Session closed
2026-09-16 05:46:20 | INFO     | run                  | ======================================================================
2026-09-16 05:46:20 | INFO     | run                  | 🚀 MARKET DATA SCRAPER - SINGLE EXECUTION
2026-09-16 05:46:20 | INFO     | run                  | ======================================================================
2026-09-16 05:46:20 | INFO     | run                  | Execution Time: 2026-09-16 10:46:20 PKT
2026-09-16 05:46:20 | INFO     | run                  | Configuration:
2026-09-16 05:46:20 | INFO     | run                  |    - Timezone: Asia/Karachi
2026-09-16 05:46:20 | INFO     | run                  |    - Data directory: data
2026-09-16 05:46:20 | INFO     | run                  |    - Log directory: logs
2026-09-16 05:46:20 | INFO     | run                  |    - Excluded symbols: {'XD', 'XR', 'XT', 'XS'}
2026-09-16 05:46:20 | INFO     | run                  | ======================================================================
2026-09-16 05:46:20 | INFO     | fetch_data           | Fetching data (Attempt 1/3)...
2026-09-16 05:46:20 | DEBUG    | fetch_data           | Establishing session with https://dps.psx.com.pk/
2026-09-16 05:46:23 | DEBUG    | fetch_data           | Requesting data from https://dps.psx.com.pk/market-watch
2026-09-16 05:46:25 | DEBUG    | fetch_data           | Response status: 200
2026-09-16 05:46:25 | DEBUG    | fetch_data           | Response content type: text/html; charset=utf-8
2026-09-16 05:46:25 | DEBUG    | fetch_data           | Response size: 428832 bytes
2026-09-16 05:46:25 | INFO     | fetch_data           | ✅ Data fetched successfully (Status: 200)
2026-09-16 05:46:25 | DEBUG    | parse_json           | Attempting JSON parsing...
2026-09-16 05:46:25 | DEBUG    | parse_json           | Response preview: <table class="tbl" data-page-length="25"><thead class="tbl__head"><!-- tr--><!--   th(colspan="11")--><!--   th.center(colspan="2", style="width: 110px;") TOTAL BUY ORDERS--><!--   th.center(colspan="2", style="width: 110px;") TOTAL SELL ORDERS--><tr><th data-name="symbol">SYMBOL</th><th data-name="sector">SECTOR</th><th data-name="listed">LISTED IN</th><th class="right" data-name="ldcp">LDCP</th><th class="right" data-name="open">OPEN</th><th class="right" data-name="high">HIGH</th><th class="r
2026-09-16 05:46:25 | WARNING  | parse_json           | ⚠️ JSON parsing failed: Expecting value: line 1 column 1 (char 0)
2026-09-16 05:46:25 | INFO     | run                  | JSON parsing failed, trying HTML fallback...
2026-09-16 05:46:25 | INFO     | parse_html           | Attempting HTML fallback parsing...
2026-09-16 05:46:25 | DEBUG    | parse_html           | Found 1 table(s) in HTML
2026-09-16 05:46:25 | DEBUG    | parse_html           | Table columns: ['SYMBOL', 'SECTOR', 'LISTED IN', 'LDCP', 'OPEN', 'HIGH', 'LOW', 'CURRENT', 'CHANGE', 'CHANGE (%)', 'VOLUME']
2026-09-16 05:46:25 | DEBUG    | parse_html           | Table shape: (448, 11)
2026-09-16 05:46:25 | INFO     | parse_html           | ✅ HTML parsed successfully (448 rows)
2026-09-16 05:46:25 | INFO     | clean_data           | Cleaning data...
2026-09-16 05:46:25 | DEBUG    | clean_data           | Initial shape: (448, 11)
2026-09-16 05:46:25 | DEBUG    | clean_data           | Initial columns: ['SYMBOL', 'SECTOR', 'LISTED IN', 'LDCP', 'OPEN', 'HIGH', 'LOW', 'CURRENT', 'CHANGE', 'CHANGE (%)', 'VOLUME']
2026-09-16 05:46:25 | DEBUG    | clean_data           | Removed 'LISTED IN' column
2026-09-16 05:46:25 | DEBUG    | clean_data           | Converted LDCP from float64 to numeric
2026-09-16 05:46:25 | DEBUG    | clean_data           | Converted OPEN from float64 to numeric
2026-09-16 05:46:25 | DEBUG    | clean_data           | Converted HIGH from float64 to numeric
2026-09-16 05:46:25 | DEBUG    | clean_data           | Converted LOW from float64 to numeric
2026-09-16 05:46:25 | DEBUG    | clean_data           | Converted CURRENT from float64 to numeric
2026-09-16 05:46:25 | DEBUG    | clean_data           | Converted CHANGE from float64 to numeric
2026-09-16 05:46:25 | WARNING  | clean_data           | Column CHANGE (%): 448 values could not be converted to numeric
2026-09-16 05:46:25 | DEBUG    | clean_data           | Converted CHANGE (%) from str to numeric
2026-09-16 05:46:25 | DEBUG    | clean_data           | Converted VOLUME from int64 to numeric
2026-09-16 05:46:25 | INFO     | clean_data           | ✅ Data cleaned (448 rows, 16 columns)
2026-09-16 05:46:25 | DEBUG    | clean_data           | Final columns: ['SYMBOL', 'SECTOR', 'LDCP', 'OPEN', 'HIGH', 'LOW', 'CURRENT', 'CHANGE', 'CHANGE (%)', 'VOLUME', 'YEAR', 'MONTH', 'DAY', 'HOUR', 'MINUTE', 'DATETIME']
2026-09-16 05:46:25 | DEBUG    | get_file_path        | Generated file path: data/2026/09/2026-09-16.xlsx
2026-09-16 05:46:25 | INFO     | save_data            | Saving data to: data/2026/09/2026-09-16.xlsx
2026-09-16 05:46:25 | DEBUG    | _create_backup       | Backup created: data/2026/09/backups/2026-09-16_backup_20260916_054625.xlsx
2026-09-16 05:46:25 | DEBUG    | _cleanup_old_backups | Removed old backup: 2026-09-16_backup_20260916_052052.xlsx
2026-09-16 05:46:25 | DEBUG    | save_data            | Existing file found, merging data...
2026-09-16 05:46:26 | DEBUG    | save_data            | Loaded 12859 existing rows
2026-09-16 05:46:26 | DEBUG    | save_data            | Combined to 13307 rows
2026-09-16 05:46:26 | DEBUG    | save_data            | Writing to temporary file...
2026-09-16 05:46:28 | DEBUG    | save_data            | Data written to temp file: /home/runner/work/Thalorae-BackLioraen/Thalorae-BackLioraen/data/2026/09/tmpoyxvrlg7.xlsx
2026-09-16 05:46:28 | DEBUG    | save_data            | Temp file moved to final location
2026-09-16 05:46:28 | INFO     | save_data            | ✅ Data saved successfully (13307 total rows, 974,188 bytes)
2026-09-16 05:46:28 | INFO     | run                  | ======================================================================
2026-09-16 05:46:28 | INFO     | run                  | 📊 EXECUTION SUMMARY:
2026-09-16 05:46:28 | INFO     | run                  |    ✅ Status: SUCCESS
2026-09-16 05:46:28 | INFO     | run                  |    - Rows processed: 448
2026-09-16 05:46:28 | INFO     | run                  |    - Unique symbols: 448
2026-09-16 05:46:28 | INFO     | run                  |    - Timestamp: 2026-09-16 10:46:20
2026-09-16 05:46:28 | INFO     | run                  |    - File: data/2026/09/2026-09-16.xlsx
2026-09-16 05:46:28 | INFO     | run                  | ======================================================================
2026-09-16 05:46:28 | DEBUG    | run                  | Sample data (first row):
2026-09-16 05:46:28 | DEBUG    | run                  | {'SYMBOL': 'WTL', 'SECTOR': 828, 'LDCP': 1.06, 'OPEN': 1.05, 'HIGH': 1.1, 'LOW': 1.0, 'CURRENT': 1.02, 'CHANGE': -0.04, 'CHANGE (%)': nan, 'VOLUME': 18598776, 'YEAR': 2026, 'MONTH': 9, 'DAY': 16, 'HOUR': 10, 'MINUTE': 46, 'DATETIME': '2026-09-16 10:46'}
2026-09-16 05:46:28 | DEBUG    | close                | Session closed
2026-09-16 05:51:28 | INFO     | run                  | ======================================================================
2026-09-16 05:51:28 | INFO     | run                  | 🚀 MARKET DATA SCRAPER - SINGLE EXECUTION
2026-09-16 05:51:28 | INFO     | run                  | ======================================================================
2026-09-16 05:51:28 | INFO     | run                  | Execution Time: 2026-09-16 10:51:28 PKT
2026-09-16 05:51:28 | INFO     | run                  | Configuration:
2026-09-16 05:51:28 | INFO     | run                  |    - Timezone: Asia/Karachi
2026-09-16 05:51:28 | INFO     | run                  |    - Data directory: data
2026-09-16 05:51:28 | INFO     | run                  |    - Log directory: logs
2026-09-16 05:51:28 | INFO     | run                  |    - Excluded symbols: {'XR', 'XS', 'XT', 'XD'}
2026-09-16 05:51:28 | INFO     | run                  | ======================================================================
2026-09-16 05:51:28 | INFO     | fetch_data           | Fetching data (Attempt 1/3)...
2026-09-16 05:51:28 | DEBUG    | fetch_data           | Establishing session with https://dps.psx.com.pk/
2026-09-16 05:51:31 | DEBUG    | fetch_data           | Requesting data from https://dps.psx.com.pk/market-watch
2026-09-16 05:51:31 | DEBUG    | fetch_data           | Response status: 200
2026-09-16 05:51:31 | DEBUG    | fetch_data           | Response content type: text/html; charset=utf-8
2026-09-16 05:51:31 | DEBUG    | fetch_data           | Response size: 432668 bytes
2026-09-16 05:51:31 | INFO     | fetch_data           | ✅ Data fetched successfully (Status: 200)
2026-09-16 05:51:31 | DEBUG    | parse_json           | Attempting JSON parsing...
2026-09-16 05:51:31 | DEBUG    | parse_json           | Response preview: <table class="tbl" data-page-length="25"><thead class="tbl__head"><!-- tr--><!--   th(colspan="11")--><!--   th.center(colspan="2", style="width: 110px;") TOTAL BUY ORDERS--><!--   th.center(colspan="2", style="width: 110px;") TOTAL SELL ORDERS--><tr><th data-name="symbol">SYMBOL</th><th data-name="sector">SECTOR</th><th data-name="listed">LISTED IN</th><th class="right" data-name="ldcp">LDCP</th><th class="right" data-name="open">OPEN</th><th class="right" data-name="high">HIGH</th><th class="r
2026-09-16 05:51:31 | WARNING  | parse_json           | ⚠️ JSON parsing failed: Expecting value: line 1 column 1 (char 0)
2026-09-16 05:51:31 | INFO     | run                  | JSON parsing failed, trying HTML fallback...
2026-09-16 05:51:31 | INFO     | parse_html           | Attempting HTML fallback parsing...
2026-09-16 05:51:31 | DEBUG    | parse_html           | Found 1 table(s) in HTML
2026-09-16 05:51:31 | DEBUG    | parse_html           | Table columns: ['SYMBOL', 'SECTOR', 'LISTED IN', 'LDCP', 'OPEN', 'HIGH', 'LOW', 'CURRENT', 'CHANGE', 'CHANGE (%)', 'VOLUME']
2026-09-16 05:51:31 | DEBUG    | parse_html           | Table shape: (452, 11)
2026-09-16 05:51:31 | INFO     | parse_html           | ✅ HTML parsed successfully (452 rows)
2026-09-16 05:51:31 | INFO     | clean_data           | Cleaning data...
2026-09-16 05:51:31 | DEBUG    | clean_data           | Initial shape: (452, 11)
2026-09-16 05:51:31 | DEBUG    | clean_data           | Initial columns: ['SYMBOL', 'SECTOR', 'LISTED IN', 'LDCP', 'OPEN', 'HIGH', 'LOW', 'CURRENT', 'CHANGE', 'CHANGE (%)', 'VOLUME']
2026-09-16 05:51:31 | DEBUG    | clean_data           | Removed 'LISTED IN' column
2026-09-16 05:51:31 | DEBUG    | clean_data           | Converted LDCP from float64 to numeric
2026-09-16 05:51:31 | DEBUG    | clean_data           | Converted OPEN from float64 to numeric
2026-09-16 05:51:31 | DEBUG    | clean_data           | Converted HIGH from float64 to numeric
2026-09-16 05:51:31 | DEBUG    | clean_data           | Converted LOW from float64 to numeric
2026-09-16 05:51:31 | DEBUG    | clean_data           | Converted CURRENT from float64 to numeric
2026-09-16 05:51:31 | DEBUG    | clean_data           | Converted CHANGE from float64 to numeric
2026-09-16 05:51:31 | WARNING  | clean_data           | Column CHANGE (%): 452 values could not be converted to numeric
2026-09-16 05:51:31 | DEBUG    | clean_data           | Converted CHANGE (%) from str to numeric
2026-09-16 05:51:31 | DEBUG    | clean_data           | Converted VOLUME from int64 to numeric
2026-09-16 05:51:31 | INFO     | clean_data           | ✅ Data cleaned (452 rows, 16 columns)
2026-09-16 05:51:31 | DEBUG    | clean_data           | Final columns: ['SYMBOL', 'SECTOR', 'LDCP', 'OPEN', 'HIGH', 'LOW', 'CURRENT', 'CHANGE', 'CHANGE (%)', 'VOLUME', 'YEAR', 'MONTH', 'DAY', 'HOUR', 'MINUTE', 'DATETIME']
2026-09-16 05:51:31 | DEBUG    | get_file_path        | Generated file path: data/2026/09/2026-09-16.xlsx
2026-09-16 05:51:31 | INFO     | save_data            | Saving data to: data/2026/09/2026-09-16.xlsx
2026-09-16 05:51:31 | DEBUG    | _create_backup       | Backup created: data/2026/09/backups/2026-09-16_backup_20260916_055131.xlsx
2026-09-16 05:51:31 | DEBUG    | _cleanup_old_backups | Removed old backup: 2026-09-16_backup_20260916_052558.xlsx
2026-09-16 05:51:31 | DEBUG    | save_data            | Existing file found, merging data...
2026-09-16 05:51:32 | DEBUG    | save_data            | Loaded 13307 existing rows
2026-09-16 05:51:32 | DEBUG    | save_data            | Combined to 13759 rows
2026-09-16 05:51:32 | DEBUG    | save_data            | Writing to temporary file...
2026-09-16 05:51:34 | DEBUG    | save_data            | Data written to temp file: /home/runner/work/Thalorae-BackLioraen/Thalorae-BackLioraen/data/2026/09/tmpo9g7h_3e.xlsx
2026-09-16 05:51:34 | DEBUG    | save_data            | Temp file moved to final location
2026-09-16 05:51:34 | INFO     | save_data            | ✅ Data saved successfully (13759 total rows, 1,007,089 bytes)
2026-09-16 05:51:34 | INFO     | run                  | ======================================================================
2026-09-16 05:51:34 | INFO     | run                  | 📊 EXECUTION SUMMARY:
2026-09-16 05:51:34 | INFO     | run                  |    ✅ Status: SUCCESS
2026-09-16 05:51:34 | INFO     | run                  |    - Rows processed: 452
2026-09-16 05:51:34 | INFO     | run                  |    - Unique symbols: 452
2026-09-16 05:51:34 | INFO     | run                  |    - Timestamp: 2026-09-16 10:51:28
2026-09-16 05:51:34 | INFO     | run                  |    - File: data/2026/09/2026-09-16.xlsx
2026-09-16 05:51:34 | INFO     | run                  | ======================================================================
2026-09-16 05:51:34 | DEBUG    | run                  | Sample data (first row):
2026-09-16 05:51:34 | DEBUG    | run                  | {'SYMBOL': 'WTL', 'SECTOR': 828, 'LDCP': 1.06, 'OPEN': 1.05, 'HIGH': 1.1, 'LOW': 1.0, 'CURRENT': 1.03, 'CHANGE': -0.03, 'CHANGE (%)': nan, 'VOLUME': 18860620, 'YEAR': 2026, 'MONTH': 9, 'DAY': 16, 'HOUR': 10, 'MINUTE': 51, 'DATETIME': '2026-09-16 10:51'}
2026-09-16 05:51:34 | DEBUG    | close                | Session closed
2026-09-16 05:56:34 | INFO     | run                  | ======================================================================
2026-09-16 05:56:34 | INFO     | run                  | 🚀 MARKET DATA SCRAPER - SINGLE EXECUTION
2026-09-16 05:56:34 | INFO     | run                  | ======================================================================
2026-09-16 05:56:34 | INFO     | run                  | Execution Time: 2026-09-16 10:56:34 PKT
2026-09-16 05:56:34 | INFO     | run                  | Configuration:
2026-09-16 05:56:34 | INFO     | run                  |    - Timezone: Asia/Karachi
2026-09-16 05:56:34 | INFO     | run                  |    - Data directory: data
2026-09-16 05:56:34 | INFO     | run                  |    - Log directory: logs
2026-09-16 05:56:34 | INFO     | run                  |    - Excluded symbols: {'XT', 'XS', 'XR', 'XD'}
2026-09-16 05:56:34 | INFO     | run                  | ======================================================================
2026-09-16 05:56:34 | INFO     | fetch_data           | Fetching data (Attempt 1/3)...
2026-09-16 05:56:34 | DEBUG    | fetch_data           | Establishing session with https://dps.psx.com.pk/
2026-09-16 05:56:37 | DEBUG    | fetch_data           | Requesting data from https://dps.psx.com.pk/market-watch
2026-09-16 05:56:39 | DEBUG    | fetch_data           | Response status: 200
2026-09-16 05:56:39 | DEBUG    | fetch_data           | Response content type: text/html; charset=utf-8
2026-09-16 05:56:39 | DEBUG    | fetch_data           | Response size: 437469 bytes
2026-09-16 05:56:39 | INFO     | fetch_data           | ✅ Data fetched successfully (Status: 200)
2026-09-16 05:56:39 | DEBUG    | parse_json           | Attempting JSON parsing...
2026-09-16 05:56:39 | DEBUG    | parse_json           | Response preview: <table class="tbl" data-page-length="25"><thead class="tbl__head"><!-- tr--><!--   th(colspan="11")--><!--   th.center(colspan="2", style="width: 110px;") TOTAL BUY ORDERS--><!--   th.center(colspan="2", style="width: 110px;") TOTAL SELL ORDERS--><tr><th data-name="symbol">SYMBOL</th><th data-name="sector">SECTOR</th><th data-name="listed">LISTED IN</th><th class="right" data-name="ldcp">LDCP</th><th class="right" data-name="open">OPEN</th><th class="right" data-name="high">HIGH</th><th class="r
2026-09-16 05:56:39 | WARNING  | parse_json           | ⚠️ JSON parsing failed: Expecting value: line 1 column 1 (char 0)
2026-09-16 05:56:39 | INFO     | run                  | JSON parsing failed, trying HTML fallback...
2026-09-16 05:56:39 | INFO     | parse_html           | Attempting HTML fallback parsing...
2026-09-16 05:56:39 | DEBUG    | parse_html           | Found 1 table(s) in HTML
2026-09-16 05:56:39 | DEBUG    | parse_html           | Table columns: ['SYMBOL', 'SECTOR', 'LISTED IN', 'LDCP', 'OPEN', 'HIGH', 'LOW', 'CURRENT', 'CHANGE', 'CHANGE (%)', 'VOLUME']
2026-09-16 05:56:39 | DEBUG    | parse_html           | Table shape: (457, 11)
2026-09-16 05:56:39 | INFO     | parse_html           | ✅ HTML parsed successfully (457 rows)
2026-09-16 05:56:39 | INFO     | clean_data           | Cleaning data...
2026-09-16 05:56:39 | DEBUG    | clean_data           | Initial shape: (457, 11)
2026-09-16 05:56:39 | DEBUG    | clean_data           | Initial columns: ['SYMBOL', 'SECTOR', 'LISTED IN', 'LDCP', 'OPEN', 'HIGH', 'LOW', 'CURRENT', 'CHANGE', 'CHANGE (%)', 'VOLUME']
2026-09-16 05:56:39 | DEBUG    | clean_data           | Removed 'LISTED IN' column
2026-09-16 05:56:39 | DEBUG    | clean_data           | Converted LDCP from float64 to numeric
2026-09-16 05:56:39 | DEBUG    | clean_data           | Converted OPEN from float64 to numeric
2026-09-16 05:56:39 | DEBUG    | clean_data           | Converted HIGH from float64 to numeric
2026-09-16 05:56:39 | DEBUG    | clean_data           | Converted LOW from float64 to numeric
2026-09-16 05:56:39 | DEBUG    | clean_data           | Converted CURRENT from float64 to numeric
2026-09-16 05:56:39 | DEBUG    | clean_data           | Converted CHANGE from float64 to numeric
2026-09-16 05:56:39 | WARNING  | clean_data           | Column CHANGE (%): 457 values could not be converted to numeric
2026-09-16 05:56:39 | DEBUG    | clean_data           | Converted CHANGE (%) from str to numeric
2026-09-16 05:56:39 | DEBUG    | clean_data           | Converted VOLUME from int64 to numeric
2026-09-16 05:56:39 | INFO     | clean_data           | ✅ Data cleaned (457 rows, 16 columns)
2026-09-16 05:56:39 | DEBUG    | clean_data           | Final columns: ['SYMBOL', 'SECTOR', 'LDCP', 'OPEN', 'HIGH', 'LOW', 'CURRENT', 'CHANGE', 'CHANGE (%)', 'VOLUME', 'YEAR', 'MONTH', 'DAY', 'HOUR', 'MINUTE', 'DATETIME']
2026-09-16 05:56:39 | DEBUG    | get_file_path        | Generated file path: data/2026/09/2026-09-16.xlsx
2026-09-16 05:56:39 | INFO     | save_data            | Saving data to: data/2026/09/2026-09-16.xlsx
2026-09-16 05:56:39 | DEBUG    | _create_backup       | Backup created: data/2026/09/backups/2026-09-16_backup_20260916_055639.xlsx
2026-09-16 05:56:39 | DEBUG    | _cleanup_old_backups | Removed old backup: 2026-09-16_backup_20260916_053104.xlsx
2026-09-16 05:56:39 | DEBUG    | save_data            | Existing file found, merging data...
2026-09-16 05:56:40 | DEBUG    | save_data            | Loaded 13759 existing rows
2026-09-16 05:56:40 | DEBUG    | save_data            | Combined to 14216 rows
2026-09-16 05:56:40 | DEBUG    | save_data            | Writing to temporary file...
2026-09-16 05:56:42 | DEBUG    | save_data            | Data written to temp file: /home/runner/work/Thalorae-BackLioraen/Thalorae-BackLioraen/data/2026/09/tmpdhtzdmti.xlsx
2026-09-16 05:56:42 | DEBUG    | save_data            | Temp file moved to final location
2026-09-16 05:56:42 | INFO     | save_data            | ✅ Data saved successfully (14216 total rows, 1,040,433 bytes)
2026-09-16 05:56:42 | INFO     | run                  | ======================================================================
2026-09-16 05:56:42 | INFO     | run                  | 📊 EXECUTION SUMMARY:
2026-09-16 05:56:42 | INFO     | run                  |    ✅ Status: SUCCESS
2026-09-16 05:56:42 | INFO     | run                  |    - Rows processed: 457
2026-09-16 05:56:42 | INFO     | run                  |    - Unique symbols: 457
2026-09-16 05:56:42 | INFO     | run                  |    - Timestamp: 2026-09-16 10:56:34
2026-09-16 05:56:42 | INFO     | run                  |    - File: data/2026/09/2026-09-16.xlsx
2026-09-16 05:56:42 | INFO     | run                  | ======================================================================
2026-09-16 05:56:42 | DEBUG    | run                  | Sample data (first row):
2026-09-16 05:56:42 | DEBUG    | run                  | {'SYMBOL': 'WTL', 'SECTOR': 828, 'LDCP': 1.06, 'OPEN': 1.05, 'HIGH': 1.1, 'LOW': 1.0, 'CURRENT': 1.03, 'CHANGE': -0.03, 'CHANGE (%)': nan, 'VOLUME': 19384496, 'YEAR': 2026, 'MONTH': 9, 'DAY': 16, 'HOUR': 10, 'MINUTE': 56, 'DATETIME': '2026-09-16 10:56'}
2026-09-16 05:56:42 | DEBUG    | close                | Session closed
2026-09-16 06:01:42 | INFO     | run                  | ======================================================================
2026-09-16 06:01:42 | INFO     | run                  | 🚀 MARKET DATA SCRAPER - SINGLE EXECUTION
2026-09-16 06:01:42 | INFO     | run                  | ======================================================================
2026-09-16 06:01:42 | INFO     | run                  | Execution Time: 2026-09-16 11:01:42 PKT
2026-09-16 06:01:42 | INFO     | run                  | Configuration:
2026-09-16 06:01:42 | INFO     | run                  |    - Timezone: Asia/Karachi
2026-09-16 06:01:42 | INFO     | run                  |    - Data directory: data
2026-09-16 06:01:42 | INFO     | run                  |    - Log directory: logs
2026-09-16 06:01:42 | INFO     | run                  |    - Excluded symbols: {'XS', 'XD', 'XT', 'XR'}
2026-09-16 06:01:42 | INFO     | run                  | ======================================================================
2026-09-16 06:01:42 | INFO     | fetch_data           | Fetching data (Attempt 1/3)...
2026-09-16 06:01:42 | DEBUG    | fetch_data           | Establishing session with https://dps.psx.com.pk/
2026-09-16 06:01:45 | DEBUG    | fetch_data           | Requesting data from https://dps.psx.com.pk/market-watch
2026-09-16 06:01:47 | DEBUG    | fetch_data           | Response status: 200
2026-09-16 06:01:47 | DEBUG    | fetch_data           | Response content type: text/html; charset=utf-8
2026-09-16 06:01:47 | DEBUG    | fetch_data           | Response size: 438463 bytes
2026-09-16 06:01:47 | INFO     | fetch_data           | ✅ Data fetched successfully (Status: 200)
2026-09-16 06:01:47 | DEBUG    | parse_json           | Attempting JSON parsing...
2026-09-16 06:01:47 | DEBUG    | parse_json           | Response preview: <table class="tbl" data-page-length="25"><thead class="tbl__head"><!-- tr--><!--   th(colspan="11")--><!--   th.center(colspan="2", style="width: 110px;") TOTAL BUY ORDERS--><!--   th.center(colspan="2", style="width: 110px;") TOTAL SELL ORDERS--><tr><th data-name="symbol">SYMBOL</th><th data-name="sector">SECTOR</th><th data-name="listed">LISTED IN</th><th class="right" data-name="ldcp">LDCP</th><th class="right" data-name="open">OPEN</th><th class="right" data-name="high">HIGH</th><th class="r
2026-09-16 06:01:47 | WARNING  | parse_json           | ⚠️ JSON parsing failed: Expecting value: line 1 column 1 (char 0)
2026-09-16 06:01:47 | INFO     | run                  | JSON parsing failed, trying HTML fallback...
2026-09-16 06:01:47 | INFO     | parse_html           | Attempting HTML fallback parsing...
2026-09-16 06:01:47 | DEBUG    | parse_html           | Found 1 table(s) in HTML
2026-09-16 06:01:47 | DEBUG    | parse_html           | Table columns: ['SYMBOL', 'SECTOR', 'LISTED IN', 'LDCP', 'OPEN', 'HIGH', 'LOW', 'CURRENT', 'CHANGE', 'CHANGE (%)', 'VOLUME']
2026-09-16 06:01:47 | DEBUG    | parse_html           | Table shape: (458, 11)
2026-09-16 06:01:47 | INFO     | parse_html           | ✅ HTML parsed successfully (458 rows)
2026-09-16 06:01:47 | INFO     | clean_data           | Cleaning data...
2026-09-16 06:01:47 | DEBUG    | clean_data           | Initial shape: (458, 11)
2026-09-16 06:01:47 | DEBUG    | clean_data           | Initial columns: ['SYMBOL', 'SECTOR', 'LISTED IN', 'LDCP', 'OPEN', 'HIGH', 'LOW', 'CURRENT', 'CHANGE', 'CHANGE (%)', 'VOLUME']
2026-09-16 06:01:47 | DEBUG    | clean_data           | Removed 'LISTED IN' column
2026-09-16 06:01:47 | DEBUG    | clean_data           | Converted LDCP from float64 to numeric
2026-09-16 06:01:47 | DEBUG    | clean_data           | Converted OPEN from float64 to numeric
2026-09-16 06:01:47 | DEBUG    | clean_data           | Converted HIGH from float64 to numeric
2026-09-16 06:01:47 | DEBUG    | clean_data           | Converted LOW from float64 to numeric
2026-09-16 06:01:47 | DEBUG    | clean_data           | Converted CURRENT from float64 to numeric
2026-09-16 06:01:47 | DEBUG    | clean_data           | Converted CHANGE from float64 to numeric
2026-09-16 06:01:47 | WARNING  | clean_data           | Column CHANGE (%): 458 values could not be converted to numeric
2026-09-16 06:01:47 | DEBUG    | clean_data           | Converted CHANGE (%) from str to numeric
2026-09-16 06:01:47 | DEBUG    | clean_data           | Converted VOLUME from int64 to numeric
2026-09-16 06:01:47 | INFO     | clean_data           | ✅ Data cleaned (458 rows, 16 columns)
2026-09-16 06:01:47 | DEBUG    | clean_data           | Final columns: ['SYMBOL', 'SECTOR', 'LDCP', 'OPEN', 'HIGH', 'LOW', 'CURRENT', 'CHANGE', 'CHANGE (%)', 'VOLUME', 'YEAR', 'MONTH', 'DAY', 'HOUR', 'MINUTE', 'DATETIME']
2026-09-16 06:01:47 | DEBUG    | get_file_path        | Generated file path: data/2026/09/2026-09-16.xlsx
2026-09-16 06:01:47 | INFO     | save_data            | Saving data to: data/2026/09/2026-09-16.xlsx
2026-09-16 06:01:47 | DEBUG    | _create_backup       | Backup created: data/2026/09/backups/2026-09-16_backup_20260916_060147.xlsx
2026-09-16 06:01:47 | DEBUG    | _cleanup_old_backups | Removed old backup: 2026-09-16_backup_20260916_053610.xlsx
2026-09-16 06:01:47 | DEBUG    | save_data            | Existing file found, merging data...
2026-09-16 06:01:47 | DEBUG    | save_data            | Loaded 14216 existing rows
2026-09-16 06:01:47 | DEBUG    | save_data            | Combined to 14674 rows
2026-09-16 06:01:47 | DEBUG    | save_data            | Writing to temporary file...
2026-09-16 06:01:49 | DEBUG    | save_data            | Data written to temp file: /home/runner/work/Thalorae-BackLioraen/Thalorae-BackLioraen/data/2026/09/tmpm8d47k5w.xlsx
2026-09-16 06:01:49 | DEBUG    | save_data            | Temp file moved to final location
2026-09-16 06:01:49 | INFO     | save_data            | ✅ Data saved successfully (14674 total rows, 1,073,876 bytes)
2026-09-16 06:01:49 | INFO     | run                  | ======================================================================
2026-09-16 06:01:49 | INFO     | run                  | 📊 EXECUTION SUMMARY:
2026-09-16 06:01:49 | INFO     | run                  |    ✅ Status: SUCCESS
2026-09-16 06:01:49 | INFO     | run                  |    - Rows processed: 458
2026-09-16 06:01:49 | INFO     | run                  |    - Unique symbols: 458
2026-09-16 06:01:49 | INFO     | run                  |    - Timestamp: 2026-09-16 11:01:42
2026-09-16 06:01:49 | INFO     | run                  |    - File: data/2026/09/2026-09-16.xlsx
2026-09-16 06:01:49 | INFO     | run                  | ======================================================================
2026-09-16 06:01:49 | DEBUG    | run                  | Sample data (first row):
2026-09-16 06:01:49 | DEBUG    | run                  | {'SYMBOL': 'WTL', 'SECTOR': 828, 'LDCP': 1.06, 'OPEN': 1.05, 'HIGH': 1.1, 'LOW': 1.0, 'CURRENT': 1.03, 'CHANGE': -0.03, 'CHANGE (%)': nan, 'VOLUME': 20262425, 'YEAR': 2026, 'MONTH': 9, 'DAY': 16, 'HOUR': 11, 'MINUTE': 1, 'DATETIME': '2026-09-16 11:01'}
2026-09-16 06:01:49 | DEBUG    | close                | Session closed
2026-09-16 06:06:50 | INFO     | run                  | ======================================================================
2026-09-16 06:06:50 | INFO     | run                  | 🚀 MARKET DATA SCRAPER - SINGLE EXECUTION
2026-09-16 06:06:50 | INFO     | run                  | ======================================================================
2026-09-16 06:06:50 | INFO     | run                  | Execution Time: 2026-09-16 11:06:50 PKT
2026-09-16 06:06:50 | INFO     | run                  | Configuration:
2026-09-16 06:06:50 | INFO     | run                  |    - Timezone: Asia/Karachi
2026-09-16 06:06:50 | INFO     | run                  |    - Data directory: data
2026-09-16 06:06:50 | INFO     | run                  |    - Log directory: logs
2026-09-16 06:06:50 | INFO     | run                  |    - Excluded symbols: {'XD', 'XT', 'XS', 'XR'}
2026-09-16 06:06:50 | INFO     | run                  | ======================================================================
2026-09-16 06:06:50 | INFO     | fetch_data           | Fetching data (Attempt 1/3)...
2026-09-16 06:06:50 | DEBUG    | fetch_data           | Establishing session with https://dps.psx.com.pk/
2026-09-16 06:06:54 | DEBUG    | fetch_data           | Requesting data from https://dps.psx.com.pk/market-watch
2026-09-16 06:06:55 | DEBUG    | fetch_data           | Response status: 200
2026-09-16 06:06:55 | DEBUG    | fetch_data           | Response content type: text/html; charset=utf-8
2026-09-16 06:06:55 | DEBUG    | fetch_data           | Response size: 439286 bytes
2026-09-16 06:06:55 | INFO     | fetch_data           | ✅ Data fetched successfully (Status: 200)
2026-09-16 06:06:55 | DEBUG    | parse_json           | Attempting JSON parsing...
2026-09-16 06:06:55 | DEBUG    | parse_json           | Response preview: <table class="tbl" data-page-length="25"><thead class="tbl__head"><!-- tr--><!--   th(colspan="11")--><!--   th.center(colspan="2", style="width: 110px;") TOTAL BUY ORDERS--><!--   th.center(colspan="2", style="width: 110px;") TOTAL SELL ORDERS--><tr><th data-name="symbol">SYMBOL</th><th data-name="sector">SECTOR</th><th data-name="listed">LISTED IN</th><th class="right" data-name="ldcp">LDCP</th><th class="right" data-name="open">OPEN</th><th class="right" data-name="high">HIGH</th><th class="r
2026-09-16 06:06:55 | WARNING  | parse_json           | ⚠️ JSON parsing failed: Expecting value: line 1 column 1 (char 0)
2026-09-16 06:06:55 | INFO     | run                  | JSON parsing failed, trying HTML fallback...
2026-09-16 06:06:55 | INFO     | parse_html           | Attempting HTML fallback parsing...
2026-09-16 06:06:55 | DEBUG    | parse_html           | Found 1 table(s) in HTML
2026-09-16 06:06:55 | DEBUG    | parse_html           | Table columns: ['SYMBOL', 'SECTOR', 'LISTED IN', 'LDCP', 'OPEN', 'HIGH', 'LOW', 'CURRENT', 'CHANGE', 'CHANGE (%)', 'VOLUME']
2026-09-16 06:06:55 | DEBUG    | parse_html           | Table shape: (459, 11)
2026-09-16 06:06:55 | INFO     | parse_html           | ✅ HTML parsed successfully (459 rows)
2026-09-16 06:06:55 | INFO     | clean_data           | Cleaning data...
2026-09-16 06:06:55 | DEBUG    | clean_data           | Initial shape: (459, 11)
2026-09-16 06:06:55 | DEBUG    | clean_data           | Initial columns: ['SYMBOL', 'SECTOR', 'LISTED IN', 'LDCP', 'OPEN', 'HIGH', 'LOW', 'CURRENT', 'CHANGE', 'CHANGE (%)', 'VOLUME']
2026-09-16 06:06:55 | DEBUG    | clean_data           | Removed 'LISTED IN' column
2026-09-16 06:06:55 | DEBUG    | clean_data           | Converted LDCP from float64 to numeric
2026-09-16 06:06:55 | DEBUG    | clean_data           | Converted OPEN from float64 to numeric
2026-09-16 06:06:55 | DEBUG    | clean_data           | Converted HIGH from float64 to numeric
2026-09-16 06:06:55 | DEBUG    | clean_data           | Converted LOW from float64 to numeric
2026-09-16 06:06:55 | DEBUG    | clean_data           | Converted CURRENT from float64 to numeric
2026-09-16 06:06:55 | DEBUG    | clean_data           | Converted CHANGE from float64 to numeric
2026-09-16 06:06:55 | WARNING  | clean_data           | Column CHANGE (%): 459 values could not be converted to numeric
2026-09-16 06:06:55 | DEBUG    | clean_data           | Converted CHANGE (%) from str to numeric
2026-09-16 06:06:55 | DEBUG    | clean_data           | Converted VOLUME from int64 to numeric
2026-09-16 06:06:55 | INFO     | clean_data           | ✅ Data cleaned (459 rows, 16 columns)
2026-09-16 06:06:55 | DEBUG    | clean_data           | Final columns: ['SYMBOL', 'SECTOR', 'LDCP', 'OPEN', 'HIGH', 'LOW', 'CURRENT', 'CHANGE', 'CHANGE (%)', 'VOLUME', 'YEAR', 'MONTH', 'DAY', 'HOUR', 'MINUTE', 'DATETIME']
2026-09-16 06:06:55 | DEBUG    | get_file_path        | Generated file path: data/2026/09/2026-09-16.xlsx
2026-09-16 06:06:55 | INFO     | save_data            | Saving data to: data/2026/09/2026-09-16.xlsx
2026-09-16 06:06:55 | DEBUG    | _create_backup       | Backup created: data/2026/09/backups/2026-09-16_backup_20260916_060655.xlsx
2026-09-16 06:06:55 | DEBUG    | _cleanup_old_backups | Removed old backup: 2026-09-16_backup_20260916_054117.xlsx
2026-09-16 06:06:55 | DEBUG    | save_data            | Existing file found, merging data...
2026-09-16 06:06:56 | DEBUG    | save_data            | Loaded 14674 existing rows
2026-09-16 06:06:56 | DEBUG    | save_data            | Combined to 15133 rows
2026-09-16 06:06:56 | DEBUG    | save_data            | Writing to temporary file...
2026-09-16 06:06:58 | DEBUG    | save_data            | Data written to temp file: /home/runner/work/Thalorae-BackLioraen/Thalorae-BackLioraen/data/2026/09/tmpoqz4weoe.xlsx
2026-09-16 06:06:58 | DEBUG    | save_data            | Temp file moved to final location
2026-09-16 06:06:58 | INFO     | save_data            | ✅ Data saved successfully (15133 total rows, 1,107,467 bytes)
2026-09-16 06:06:58 | INFO     | run                  | ======================================================================
2026-09-16 06:06:58 | INFO     | run                  | 📊 EXECUTION SUMMARY:
2026-09-16 06:06:58 | INFO     | run                  |    ✅ Status: SUCCESS
2026-09-16 06:06:58 | INFO     | run                  |    - Rows processed: 459
2026-09-16 06:06:58 | INFO     | run                  |    - Unique symbols: 459
2026-09-16 06:06:58 | INFO     | run                  |    - Timestamp: 2026-09-16 11:06:50
2026-09-16 06:06:58 | INFO     | run                  |    - File: data/2026/09/2026-09-16.xlsx
2026-09-16 06:06:58 | INFO     | run                  | ======================================================================
2026-09-16 06:06:58 | DEBUG    | run                  | Sample data (first row):
2026-09-16 06:06:58 | DEBUG    | run                  | {'SYMBOL': 'WTL', 'SECTOR': 828, 'LDCP': 1.06, 'OPEN': 1.05, 'HIGH': 1.1, 'LOW': 1.0, 'CURRENT': 1.04, 'CHANGE': -0.02, 'CHANGE (%)': nan, 'VOLUME': 20396588, 'YEAR': 2026, 'MONTH': 9, 'DAY': 16, 'HOUR': 11, 'MINUTE': 6, 'DATETIME': '2026-09-16 11:06'}
2026-09-16 06:06:58 | DEBUG    | close                | Session closed
2026-09-16 06:11:58 | INFO     | run                  | ======================================================================
2026-09-16 06:11:58 | INFO     | run                  | 🚀 MARKET DATA SCRAPER - SINGLE EXECUTION
2026-09-16 06:11:58 | INFO     | run                  | ======================================================================
2026-09-16 06:11:58 | INFO     | run                  | Execution Time: 2026-09-16 11:11:58 PKT
2026-09-16 06:11:58 | INFO     | run                  | Configuration:
2026-09-16 06:11:58 | INFO     | run                  |    - Timezone: Asia/Karachi
2026-09-16 06:11:58 | INFO     | run                  |    - Data directory: data
2026-09-16 06:11:58 | INFO     | run                  |    - Log directory: logs
2026-09-16 06:11:58 | INFO     | run                  |    - Excluded symbols: {'XD', 'XT', 'XR', 'XS'}
2026-09-16 06:11:58 | INFO     | run                  | ======================================================================
2026-09-16 06:11:58 | INFO     | fetch_data           | Fetching data (Attempt 1/3)...
2026-09-16 06:11:58 | DEBUG    | fetch_data           | Establishing session with https://dps.psx.com.pk/
2026-09-16 06:12:02 | DEBUG    | fetch_data           | Requesting data from https://dps.psx.com.pk/market-watch
2026-09-16 06:12:05 | DEBUG    | fetch_data           | Response status: 200
2026-09-16 06:12:05 | DEBUG    | fetch_data           | Response content type: text/html; charset=utf-8
2026-09-16 06:12:05 | DEBUG    | fetch_data           | Response size: 439447 bytes
2026-09-16 06:12:05 | INFO     | fetch_data           | ✅ Data fetched successfully (Status: 200)
2026-09-16 06:12:05 | DEBUG    | parse_json           | Attempting JSON parsing...
2026-09-16 06:12:05 | DEBUG    | parse_json           | Response preview: <table class="tbl" data-page-length="25"><thead class="tbl__head"><!-- tr--><!--   th(colspan="11")--><!--   th.center(colspan="2", style="width: 110px;") TOTAL BUY ORDERS--><!--   th.center(colspan="2", style="width: 110px;") TOTAL SELL ORDERS--><tr><th data-name="symbol">SYMBOL</th><th data-name="sector">SECTOR</th><th data-name="listed">LISTED IN</th><th class="right" data-name="ldcp">LDCP</th><th class="right" data-name="open">OPEN</th><th class="right" data-name="high">HIGH</th><th class="r
2026-09-16 06:12:05 | WARNING  | parse_json           | ⚠️ JSON parsing failed: Expecting value: line 1 column 1 (char 0)
2026-09-16 06:12:05 | INFO     | run                  | JSON parsing failed, trying HTML fallback...
2026-09-16 06:12:05 | INFO     | parse_html           | Attempting HTML fallback parsing...
2026-09-16 06:12:05 | DEBUG    | parse_html           | Found 1 table(s) in HTML
2026-09-16 06:12:05 | DEBUG    | parse_html           | Table columns: ['SYMBOL', 'SECTOR', 'LISTED IN', 'LDCP', 'OPEN', 'HIGH', 'LOW', 'CURRENT', 'CHANGE', 'CHANGE (%)', 'VOLUME']
2026-09-16 06:12:05 | DEBUG    | parse_html           | Table shape: (459, 11)
2026-09-16 06:12:05 | INFO     | parse_html           | ✅ HTML parsed successfully (459 rows)
2026-09-16 06:12:05 | INFO     | clean_data           | Cleaning data...
2026-09-16 06:12:05 | DEBUG    | clean_data           | Initial shape: (459, 11)
2026-09-16 06:12:05 | DEBUG    | clean_data           | Initial columns: ['SYMBOL', 'SECTOR', 'LISTED IN', 'LDCP', 'OPEN', 'HIGH', 'LOW', 'CURRENT', 'CHANGE', 'CHANGE (%)', 'VOLUME']
2026-09-16 06:12:05 | DEBUG    | clean_data           | Removed 'LISTED IN' column
2026-09-16 06:12:05 | DEBUG    | clean_data           | Converted LDCP from float64 to numeric
2026-09-16 06:12:05 | DEBUG    | clean_data           | Converted OPEN from float64 to numeric
2026-09-16 06:12:05 | DEBUG    | clean_data           | Converted HIGH from float64 to numeric
2026-09-16 06:12:05 | DEBUG    | clean_data           | Converted LOW from float64 to numeric
2026-09-16 06:12:05 | DEBUG    | clean_data           | Converted CURRENT from float64 to numeric
2026-09-16 06:12:05 | DEBUG    | clean_data           | Converted CHANGE from float64 to numeric
2026-09-16 06:12:05 | WARNING  | clean_data           | Column CHANGE (%): 459 values could not be converted to numeric
2026-09-16 06:12:05 | DEBUG    | clean_data           | Converted CHANGE (%) from str to numeric
2026-09-16 06:12:05 | DEBUG    | clean_data           | Converted VOLUME from int64 to numeric
2026-09-16 06:12:05 | INFO     | clean_data           | ✅ Data cleaned (459 rows, 16 columns)
2026-09-16 06:12:05 | DEBUG    | clean_data           | Final columns: ['SYMBOL', 'SECTOR', 'LDCP', 'OPEN', 'HIGH', 'LOW', 'CURRENT', 'CHANGE', 'CHANGE (%)', 'VOLUME', 'YEAR', 'MONTH', 'DAY', 'HOUR', 'MINUTE', 'DATETIME']
2026-09-16 06:12:05 | DEBUG    | get_file_path        | Generated file path: data/2026/09/2026-09-16.xlsx
2026-09-16 06:12:05 | INFO     | save_data            | Saving data to: data/2026/09/2026-09-16.xlsx
2026-09-16 06:12:05 | DEBUG    | _create_backup       | Backup created: data/2026/09/backups/2026-09-16_backup_20260916_061205.xlsx
2026-09-16 06:12:05 | DEBUG    | _cleanup_old_backups | Removed old backup: 2026-09-16_backup_20260916_054625.xlsx
2026-09-16 06:12:05 | DEBUG    | save_data            | Existing file found, merging data...
2026-09-16 06:12:06 | DEBUG    | save_data            | Loaded 15133 existing rows
2026-09-16 06:12:06 | DEBUG    | save_data            | Combined to 15592 rows
2026-09-16 06:12:06 | DEBUG    | save_data            | Writing to temporary file...
2026-09-16 06:12:08 | DEBUG    | save_data            | Data written to temp file: /home/runner/work/Thalorae-BackLioraen/Thalorae-BackLioraen/data/2026/09/tmprue9_r53.xlsx
2026-09-16 06:12:08 | DEBUG    | save_data            | Temp file moved to final location
2026-09-16 06:12:08 | INFO     | save_data            | ✅ Data saved successfully (15592 total rows, 1,140,905 bytes)
2026-09-16 06:12:08 | INFO     | run                  | ======================================================================
2026-09-16 06:12:08 | INFO     | run                  | 📊 EXECUTION SUMMARY:
2026-09-16 06:12:08 | INFO     | run                  |    ✅ Status: SUCCESS
2026-09-16 06:12:08 | INFO     | run                  |    - Rows processed: 459
2026-09-16 06:12:08 | INFO     | run                  |    - Unique symbols: 459
2026-09-16 06:12:08 | INFO     | run                  |    - Timestamp: 2026-09-16 11:11:58
2026-09-16 06:12:08 | INFO     | run                  |    - File: data/2026/09/2026-09-16.xlsx
2026-09-16 06:12:08 | INFO     | run                  | ======================================================================
2026-09-16 06:12:08 | DEBUG    | run                  | Sample data (first row):
2026-09-16 06:12:08 | DEBUG    | run                  | {'SYMBOL': 'WTL', 'SECTOR': 828, 'LDCP': 1.06, 'OPEN': 1.05, 'HIGH': 1.1, 'LOW': 1.0, 'CURRENT': 1.03, 'CHANGE': -0.03, 'CHANGE (%)': nan, 'VOLUME': 20629625, 'YEAR': 2026, 'MONTH': 9, 'DAY': 16, 'HOUR': 11, 'MINUTE': 11, 'DATETIME': '2026-09-16 11:11'}
2026-09-16 06:12:08 | DEBUG    | close                | Session closed
2026-09-16 06:17:08 | INFO     | run                  | ======================================================================
2026-09-16 06:17:08 | INFO     | run                  | 🚀 MARKET DATA SCRAPER - SINGLE EXECUTION
2026-09-16 06:17:08 | INFO     | run                  | ======================================================================
2026-09-16 06:17:08 | INFO     | run                  | Execution Time: 2026-09-16 11:17:08 PKT
2026-09-16 06:17:08 | INFO     | run                  | Configuration:
2026-09-16 06:17:08 | INFO     | run                  |    - Timezone: Asia/Karachi
2026-09-16 06:17:08 | INFO     | run                  |    - Data directory: data
2026-09-16 06:17:08 | INFO     | run                  |    - Log directory: logs
2026-09-16 06:17:08 | INFO     | run                  |    - Excluded symbols: {'XS', 'XR', 'XD', 'XT'}
2026-09-16 06:17:08 | INFO     | run                  | ======================================================================
2026-09-16 06:17:08 | INFO     | fetch_data           | Fetching data (Attempt 1/3)...
2026-09-16 06:17:08 | DEBUG    | fetch_data           | Establishing session with https://dps.psx.com.pk/
2026-09-16 06:17:13 | DEBUG    | fetch_data           | Requesting data from https://dps.psx.com.pk/market-watch
2026-09-16 06:17:13 | DEBUG    | fetch_data           | Response status: 200
2026-09-16 06:17:13 | DEBUG    | fetch_data           | Response content type: text/html; charset=utf-8
2026-09-16 06:17:13 | DEBUG    | fetch_data           | Response size: 440417 bytes
2026-09-16 06:17:13 | INFO     | fetch_data           | ✅ Data fetched successfully (Status: 200)
2026-09-16 06:17:13 | DEBUG    | parse_json           | Attempting JSON parsing...
2026-09-16 06:17:13 | DEBUG    | parse_json           | Response preview: <table class="tbl" data-page-length="25"><thead class="tbl__head"><!-- tr--><!--   th(colspan="11")--><!--   th.center(colspan="2", style="width: 110px;") TOTAL BUY ORDERS--><!--   th.center(colspan="2", style="width: 110px;") TOTAL SELL ORDERS--><tr><th data-name="symbol">SYMBOL</th><th data-name="sector">SECTOR</th><th data-name="listed">LISTED IN</th><th class="right" data-name="ldcp">LDCP</th><th class="right" data-name="open">OPEN</th><th class="right" data-name="high">HIGH</th><th class="r
2026-09-16 06:17:13 | WARNING  | parse_json           | ⚠️ JSON parsing failed: Expecting value: line 1 column 1 (char 0)
2026-09-16 06:17:13 | INFO     | run                  | JSON parsing failed, trying HTML fallback...
2026-09-16 06:17:13 | INFO     | parse_html           | Attempting HTML fallback parsing...
2026-09-16 06:17:13 | DEBUG    | parse_html           | Found 1 table(s) in HTML
2026-09-16 06:17:13 | DEBUG    | parse_html           | Table columns: ['SYMBOL', 'SECTOR', 'LISTED IN', 'LDCP', 'OPEN', 'HIGH', 'LOW', 'CURRENT', 'CHANGE', 'CHANGE (%)', 'VOLUME']
2026-09-16 06:17:13 | DEBUG    | parse_html           | Table shape: (460, 11)
2026-09-16 06:17:13 | INFO     | parse_html           | ✅ HTML parsed successfully (460 rows)
2026-09-16 06:17:13 | INFO     | clean_data           | Cleaning data...
2026-09-16 06:17:13 | DEBUG    | clean_data           | Initial shape: (460, 11)
2026-09-16 06:17:13 | DEBUG    | clean_data           | Initial columns: ['SYMBOL', 'SECTOR', 'LISTED IN', 'LDCP', 'OPEN', 'HIGH', 'LOW', 'CURRENT', 'CHANGE', 'CHANGE (%)', 'VOLUME']
2026-09-16 06:17:13 | DEBUG    | clean_data           | Removed 'LISTED IN' column
2026-09-16 06:17:13 | DEBUG    | clean_data           | Converted LDCP from float64 to numeric
2026-09-16 06:17:13 | DEBUG    | clean_data           | Converted OPEN from float64 to numeric
2026-09-16 06:17:13 | DEBUG    | clean_data           | Converted HIGH from float64 to numeric
2026-09-16 06:17:13 | DEBUG    | clean_data           | Converted LOW from float64 to numeric
2026-09-16 06:17:13 | DEBUG    | clean_data           | Converted CURRENT from float64 to numeric
2026-09-16 06:17:13 | DEBUG    | clean_data           | Converted CHANGE from float64 to numeric
2026-09-16 06:17:13 | WARNING  | clean_data           | Column CHANGE (%): 460 values could not be converted to numeric
2026-09-16 06:17:13 | DEBUG    | clean_data           | Converted CHANGE (%) from str to numeric
2026-09-16 06:17:13 | DEBUG    | clean_data           | Converted VOLUME from int64 to numeric
2026-09-16 06:17:13 | INFO     | clean_data           | ✅ Data cleaned (460 rows, 16 columns)
2026-09-16 06:17:13 | DEBUG    | clean_data           | Final columns: ['SYMBOL', 'SECTOR', 'LDCP', 'OPEN', 'HIGH', 'LOW', 'CURRENT', 'CHANGE', 'CHANGE (%)', 'VOLUME', 'YEAR', 'MONTH', 'DAY', 'HOUR', 'MINUTE', 'DATETIME']
2026-09-16 06:17:13 | DEBUG    | get_file_path        | Generated file path: data/2026/09/2026-09-16.xlsx
2026-09-16 06:17:13 | INFO     | save_data            | Saving data to: data/2026/09/2026-09-16.xlsx
2026-09-16 06:17:13 | DEBUG    | _create_backup       | Backup created: data/2026/09/backups/2026-09-16_backup_20260916_061713.xlsx
2026-09-16 06:17:13 | DEBUG    | _cleanup_old_backups | Removed old backup: 2026-09-16_backup_20260916_055131.xlsx
2026-09-16 06:17:13 | DEBUG    | save_data            | Existing file found, merging data...
2026-09-16 06:17:14 | DEBUG    | save_data            | Loaded 15592 existing rows
2026-09-16 06:17:14 | DEBUG    | save_data            | Combined to 16052 rows
2026-09-16 06:17:14 | DEBUG    | save_data            | Writing to temporary file...
2026-09-16 06:17:16 | DEBUG    | save_data            | Data written to temp file: /home/runner/work/Thalorae-BackLioraen/Thalorae-BackLioraen/data/2026/09/tmptn2p49cg.xlsx
2026-09-16 06:17:16 | DEBUG    | save_data            | Temp file moved to final location
2026-09-16 06:17:16 | INFO     | save_data            | ✅ Data saved successfully (16052 total rows, 1,174,719 bytes)
2026-09-16 06:17:16 | INFO     | run                  | ======================================================================
2026-09-16 06:17:16 | INFO     | run                  | 📊 EXECUTION SUMMARY:
2026-09-16 06:17:16 | INFO     | run                  |    ✅ Status: SUCCESS
2026-09-16 06:17:16 | INFO     | run                  |    - Rows processed: 460
2026-09-16 06:17:16 | INFO     | run                  |    - Unique symbols: 460
2026-09-16 06:17:16 | INFO     | run                  |    - Timestamp: 2026-09-16 11:17:08
2026-09-16 06:17:16 | INFO     | run                  |    - File: data/2026/09/2026-09-16.xlsx
2026-09-16 06:17:16 | INFO     | run                  | ======================================================================
2026-09-16 06:17:16 | DEBUG    | run                  | Sample data (first row):
2026-09-16 06:17:16 | DEBUG    | run                  | {'SYMBOL': 'WTL', 'SECTOR': 828, 'LDCP': 1.06, 'OPEN': 1.05, 'HIGH': 1.1, 'LOW': 1.0, 'CURRENT': 1.03, 'CHANGE': -0.03, 'CHANGE (%)': nan, 'VOLUME': 21610919, 'YEAR': 2026, 'MONTH': 9, 'DAY': 16, 'HOUR': 11, 'MINUTE': 17, 'DATETIME': '2026-09-16 11:17'}
2026-09-16 06:17:16 | DEBUG    | close                | Session closed
2026-09-16 06:22:17 | INFO     | run                  | ======================================================================
2026-09-16 06:22:17 | INFO     | run                  | 🚀 MARKET DATA SCRAPER - SINGLE EXECUTION
2026-09-16 06:22:17 | INFO     | run                  | ======================================================================
2026-09-16 06:22:17 | INFO     | run                  | Execution Time: 2026-09-16 11:22:17 PKT
2026-09-16 06:22:17 | INFO     | run                  | Configuration:
2026-09-16 06:22:17 | INFO     | run                  |    - Timezone: Asia/Karachi
2026-09-16 06:22:17 | INFO     | run                  |    - Data directory: data
2026-09-16 06:22:17 | INFO     | run                  |    - Log directory: logs
2026-09-16 06:22:17 | INFO     | run                  |    - Excluded symbols: {'XT', 'XS', 'XR', 'XD'}
2026-09-16 06:22:17 | INFO     | run                  | ======================================================================
2026-09-16 06:22:17 | INFO     | fetch_data           | Fetching data (Attempt 1/3)...
2026-09-16 06:22:17 | DEBUG    | fetch_data           | Establishing session with https://dps.psx.com.pk/
2026-09-16 06:22:21 | DEBUG    | fetch_data           | Requesting data from https://dps.psx.com.pk/market-watch
2026-09-16 06:22:22 | DEBUG    | fetch_data           | Response status: 200
2026-09-16 06:22:22 | DEBUG    | fetch_data           | Response content type: text/html; charset=utf-8
2026-09-16 06:22:22 | DEBUG    | fetch_data           | Response size: 443358 bytes
2026-09-16 06:22:22 | INFO     | fetch_data           | ✅ Data fetched successfully (Status: 200)
2026-09-16 06:22:22 | DEBUG    | parse_json           | Attempting JSON parsing...
2026-09-16 06:22:22 | DEBUG    | parse_json           | Response preview: <table class="tbl" data-page-length="25"><thead class="tbl__head"><!-- tr--><!--   th(colspan="11")--><!--   th.center(colspan="2", style="width: 110px;") TOTAL BUY ORDERS--><!--   th.center(colspan="2", style="width: 110px;") TOTAL SELL ORDERS--><tr><th data-name="symbol">SYMBOL</th><th data-name="sector">SECTOR</th><th data-name="listed">LISTED IN</th><th class="right" data-name="ldcp">LDCP</th><th class="right" data-name="open">OPEN</th><th class="right" data-name="high">HIGH</th><th class="r
2026-09-16 06:22:22 | WARNING  | parse_json           | ⚠️ JSON parsing failed: Expecting value: line 1 column 1 (char 0)
2026-09-16 06:22:22 | INFO     | run                  | JSON parsing failed, trying HTML fallback...
2026-09-16 06:22:22 | INFO     | parse_html           | Attempting HTML fallback parsing...
2026-09-16 06:22:22 | DEBUG    | parse_html           | Found 1 table(s) in HTML
2026-09-16 06:22:22 | DEBUG    | parse_html           | Table columns: ['SYMBOL', 'SECTOR', 'LISTED IN', 'LDCP', 'OPEN', 'HIGH', 'LOW', 'CURRENT', 'CHANGE', 'CHANGE (%)', 'VOLUME']
2026-09-16 06:22:22 | DEBUG    | parse_html           | Table shape: (463, 11)
2026-09-16 06:22:22 | INFO     | parse_html           | ✅ HTML parsed successfully (463 rows)
2026-09-16 06:22:22 | INFO     | clean_data           | Cleaning data...
2026-09-16 06:22:22 | DEBUG    | clean_data           | Initial shape: (463, 11)
2026-09-16 06:22:22 | DEBUG    | clean_data           | Initial columns: ['SYMBOL', 'SECTOR', 'LISTED IN', 'LDCP', 'OPEN', 'HIGH', 'LOW', 'CURRENT', 'CHANGE', 'CHANGE (%)', 'VOLUME']
2026-09-16 06:22:22 | DEBUG    | clean_data           | Removed 'LISTED IN' column
2026-09-16 06:22:22 | DEBUG    | clean_data           | Converted LDCP from float64 to numeric
2026-09-16 06:22:22 | DEBUG    | clean_data           | Converted OPEN from float64 to numeric
2026-09-16 06:22:22 | DEBUG    | clean_data           | Converted HIGH from float64 to numeric
2026-09-16 06:22:22 | DEBUG    | clean_data           | Converted LOW from float64 to numeric
2026-09-16 06:22:22 | DEBUG    | clean_data           | Converted CURRENT from float64 to numeric
2026-09-16 06:22:22 | DEBUG    | clean_data           | Converted CHANGE from float64 to numeric
2026-09-16 06:22:22 | WARNING  | clean_data           | Column CHANGE (%): 463 values could not be converted to numeric
2026-09-16 06:22:22 | DEBUG    | clean_data           | Converted CHANGE (%) from str to numeric
2026-09-16 06:22:22 | DEBUG    | clean_data           | Converted VOLUME from int64 to numeric
2026-09-16 06:22:22 | INFO     | clean_data           | ✅ Data cleaned (463 rows, 16 columns)
2026-09-16 06:22:22 | DEBUG    | clean_data           | Final columns: ['SYMBOL', 'SECTOR', 'LDCP', 'OPEN', 'HIGH', 'LOW', 'CURRENT', 'CHANGE', 'CHANGE (%)', 'VOLUME', 'YEAR', 'MONTH', 'DAY', 'HOUR', 'MINUTE', 'DATETIME']
2026-09-16 06:22:22 | DEBUG    | get_file_path        | Generated file path: data/2026/09/2026-09-16.xlsx
2026-09-16 06:22:22 | INFO     | save_data            | Saving data to: data/2026/09/2026-09-16.xlsx
2026-09-16 06:22:22 | DEBUG    | _create_backup       | Backup created: data/2026/09/backups/2026-09-16_backup_20260916_062222.xlsx
2026-09-16 06:22:22 | DEBUG    | _cleanup_old_backups | Removed old backup: 2026-09-16_backup_20260916_055639.xlsx
2026-09-16 06:22:22 | DEBUG    | save_data            | Existing file found, merging data...
2026-09-16 06:22:23 | DEBUG    | save_data            | Loaded 16052 existing rows
2026-09-16 06:22:23 | DEBUG    | save_data            | Combined to 16515 rows
2026-09-16 06:22:23 | DEBUG    | save_data            | Writing to temporary file...
2026-09-16 06:22:25 | DEBUG    | save_data            | Data written to temp file: /home/runner/work/Thalorae-BackLioraen/Thalorae-BackLioraen/data/2026/09/tmpllc2qkks.xlsx
2026-09-16 06:22:25 | DEBUG    | save_data            | Temp file moved to final location
2026-09-16 06:22:25 | INFO     | save_data            | ✅ Data saved successfully (16515 total rows, 1,208,622 bytes)
2026-09-16 06:22:25 | INFO     | run                  | ======================================================================
2026-09-16 06:22:25 | INFO     | run                  | 📊 EXECUTION SUMMARY:
2026-09-16 06:22:25 | INFO     | run                  |    ✅ Status: SUCCESS
2026-09-16 06:22:25 | INFO     | run                  |    - Rows processed: 463
2026-09-16 06:22:25 | INFO     | run                  |    - Unique symbols: 463
2026-09-16 06:22:25 | INFO     | run                  |    - Timestamp: 2026-09-16 11:22:17
2026-09-16 06:22:25 | INFO     | run                  |    - File: data/2026/09/2026-09-16.xlsx
2026-09-16 06:22:25 | INFO     | run                  | ======================================================================
2026-09-16 06:22:25 | DEBUG    | run                  | Sample data (first row):
2026-09-16 06:22:25 | DEBUG    | run                  | {'SYMBOL': 'WTL', 'SECTOR': 828, 'LDCP': 1.06, 'OPEN': 1.05, 'HIGH': 1.1, 'LOW': 1.0, 'CURRENT': 1.03, 'CHANGE': -0.03, 'CHANGE (%)': nan, 'VOLUME': 21647969, 'YEAR': 2026, 'MONTH': 9, 'DAY': 16, 'HOUR': 11, 'MINUTE': 22, 'DATETIME': '2026-09-16 11:22'}
2026-09-16 06:22:25 | DEBUG    | close                | Session closed
2026-09-16 06:27:26 | INFO     | run                  | ======================================================================
2026-09-16 06:27:26 | INFO     | run                  | 🚀 MARKET DATA SCRAPER - SINGLE EXECUTION
2026-09-16 06:27:26 | INFO     | run                  | ======================================================================
2026-09-16 06:27:26 | INFO     | run                  | Execution Time: 2026-09-16 11:27:26 PKT
2026-09-16 06:27:26 | INFO     | run                  | Configuration:
2026-09-16 06:27:26 | INFO     | run                  |    - Timezone: Asia/Karachi
2026-09-16 06:27:26 | INFO     | run                  |    - Data directory: data
2026-09-16 06:27:26 | INFO     | run                  |    - Log directory: logs
2026-09-16 06:27:26 | INFO     | run                  |    - Excluded symbols: {'XR', 'XS', 'XT', 'XD'}
2026-09-16 06:27:26 | INFO     | run                  | ======================================================================
2026-09-16 06:27:26 | INFO     | fetch_data           | Fetching data (Attempt 1/3)...
2026-09-16 06:27:26 | DEBUG    | fetch_data           | Establishing session with https://dps.psx.com.pk/
2026-09-16 06:27:30 | DEBUG    | fetch_data           | Requesting data from https://dps.psx.com.pk/market-watch
2026-09-16 06:27:32 | DEBUG    | fetch_data           | Response status: 200
2026-09-16 06:27:32 | DEBUG    | fetch_data           | Response content type: text/html; charset=utf-8
2026-09-16 06:27:32 | DEBUG    | fetch_data           | Response size: 445599 bytes
2026-09-16 06:27:32 | INFO     | fetch_data           | ✅ Data fetched successfully (Status: 200)
2026-09-16 06:27:32 | DEBUG    | parse_json           | Attempting JSON parsing...
2026-09-16 06:27:32 | DEBUG    | parse_json           | Response preview: <table class="tbl" data-page-length="25"><thead class="tbl__head"><!-- tr--><!--   th(colspan="11")--><!--   th.center(colspan="2", style="width: 110px;") TOTAL BUY ORDERS--><!--   th.center(colspan="2", style="width: 110px;") TOTAL SELL ORDERS--><tr><th data-name="symbol">SYMBOL</th><th data-name="sector">SECTOR</th><th data-name="listed">LISTED IN</th><th class="right" data-name="ldcp">LDCP</th><th class="right" data-name="open">OPEN</th><th class="right" data-name="high">HIGH</th><th class="r
2026-09-16 06:27:32 | WARNING  | parse_json           | ⚠️ JSON parsing failed: Expecting value: line 1 column 1 (char 0)
2026-09-16 06:27:32 | INFO     | run                  | JSON parsing failed, trying HTML fallback...
2026-09-16 06:27:32 | INFO     | parse_html           | Attempting HTML fallback parsing...
2026-09-16 06:27:32 | DEBUG    | parse_html           | Found 1 table(s) in HTML
2026-09-16 06:27:32 | DEBUG    | parse_html           | Table columns: ['SYMBOL', 'SECTOR', 'LISTED IN', 'LDCP', 'OPEN', 'HIGH', 'LOW', 'CURRENT', 'CHANGE', 'CHANGE (%)', 'VOLUME']
2026-09-16 06:27:32 | DEBUG    | parse_html           | Table shape: (465, 11)
2026-09-16 06:27:32 | INFO     | parse_html           | ✅ HTML parsed successfully (465 rows)
2026-09-16 06:27:32 | INFO     | clean_data           | Cleaning data...
2026-09-16 06:27:32 | DEBUG    | clean_data           | Initial shape: (465, 11)
2026-09-16 06:27:32 | DEBUG    | clean_data           | Initial columns: ['SYMBOL', 'SECTOR', 'LISTED IN', 'LDCP', 'OPEN', 'HIGH', 'LOW', 'CURRENT', 'CHANGE', 'CHANGE (%)', 'VOLUME']
2026-09-16 06:27:32 | DEBUG    | clean_data           | Removed 'LISTED IN' column
2026-09-16 06:27:32 | DEBUG    | clean_data           | Converted LDCP from float64 to numeric
2026-09-16 06:27:32 | DEBUG    | clean_data           | Converted OPEN from float64 to numeric
2026-09-16 06:27:32 | DEBUG    | clean_data           | Converted HIGH from float64 to numeric
2026-09-16 06:27:32 | DEBUG    | clean_data           | Converted LOW from float64 to numeric
2026-09-16 06:27:32 | DEBUG    | clean_data           | Converted CURRENT from float64 to numeric
2026-09-16 06:27:32 | DEBUG    | clean_data           | Converted CHANGE from float64 to numeric
2026-09-16 06:27:32 | WARNING  | clean_data           | Column CHANGE (%): 465 values could not be converted to numeric
2026-09-16 06:27:32 | DEBUG    | clean_data           | Converted CHANGE (%) from str to numeric
2026-09-16 06:27:32 | DEBUG    | clean_data           | Converted VOLUME from int64 to numeric
2026-09-16 06:27:32 | INFO     | clean_data           | ✅ Data cleaned (465 rows, 16 columns)
2026-09-16 06:27:32 | DEBUG    | clean_data           | Final columns: ['SYMBOL', 'SECTOR', 'LDCP', 'OPEN', 'HIGH', 'LOW', 'CURRENT', 'CHANGE', 'CHANGE (%)', 'VOLUME', 'YEAR', 'MONTH', 'DAY', 'HOUR', 'MINUTE', 'DATETIME']
2026-09-16 06:27:32 | DEBUG    | get_file_path        | Generated file path: data/2026/09/2026-09-16.xlsx
2026-09-16 06:27:32 | INFO     | save_data            | Saving data to: data/2026/09/2026-09-16.xlsx
2026-09-16 06:27:32 | DEBUG    | _create_backup       | Backup created: data/2026/09/backups/2026-09-16_backup_20260916_062732.xlsx
2026-09-16 06:27:32 | DEBUG    | _cleanup_old_backups | Removed old backup: 2026-09-16_backup_20260916_060147.xlsx
2026-09-16 06:27:32 | DEBUG    | save_data            | Existing file found, merging data...
2026-09-16 06:27:33 | DEBUG    | save_data            | Loaded 16515 existing rows
2026-09-16 06:27:33 | DEBUG    | save_data            | Combined to 16980 rows
2026-09-16 06:27:33 | DEBUG    | save_data            | Writing to temporary file...
2026-09-16 06:27:35 | DEBUG    | save_data            | Data written to temp file: /home/runner/work/Thalorae-BackLioraen/Thalorae-BackLioraen/data/2026/09/tmpj_5z5lji.xlsx
2026-09-16 06:27:35 | DEBUG    | save_data            | Temp file moved to final location
2026-09-16 06:27:35 | INFO     | save_data            | ✅ Data saved successfully (16980 total rows, 1,242,740 bytes)
2026-09-16 06:27:35 | INFO     | run                  | ======================================================================
2026-09-16 06:27:35 | INFO     | run                  | 📊 EXECUTION SUMMARY:
2026-09-16 06:27:35 | INFO     | run                  |    ✅ Status: SUCCESS
2026-09-16 06:27:35 | INFO     | run                  |    - Rows processed: 465
2026-09-16 06:27:35 | INFO     | run                  |    - Unique symbols: 465
2026-09-16 06:27:35 | INFO     | run                  |    - Timestamp: 2026-09-16 11:27:26
2026-09-16 06:27:35 | INFO     | run                  |    - File: data/2026/09/2026-09-16.xlsx
2026-09-16 06:27:35 | INFO     | run                  | ======================================================================
2026-09-16 06:27:35 | DEBUG    | run                  | Sample data (first row):
2026-09-16 06:27:35 | DEBUG    | run                  | {'SYMBOL': 'WTL', 'SECTOR': 828, 'LDCP': 1.06, 'OPEN': 1.05, 'HIGH': 1.1, 'LOW': 1.0, 'CURRENT': 1.03, 'CHANGE': -0.03, 'CHANGE (%)': nan, 'VOLUME': 21893489, 'YEAR': 2026, 'MONTH': 9, 'DAY': 16, 'HOUR': 11, 'MINUTE': 27, 'DATETIME': '2026-09-16 11:27'}
2026-09-16 06:27:35 | DEBUG    | close                | Session closed
2026-09-16 06:32:35 | INFO     | run                  | ======================================================================
2026-09-16 06:32:35 | INFO     | run                  | 🚀 MARKET DATA SCRAPER - SINGLE EXECUTION
2026-09-16 06:32:35 | INFO     | run                  | ======================================================================
2026-09-16 06:32:35 | INFO     | run                  | Execution Time: 2026-09-16 11:32:35 PKT
2026-09-16 06:32:35 | INFO     | run                  | Configuration:
2026-09-16 06:32:35 | INFO     | run                  |    - Timezone: Asia/Karachi
2026-09-16 06:32:35 | INFO     | run                  |    - Data directory: data
2026-09-16 06:32:35 | INFO     | run                  |    - Log directory: logs
2026-09-16 06:32:35 | INFO     | run                  |    - Excluded symbols: {'XD', 'XS', 'XT', 'XR'}
2026-09-16 06:32:35 | INFO     | run                  | ======================================================================
2026-09-16 06:32:35 | INFO     | fetch_data           | Fetching data (Attempt 1/3)...
2026-09-16 06:32:35 | DEBUG    | fetch_data           | Establishing session with https://dps.psx.com.pk/
2026-09-16 06:32:39 | DEBUG    | fetch_data           | Requesting data from https://dps.psx.com.pk/market-watch
2026-09-16 06:32:41 | DEBUG    | fetch_data           | Response status: 200
2026-09-16 06:32:41 | DEBUG    | fetch_data           | Response content type: text/html; charset=utf-8
2026-09-16 06:32:41 | DEBUG    | fetch_data           | Response size: 445665 bytes
2026-09-16 06:32:41 | INFO     | fetch_data           | ✅ Data fetched successfully (Status: 200)
2026-09-16 06:32:41 | DEBUG    | parse_json           | Attempting JSON parsing...
2026-09-16 06:32:41 | DEBUG    | parse_json           | Response preview: <table class="tbl" data-page-length="25"><thead class="tbl__head"><!-- tr--><!--   th(colspan="11")--><!--   th.center(colspan="2", style="width: 110px;") TOTAL BUY ORDERS--><!--   th.center(colspan="2", style="width: 110px;") TOTAL SELL ORDERS--><tr><th data-name="symbol">SYMBOL</th><th data-name="sector">SECTOR</th><th data-name="listed">LISTED IN</th><th class="right" data-name="ldcp">LDCP</th><th class="right" data-name="open">OPEN</th><th class="right" data-name="high">HIGH</th><th class="r
2026-09-16 06:32:41 | WARNING  | parse_json           | ⚠️ JSON parsing failed: Expecting value: line 1 column 1 (char 0)
2026-09-16 06:32:41 | INFO     | run                  | JSON parsing failed, trying HTML fallback...
2026-09-16 06:32:41 | INFO     | parse_html           | Attempting HTML fallback parsing...
2026-09-16 06:32:41 | DEBUG    | parse_html           | Found 1 table(s) in HTML
2026-09-16 06:32:41 | DEBUG    | parse_html           | Table columns: ['SYMBOL', 'SECTOR', 'LISTED IN', 'LDCP', 'OPEN', 'HIGH', 'LOW', 'CURRENT', 'CHANGE', 'CHANGE (%)', 'VOLUME']
2026-09-16 06:32:41 | DEBUG    | parse_html           | Table shape: (465, 11)
2026-09-16 06:32:41 | INFO     | parse_html           | ✅ HTML parsed successfully (465 rows)
2026-09-16 06:32:41 | INFO     | clean_data           | Cleaning data...
2026-09-16 06:32:41 | DEBUG    | clean_data           | Initial shape: (465, 11)
2026-09-16 06:32:41 | DEBUG    | clean_data           | Initial columns: ['SYMBOL', 'SECTOR', 'LISTED IN', 'LDCP', 'OPEN', 'HIGH', 'LOW', 'CURRENT', 'CHANGE', 'CHANGE (%)', 'VOLUME']
2026-09-16 06:32:41 | DEBUG    | clean_data           | Removed 'LISTED IN' column
2026-09-16 06:32:41 | DEBUG    | clean_data           | Converted LDCP from float64 to numeric
2026-09-16 06:32:41 | DEBUG    | clean_data           | Converted OPEN from float64 to numeric
2026-09-16 06:32:41 | DEBUG    | clean_data           | Converted HIGH from float64 to numeric
2026-09-16 06:32:41 | DEBUG    | clean_data           | Converted LOW from float64 to numeric
2026-09-16 06:32:41 | DEBUG    | clean_data           | Converted CURRENT from float64 to numeric
2026-09-16 06:32:41 | DEBUG    | clean_data           | Converted CHANGE from float64 to numeric
2026-09-16 06:32:41 | WARNING  | clean_data           | Column CHANGE (%): 465 values could not be converted to numeric
2026-09-16 06:32:41 | DEBUG    | clean_data           | Converted CHANGE (%) from str to numeric
2026-09-16 06:32:41 | DEBUG    | clean_data           | Converted VOLUME from int64 to numeric
2026-09-16 06:32:41 | INFO     | clean_data           | ✅ Data cleaned (465 rows, 16 columns)
2026-09-16 06:32:41 | DEBUG    | clean_data           | Final columns: ['SYMBOL', 'SECTOR', 'LDCP', 'OPEN', 'HIGH', 'LOW', 'CURRENT', 'CHANGE', 'CHANGE (%)', 'VOLUME', 'YEAR', 'MONTH', 'DAY', 'HOUR', 'MINUTE', 'DATETIME']
2026-09-16 06:32:41 | DEBUG    | get_file_path        | Generated file path: data/2026/09/2026-09-16.xlsx
2026-09-16 06:32:41 | INFO     | save_data            | Saving data to: data/2026/09/2026-09-16.xlsx
2026-09-16 06:32:41 | DEBUG    | _create_backup       | Backup created: data/2026/09/backups/2026-09-16_backup_20260916_063241.xlsx
2026-09-16 06:32:41 | DEBUG    | _cleanup_old_backups | Removed old backup: 2026-09-16_backup_20260916_060655.xlsx
2026-09-16 06:32:41 | DEBUG    | save_data            | Existing file found, merging data...
2026-09-16 06:32:42 | DEBUG    | save_data            | Loaded 16980 existing rows
2026-09-16 06:32:42 | DEBUG    | save_data            | Combined to 17445 rows
2026-09-16 06:32:42 | DEBUG    | save_data            | Writing to temporary file...
2026-09-16 06:32:44 | DEBUG    | save_data            | Data written to temp file: /home/runner/work/Thalorae-BackLioraen/Thalorae-BackLioraen/data/2026/09/tmpocaqxlgi.xlsx
2026-09-16 06:32:44 | DEBUG    | save_data            | Temp file moved to final location
2026-09-16 06:32:44 | INFO     | save_data            | ✅ Data saved successfully (17445 total rows, 1,276,920 bytes)
2026-09-16 06:32:44 | INFO     | run                  | ======================================================================
2026-09-16 06:32:44 | INFO     | run                  | 📊 EXECUTION SUMMARY:
2026-09-16 06:32:44 | INFO     | run                  |    ✅ Status: SUCCESS
2026-09-16 06:32:44 | INFO     | run                  |    - Rows processed: 465
2026-09-16 06:32:44 | INFO     | run                  |    - Unique symbols: 465
2026-09-16 06:32:44 | INFO     | run                  |    - Timestamp: 2026-09-16 11:32:35
2026-09-16 06:32:44 | INFO     | run                  |    - File: data/2026/09/2026-09-16.xlsx
2026-09-16 06:32:44 | INFO     | run                  | ======================================================================
2026-09-16 06:32:44 | DEBUG    | run                  | Sample data (first row):
2026-09-16 06:32:44 | DEBUG    | run                  | {'SYMBOL': 'WTL', 'SECTOR': 828, 'LDCP': 1.06, 'OPEN': 1.05, 'HIGH': 1.1, 'LOW': 1.0, 'CURRENT': 1.03, 'CHANGE': -0.03, 'CHANGE (%)': nan, 'VOLUME': 22113631, 'YEAR': 2026, 'MONTH': 9, 'DAY': 16, 'HOUR': 11, 'MINUTE': 32, 'DATETIME': '2026-09-16 11:32'}
2026-09-16 06:32:44 | DEBUG    | close                | Session closed
2026-09-16 06:37:45 | INFO     | run                  | ======================================================================
2026-09-16 06:37:45 | INFO     | run                  | 🚀 MARKET DATA SCRAPER - SINGLE EXECUTION
2026-09-16 06:37:45 | INFO     | run                  | ======================================================================
2026-09-16 06:37:45 | INFO     | run                  | Execution Time: 2026-09-16 11:37:45 PKT
2026-09-16 06:37:45 | INFO     | run                  | Configuration:
2026-09-16 06:37:45 | INFO     | run                  |    - Timezone: Asia/Karachi
2026-09-16 06:37:45 | INFO     | run                  |    - Data directory: data
2026-09-16 06:37:45 | INFO     | run                  |    - Log directory: logs
2026-09-16 06:37:45 | INFO     | run                  |    - Excluded symbols: {'XD', 'XS', 'XR', 'XT'}
2026-09-16 06:37:45 | INFO     | run                  | ======================================================================
2026-09-16 06:37:45 | INFO     | fetch_data           | Fetching data (Attempt 1/3)...
2026-09-16 06:37:45 | DEBUG    | fetch_data           | Establishing session with https://dps.psx.com.pk/
2026-09-16 06:37:48 | DEBUG    | fetch_data           | Requesting data from https://dps.psx.com.pk/market-watch
2026-09-16 06:37:49 | DEBUG    | fetch_data           | Response status: 200
2026-09-16 06:37:49 | DEBUG    | fetch_data           | Response content type: text/html; charset=utf-8
2026-09-16 06:37:49 | DEBUG    | fetch_data           | Response size: 445731 bytes
2026-09-16 06:37:49 | INFO     | fetch_data           | ✅ Data fetched successfully (Status: 200)
2026-09-16 06:37:49 | DEBUG    | parse_json           | Attempting JSON parsing...
2026-09-16 06:37:49 | DEBUG    | parse_json           | Response preview: <table class="tbl" data-page-length="25"><thead class="tbl__head"><!-- tr--><!--   th(colspan="11")--><!--   th.center(colspan="2", style="width: 110px;") TOTAL BUY ORDERS--><!--   th.center(colspan="2", style="width: 110px;") TOTAL SELL ORDERS--><tr><th data-name="symbol">SYMBOL</th><th data-name="sector">SECTOR</th><th data-name="listed">LISTED IN</th><th class="right" data-name="ldcp">LDCP</th><th class="right" data-name="open">OPEN</th><th class="right" data-name="high">HIGH</th><th class="r
2026-09-16 06:37:49 | WARNING  | parse_json           | ⚠️ JSON parsing failed: Expecting value: line 1 column 1 (char 0)
2026-09-16 06:37:49 | INFO     | run                  | JSON parsing failed, trying HTML fallback...
2026-09-16 06:37:49 | INFO     | parse_html           | Attempting HTML fallback parsing...
2026-09-16 06:37:49 | DEBUG    | parse_html           | Found 1 table(s) in HTML
2026-09-16 06:37:49 | DEBUG    | parse_html           | Table columns: ['SYMBOL', 'SECTOR', 'LISTED IN', 'LDCP', 'OPEN', 'HIGH', 'LOW', 'CURRENT', 'CHANGE', 'CHANGE (%)', 'VOLUME']
2026-09-16 06:37:49 | DEBUG    | parse_html           | Table shape: (465, 11)
2026-09-16 06:37:49 | INFO     | parse_html           | ✅ HTML parsed successfully (465 rows)
2026-09-16 06:37:49 | INFO     | clean_data           | Cleaning data...
2026-09-16 06:37:49 | DEBUG    | clean_data           | Initial shape: (465, 11)
2026-09-16 06:37:49 | DEBUG    | clean_data           | Initial columns: ['SYMBOL', 'SECTOR', 'LISTED IN', 'LDCP', 'OPEN', 'HIGH', 'LOW', 'CURRENT', 'CHANGE', 'CHANGE (%)', 'VOLUME']
2026-09-16 06:37:49 | DEBUG    | clean_data           | Removed 'LISTED IN' column
2026-09-16 06:37:49 | DEBUG    | clean_data           | Converted LDCP from float64 to numeric
2026-09-16 06:37:49 | DEBUG    | clean_data           | Converted OPEN from float64 to numeric
2026-09-16 06:37:49 | DEBUG    | clean_data           | Converted HIGH from float64 to numeric
2026-09-16 06:37:49 | DEBUG    | clean_data           | Converted LOW from float64 to numeric
2026-09-16 06:37:49 | DEBUG    | clean_data           | Converted CURRENT from float64 to numeric
2026-09-16 06:37:49 | DEBUG    | clean_data           | Converted CHANGE from float64 to numeric
2026-09-16 06:37:49 | WARNING  | clean_data           | Column CHANGE (%): 465 values could not be converted to numeric
2026-09-16 06:37:49 | DEBUG    | clean_data           | Converted CHANGE (%) from str to numeric
2026-09-16 06:37:49 | DEBUG    | clean_data           | Converted VOLUME from int64 to numeric
2026-09-16 06:37:49 | INFO     | clean_data           | ✅ Data cleaned (465 rows, 16 columns)
2026-09-16 06:37:49 | DEBUG    | clean_data           | Final columns: ['SYMBOL', 'SECTOR', 'LDCP', 'OPEN', 'HIGH', 'LOW', 'CURRENT', 'CHANGE', 'CHANGE (%)', 'VOLUME', 'YEAR', 'MONTH', 'DAY', 'HOUR', 'MINUTE', 'DATETIME']
2026-09-16 06:37:49 | DEBUG    | get_file_path        | Generated file path: data/2026/09/2026-09-16.xlsx
2026-09-16 06:37:49 | INFO     | save_data            | Saving data to: data/2026/09/2026-09-16.xlsx
2026-09-16 06:37:49 | DEBUG    | _create_backup       | Backup created: data/2026/09/backups/2026-09-16_backup_20260916_063749.xlsx
2026-09-16 06:37:49 | DEBUG    | _cleanup_old_backups | Removed old backup: 2026-09-16_backup_20260916_061205.xlsx
2026-09-16 06:37:49 | DEBUG    | save_data            | Existing file found, merging data...
2026-09-16 06:37:50 | DEBUG    | save_data            | Loaded 17445 existing rows
2026-09-16 06:37:50 | DEBUG    | save_data            | Combined to 17910 rows
2026-09-16 06:37:50 | DEBUG    | save_data            | Writing to temporary file...
2026-09-16 06:37:52 | DEBUG    | save_data            | Data written to temp file: /home/runner/work/Thalorae-BackLioraen/Thalorae-BackLioraen/data/2026/09/tmpx_t4pnpx.xlsx
2026-09-16 06:37:52 | DEBUG    | save_data            | Temp file moved to final location
2026-09-16 06:37:52 | INFO     | save_data            | ✅ Data saved successfully (17910 total rows, 1,311,043 bytes)
2026-09-16 06:37:52 | INFO     | run                  | ======================================================================
2026-09-16 06:37:52 | INFO     | run                  | 📊 EXECUTION SUMMARY:
2026-09-16 06:37:52 | INFO     | run                  |    ✅ Status: SUCCESS
2026-09-16 06:37:52 | INFO     | run                  |    - Rows processed: 465
2026-09-16 06:37:52 | INFO     | run                  |    - Unique symbols: 465
2026-09-16 06:37:52 | INFO     | run                  |    - Timestamp: 2026-09-16 11:37:45
2026-09-16 06:37:52 | INFO     | run                  |    - File: data/2026/09/2026-09-16.xlsx
2026-09-16 06:37:52 | INFO     | run                  | ======================================================================
2026-09-16 06:37:52 | DEBUG    | run                  | Sample data (first row):
2026-09-16 06:37:52 | DEBUG    | run                  | {'SYMBOL': 'WTL', 'SECTOR': 828, 'LDCP': 1.06, 'OPEN': 1.05, 'HIGH': 1.1, 'LOW': 1.0, 'CURRENT': 1.03, 'CHANGE': -0.03, 'CHANGE (%)': nan, 'VOLUME': 22830572, 'YEAR': 2026, 'MONTH': 9, 'DAY': 16, 'HOUR': 11, 'MINUTE': 37, 'DATETIME': '2026-09-16 11:37'}
2026-09-16 06:37:52 | DEBUG    | close                | Session closed
2026-09-16 06:42:53 | INFO     | run                  | ======================================================================
2026-09-16 06:42:53 | INFO     | run                  | 🚀 MARKET DATA SCRAPER - SINGLE EXECUTION
2026-09-16 06:42:53 | INFO     | run                  | ======================================================================
2026-09-16 06:42:53 | INFO     | run                  | Execution Time: 2026-09-16 11:42:53 PKT
2026-09-16 06:42:53 | INFO     | run                  | Configuration:
2026-09-16 06:42:53 | INFO     | run                  |    - Timezone: Asia/Karachi
2026-09-16 06:42:53 | INFO     | run                  |    - Data directory: data
2026-09-16 06:42:53 | INFO     | run                  |    - Log directory: logs
2026-09-16 06:42:53 | INFO     | run                  |    - Excluded symbols: {'XT', 'XR', 'XD', 'XS'}
2026-09-16 06:42:53 | INFO     | run                  | ======================================================================
2026-09-16 06:42:53 | INFO     | fetch_data           | Fetching data (Attempt 1/3)...
2026-09-16 06:42:53 | DEBUG    | fetch_data           | Establishing session with https://dps.psx.com.pk/
2026-09-16 06:42:55 | DEBUG    | fetch_data           | Requesting data from https://dps.psx.com.pk/market-watch
2026-09-16 06:42:56 | DEBUG    | fetch_data           | Response status: 200
2026-09-16 06:42:56 | DEBUG    | fetch_data           | Response content type: text/html; charset=utf-8
2026-09-16 06:42:56 | DEBUG    | fetch_data           | Response size: 446651 bytes
2026-09-16 06:42:56 | INFO     | fetch_data           | ✅ Data fetched successfully (Status: 200)
2026-09-16 06:42:56 | DEBUG    | parse_json           | Attempting JSON parsing...
2026-09-16 06:42:56 | DEBUG    | parse_json           | Response preview: <table class="tbl" data-page-length="25"><thead class="tbl__head"><!-- tr--><!--   th(colspan="11")--><!--   th.center(colspan="2", style="width: 110px;") TOTAL BUY ORDERS--><!--   th.center(colspan="2", style="width: 110px;") TOTAL SELL ORDERS--><tr><th data-name="symbol">SYMBOL</th><th data-name="sector">SECTOR</th><th data-name="listed">LISTED IN</th><th class="right" data-name="ldcp">LDCP</th><th class="right" data-name="open">OPEN</th><th class="right" data-name="high">HIGH</th><th class="r
2026-09-16 06:42:56 | WARNING  | parse_json           | ⚠️ JSON parsing failed: Expecting value: line 1 column 1 (char 0)
2026-09-16 06:42:56 | INFO     | run                  | JSON parsing failed, trying HTML fallback...
2026-09-16 06:42:56 | INFO     | parse_html           | Attempting HTML fallback parsing...
2026-09-16 06:42:56 | DEBUG    | parse_html           | Found 1 table(s) in HTML
2026-09-16 06:42:56 | DEBUG    | parse_html           | Table columns: ['SYMBOL', 'SECTOR', 'LISTED IN', 'LDCP', 'OPEN', 'HIGH', 'LOW', 'CURRENT', 'CHANGE', 'CHANGE (%)', 'VOLUME']
2026-09-16 06:42:56 | DEBUG    | parse_html           | Table shape: (466, 11)
2026-09-16 06:42:56 | INFO     | parse_html           | ✅ HTML parsed successfully (466 rows)
2026-09-16 06:42:56 | INFO     | clean_data           | Cleaning data...
2026-09-16 06:42:56 | DEBUG    | clean_data           | Initial shape: (466, 11)
2026-09-16 06:42:56 | DEBUG    | clean_data           | Initial columns: ['SYMBOL', 'SECTOR', 'LISTED IN', 'LDCP', 'OPEN', 'HIGH', 'LOW', 'CURRENT', 'CHANGE', 'CHANGE (%)', 'VOLUME']
2026-09-16 06:42:56 | DEBUG    | clean_data           | Removed 'LISTED IN' column
2026-09-16 06:42:56 | DEBUG    | clean_data           | Converted LDCP from float64 to numeric
2026-09-16 06:42:56 | DEBUG    | clean_data           | Converted OPEN from float64 to numeric
2026-09-16 06:42:56 | DEBUG    | clean_data           | Converted HIGH from float64 to numeric
2026-09-16 06:42:56 | DEBUG    | clean_data           | Converted LOW from float64 to numeric
2026-09-16 06:42:56 | DEBUG    | clean_data           | Converted CURRENT from float64 to numeric
2026-09-16 06:42:56 | DEBUG    | clean_data           | Converted CHANGE from float64 to numeric
2026-09-16 06:42:56 | WARNING  | clean_data           | Column CHANGE (%): 466 values could not be converted to numeric
2026-09-16 06:42:56 | DEBUG    | clean_data           | Converted CHANGE (%) from str to numeric
2026-09-16 06:42:56 | DEBUG    | clean_data           | Converted VOLUME from int64 to numeric
2026-09-16 06:42:56 | INFO     | clean_data           | ✅ Data cleaned (466 rows, 16 columns)
2026-09-16 06:42:56 | DEBUG    | clean_data           | Final columns: ['SYMBOL', 'SECTOR', 'LDCP', 'OPEN', 'HIGH', 'LOW', 'CURRENT', 'CHANGE', 'CHANGE (%)', 'VOLUME', 'YEAR', 'MONTH', 'DAY', 'HOUR', 'MINUTE', 'DATETIME']
2026-09-16 06:42:56 | DEBUG    | get_file_path        | Generated file path: data/2026/09/2026-09-16.xlsx
2026-09-16 06:42:56 | INFO     | save_data            | Saving data to: data/2026/09/2026-09-16.xlsx
2026-09-16 06:42:56 | DEBUG    | _create_backup       | Backup created: data/2026/09/backups/2026-09-16_backup_20260916_064256.xlsx
2026-09-16 06:42:56 | DEBUG    | _cleanup_old_backups | Removed old backup: 2026-09-16_backup_20260916_061713.xlsx
2026-09-16 06:42:56 | DEBUG    | save_data            | Existing file found, merging data...
2026-09-16 06:42:57 | DEBUG    | save_data            | Loaded 17910 existing rows
2026-09-16 06:42:57 | DEBUG    | save_data            | Combined to 18376 rows
2026-09-16 06:42:57 | DEBUG    | save_data            | Writing to temporary file...
2026-09-16 06:43:00 | DEBUG    | save_data            | Data written to temp file: /home/runner/work/Thalorae-BackLioraen/Thalorae-BackLioraen/data/2026/09/tmporn4x4_m.xlsx
2026-09-16 06:43:00 | DEBUG    | save_data            | Temp file moved to final location
2026-09-16 06:43:00 | INFO     | save_data            | ✅ Data saved successfully (18376 total rows, 1,345,254 bytes)
2026-09-16 06:43:00 | INFO     | run                  | ======================================================================
2026-09-16 06:43:00 | INFO     | run                  | 📊 EXECUTION SUMMARY:
2026-09-16 06:43:00 | INFO     | run                  |    ✅ Status: SUCCESS
2026-09-16 06:43:00 | INFO     | run                  |    - Rows processed: 466
2026-09-16 06:43:00 | INFO     | run                  |    - Unique symbols: 466
2026-09-16 06:43:00 | INFO     | run                  |    - Timestamp: 2026-09-16 11:42:53
2026-09-16 06:43:00 | INFO     | run                  |    - File: data/2026/09/2026-09-16.xlsx
2026-09-16 06:43:00 | INFO     | run                  | ======================================================================
2026-09-16 06:43:00 | DEBUG    | run                  | Sample data (first row):
2026-09-16 06:43:00 | DEBUG    | run                  | {'SYMBOL': 'WTL', 'SECTOR': 828, 'LDCP': 1.06, 'OPEN': 1.05, 'HIGH': 1.1, 'LOW': 1.0, 'CURRENT': 1.03, 'CHANGE': -0.03, 'CHANGE (%)': nan, 'VOLUME': 23067624, 'YEAR': 2026, 'MONTH': 9, 'DAY': 16, 'HOUR': 11, 'MINUTE': 42, 'DATETIME': '2026-09-16 11:42'}
2026-09-16 06:43:00 | DEBUG    | close                | Session closed
2026-09-16 06:48:00 | INFO     | run                  | ======================================================================
2026-09-16 06:48:00 | INFO     | run                  | 🚀 MARKET DATA SCRAPER - SINGLE EXECUTION
2026-09-16 06:48:00 | INFO     | run                  | ======================================================================
2026-09-16 06:48:00 | INFO     | run                  | Execution Time: 2026-09-16 11:48:00 PKT
2026-09-16 06:48:00 | INFO     | run                  | Configuration:
2026-09-16 06:48:00 | INFO     | run                  |    - Timezone: Asia/Karachi
2026-09-16 06:48:00 | INFO     | run                  |    - Data directory: data
2026-09-16 06:48:00 | INFO     | run                  |    - Log directory: logs
2026-09-16 06:48:00 | INFO     | run                  |    - Excluded symbols: {'XR', 'XS', 'XD', 'XT'}
2026-09-16 06:48:00 | INFO     | run                  | ======================================================================
2026-09-16 06:48:00 | INFO     | fetch_data           | Fetching data (Attempt 1/3)...
2026-09-16 06:48:00 | DEBUG    | fetch_data           | Establishing session with https://dps.psx.com.pk/
2026-09-16 06:48:03 | DEBUG    | fetch_data           | Requesting data from https://dps.psx.com.pk/market-watch
2026-09-16 06:48:05 | DEBUG    | fetch_data           | Response status: 200
2026-09-16 06:48:05 | DEBUG    | fetch_data           | Response content type: text/html; charset=utf-8
2026-09-16 06:48:05 | DEBUG    | fetch_data           | Response size: 448819 bytes
2026-09-16 06:48:05 | INFO     | fetch_data           | ✅ Data fetched successfully (Status: 200)
2026-09-16 06:48:05 | DEBUG    | parse_json           | Attempting JSON parsing...
2026-09-16 06:48:05 | DEBUG    | parse_json           | Response preview: <table class="tbl" data-page-length="25"><thead class="tbl__head"><!-- tr--><!--   th(colspan="11")--><!--   th.center(colspan="2", style="width: 110px;") TOTAL BUY ORDERS--><!--   th.center(colspan="2", style="width: 110px;") TOTAL SELL ORDERS--><tr><th data-name="symbol">SYMBOL</th><th data-name="sector">SECTOR</th><th data-name="listed">LISTED IN</th><th class="right" data-name="ldcp">LDCP</th><th class="right" data-name="open">OPEN</th><th class="right" data-name="high">HIGH</th><th class="r
2026-09-16 06:48:05 | WARNING  | parse_json           | ⚠️ JSON parsing failed: Expecting value: line 1 column 1 (char 0)
2026-09-16 06:48:05 | INFO     | run                  | JSON parsing failed, trying HTML fallback...
2026-09-16 06:48:05 | INFO     | parse_html           | Attempting HTML fallback parsing...
2026-09-16 06:48:05 | DEBUG    | parse_html           | Found 1 table(s) in HTML
2026-09-16 06:48:05 | DEBUG    | parse_html           | Table columns: ['SYMBOL', 'SECTOR', 'LISTED IN', 'LDCP', 'OPEN', 'HIGH', 'LOW', 'CURRENT', 'CHANGE', 'CHANGE (%)', 'VOLUME']
2026-09-16 06:48:05 | DEBUG    | parse_html           | Table shape: (468, 11)
2026-09-16 06:48:05 | INFO     | parse_html           | ✅ HTML parsed successfully (468 rows)
2026-09-16 06:48:05 | INFO     | clean_data           | Cleaning data...
2026-09-16 06:48:05 | DEBUG    | clean_data           | Initial shape: (468, 11)
2026-09-16 06:48:05 | DEBUG    | clean_data           | Initial columns: ['SYMBOL', 'SECTOR', 'LISTED IN', 'LDCP', 'OPEN', 'HIGH', 'LOW', 'CURRENT', 'CHANGE', 'CHANGE (%)', 'VOLUME']
2026-09-16 06:48:05 | DEBUG    | clean_data           | Removed 'LISTED IN' column
2026-09-16 06:48:05 | DEBUG    | clean_data           | Converted LDCP from float64 to numeric
2026-09-16 06:48:05 | DEBUG    | clean_data           | Converted OPEN from float64 to numeric
2026-09-16 06:48:05 | DEBUG    | clean_data           | Converted HIGH from float64 to numeric
2026-09-16 06:48:05 | DEBUG    | clean_data           | Converted LOW from float64 to numeric
2026-09-16 06:48:05 | DEBUG    | clean_data           | Converted CURRENT from float64 to numeric
2026-09-16 06:48:05 | DEBUG    | clean_data           | Converted CHANGE from float64 to numeric
2026-09-16 06:48:05 | WARNING  | clean_data           | Column CHANGE (%): 468 values could not be converted to numeric
2026-09-16 06:48:05 | DEBUG    | clean_data           | Converted CHANGE (%) from str to numeric
2026-09-16 06:48:05 | DEBUG    | clean_data           | Converted VOLUME from int64 to numeric
2026-09-16 06:48:05 | INFO     | clean_data           | ✅ Data cleaned (468 rows, 16 columns)
2026-09-16 06:48:05 | DEBUG    | clean_data           | Final columns: ['SYMBOL', 'SECTOR', 'LDCP', 'OPEN', 'HIGH', 'LOW', 'CURRENT', 'CHANGE', 'CHANGE (%)', 'VOLUME', 'YEAR', 'MONTH', 'DAY', 'HOUR', 'MINUTE', 'DATETIME']
2026-09-16 06:48:05 | DEBUG    | get_file_path        | Generated file path: data/2026/09/2026-09-16.xlsx
2026-09-16 06:48:05 | INFO     | save_data            | Saving data to: data/2026/09/2026-09-16.xlsx
2026-09-16 06:48:05 | DEBUG    | _create_backup       | Backup created: data/2026/09/backups/2026-09-16_backup_20260916_064805.xlsx
2026-09-16 06:48:05 | DEBUG    | _cleanup_old_backups | Removed old backup: 2026-09-16_backup_20260916_062222.xlsx
2026-09-16 06:48:05 | DEBUG    | save_data            | Existing file found, merging data...
2026-09-16 06:48:06 | DEBUG    | save_data            | Loaded 18376 existing rows
2026-09-16 06:48:06 | DEBUG    | save_data            | Combined to 18844 rows
2026-09-16 06:48:06 | DEBUG    | save_data            | Writing to temporary file...
2026-09-16 06:48:08 | DEBUG    | save_data            | Data written to temp file: /home/runner/work/Thalorae-BackLioraen/Thalorae-BackLioraen/data/2026/09/tmp4nldv36w.xlsx
2026-09-16 06:48:08 | DEBUG    | save_data            | Temp file moved to final location
2026-09-16 06:48:08 | INFO     | save_data            | ✅ Data saved successfully (18844 total rows, 1,379,578 bytes)
2026-09-16 06:48:08 | INFO     | run                  | ======================================================================
2026-09-16 06:48:08 | INFO     | run                  | 📊 EXECUTION SUMMARY:
2026-09-16 06:48:08 | INFO     | run                  |    ✅ Status: SUCCESS
2026-09-16 06:48:08 | INFO     | run                  |    - Rows processed: 468
2026-09-16 06:48:08 | INFO     | run                  |    - Unique symbols: 468
2026-09-16 06:48:08 | INFO     | run                  |    - Timestamp: 2026-09-16 11:48:00
2026-09-16 06:48:08 | INFO     | run                  |    - File: data/2026/09/2026-09-16.xlsx
2026-09-16 06:48:08 | INFO     | run                  | ======================================================================
2026-09-16 06:48:08 | DEBUG    | run                  | Sample data (first row):
2026-09-16 06:48:08 | DEBUG    | run                  | {'SYMBOL': 'WTL', 'SECTOR': 828, 'LDCP': 1.06, 'OPEN': 1.05, 'HIGH': 1.1, 'LOW': 1.0, 'CURRENT': 1.03, 'CHANGE': -0.03, 'CHANGE (%)': nan, 'VOLUME': 23477120, 'YEAR': 2026, 'MONTH': 9, 'DAY': 16, 'HOUR': 11, 'MINUTE': 48, 'DATETIME': '2026-09-16 11:48'}
2026-09-16 06:48:08 | DEBUG    | close                | Session closed
2026-09-16 06:53:09 | INFO     | run                  | ======================================================================
2026-09-16 06:53:09 | INFO     | run                  | 🚀 MARKET DATA SCRAPER - SINGLE EXECUTION
2026-09-16 06:53:09 | INFO     | run                  | ======================================================================
2026-09-16 06:53:09 | INFO     | run                  | Execution Time: 2026-09-16 11:53:09 PKT
2026-09-16 06:53:09 | INFO     | run                  | Configuration:
2026-09-16 06:53:09 | INFO     | run                  |    - Timezone: Asia/Karachi
2026-09-16 06:53:09 | INFO     | run                  |    - Data directory: data
2026-09-16 06:53:09 | INFO     | run                  |    - Log directory: logs
2026-09-16 06:53:09 | INFO     | run                  |    - Excluded symbols: {'XD', 'XR', 'XS', 'XT'}
2026-09-16 06:53:09 | INFO     | run                  | ======================================================================
2026-09-16 06:53:09 | INFO     | fetch_data           | Fetching data (Attempt 1/3)...
2026-09-16 06:53:09 | DEBUG    | fetch_data           | Establishing session with https://dps.psx.com.pk/
2026-09-16 06:53:11 | DEBUG    | fetch_data           | Requesting data from https://dps.psx.com.pk/market-watch
2026-09-16 06:53:12 | DEBUG    | fetch_data           | Response status: 200
2026-09-16 06:53:12 | DEBUG    | fetch_data           | Response content type: text/html; charset=utf-8
2026-09-16 06:53:12 | DEBUG    | fetch_data           | Response size: 450513 bytes
2026-09-16 06:53:12 | INFO     | fetch_data           | ✅ Data fetched successfully (Status: 200)
2026-09-16 06:53:12 | DEBUG    | parse_json           | Attempting JSON parsing...
2026-09-16 06:53:12 | DEBUG    | parse_json           | Response preview: <table class="tbl" data-page-length="25"><thead class="tbl__head"><!-- tr--><!--   th(colspan="11")--><!--   th.center(colspan="2", style="width: 110px;") TOTAL BUY ORDERS--><!--   th.center(colspan="2", style="width: 110px;") TOTAL SELL ORDERS--><tr><th data-name="symbol">SYMBOL</th><th data-name="sector">SECTOR</th><th data-name="listed">LISTED IN</th><th class="right" data-name="ldcp">LDCP</th><th class="right" data-name="open">OPEN</th><th class="right" data-name="high">HIGH</th><th class="r
2026-09-16 06:53:12 | WARNING  | parse_json           | ⚠️ JSON parsing failed: Expecting value: line 1 column 1 (char 0)
2026-09-16 06:53:12 | INFO     | run                  | JSON parsing failed, trying HTML fallback...
2026-09-16 06:53:12 | INFO     | parse_html           | Attempting HTML fallback parsing...
2026-09-16 06:53:12 | DEBUG    | parse_html           | Found 1 table(s) in HTML
2026-09-16 06:53:12 | DEBUG    | parse_html           | Table columns: ['SYMBOL', 'SECTOR', 'LISTED IN', 'LDCP', 'OPEN', 'HIGH', 'LOW', 'CURRENT', 'CHANGE', 'CHANGE (%)', 'VOLUME']
2026-09-16 06:53:12 | DEBUG    | parse_html           | Table shape: (470, 11)
2026-09-16 06:53:12 | INFO     | parse_html           | ✅ HTML parsed successfully (470 rows)
2026-09-16 06:53:12 | INFO     | clean_data           | Cleaning data...
2026-09-16 06:53:12 | DEBUG    | clean_data           | Initial shape: (470, 11)
2026-09-16 06:53:12 | DEBUG    | clean_data           | Initial columns: ['SYMBOL', 'SECTOR', 'LISTED IN', 'LDCP', 'OPEN', 'HIGH', 'LOW', 'CURRENT', 'CHANGE', 'CHANGE (%)', 'VOLUME']
2026-09-16 06:53:12 | DEBUG    | clean_data           | Removed 'LISTED IN' column
2026-09-16 06:53:12 | DEBUG    | clean_data           | Converted LDCP from float64 to numeric
2026-09-16 06:53:12 | DEBUG    | clean_data           | Converted OPEN from float64 to numeric
2026-09-16 06:53:12 | DEBUG    | clean_data           | Converted HIGH from float64 to numeric
2026-09-16 06:53:12 | DEBUG    | clean_data           | Converted LOW from float64 to numeric
2026-09-16 06:53:12 | DEBUG    | clean_data           | Converted CURRENT from float64 to numeric
2026-09-16 06:53:12 | DEBUG    | clean_data           | Converted CHANGE from float64 to numeric
2026-09-16 06:53:12 | WARNING  | clean_data           | Column CHANGE (%): 470 values could not be converted to numeric
2026-09-16 06:53:12 | DEBUG    | clean_data           | Converted CHANGE (%) from str to numeric
2026-09-16 06:53:12 | DEBUG    | clean_data           | Converted VOLUME from int64 to numeric
2026-09-16 06:53:12 | INFO     | clean_data           | ✅ Data cleaned (470 rows, 16 columns)
2026-09-16 06:53:12 | DEBUG    | clean_data           | Final columns: ['SYMBOL', 'SECTOR', 'LDCP', 'OPEN', 'HIGH', 'LOW', 'CURRENT', 'CHANGE', 'CHANGE (%)', 'VOLUME', 'YEAR', 'MONTH', 'DAY', 'HOUR', 'MINUTE', 'DATETIME']
2026-09-16 06:53:12 | DEBUG    | get_file_path        | Generated file path: data/2026/09/2026-09-16.xlsx
2026-09-16 06:53:12 | INFO     | save_data            | Saving data to: data/2026/09/2026-09-16.xlsx
2026-09-16 06:53:12 | DEBUG    | _create_backup       | Backup created: data/2026/09/backups/2026-09-16_backup_20260916_065312.xlsx
2026-09-16 06:53:12 | DEBUG    | _cleanup_old_backups | Removed old backup: 2026-09-16_backup_20260916_062732.xlsx
2026-09-16 06:53:12 | DEBUG    | save_data            | Existing file found, merging data...
2026-09-16 06:53:14 | DEBUG    | save_data            | Loaded 18844 existing rows
2026-09-16 06:53:14 | DEBUG    | save_data            | Combined to 19314 rows
2026-09-16 06:53:14 | DEBUG    | save_data            | Writing to temporary file...
2026-09-16 06:53:16 | DEBUG    | save_data            | Data written to temp file: /home/runner/work/Thalorae-BackLioraen/Thalorae-BackLioraen/data/2026/09/tmpk4hjbbo9.xlsx
2026-09-16 06:53:16 | DEBUG    | save_data            | Temp file moved to final location
2026-09-16 06:53:16 | INFO     | save_data            | ✅ Data saved successfully (19314 total rows, 1,414,046 bytes)
2026-09-16 06:53:16 | INFO     | run                  | ======================================================================
2026-09-16 06:53:16 | INFO     | run                  | 📊 EXECUTION SUMMARY:
2026-09-16 06:53:16 | INFO     | run                  |    ✅ Status: SUCCESS
2026-09-16 06:53:16 | INFO     | run                  |    - Rows processed: 470
2026-09-16 06:53:16 | INFO     | run                  |    - Unique symbols: 470
2026-09-16 06:53:16 | INFO     | run                  |    - Timestamp: 2026-09-16 11:53:09
2026-09-16 06:53:16 | INFO     | run                  |    - File: data/2026/09/2026-09-16.xlsx
2026-09-16 06:53:16 | INFO     | run                  | ======================================================================
2026-09-16 06:53:16 | DEBUG    | run                  | Sample data (first row):
2026-09-16 06:53:16 | DEBUG    | run                  | {'SYMBOL': 'WTL', 'SECTOR': 828, 'LDCP': 1.06, 'OPEN': 1.05, 'HIGH': 1.1, 'LOW': 1.0, 'CURRENT': 1.02, 'CHANGE': -0.04, 'CHANGE (%)': nan, 'VOLUME': 23484517, 'YEAR': 2026, 'MONTH': 9, 'DAY': 16, 'HOUR': 11, 'MINUTE': 53, 'DATETIME': '2026-09-16 11:53'}
2026-09-16 06:53:16 | DEBUG    | close                | Session closed
2026-09-16 06:58:17 | INFO     | run                  | ======================================================================
2026-09-16 06:58:17 | INFO     | run                  | 🚀 MARKET DATA SCRAPER - SINGLE EXECUTION
2026-09-16 06:58:17 | INFO     | run                  | ======================================================================
2026-09-16 06:58:17 | INFO     | run                  | Execution Time: 2026-09-16 11:58:17 PKT
2026-09-16 06:58:17 | INFO     | run                  | Configuration:
2026-09-16 06:58:17 | INFO     | run                  |    - Timezone: Asia/Karachi
2026-09-16 06:58:17 | INFO     | run                  |    - Data directory: data
2026-09-16 06:58:17 | INFO     | run                  |    - Log directory: logs
2026-09-16 06:58:17 | INFO     | run                  |    - Excluded symbols: {'XR', 'XS', 'XT', 'XD'}
2026-09-16 06:58:17 | INFO     | run                  | ======================================================================
2026-09-16 06:58:17 | INFO     | fetch_data           | Fetching data (Attempt 1/3)...
2026-09-16 06:58:17 | DEBUG    | fetch_data           | Establishing session with https://dps.psx.com.pk/
2026-09-16 06:58:20 | DEBUG    | fetch_data           | Requesting data from https://dps.psx.com.pk/market-watch
2026-09-16 06:58:22 | DEBUG    | fetch_data           | Response status: 200
2026-09-16 06:58:22 | DEBUG    | fetch_data           | Response content type: text/html; charset=utf-8
2026-09-16 06:58:22 | DEBUG    | fetch_data           | Response size: 451669 bytes
2026-09-16 06:58:22 | INFO     | fetch_data           | ✅ Data fetched successfully (Status: 200)
2026-09-16 06:58:22 | DEBUG    | parse_json           | Attempting JSON parsing...
2026-09-16 06:58:22 | DEBUG    | parse_json           | Response preview: <table class="tbl" data-page-length="25"><thead class="tbl__head"><!-- tr--><!--   th(colspan="11")--><!--   th.center(colspan="2", style="width: 110px;") TOTAL BUY ORDERS--><!--   th.center(colspan="2", style="width: 110px;") TOTAL SELL ORDERS--><tr><th data-name="symbol">SYMBOL</th><th data-name="sector">SECTOR</th><th data-name="listed">LISTED IN</th><th class="right" data-name="ldcp">LDCP</th><th class="right" data-name="open">OPEN</th><th class="right" data-name="high">HIGH</th><th class="r
2026-09-16 06:58:22 | WARNING  | parse_json           | ⚠️ JSON parsing failed: Expecting value: line 1 column 1 (char 0)
2026-09-16 06:58:22 | INFO     | run                  | JSON parsing failed, trying HTML fallback...
2026-09-16 06:58:22 | INFO     | parse_html           | Attempting HTML fallback parsing...
2026-09-16 06:58:22 | DEBUG    | parse_html           | Found 1 table(s) in HTML
2026-09-16 06:58:22 | DEBUG    | parse_html           | Table columns: ['SYMBOL', 'SECTOR', 'LISTED IN', 'LDCP', 'OPEN', 'HIGH', 'LOW', 'CURRENT', 'CHANGE', 'CHANGE (%)', 'VOLUME']
2026-09-16 06:58:22 | DEBUG    | parse_html           | Table shape: (471, 11)
2026-09-16 06:58:22 | INFO     | parse_html           | ✅ HTML parsed successfully (471 rows)
2026-09-16 06:58:22 | INFO     | clean_data           | Cleaning data...
2026-09-16 06:58:22 | DEBUG    | clean_data           | Initial shape: (471, 11)
2026-09-16 06:58:22 | DEBUG    | clean_data           | Initial columns: ['SYMBOL', 'SECTOR', 'LISTED IN', 'LDCP', 'OPEN', 'HIGH', 'LOW', 'CURRENT', 'CHANGE', 'CHANGE (%)', 'VOLUME']
2026-09-16 06:58:22 | DEBUG    | clean_data           | Removed 'LISTED IN' column
2026-09-16 06:58:22 | DEBUG    | clean_data           | Converted LDCP from float64 to numeric
2026-09-16 06:58:22 | DEBUG    | clean_data           | Converted OPEN from float64 to numeric
2026-09-16 06:58:22 | DEBUG    | clean_data           | Converted HIGH from float64 to numeric
2026-09-16 06:58:22 | DEBUG    | clean_data           | Converted LOW from float64 to numeric
2026-09-16 06:58:22 | DEBUG    | clean_data           | Converted CURRENT from float64 to numeric
2026-09-16 06:58:22 | DEBUG    | clean_data           | Converted CHANGE from float64 to numeric
2026-09-16 06:58:22 | WARNING  | clean_data           | Column CHANGE (%): 471 values could not be converted to numeric
2026-09-16 06:58:22 | DEBUG    | clean_data           | Converted CHANGE (%) from str to numeric
2026-09-16 06:58:22 | DEBUG    | clean_data           | Converted VOLUME from int64 to numeric
2026-09-16 06:58:22 | INFO     | clean_data           | ✅ Data cleaned (471 rows, 16 columns)
2026-09-16 06:58:22 | DEBUG    | clean_data           | Final columns: ['SYMBOL', 'SECTOR', 'LDCP', 'OPEN', 'HIGH', 'LOW', 'CURRENT', 'CHANGE', 'CHANGE (%)', 'VOLUME', 'YEAR', 'MONTH', 'DAY', 'HOUR', 'MINUTE', 'DATETIME']
2026-09-16 06:58:22 | DEBUG    | get_file_path        | Generated file path: data/2026/09/2026-09-16.xlsx
2026-09-16 06:58:22 | INFO     | save_data            | Saving data to: data/2026/09/2026-09-16.xlsx
2026-09-16 06:58:22 | DEBUG    | _create_backup       | Backup created: data/2026/09/backups/2026-09-16_backup_20260916_065822.xlsx
2026-09-16 06:58:22 | DEBUG    | _cleanup_old_backups | Removed old backup: 2026-09-16_backup_20260916_063241.xlsx
2026-09-16 06:58:22 | DEBUG    | save_data            | Existing file found, merging data...
2026-09-16 06:58:23 | DEBUG    | save_data            | Loaded 19314 existing rows
2026-09-16 06:58:23 | DEBUG    | save_data            | Combined to 19785 rows
2026-09-16 06:58:23 | DEBUG    | save_data            | Writing to temporary file...
2026-09-16 06:58:26 | DEBUG    | save_data            | Data written to temp file: /home/runner/work/Thalorae-BackLioraen/Thalorae-BackLioraen/data/2026/09/tmp88gwycx4.xlsx
2026-09-16 06:58:26 | DEBUG    | save_data            | Temp file moved to final location
2026-09-16 06:58:26 | INFO     | save_data            | ✅ Data saved successfully (19785 total rows, 1,448,627 bytes)
2026-09-16 06:58:26 | INFO     | run                  | ======================================================================
2026-09-16 06:58:26 | INFO     | run                  | 📊 EXECUTION SUMMARY:
2026-09-16 06:58:26 | INFO     | run                  |    ✅ Status: SUCCESS
2026-09-16 06:58:26 | INFO     | run                  |    - Rows processed: 471
2026-09-16 06:58:26 | INFO     | run                  |    - Unique symbols: 471
2026-09-16 06:58:26 | INFO     | run                  |    - Timestamp: 2026-09-16 11:58:17
2026-09-16 06:58:26 | INFO     | run                  |    - File: data/2026/09/2026-09-16.xlsx
2026-09-16 06:58:26 | INFO     | run                  | ======================================================================
2026-09-16 06:58:26 | DEBUG    | run                  | Sample data (first row):
2026-09-16 06:58:26 | DEBUG    | run                  | {'SYMBOL': 'WTLNC', 'SECTOR': 828, 'LDCP': 1.06, 'OPEN': 1.05, 'HIGH': 1.1, 'LOW': 1.0, 'CURRENT': 1.03, 'CHANGE': -0.03, 'CHANGE (%)': nan, 'VOLUME': 23573517, 'YEAR': 2026, 'MONTH': 9, 'DAY': 16, 'HOUR': 11, 'MINUTE': 58, 'DATETIME': '2026-09-16 11:58'}
2026-09-16 06:58:26 | DEBUG    | close                | Session closed
2026-09-16 07:03:26 | INFO     | run                  | ======================================================================
2026-09-16 07:03:26 | INFO     | run                  | 🚀 MARKET DATA SCRAPER - SINGLE EXECUTION
2026-09-16 07:03:26 | INFO     | run                  | ======================================================================
2026-09-16 07:03:26 | INFO     | run                  | Execution Time: 2026-09-16 12:03:26 PKT
2026-09-16 07:03:26 | INFO     | run                  | Configuration:
2026-09-16 07:03:26 | INFO     | run                  |    - Timezone: Asia/Karachi
2026-09-16 07:03:26 | INFO     | run                  |    - Data directory: data
2026-09-16 07:03:26 | INFO     | run                  |    - Log directory: logs
2026-09-16 07:03:26 | INFO     | run                  |    - Excluded symbols: {'XD', 'XT', 'XR', 'XS'}
2026-09-16 07:03:26 | INFO     | run                  | ======================================================================
2026-09-16 07:03:26 | INFO     | fetch_data           | Fetching data (Attempt 1/3)...
2026-09-16 07:03:26 | DEBUG    | fetch_data           | Establishing session with https://dps.psx.com.pk/
2026-09-16 07:03:30 | DEBUG    | fetch_data           | Requesting data from https://dps.psx.com.pk/market-watch
2026-09-16 07:03:31 | DEBUG    | fetch_data           | Response status: 200
2026-09-16 07:03:31 | DEBUG    | fetch_data           | Response content type: text/html; charset=utf-8
2026-09-16 07:03:31 | DEBUG    | fetch_data           | Response size: 451709 bytes
2026-09-16 07:03:31 | INFO     | fetch_data           | ✅ Data fetched successfully (Status: 200)
2026-09-16 07:03:31 | DEBUG    | parse_json           | Attempting JSON parsing...
2026-09-16 07:03:31 | DEBUG    | parse_json           | Response preview: <table class="tbl" data-page-length="25"><thead class="tbl__head"><!-- tr--><!--   th(colspan="11")--><!--   th.center(colspan="2", style="width: 110px;") TOTAL BUY ORDERS--><!--   th.center(colspan="2", style="width: 110px;") TOTAL SELL ORDERS--><tr><th data-name="symbol">SYMBOL</th><th data-name="sector">SECTOR</th><th data-name="listed">LISTED IN</th><th class="right" data-name="ldcp">LDCP</th><th class="right" data-name="open">OPEN</th><th class="right" data-name="high">HIGH</th><th class="r
2026-09-16 07:03:31 | WARNING  | parse_json           | ⚠️ JSON parsing failed: Expecting value: line 1 column 1 (char 0)
2026-09-16 07:03:31 | INFO     | run                  | JSON parsing failed, trying HTML fallback...
2026-09-16 07:03:31 | INFO     | parse_html           | Attempting HTML fallback parsing...
2026-09-16 07:03:31 | DEBUG    | parse_html           | Found 1 table(s) in HTML
2026-09-16 07:03:31 | DEBUG    | parse_html           | Table columns: ['SYMBOL', 'SECTOR', 'LISTED IN', 'LDCP', 'OPEN', 'HIGH', 'LOW', 'CURRENT', 'CHANGE', 'CHANGE (%)', 'VOLUME']
2026-09-16 07:03:31 | DEBUG    | parse_html           | Table shape: (471, 11)
2026-09-16 07:03:31 | INFO     | parse_html           | ✅ HTML parsed successfully (471 rows)
2026-09-16 07:03:31 | INFO     | clean_data           | Cleaning data...
2026-09-16 07:03:31 | DEBUG    | clean_data           | Initial shape: (471, 11)
2026-09-16 07:03:31 | DEBUG    | clean_data           | Initial columns: ['SYMBOL', 'SECTOR', 'LISTED IN', 'LDCP', 'OPEN', 'HIGH', 'LOW', 'CURRENT', 'CHANGE', 'CHANGE (%)', 'VOLUME']
2026-09-16 07:03:31 | DEBUG    | clean_data           | Removed 'LISTED IN' column
2026-09-16 07:03:31 | DEBUG    | clean_data           | Converted LDCP from float64 to numeric
2026-09-16 07:03:31 | DEBUG    | clean_data           | Converted OPEN from float64 to numeric
2026-09-16 07:03:31 | DEBUG    | clean_data           | Converted HIGH from float64 to numeric
2026-09-16 07:03:31 | DEBUG    | clean_data           | Converted LOW from float64 to numeric
2026-09-16 07:03:31 | DEBUG    | clean_data           | Converted CURRENT from float64 to numeric
2026-09-16 07:03:31 | DEBUG    | clean_data           | Converted CHANGE from float64 to numeric
2026-09-16 07:03:31 | WARNING  | clean_data           | Column CHANGE (%): 471 values could not be converted to numeric
2026-09-16 07:03:31 | DEBUG    | clean_data           | Converted CHANGE (%) from str to numeric
2026-09-16 07:03:31 | DEBUG    | clean_data           | Converted VOLUME from int64 to numeric
2026-09-16 07:03:31 | INFO     | clean_data           | ✅ Data cleaned (471 rows, 16 columns)
2026-09-16 07:03:31 | DEBUG    | clean_data           | Final columns: ['SYMBOL', 'SECTOR', 'LDCP', 'OPEN', 'HIGH', 'LOW', 'CURRENT', 'CHANGE', 'CHANGE (%)', 'VOLUME', 'YEAR', 'MONTH', 'DAY', 'HOUR', 'MINUTE', 'DATETIME']
2026-09-16 07:03:31 | DEBUG    | get_file_path        | Generated file path: data/2026/09/2026-09-16.xlsx
2026-09-16 07:03:31 | INFO     | save_data            | Saving data to: data/2026/09/2026-09-16.xlsx
2026-09-16 07:03:31 | DEBUG    | _create_backup       | Backup created: data/2026/09/backups/2026-09-16_backup_20260916_070331.xlsx
2026-09-16 07:03:31 | DEBUG    | _cleanup_old_backups | Removed old backup: 2026-09-16_backup_20260916_063749.xlsx
2026-09-16 07:03:31 | DEBUG    | save_data            | Existing file found, merging data...
2026-09-16 07:03:32 | DEBUG    | save_data            | Loaded 19785 existing rows
2026-09-16 07:03:32 | DEBUG    | save_data            | Combined to 20256 rows
2026-09-16 07:03:32 | DEBUG    | save_data            | Writing to temporary file...
2026-09-16 07:03:35 | DEBUG    | save_data            | Data written to temp file: /home/runner/work/Thalorae-BackLioraen/Thalorae-BackLioraen/data/2026/09/tmp2y1_xe3r.xlsx
2026-09-16 07:03:35 | DEBUG    | save_data            | Temp file moved to final location
2026-09-16 07:03:35 | INFO     | save_data            | ✅ Data saved successfully (20256 total rows, 1,483,257 bytes)
2026-09-16 07:03:35 | INFO     | run                  | ======================================================================
2026-09-16 07:03:35 | INFO     | run                  | 📊 EXECUTION SUMMARY:
2026-09-16 07:03:35 | INFO     | run                  |    ✅ Status: SUCCESS
2026-09-16 07:03:35 | INFO     | run                  |    - Rows processed: 471
2026-09-16 07:03:35 | INFO     | run                  |    - Unique symbols: 471
2026-09-16 07:03:35 | INFO     | run                  |    - Timestamp: 2026-09-16 12:03:26
2026-09-16 07:03:35 | INFO     | run                  |    - File: data/2026/09/2026-09-16.xlsx
2026-09-16 07:03:35 | INFO     | run                  | ======================================================================
2026-09-16 07:03:35 | DEBUG    | run                  | Sample data (first row):
2026-09-16 07:03:35 | DEBUG    | run                  | {'SYMBOL': 'WTLNC', 'SECTOR': 828, 'LDCP': 1.06, 'OPEN': 1.05, 'HIGH': 1.1, 'LOW': 1.0, 'CURRENT': 1.02, 'CHANGE': -0.04, 'CHANGE (%)': nan, 'VOLUME': 23838043, 'YEAR': 2026, 'MONTH': 9, 'DAY': 16, 'HOUR': 12, 'MINUTE': 3, 'DATETIME': '2026-09-16 12:03'}
2026-09-16 07:03:35 | DEBUG    | close                | Session closed
2026-09-16 07:08:35 | INFO     | run                  | ======================================================================
2026-09-16 07:08:35 | INFO     | run                  | 🚀 MARKET DATA SCRAPER - SINGLE EXECUTION
2026-09-16 07:08:35 | INFO     | run                  | ======================================================================
2026-09-16 07:08:35 | INFO     | run                  | Execution Time: 2026-09-16 12:08:35 PKT
2026-09-16 07:08:35 | INFO     | run                  | Configuration:
2026-09-16 07:08:35 | INFO     | run                  |    - Timezone: Asia/Karachi
2026-09-16 07:08:35 | INFO     | run                  |    - Data directory: data
2026-09-16 07:08:35 | INFO     | run                  |    - Log directory: logs
2026-09-16 07:08:35 | INFO     | run                  |    - Excluded symbols: {'XR', 'XD', 'XT', 'XS'}
2026-09-16 07:08:35 | INFO     | run                  | ======================================================================
2026-09-16 07:08:35 | INFO     | fetch_data           | Fetching data (Attempt 1/3)...
2026-09-16 07:08:35 | DEBUG    | fetch_data           | Establishing session with https://dps.psx.com.pk/
2026-09-16 07:08:39 | DEBUG    | fetch_data           | Requesting data from https://dps.psx.com.pk/market-watch
2026-09-16 07:08:41 | DEBUG    | fetch_data           | Response status: 200
2026-09-16 07:08:41 | DEBUG    | fetch_data           | Response content type: text/html; charset=utf-8
2026-09-16 07:08:41 | DEBUG    | fetch_data           | Response size: 452584 bytes
2026-09-16 07:08:41 | INFO     | fetch_data           | ✅ Data fetched successfully (Status: 200)
2026-09-16 07:08:41 | DEBUG    | parse_json           | Attempting JSON parsing...
2026-09-16 07:08:41 | DEBUG    | parse_json           | Response preview: <table class="tbl" data-page-length="25"><thead class="tbl__head"><!-- tr--><!--   th(colspan="11")--><!--   th.center(colspan="2", style="width: 110px;") TOTAL BUY ORDERS--><!--   th.center(colspan="2", style="width: 110px;") TOTAL SELL ORDERS--><tr><th data-name="symbol">SYMBOL</th><th data-name="sector">SECTOR</th><th data-name="listed">LISTED IN</th><th class="right" data-name="ldcp">LDCP</th><th class="right" data-name="open">OPEN</th><th class="right" data-name="high">HIGH</th><th class="r
2026-09-16 07:08:41 | WARNING  | parse_json           | ⚠️ JSON parsing failed: Expecting value: line 1 column 1 (char 0)
2026-09-16 07:08:41 | INFO     | run                  | JSON parsing failed, trying HTML fallback...
2026-09-16 07:08:41 | INFO     | parse_html           | Attempting HTML fallback parsing...
2026-09-16 07:08:41 | DEBUG    | parse_html           | Found 1 table(s) in HTML
2026-09-16 07:08:41 | DEBUG    | parse_html           | Table columns: ['SYMBOL', 'SECTOR', 'LISTED IN', 'LDCP', 'OPEN', 'HIGH', 'LOW', 'CURRENT', 'CHANGE', 'CHANGE (%)', 'VOLUME']
2026-09-16 07:08:41 | DEBUG    | parse_html           | Table shape: (472, 11)
2026-09-16 07:08:41 | INFO     | parse_html           | ✅ HTML parsed successfully (472 rows)
2026-09-16 07:08:41 | INFO     | clean_data           | Cleaning data...
2026-09-16 07:08:41 | DEBUG    | clean_data           | Initial shape: (472, 11)
2026-09-16 07:08:41 | DEBUG    | clean_data           | Initial columns: ['SYMBOL', 'SECTOR', 'LISTED IN', 'LDCP', 'OPEN', 'HIGH', 'LOW', 'CURRENT', 'CHANGE', 'CHANGE (%)', 'VOLUME']
2026-09-16 07:08:41 | DEBUG    | clean_data           | Removed 'LISTED IN' column
2026-09-16 07:08:41 | DEBUG    | clean_data           | Converted LDCP from float64 to numeric
2026-09-16 07:08:41 | DEBUG    | clean_data           | Converted OPEN from float64 to numeric
2026-09-16 07:08:41 | DEBUG    | clean_data           | Converted HIGH from float64 to numeric
2026-09-16 07:08:41 | DEBUG    | clean_data           | Converted LOW from float64 to numeric
2026-09-16 07:08:41 | DEBUG    | clean_data           | Converted CURRENT from float64 to numeric
2026-09-16 07:08:41 | DEBUG    | clean_data           | Converted CHANGE from float64 to numeric
2026-09-16 07:08:41 | WARNING  | clean_data           | Column CHANGE (%): 472 values could not be converted to numeric
2026-09-16 07:08:41 | DEBUG    | clean_data           | Converted CHANGE (%) from str to numeric
2026-09-16 07:08:41 | DEBUG    | clean_data           | Converted VOLUME from int64 to numeric
2026-09-16 07:08:41 | INFO     | clean_data           | ✅ Data cleaned (472 rows, 16 columns)
2026-09-16 07:08:41 | DEBUG    | clean_data           | Final columns: ['SYMBOL', 'SECTOR', 'LDCP', 'OPEN', 'HIGH', 'LOW', 'CURRENT', 'CHANGE', 'CHANGE (%)', 'VOLUME', 'YEAR', 'MONTH', 'DAY', 'HOUR', 'MINUTE', 'DATETIME']
2026-09-16 07:08:41 | DEBUG    | get_file_path        | Generated file path: data/2026/09/2026-09-16.xlsx
2026-09-16 07:08:41 | INFO     | save_data            | Saving data to: data/2026/09/2026-09-16.xlsx
2026-09-16 07:08:41 | DEBUG    | _create_backup       | Backup created: data/2026/09/backups/2026-09-16_backup_20260916_070841.xlsx
2026-09-16 07:08:41 | DEBUG    | _cleanup_old_backups | Removed old backup: 2026-09-16_backup_20260916_064256.xlsx
2026-09-16 07:08:41 | DEBUG    | save_data            | Existing file found, merging data...
2026-09-16 07:08:42 | DEBUG    | save_data            | Loaded 20256 existing rows
2026-09-16 07:08:42 | DEBUG    | save_data            | Combined to 20728 rows
2026-09-16 07:08:42 | DEBUG    | save_data            | Writing to temporary file...
2026-09-16 07:08:45 | DEBUG    | save_data            | Data written to temp file: /home/runner/work/Thalorae-BackLioraen/Thalorae-BackLioraen/data/2026/09/tmpnb3olze1.xlsx
2026-09-16 07:08:45 | DEBUG    | save_data            | Temp file moved to final location
2026-09-16 07:08:45 | INFO     | save_data            | ✅ Data saved successfully (20728 total rows, 1,518,106 bytes)
2026-09-16 07:08:45 | INFO     | run                  | ======================================================================
2026-09-16 07:08:45 | INFO     | run                  | 📊 EXECUTION SUMMARY:
2026-09-16 07:08:45 | INFO     | run                  |    ✅ Status: SUCCESS
2026-09-16 07:08:45 | INFO     | run                  |    - Rows processed: 472
2026-09-16 07:08:45 | INFO     | run                  |    - Unique symbols: 472
2026-09-16 07:08:45 | INFO     | run                  |    - Timestamp: 2026-09-16 12:08:35
2026-09-16 07:08:45 | INFO     | run                  |    - File: data/2026/09/2026-09-16.xlsx
2026-09-16 07:08:45 | INFO     | run                  | ======================================================================
2026-09-16 07:08:45 | DEBUG    | run                  | Sample data (first row):
2026-09-16 07:08:45 | DEBUG    | run                  | {'SYMBOL': 'WTLNC', 'SECTOR': 828, 'LDCP': 1.06, 'OPEN': 1.05, 'HIGH': 1.1, 'LOW': 1.0, 'CURRENT': 1.03, 'CHANGE': -0.03, 'CHANGE (%)': nan, 'VOLUME': 23949196, 'YEAR': 2026, 'MONTH': 9, 'DAY': 16, 'HOUR': 12, 'MINUTE': 8, 'DATETIME': '2026-09-16 12:08'}
2026-09-16 07:08:45 | DEBUG    | close                | Session closed
2026-09-16 07:13:45 | INFO     | run                  | ======================================================================
2026-09-16 07:13:45 | INFO     | run                  | 🚀 MARKET DATA SCRAPER - SINGLE EXECUTION
2026-09-16 07:13:45 | INFO     | run                  | ======================================================================
2026-09-16 07:13:45 | INFO     | run                  | Execution Time: 2026-09-16 12:13:45 PKT
2026-09-16 07:13:45 | INFO     | run                  | Configuration:
2026-09-16 07:13:45 | INFO     | run                  |    - Timezone: Asia/Karachi
2026-09-16 07:13:45 | INFO     | run                  |    - Data directory: data
2026-09-16 07:13:45 | INFO     | run                  |    - Log directory: logs
2026-09-16 07:13:45 | INFO     | run                  |    - Excluded symbols: {'XT', 'XD', 'XS', 'XR'}
2026-09-16 07:13:45 | INFO     | run                  | ======================================================================
2026-09-16 07:13:45 | INFO     | fetch_data           | Fetching data (Attempt 1/3)...
2026-09-16 07:13:45 | DEBUG    | fetch_data           | Establishing session with https://dps.psx.com.pk/
2026-09-16 07:13:48 | DEBUG    | fetch_data           | Requesting data from https://dps.psx.com.pk/market-watch
2026-09-16 07:13:49 | DEBUG    | fetch_data           | Response status: 200
2026-09-16 07:13:49 | DEBUG    | fetch_data           | Response content type: text/html; charset=utf-8
2026-09-16 07:13:49 | DEBUG    | fetch_data           | Response size: 454689 bytes
2026-09-16 07:13:49 | INFO     | fetch_data           | ✅ Data fetched successfully (Status: 200)
2026-09-16 07:13:49 | DEBUG    | parse_json           | Attempting JSON parsing...
2026-09-16 07:13:49 | DEBUG    | parse_json           | Response preview: <table class="tbl" data-page-length="25"><thead class="tbl__head"><!-- tr--><!--   th(colspan="11")--><!--   th.center(colspan="2", style="width: 110px;") TOTAL BUY ORDERS--><!--   th.center(colspan="2", style="width: 110px;") TOTAL SELL ORDERS--><tr><th data-name="symbol">SYMBOL</th><th data-name="sector">SECTOR</th><th data-name="listed">LISTED IN</th><th class="right" data-name="ldcp">LDCP</th><th class="right" data-name="open">OPEN</th><th class="right" data-name="high">HIGH</th><th class="r
2026-09-16 07:13:49 | WARNING  | parse_json           | ⚠️ JSON parsing failed: Expecting value: line 1 column 1 (char 0)
2026-09-16 07:13:49 | INFO     | run                  | JSON parsing failed, trying HTML fallback...
2026-09-16 07:13:49 | INFO     | parse_html           | Attempting HTML fallback parsing...
2026-09-16 07:13:49 | DEBUG    | parse_html           | Found 1 table(s) in HTML
2026-09-16 07:13:49 | DEBUG    | parse_html           | Table columns: ['SYMBOL', 'SECTOR', 'LISTED IN', 'LDCP', 'OPEN', 'HIGH', 'LOW', 'CURRENT', 'CHANGE', 'CHANGE (%)', 'VOLUME']
2026-09-16 07:13:49 | DEBUG    | parse_html           | Table shape: (474, 11)
2026-09-16 07:13:49 | INFO     | parse_html           | ✅ HTML parsed successfully (474 rows)
2026-09-16 07:13:49 | INFO     | clean_data           | Cleaning data...
2026-09-16 07:13:49 | DEBUG    | clean_data           | Initial shape: (474, 11)
2026-09-16 07:13:49 | DEBUG    | clean_data           | Initial columns: ['SYMBOL', 'SECTOR', 'LISTED IN', 'LDCP', 'OPEN', 'HIGH', 'LOW', 'CURRENT', 'CHANGE', 'CHANGE (%)', 'VOLUME']
2026-09-16 07:13:49 | DEBUG    | clean_data           | Removed 'LISTED IN' column
2026-09-16 07:13:49 | DEBUG    | clean_data           | Converted LDCP from float64 to numeric
2026-09-16 07:13:49 | DEBUG    | clean_data           | Converted OPEN from float64 to numeric
2026-09-16 07:13:49 | DEBUG    | clean_data           | Converted HIGH from float64 to numeric
2026-09-16 07:13:49 | DEBUG    | clean_data           | Converted LOW from float64 to numeric
2026-09-16 07:13:49 | DEBUG    | clean_data           | Converted CURRENT from float64 to numeric
2026-09-16 07:13:49 | DEBUG    | clean_data           | Converted CHANGE from float64 to numeric
2026-09-16 07:13:49 | WARNING  | clean_data           | Column CHANGE (%): 474 values could not be converted to numeric
2026-09-16 07:13:49 | DEBUG    | clean_data           | Converted CHANGE (%) from str to numeric
2026-09-16 07:13:49 | DEBUG    | clean_data           | Converted VOLUME from int64 to numeric
2026-09-16 07:13:49 | INFO     | clean_data           | ✅ Data cleaned (474 rows, 16 columns)
2026-09-16 07:13:49 | DEBUG    | clean_data           | Final columns: ['SYMBOL', 'SECTOR', 'LDCP', 'OPEN', 'HIGH', 'LOW', 'CURRENT', 'CHANGE', 'CHANGE (%)', 'VOLUME', 'YEAR', 'MONTH', 'DAY', 'HOUR', 'MINUTE', 'DATETIME']
2026-09-16 07:13:49 | DEBUG    | get_file_path        | Generated file path: data/2026/09/2026-09-16.xlsx
2026-09-16 07:13:49 | INFO     | save_data            | Saving data to: data/2026/09/2026-09-16.xlsx
2026-09-16 07:13:49 | DEBUG    | _create_backup       | Backup created: data/2026/09/backups/2026-09-16_backup_20260916_071349.xlsx
2026-09-16 07:13:49 | DEBUG    | _cleanup_old_backups | Removed old backup: 2026-09-16_backup_20260916_064805.xlsx
2026-09-16 07:13:49 | DEBUG    | save_data            | Existing file found, merging data...
2026-09-16 07:13:51 | DEBUG    | save_data            | Loaded 20728 existing rows
2026-09-16 07:13:51 | DEBUG    | save_data            | Combined to 21202 rows
2026-09-16 07:13:51 | DEBUG    | save_data            | Writing to temporary file...
2026-09-16 07:13:53 | DEBUG    | save_data            | Data written to temp file: /home/runner/work/Thalorae-BackLioraen/Thalorae-BackLioraen/data/2026/09/tmpxc2wjrph.xlsx
2026-09-16 07:13:53 | DEBUG    | save_data            | Temp file moved to final location
2026-09-16 07:13:53 | INFO     | save_data            | ✅ Data saved successfully (21202 total rows, 1,553,014 bytes)
2026-09-16 07:13:53 | INFO     | run                  | ======================================================================
2026-09-16 07:13:53 | INFO     | run                  | 📊 EXECUTION SUMMARY:
2026-09-16 07:13:53 | INFO     | run                  |    ✅ Status: SUCCESS
2026-09-16 07:13:53 | INFO     | run                  |    - Rows processed: 474
2026-09-16 07:13:53 | INFO     | run                  |    - Unique symbols: 474
2026-09-16 07:13:53 | INFO     | run                  |    - Timestamp: 2026-09-16 12:13:45
2026-09-16 07:13:53 | INFO     | run                  |    - File: data/2026/09/2026-09-16.xlsx
2026-09-16 07:13:53 | INFO     | run                  | ======================================================================
2026-09-16 07:13:53 | DEBUG    | run                  | Sample data (first row):
2026-09-16 07:13:53 | DEBUG    | run                  | {'SYMBOL': 'WTLNC', 'SECTOR': 828, 'LDCP': 1.06, 'OPEN': 1.05, 'HIGH': 1.1, 'LOW': 1.0, 'CURRENT': 1.02, 'CHANGE': -0.04, 'CHANGE (%)': nan, 'VOLUME': 24013152, 'YEAR': 2026, 'MONTH': 9, 'DAY': 16, 'HOUR': 12, 'MINUTE': 13, 'DATETIME': '2026-09-16 12:13'}
2026-09-16 07:13:53 | DEBUG    | close                | Session closed
2026-09-16 07:18:54 | INFO     | run                  | ======================================================================
2026-09-16 07:18:54 | INFO     | run                  | 🚀 MARKET DATA SCRAPER - SINGLE EXECUTION
2026-09-16 07:18:54 | INFO     | run                  | ======================================================================
2026-09-16 07:18:54 | INFO     | run                  | Execution Time: 2026-09-16 12:18:54 PKT
2026-09-16 07:18:54 | INFO     | run                  | Configuration:
2026-09-16 07:18:54 | INFO     | run                  |    - Timezone: Asia/Karachi
2026-09-16 07:18:54 | INFO     | run                  |    - Data directory: data
2026-09-16 07:18:54 | INFO     | run                  |    - Log directory: logs
2026-09-16 07:18:54 | INFO     | run                  |    - Excluded symbols: {'XS', 'XR', 'XD', 'XT'}
2026-09-16 07:18:54 | INFO     | run                  | ======================================================================
2026-09-16 07:18:54 | INFO     | fetch_data           | Fetching data (Attempt 1/3)...
2026-09-16 07:18:54 | DEBUG    | fetch_data           | Establishing session with https://dps.psx.com.pk/
2026-09-16 07:18:57 | DEBUG    | fetch_data           | Requesting data from https://dps.psx.com.pk/market-watch
2026-09-16 07:19:00 | DEBUG    | fetch_data           | Response status: 200
2026-09-16 07:19:00 | DEBUG    | fetch_data           | Response content type: text/html; charset=utf-8
2026-09-16 07:19:00 | DEBUG    | fetch_data           | Response size: 455581 bytes
2026-09-16 07:19:00 | INFO     | fetch_data           | ✅ Data fetched successfully (Status: 200)
2026-09-16 07:19:00 | DEBUG    | parse_json           | Attempting JSON parsing...
2026-09-16 07:19:00 | DEBUG    | parse_json           | Response preview: <table class="tbl" data-page-length="25"><thead class="tbl__head"><!-- tr--><!--   th(colspan="11")--><!--   th.center(colspan="2", style="width: 110px;") TOTAL BUY ORDERS--><!--   th.center(colspan="2", style="width: 110px;") TOTAL SELL ORDERS--><tr><th data-name="symbol">SYMBOL</th><th data-name="sector">SECTOR</th><th data-name="listed">LISTED IN</th><th class="right" data-name="ldcp">LDCP</th><th class="right" data-name="open">OPEN</th><th class="right" data-name="high">HIGH</th><th class="r
2026-09-16 07:19:00 | WARNING  | parse_json           | ⚠️ JSON parsing failed: Expecting value: line 1 column 1 (char 0)
2026-09-16 07:19:00 | INFO     | run                  | JSON parsing failed, trying HTML fallback...
2026-09-16 07:19:00 | INFO     | parse_html           | Attempting HTML fallback parsing...
2026-09-16 07:19:00 | DEBUG    | parse_html           | Found 1 table(s) in HTML
2026-09-16 07:19:00 | DEBUG    | parse_html           | Table columns: ['SYMBOL', 'SECTOR', 'LISTED IN', 'LDCP', 'OPEN', 'HIGH', 'LOW', 'CURRENT', 'CHANGE', 'CHANGE (%)', 'VOLUME']
2026-09-16 07:19:00 | DEBUG    | parse_html           | Table shape: (475, 11)
2026-09-16 07:19:00 | INFO     | parse_html           | ✅ HTML parsed successfully (475 rows)
2026-09-16 07:19:00 | INFO     | clean_data           | Cleaning data...
2026-09-16 07:19:00 | DEBUG    | clean_data           | Initial shape: (475, 11)
2026-09-16 07:19:00 | DEBUG    | clean_data           | Initial columns: ['SYMBOL', 'SECTOR', 'LISTED IN', 'LDCP', 'OPEN', 'HIGH', 'LOW', 'CURRENT', 'CHANGE', 'CHANGE (%)', 'VOLUME']
2026-09-16 07:19:00 | DEBUG    | clean_data           | Removed 'LISTED IN' column
2026-09-16 07:19:00 | DEBUG    | clean_data           | Converted LDCP from float64 to numeric
2026-09-16 07:19:00 | DEBUG    | clean_data           | Converted OPEN from float64 to numeric
2026-09-16 07:19:00 | DEBUG    | clean_data           | Converted HIGH from float64 to numeric
2026-09-16 07:19:00 | DEBUG    | clean_data           | Converted LOW from float64 to numeric
2026-09-16 07:19:00 | DEBUG    | clean_data           | Converted CURRENT from float64 to numeric
2026-09-16 07:19:00 | DEBUG    | clean_data           | Converted CHANGE from float64 to numeric
2026-09-16 07:19:00 | WARNING  | clean_data           | Column CHANGE (%): 475 values could not be converted to numeric
2026-09-16 07:19:00 | DEBUG    | clean_data           | Converted CHANGE (%) from str to numeric
2026-09-16 07:19:00 | DEBUG    | clean_data           | Converted VOLUME from int64 to numeric
2026-09-16 07:19:00 | INFO     | clean_data           | ✅ Data cleaned (475 rows, 16 columns)
2026-09-16 07:19:00 | DEBUG    | clean_data           | Final columns: ['SYMBOL', 'SECTOR', 'LDCP', 'OPEN', 'HIGH', 'LOW', 'CURRENT', 'CHANGE', 'CHANGE (%)', 'VOLUME', 'YEAR', 'MONTH', 'DAY', 'HOUR', 'MINUTE', 'DATETIME']
2026-09-16 07:19:00 | DEBUG    | get_file_path        | Generated file path: data/2026/09/2026-09-16.xlsx
2026-09-16 07:19:00 | INFO     | save_data            | Saving data to: data/2026/09/2026-09-16.xlsx
2026-09-16 07:19:00 | DEBUG    | _create_backup       | Backup created: data/2026/09/backups/2026-09-16_backup_20260916_071900.xlsx
2026-09-16 07:19:00 | DEBUG    | _cleanup_old_backups | Removed old backup: 2026-09-16_backup_20260916_065312.xlsx
2026-09-16 07:19:00 | DEBUG    | save_data            | Existing file found, merging data...
2026-09-16 07:19:01 | DEBUG    | save_data            | Loaded 21202 existing rows
2026-09-16 07:19:01 | DEBUG    | save_data            | Combined to 21677 rows
2026-09-16 07:19:01 | DEBUG    | save_data            | Writing to temporary file...
2026-09-16 07:19:04 | DEBUG    | save_data            | Data written to temp file: /home/runner/work/Thalorae-BackLioraen/Thalorae-BackLioraen/data/2026/09/tmpwgpow9rz.xlsx
2026-09-16 07:19:04 | DEBUG    | save_data            | Temp file moved to final location
2026-09-16 07:19:04 | INFO     | save_data            | ✅ Data saved successfully (21677 total rows, 1,588,026 bytes)
2026-09-16 07:19:04 | INFO     | run                  | ======================================================================
2026-09-16 07:19:04 | INFO     | run                  | 📊 EXECUTION SUMMARY:
2026-09-16 07:19:04 | INFO     | run                  |    ✅ Status: SUCCESS
2026-09-16 07:19:04 | INFO     | run                  |    - Rows processed: 475
2026-09-16 07:19:04 | INFO     | run                  |    - Unique symbols: 475
2026-09-16 07:19:04 | INFO     | run                  |    - Timestamp: 2026-09-16 12:18:54
2026-09-16 07:19:04 | INFO     | run                  |    - File: data/2026/09/2026-09-16.xlsx
2026-09-16 07:19:04 | INFO     | run                  | ======================================================================
2026-09-16 07:19:04 | DEBUG    | run                  | Sample data (first row):
2026-09-16 07:19:04 | DEBUG    | run                  | {'SYMBOL': 'WTLNC', 'SECTOR': 828, 'LDCP': 1.06, 'OPEN': 1.05, 'HIGH': 1.1, 'LOW': 1.0, 'CURRENT': 1.03, 'CHANGE': -0.03, 'CHANGE (%)': nan, 'VOLUME': 24183292, 'YEAR': 2026, 'MONTH': 9, 'DAY': 16, 'HOUR': 12, 'MINUTE': 18, 'DATETIME': '2026-09-16 12:18'}
2026-09-16 07:19:04 | DEBUG    | close                | Session closed
2026-09-16 07:24:04 | INFO     | run                  | ======================================================================
2026-09-16 07:24:04 | INFO     | run                  | 🚀 MARKET DATA SCRAPER - SINGLE EXECUTION
2026-09-16 07:24:04 | INFO     | run                  | ======================================================================
2026-09-16 07:24:04 | INFO     | run                  | Execution Time: 2026-09-16 12:24:04 PKT
2026-09-16 07:24:04 | INFO     | run                  | Configuration:
2026-09-16 07:24:04 | INFO     | run                  |    - Timezone: Asia/Karachi
2026-09-16 07:24:04 | INFO     | run                  |    - Data directory: data
2026-09-16 07:24:04 | INFO     | run                  |    - Log directory: logs
2026-09-16 07:24:04 | INFO     | run                  |    - Excluded symbols: {'XT', 'XS', 'XD', 'XR'}
2026-09-16 07:24:04 | INFO     | run                  | ======================================================================
2026-09-16 07:24:04 | INFO     | fetch_data           | Fetching data (Attempt 1/3)...
2026-09-16 07:24:04 | DEBUG    | fetch_data           | Establishing session with https://dps.psx.com.pk/
2026-09-16 07:24:07 | DEBUG    | fetch_data           | Requesting data from https://dps.psx.com.pk/market-watch
2026-09-16 07:24:08 | DEBUG    | fetch_data           | Response status: 200
2026-09-16 07:24:08 | DEBUG    | fetch_data           | Response content type: text/html; charset=utf-8
2026-09-16 07:24:08 | DEBUG    | fetch_data           | Response size: 458289 bytes
2026-09-16 07:24:08 | INFO     | fetch_data           | ✅ Data fetched successfully (Status: 200)
2026-09-16 07:24:08 | DEBUG    | parse_json           | Attempting JSON parsing...
2026-09-16 07:24:08 | DEBUG    | parse_json           | Response preview: <table class="tbl" data-page-length="25"><thead class="tbl__head"><!-- tr--><!--   th(colspan="11")--><!--   th.center(colspan="2", style="width: 110px;") TOTAL BUY ORDERS--><!--   th.center(colspan="2", style="width: 110px;") TOTAL SELL ORDERS--><tr><th data-name="symbol">SYMBOL</th><th data-name="sector">SECTOR</th><th data-name="listed">LISTED IN</th><th class="right" data-name="ldcp">LDCP</th><th class="right" data-name="open">OPEN</th><th class="right" data-name="high">HIGH</th><th class="r
2026-09-16 07:24:08 | WARNING  | parse_json           | ⚠️ JSON parsing failed: Expecting value: line 1 column 1 (char 0)
2026-09-16 07:24:08 | INFO     | run                  | JSON parsing failed, trying HTML fallback...
2026-09-16 07:24:08 | INFO     | parse_html           | Attempting HTML fallback parsing...
2026-09-16 07:24:08 | DEBUG    | parse_html           | Found 1 table(s) in HTML
2026-09-16 07:24:08 | DEBUG    | parse_html           | Table columns: ['SYMBOL', 'SECTOR', 'LISTED IN', 'LDCP', 'OPEN', 'HIGH', 'LOW', 'CURRENT', 'CHANGE', 'CHANGE (%)', 'VOLUME']
2026-09-16 07:24:08 | DEBUG    | parse_html           | Table shape: (478, 11)
2026-09-16 07:24:08 | INFO     | parse_html           | ✅ HTML parsed successfully (478 rows)
2026-09-16 07:24:08 | INFO     | clean_data           | Cleaning data...
2026-09-16 07:24:08 | DEBUG    | clean_data           | Initial shape: (478, 11)
2026-09-16 07:24:08 | DEBUG    | clean_data           | Initial columns: ['SYMBOL', 'SECTOR', 'LISTED IN', 'LDCP', 'OPEN', 'HIGH', 'LOW', 'CURRENT', 'CHANGE', 'CHANGE (%)', 'VOLUME']
2026-09-16 07:24:08 | DEBUG    | clean_data           | Removed 'LISTED IN' column
2026-09-16 07:24:08 | DEBUG    | clean_data           | Converted LDCP from float64 to numeric
2026-09-16 07:24:08 | DEBUG    | clean_data           | Converted OPEN from float64 to numeric
2026-09-16 07:24:08 | DEBUG    | clean_data           | Converted HIGH from float64 to numeric
2026-09-16 07:24:08 | DEBUG    | clean_data           | Converted LOW from float64 to numeric
2026-09-16 07:24:08 | DEBUG    | clean_data           | Converted CURRENT from float64 to numeric
2026-09-16 07:24:08 | DEBUG    | clean_data           | Converted CHANGE from float64 to numeric
2026-09-16 07:24:08 | WARNING  | clean_data           | Column CHANGE (%): 478 values could not be converted to numeric
2026-09-16 07:24:08 | DEBUG    | clean_data           | Converted CHANGE (%) from str to numeric
2026-09-16 07:24:08 | DEBUG    | clean_data           | Converted VOLUME from int64 to numeric
2026-09-16 07:24:08 | INFO     | clean_data           | ✅ Data cleaned (478 rows, 16 columns)
2026-09-16 07:24:08 | DEBUG    | clean_data           | Final columns: ['SYMBOL', 'SECTOR', 'LDCP', 'OPEN', 'HIGH', 'LOW', 'CURRENT', 'CHANGE', 'CHANGE (%)', 'VOLUME', 'YEAR', 'MONTH', 'DAY', 'HOUR', 'MINUTE', 'DATETIME']
2026-09-16 07:24:08 | DEBUG    | get_file_path        | Generated file path: data/2026/09/2026-09-16.xlsx
2026-09-16 07:24:08 | INFO     | save_data            | Saving data to: data/2026/09/2026-09-16.xlsx
2026-09-16 07:24:08 | DEBUG    | _create_backup       | Backup created: data/2026/09/backups/2026-09-16_backup_20260916_072408.xlsx
2026-09-16 07:24:08 | DEBUG    | _cleanup_old_backups | Removed old backup: 2026-09-16_backup_20260916_065822.xlsx
2026-09-16 07:24:08 | DEBUG    | save_data            | Existing file found, merging data...
2026-09-16 07:24:10 | DEBUG    | save_data            | Loaded 21677 existing rows
2026-09-16 07:24:10 | DEBUG    | save_data            | Combined to 22155 rows
2026-09-16 07:24:10 | DEBUG    | save_data            | Writing to temporary file...
2026-09-16 07:24:12 | DEBUG    | save_data            | Data written to temp file: /home/runner/work/Thalorae-BackLioraen/Thalorae-BackLioraen/data/2026/09/tmpd89bqf4w.xlsx
2026-09-16 07:24:12 | DEBUG    | save_data            | Temp file moved to final location
2026-09-16 07:24:12 | INFO     | save_data            | ✅ Data saved successfully (22155 total rows, 1,623,264 bytes)
2026-09-16 07:24:12 | INFO     | run                  | ======================================================================
2026-09-16 07:24:12 | INFO     | run                  | 📊 EXECUTION SUMMARY:
2026-09-16 07:24:12 | INFO     | run                  |    ✅ Status: SUCCESS
2026-09-16 07:24:12 | INFO     | run                  |    - Rows processed: 478
2026-09-16 07:24:12 | INFO     | run                  |    - Unique symbols: 478
2026-09-16 07:24:12 | INFO     | run                  |    - Timestamp: 2026-09-16 12:24:04
2026-09-16 07:24:12 | INFO     | run                  |    - File: data/2026/09/2026-09-16.xlsx
2026-09-16 07:24:12 | INFO     | run                  | ======================================================================
2026-09-16 07:24:12 | DEBUG    | run                  | Sample data (first row):
2026-09-16 07:24:12 | DEBUG    | run                  | {'SYMBOL': 'WTLNC', 'SECTOR': 828, 'LDCP': 1.06, 'OPEN': 1.05, 'HIGH': 1.1, 'LOW': 1.0, 'CURRENT': 1.03, 'CHANGE': -0.03, 'CHANGE (%)': nan, 'VOLUME': 24264192, 'YEAR': 2026, 'MONTH': 9, 'DAY': 16, 'HOUR': 12, 'MINUTE': 24, 'DATETIME': '2026-09-16 12:24'}
2026-09-16 07:24:12 | DEBUG    | close                | Session closed
2026-09-16 07:29:13 | INFO     | run                  | ======================================================================
2026-09-16 07:29:13 | INFO     | run                  | 🚀 MARKET DATA SCRAPER - SINGLE EXECUTION
2026-09-16 07:29:13 | INFO     | run                  | ======================================================================
2026-09-16 07:29:13 | INFO     | run                  | Execution Time: 2026-09-16 12:29:13 PKT
2026-09-16 07:29:13 | INFO     | run                  | Configuration:
2026-09-16 07:29:13 | INFO     | run                  |    - Timezone: Asia/Karachi
2026-09-16 07:29:13 | INFO     | run                  |    - Data directory: data
2026-09-16 07:29:13 | INFO     | run                  |    - Log directory: logs
2026-09-16 07:29:13 | INFO     | run                  |    - Excluded symbols: {'XD', 'XS', 'XR', 'XT'}
2026-09-16 07:29:13 | INFO     | run                  | ======================================================================
2026-09-16 07:29:13 | INFO     | fetch_data           | Fetching data (Attempt 1/3)...
2026-09-16 07:29:13 | DEBUG    | fetch_data           | Establishing session with https://dps.psx.com.pk/
2026-09-16 07:29:16 | DEBUG    | fetch_data           | Requesting data from https://dps.psx.com.pk/market-watch
2026-09-16 07:29:17 | DEBUG    | fetch_data           | Response status: 200
2026-09-16 07:29:17 | DEBUG    | fetch_data           | Response content type: text/html; charset=utf-8
2026-09-16 07:29:17 | DEBUG    | fetch_data           | Response size: 460072 bytes
2026-09-16 07:29:17 | INFO     | fetch_data           | ✅ Data fetched successfully (Status: 200)
2026-09-16 07:29:17 | DEBUG    | parse_json           | Attempting JSON parsing...
2026-09-16 07:29:17 | DEBUG    | parse_json           | Response preview: <table class="tbl" data-page-length="25"><thead class="tbl__head"><!-- tr--><!--   th(colspan="11")--><!--   th.center(colspan="2", style="width: 110px;") TOTAL BUY ORDERS--><!--   th.center(colspan="2", style="width: 110px;") TOTAL SELL ORDERS--><tr><th data-name="symbol">SYMBOL</th><th data-name="sector">SECTOR</th><th data-name="listed">LISTED IN</th><th class="right" data-name="ldcp">LDCP</th><th class="right" data-name="open">OPEN</th><th class="right" data-name="high">HIGH</th><th class="r
2026-09-16 07:29:17 | WARNING  | parse_json           | ⚠️ JSON parsing failed: Expecting value: line 1 column 1 (char 0)
2026-09-16 07:29:17 | INFO     | run                  | JSON parsing failed, trying HTML fallback...
2026-09-16 07:29:17 | INFO     | parse_html           | Attempting HTML fallback parsing...
2026-09-16 07:29:17 | DEBUG    | parse_html           | Found 1 table(s) in HTML
2026-09-16 07:29:17 | DEBUG    | parse_html           | Table columns: ['SYMBOL', 'SECTOR', 'LISTED IN', 'LDCP', 'OPEN', 'HIGH', 'LOW', 'CURRENT', 'CHANGE', 'CHANGE (%)', 'VOLUME']
2026-09-16 07:29:17 | DEBUG    | parse_html           | Table shape: (480, 11)
2026-09-16 07:29:17 | INFO     | parse_html           | ✅ HTML parsed successfully (480 rows)
2026-09-16 07:29:17 | INFO     | clean_data           | Cleaning data...
2026-09-16 07:29:17 | DEBUG    | clean_data           | Initial shape: (480, 11)
2026-09-16 07:29:17 | DEBUG    | clean_data           | Initial columns: ['SYMBOL', 'SECTOR', 'LISTED IN', 'LDCP', 'OPEN', 'HIGH', 'LOW', 'CURRENT', 'CHANGE', 'CHANGE (%)', 'VOLUME']
2026-09-16 07:29:17 | DEBUG    | clean_data           | Removed 'LISTED IN' column
2026-09-16 07:29:17 | DEBUG    | clean_data           | Converted LDCP from float64 to numeric
2026-09-16 07:29:17 | DEBUG    | clean_data           | Converted OPEN from float64 to numeric
2026-09-16 07:29:17 | DEBUG    | clean_data           | Converted HIGH from float64 to numeric
2026-09-16 07:29:17 | DEBUG    | clean_data           | Converted LOW from float64 to numeric
2026-09-16 07:29:17 | DEBUG    | clean_data           | Converted CURRENT from float64 to numeric
2026-09-16 07:29:17 | DEBUG    | clean_data           | Converted CHANGE from float64 to numeric
2026-09-16 07:29:17 | WARNING  | clean_data           | Column CHANGE (%): 480 values could not be converted to numeric
2026-09-16 07:29:17 | DEBUG    | clean_data           | Converted CHANGE (%) from str to numeric
2026-09-16 07:29:17 | DEBUG    | clean_data           | Converted VOLUME from int64 to numeric
2026-09-16 07:29:17 | INFO     | clean_data           | ✅ Data cleaned (480 rows, 16 columns)
2026-09-16 07:29:17 | DEBUG    | clean_data           | Final columns: ['SYMBOL', 'SECTOR', 'LDCP', 'OPEN', 'HIGH', 'LOW', 'CURRENT', 'CHANGE', 'CHANGE (%)', 'VOLUME', 'YEAR', 'MONTH', 'DAY', 'HOUR', 'MINUTE', 'DATETIME']
2026-09-16 07:29:17 | DEBUG    | get_file_path        | Generated file path: data/2026/09/2026-09-16.xlsx
2026-09-16 07:29:17 | INFO     | save_data            | Saving data to: data/2026/09/2026-09-16.xlsx
2026-09-16 07:29:17 | DEBUG    | _create_backup       | Backup created: data/2026/09/backups/2026-09-16_backup_20260916_072917.xlsx
2026-09-16 07:29:17 | DEBUG    | _cleanup_old_backups | Removed old backup: 2026-09-16_backup_20260916_070331.xlsx
2026-09-16 07:29:17 | DEBUG    | save_data            | Existing file found, merging data...
2026-09-16 07:29:18 | DEBUG    | save_data            | Loaded 22155 existing rows
2026-09-16 07:29:18 | DEBUG    | save_data            | Combined to 22635 rows
2026-09-16 07:29:18 | DEBUG    | save_data            | Writing to temporary file...
2026-09-16 07:29:21 | DEBUG    | save_data            | Data written to temp file: /home/runner/work/Thalorae-BackLioraen/Thalorae-BackLioraen/data/2026/09/tmp3hfb8yj2.xlsx
2026-09-16 07:29:21 | DEBUG    | save_data            | Temp file moved to final location
2026-09-16 07:29:21 | INFO     | save_data            | ✅ Data saved successfully (22635 total rows, 1,658,701 bytes)
2026-09-16 07:29:21 | INFO     | run                  | ======================================================================
2026-09-16 07:29:21 | INFO     | run                  | 📊 EXECUTION SUMMARY:
2026-09-16 07:29:21 | INFO     | run                  |    ✅ Status: SUCCESS
2026-09-16 07:29:21 | INFO     | run                  |    - Rows processed: 480
2026-09-16 07:29:21 | INFO     | run                  |    - Unique symbols: 480
2026-09-16 07:29:21 | INFO     | run                  |    - Timestamp: 2026-09-16 12:29:13
2026-09-16 07:29:21 | INFO     | run                  |    - File: data/2026/09/2026-09-16.xlsx
2026-09-16 07:29:21 | INFO     | run                  | ======================================================================
2026-09-16 07:29:21 | DEBUG    | run                  | Sample data (first row):
2026-09-16 07:29:21 | DEBUG    | run                  | {'SYMBOL': 'WTLNC', 'SECTOR': 828, 'LDCP': 1.06, 'OPEN': 1.05, 'HIGH': 1.1, 'LOW': 1.0, 'CURRENT': 1.03, 'CHANGE': -0.03, 'CHANGE (%)': nan, 'VOLUME': 24357219, 'YEAR': 2026, 'MONTH': 9, 'DAY': 16, 'HOUR': 12, 'MINUTE': 29, 'DATETIME': '2026-09-16 12:29'}
2026-09-16 07:29:21 | DEBUG    | close                | Session closed
2026-09-16 07:34:22 | INFO     | run                  | ======================================================================
2026-09-16 07:34:22 | INFO     | run                  | 🚀 MARKET DATA SCRAPER - SINGLE EXECUTION
2026-09-16 07:34:22 | INFO     | run                  | ======================================================================
2026-09-16 07:34:22 | INFO     | run                  | Execution Time: 2026-09-16 12:34:22 PKT
2026-09-16 07:34:22 | INFO     | run                  | Configuration:
2026-09-16 07:34:22 | INFO     | run                  |    - Timezone: Asia/Karachi
2026-09-16 07:34:22 | INFO     | run                  |    - Data directory: data
2026-09-16 07:34:22 | INFO     | run                  |    - Log directory: logs
2026-09-16 07:34:22 | INFO     | run                  |    - Excluded symbols: {'XD', 'XT', 'XR', 'XS'}
2026-09-16 07:34:22 | INFO     | run                  | ======================================================================
2026-09-16 07:34:22 | INFO     | fetch_data           | Fetching data (Attempt 1/3)...
2026-09-16 07:34:22 | DEBUG    | fetch_data           | Establishing session with https://dps.psx.com.pk/
2026-09-16 07:34:24 | DEBUG    | fetch_data           | Requesting data from https://dps.psx.com.pk/market-watch
2026-09-16 07:34:26 | DEBUG    | fetch_data           | Response status: 200
2026-09-16 07:34:26 | DEBUG    | fetch_data           | Response content type: text/html; charset=utf-8
2026-09-16 07:34:26 | DEBUG    | fetch_data           | Response size: 460955 bytes
2026-09-16 07:34:26 | INFO     | fetch_data           | ✅ Data fetched successfully (Status: 200)
2026-09-16 07:34:26 | DEBUG    | parse_json           | Attempting JSON parsing...
2026-09-16 07:34:26 | DEBUG    | parse_json           | Response preview: <table class="tbl" data-page-length="25"><thead class="tbl__head"><!-- tr--><!--   th(colspan="11")--><!--   th.center(colspan="2", style="width: 110px;") TOTAL BUY ORDERS--><!--   th.center(colspan="2", style="width: 110px;") TOTAL SELL ORDERS--><tr><th data-name="symbol">SYMBOL</th><th data-name="sector">SECTOR</th><th data-name="listed">LISTED IN</th><th class="right" data-name="ldcp">LDCP</th><th class="right" data-name="open">OPEN</th><th class="right" data-name="high">HIGH</th><th class="r
2026-09-16 07:34:26 | WARNING  | parse_json           | ⚠️ JSON parsing failed: Expecting value: line 1 column 1 (char 0)
2026-09-16 07:34:26 | INFO     | run                  | JSON parsing failed, trying HTML fallback...
2026-09-16 07:34:26 | INFO     | parse_html           | Attempting HTML fallback parsing...
2026-09-16 07:34:26 | DEBUG    | parse_html           | Found 1 table(s) in HTML
2026-09-16 07:34:26 | DEBUG    | parse_html           | Table columns: ['SYMBOL', 'SECTOR', 'LISTED IN', 'LDCP', 'OPEN', 'HIGH', 'LOW', 'CURRENT', 'CHANGE', 'CHANGE (%)', 'VOLUME']
2026-09-16 07:34:26 | DEBUG    | parse_html           | Table shape: (481, 11)
2026-09-16 07:34:26 | INFO     | parse_html           | ✅ HTML parsed successfully (481 rows)
2026-09-16 07:34:26 | INFO     | clean_data           | Cleaning data...
2026-09-16 07:34:26 | DEBUG    | clean_data           | Initial shape: (481, 11)
2026-09-16 07:34:26 | DEBUG    | clean_data           | Initial columns: ['SYMBOL', 'SECTOR', 'LISTED IN', 'LDCP', 'OPEN', 'HIGH', 'LOW', 'CURRENT', 'CHANGE', 'CHANGE (%)', 'VOLUME']
2026-09-16 07:34:26 | DEBUG    | clean_data           | Removed 'LISTED IN' column
2026-09-16 07:34:26 | DEBUG    | clean_data           | Converted LDCP from float64 to numeric
2026-09-16 07:34:26 | DEBUG    | clean_data           | Converted OPEN from float64 to numeric
2026-09-16 07:34:26 | DEBUG    | clean_data           | Converted HIGH from float64 to numeric
2026-09-16 07:34:26 | DEBUG    | clean_data           | Converted LOW from float64 to numeric
2026-09-16 07:34:26 | DEBUG    | clean_data           | Converted CURRENT from float64 to numeric
2026-09-16 07:34:26 | DEBUG    | clean_data           | Converted CHANGE from float64 to numeric
2026-09-16 07:34:26 | WARNING  | clean_data           | Column CHANGE (%): 481 values could not be converted to numeric
2026-09-16 07:34:26 | DEBUG    | clean_data           | Converted CHANGE (%) from str to numeric
2026-09-16 07:34:26 | DEBUG    | clean_data           | Converted VOLUME from int64 to numeric
2026-09-16 07:34:26 | INFO     | clean_data           | ✅ Data cleaned (481 rows, 16 columns)
2026-09-16 07:34:26 | DEBUG    | clean_data           | Final columns: ['SYMBOL', 'SECTOR', 'LDCP', 'OPEN', 'HIGH', 'LOW', 'CURRENT', 'CHANGE', 'CHANGE (%)', 'VOLUME', 'YEAR', 'MONTH', 'DAY', 'HOUR', 'MINUTE', 'DATETIME']
2026-09-16 07:34:26 | DEBUG    | get_file_path        | Generated file path: data/2026/09/2026-09-16.xlsx
2026-09-16 07:34:26 | INFO     | save_data            | Saving data to: data/2026/09/2026-09-16.xlsx
2026-09-16 07:34:26 | DEBUG    | _create_backup       | Backup created: data/2026/09/backups/2026-09-16_backup_20260916_073426.xlsx
2026-09-16 07:34:26 | DEBUG    | _cleanup_old_backups | Removed old backup: 2026-09-16_backup_20260916_070841.xlsx
2026-09-16 07:34:26 | DEBUG    | save_data            | Existing file found, merging data...
2026-09-16 07:34:27 | DEBUG    | save_data            | Loaded 22635 existing rows
2026-09-16 07:34:27 | DEBUG    | save_data            | Combined to 23116 rows
2026-09-16 07:34:27 | DEBUG    | save_data            | Writing to temporary file...
2026-09-16 07:34:30 | DEBUG    | save_data            | Data written to temp file: /home/runner/work/Thalorae-BackLioraen/Thalorae-BackLioraen/data/2026/09/tmpjipgusx0.xlsx
2026-09-16 07:34:30 | DEBUG    | save_data            | Temp file moved to final location
2026-09-16 07:34:30 | INFO     | save_data            | ✅ Data saved successfully (23116 total rows, 1,694,171 bytes)
2026-09-16 07:34:30 | INFO     | run                  | ======================================================================
2026-09-16 07:34:30 | INFO     | run                  | 📊 EXECUTION SUMMARY:
2026-09-16 07:34:30 | INFO     | run                  |    ✅ Status: SUCCESS
2026-09-16 07:34:30 | INFO     | run                  |    - Rows processed: 481
2026-09-16 07:34:30 | INFO     | run                  |    - Unique symbols: 481
2026-09-16 07:34:30 | INFO     | run                  |    - Timestamp: 2026-09-16 12:34:22
2026-09-16 07:34:30 | INFO     | run                  |    - File: data/2026/09/2026-09-16.xlsx
2026-09-16 07:34:30 | INFO     | run                  | ======================================================================
2026-09-16 07:34:30 | DEBUG    | run                  | Sample data (first row):
2026-09-16 07:34:30 | DEBUG    | run                  | {'SYMBOL': 'WTLNC', 'SECTOR': 828, 'LDCP': 1.06, 'OPEN': 1.05, 'HIGH': 1.1, 'LOW': 1.0, 'CURRENT': 1.03, 'CHANGE': -0.03, 'CHANGE (%)': nan, 'VOLUME': 24825209, 'YEAR': 2026, 'MONTH': 9, 'DAY': 16, 'HOUR': 12, 'MINUTE': 34, 'DATETIME': '2026-09-16 12:34'}
2026-09-16 07:34:30 | DEBUG    | close                | Session closed
2026-09-16 07:39:30 | INFO     | run                  | ======================================================================
2026-09-16 07:39:30 | INFO     | run                  | 🚀 MARKET DATA SCRAPER - SINGLE EXECUTION
2026-09-16 07:39:30 | INFO     | run                  | ======================================================================
2026-09-16 07:39:30 | INFO     | run                  | Execution Time: 2026-09-16 12:39:30 PKT
2026-09-16 07:39:30 | INFO     | run                  | Configuration:
2026-09-16 07:39:30 | INFO     | run                  |    - Timezone: Asia/Karachi
2026-09-16 07:39:30 | INFO     | run                  |    - Data directory: data
2026-09-16 07:39:30 | INFO     | run                  |    - Log directory: logs
2026-09-16 07:39:30 | INFO     | run                  |    - Excluded symbols: {'XT', 'XR', 'XD', 'XS'}
2026-09-16 07:39:30 | INFO     | run                  | ======================================================================
2026-09-16 07:39:30 | INFO     | fetch_data           | Fetching data (Attempt 1/3)...
2026-09-16 07:39:30 | DEBUG    | fetch_data           | Establishing session with https://dps.psx.com.pk/
2026-09-16 07:39:33 | DEBUG    | fetch_data           | Requesting data from https://dps.psx.com.pk/market-watch
2026-09-16 07:39:34 | DEBUG    | fetch_data           | Response status: 200
2026-09-16 07:39:34 | DEBUG    | fetch_data           | Response content type: text/html; charset=utf-8
2026-09-16 07:39:34 | DEBUG    | fetch_data           | Response size: 460916 bytes
2026-09-16 07:39:34 | INFO     | fetch_data           | ✅ Data fetched successfully (Status: 200)
2026-09-16 07:39:34 | DEBUG    | parse_json           | Attempting JSON parsing...
2026-09-16 07:39:34 | DEBUG    | parse_json           | Response preview: <table class="tbl" data-page-length="25"><thead class="tbl__head"><!-- tr--><!--   th(colspan="11")--><!--   th.center(colspan="2", style="width: 110px;") TOTAL BUY ORDERS--><!--   th.center(colspan="2", style="width: 110px;") TOTAL SELL ORDERS--><tr><th data-name="symbol">SYMBOL</th><th data-name="sector">SECTOR</th><th data-name="listed">LISTED IN</th><th class="right" data-name="ldcp">LDCP</th><th class="right" data-name="open">OPEN</th><th class="right" data-name="high">HIGH</th><th class="r
2026-09-16 07:39:34 | WARNING  | parse_json           | ⚠️ JSON parsing failed: Expecting value: line 1 column 1 (char 0)
2026-09-16 07:39:34 | INFO     | run                  | JSON parsing failed, trying HTML fallback...
2026-09-16 07:39:34 | INFO     | parse_html           | Attempting HTML fallback parsing...
2026-09-16 07:39:35 | DEBUG    | parse_html           | Found 1 table(s) in HTML
2026-09-16 07:39:35 | DEBUG    | parse_html           | Table columns: ['SYMBOL', 'SECTOR', 'LISTED IN', 'LDCP', 'OPEN', 'HIGH', 'LOW', 'CURRENT', 'CHANGE', 'CHANGE (%)', 'VOLUME']
2026-09-16 07:39:35 | DEBUG    | parse_html           | Table shape: (481, 11)
2026-09-16 07:39:35 | INFO     | parse_html           | ✅ HTML parsed successfully (481 rows)
2026-09-16 07:39:35 | INFO     | clean_data           | Cleaning data...
2026-09-16 07:39:35 | DEBUG    | clean_data           | Initial shape: (481, 11)
2026-09-16 07:39:35 | DEBUG    | clean_data           | Initial columns: ['SYMBOL', 'SECTOR', 'LISTED IN', 'LDCP', 'OPEN', 'HIGH', 'LOW', 'CURRENT', 'CHANGE', 'CHANGE (%)', 'VOLUME']
2026-09-16 07:39:35 | DEBUG    | clean_data           | Removed 'LISTED IN' column
2026-09-16 07:39:35 | DEBUG    | clean_data           | Converted LDCP from float64 to numeric
2026-09-16 07:39:35 | DEBUG    | clean_data           | Converted OPEN from float64 to numeric
2026-09-16 07:39:35 | DEBUG    | clean_data           | Converted HIGH from float64 to numeric
2026-09-16 07:39:35 | DEBUG    | clean_data           | Converted LOW from float64 to numeric
2026-09-16 07:39:35 | DEBUG    | clean_data           | Converted CURRENT from float64 to numeric
2026-09-16 07:39:35 | DEBUG    | clean_data           | Converted CHANGE from float64 to numeric
2026-09-16 07:39:35 | WARNING  | clean_data           | Column CHANGE (%): 481 values could not be converted to numeric
2026-09-16 07:39:35 | DEBUG    | clean_data           | Converted CHANGE (%) from str to numeric
2026-09-16 07:39:35 | DEBUG    | clean_data           | Converted VOLUME from int64 to numeric
2026-09-16 07:39:35 | INFO     | clean_data           | ✅ Data cleaned (481 rows, 16 columns)
2026-09-16 07:39:35 | DEBUG    | clean_data           | Final columns: ['SYMBOL', 'SECTOR', 'LDCP', 'OPEN', 'HIGH', 'LOW', 'CURRENT', 'CHANGE', 'CHANGE (%)', 'VOLUME', 'YEAR', 'MONTH', 'DAY', 'HOUR', 'MINUTE', 'DATETIME']
2026-09-16 07:39:35 | DEBUG    | get_file_path        | Generated file path: data/2026/09/2026-09-16.xlsx
2026-09-16 07:39:35 | INFO     | save_data            | Saving data to: data/2026/09/2026-09-16.xlsx
2026-09-16 07:39:35 | DEBUG    | _create_backup       | Backup created: data/2026/09/backups/2026-09-16_backup_20260916_073935.xlsx
2026-09-16 07:39:35 | DEBUG    | _cleanup_old_backups | Removed old backup: 2026-09-16_backup_20260916_071349.xlsx
2026-09-16 07:39:35 | DEBUG    | save_data            | Existing file found, merging data...
2026-09-16 07:39:36 | DEBUG    | save_data            | Loaded 23116 existing rows
2026-09-16 07:39:36 | DEBUG    | save_data            | Combined to 23597 rows
2026-09-16 07:39:36 | DEBUG    | save_data            | Writing to temporary file...
2026-09-16 07:39:39 | DEBUG    | save_data            | Data written to temp file: /home/runner/work/Thalorae-BackLioraen/Thalorae-BackLioraen/data/2026/09/tmpij4r5uxz.xlsx
2026-09-16 07:39:39 | DEBUG    | save_data            | Temp file moved to final location
2026-09-16 07:39:39 | INFO     | save_data            | ✅ Data saved successfully (23597 total rows, 1,729,648 bytes)
2026-09-16 07:39:39 | INFO     | run                  | ======================================================================
2026-09-16 07:39:39 | INFO     | run                  | 📊 EXECUTION SUMMARY:
2026-09-16 07:39:39 | INFO     | run                  |    ✅ Status: SUCCESS
2026-09-16 07:39:39 | INFO     | run                  |    - Rows processed: 481
2026-09-16 07:39:39 | INFO     | run                  |    - Unique symbols: 481
2026-09-16 07:39:39 | INFO     | run                  |    - Timestamp: 2026-09-16 12:39:30
2026-09-16 07:39:39 | INFO     | run                  |    - File: data/2026/09/2026-09-16.xlsx
2026-09-16 07:39:39 | INFO     | run                  | ======================================================================
2026-09-16 07:39:39 | DEBUG    | run                  | Sample data (first row):
2026-09-16 07:39:39 | DEBUG    | run                  | {'SYMBOL': 'WTLNC', 'SECTOR': 828, 'LDCP': 1.06, 'OPEN': 1.05, 'HIGH': 1.1, 'LOW': 1.0, 'CURRENT': 1.03, 'CHANGE': -0.03, 'CHANGE (%)': nan, 'VOLUME': 24860009, 'YEAR': 2026, 'MONTH': 9, 'DAY': 16, 'HOUR': 12, 'MINUTE': 39, 'DATETIME': '2026-09-16 12:39'}
2026-09-16 07:39:39 | DEBUG    | close                | Session closed
2026-09-16 07:44:39 | INFO     | run                  | ======================================================================
2026-09-16 07:44:39 | INFO     | run                  | 🚀 MARKET DATA SCRAPER - SINGLE EXECUTION
2026-09-16 07:44:39 | INFO     | run                  | ======================================================================
2026-09-16 07:44:39 | INFO     | run                  | Execution Time: 2026-09-16 12:44:39 PKT
2026-09-16 07:44:39 | INFO     | run                  | Configuration:
2026-09-16 07:44:39 | INFO     | run                  |    - Timezone: Asia/Karachi
2026-09-16 07:44:39 | INFO     | run                  |    - Data directory: data
2026-09-16 07:44:39 | INFO     | run                  |    - Log directory: logs
2026-09-16 07:44:39 | INFO     | run                  |    - Excluded symbols: {'XR', 'XS', 'XT', 'XD'}
2026-09-16 07:44:39 | INFO     | run                  | ======================================================================
2026-09-16 07:44:39 | INFO     | fetch_data           | Fetching data (Attempt 1/3)...
2026-09-16 07:44:39 | DEBUG    | fetch_data           | Establishing session with https://dps.psx.com.pk/
2026-09-16 07:44:42 | DEBUG    | fetch_data           | Requesting data from https://dps.psx.com.pk/market-watch
2026-09-16 07:44:45 | DEBUG    | fetch_data           | Response status: 200
2026-09-16 07:44:45 | DEBUG    | fetch_data           | Response content type: text/html; charset=utf-8
2026-09-16 07:44:45 | DEBUG    | fetch_data           | Response size: 461001 bytes
2026-09-16 07:44:45 | INFO     | fetch_data           | ✅ Data fetched successfully (Status: 200)
2026-09-16 07:44:45 | DEBUG    | parse_json           | Attempting JSON parsing...
2026-09-16 07:44:45 | DEBUG    | parse_json           | Response preview: <table class="tbl" data-page-length="25"><thead class="tbl__head"><!-- tr--><!--   th(colspan="11")--><!--   th.center(colspan="2", style="width: 110px;") TOTAL BUY ORDERS--><!--   th.center(colspan="2", style="width: 110px;") TOTAL SELL ORDERS--><tr><th data-name="symbol">SYMBOL</th><th data-name="sector">SECTOR</th><th data-name="listed">LISTED IN</th><th class="right" data-name="ldcp">LDCP</th><th class="right" data-name="open">OPEN</th><th class="right" data-name="high">HIGH</th><th class="r
2026-09-16 07:44:45 | WARNING  | parse_json           | ⚠️ JSON parsing failed: Expecting value: line 1 column 1 (char 0)
2026-09-16 07:44:45 | INFO     | run                  | JSON parsing failed, trying HTML fallback...
2026-09-16 07:44:45 | INFO     | parse_html           | Attempting HTML fallback parsing...
2026-09-16 07:44:45 | DEBUG    | parse_html           | Found 1 table(s) in HTML
2026-09-16 07:44:45 | DEBUG    | parse_html           | Table columns: ['SYMBOL', 'SECTOR', 'LISTED IN', 'LDCP', 'OPEN', 'HIGH', 'LOW', 'CURRENT', 'CHANGE', 'CHANGE (%)', 'VOLUME']
2026-09-16 07:44:45 | DEBUG    | parse_html           | Table shape: (481, 11)
2026-09-16 07:44:45 | INFO     | parse_html           | ✅ HTML parsed successfully (481 rows)
2026-09-16 07:44:45 | INFO     | clean_data           | Cleaning data...
2026-09-16 07:44:45 | DEBUG    | clean_data           | Initial shape: (481, 11)
2026-09-16 07:44:45 | DEBUG    | clean_data           | Initial columns: ['SYMBOL', 'SECTOR', 'LISTED IN', 'LDCP', 'OPEN', 'HIGH', 'LOW', 'CURRENT', 'CHANGE', 'CHANGE (%)', 'VOLUME']
2026-09-16 07:44:45 | DEBUG    | clean_data           | Removed 'LISTED IN' column
2026-09-16 07:44:45 | DEBUG    | clean_data           | Converted LDCP from float64 to numeric
2026-09-16 07:44:45 | DEBUG    | clean_data           | Converted OPEN from float64 to numeric
2026-09-16 07:44:45 | DEBUG    | clean_data           | Converted HIGH from float64 to numeric
2026-09-16 07:44:45 | DEBUG    | clean_data           | Converted LOW from float64 to numeric
2026-09-16 07:44:45 | DEBUG    | clean_data           | Converted CURRENT from float64 to numeric
2026-09-16 07:44:45 | DEBUG    | clean_data           | Converted CHANGE from float64 to numeric
2026-09-16 07:44:45 | WARNING  | clean_data           | Column CHANGE (%): 481 values could not be converted to numeric
2026-09-16 07:44:45 | DEBUG    | clean_data           | Converted CHANGE (%) from str to numeric
2026-09-16 07:44:45 | DEBUG    | clean_data           | Converted VOLUME from int64 to numeric
2026-09-16 07:44:45 | INFO     | clean_data           | ✅ Data cleaned (481 rows, 16 columns)
2026-09-16 07:44:45 | DEBUG    | clean_data           | Final columns: ['SYMBOL', 'SECTOR', 'LDCP', 'OPEN', 'HIGH', 'LOW', 'CURRENT', 'CHANGE', 'CHANGE (%)', 'VOLUME', 'YEAR', 'MONTH', 'DAY', 'HOUR', 'MINUTE', 'DATETIME']
2026-09-16 07:44:45 | DEBUG    | get_file_path        | Generated file path: data/2026/09/2026-09-16.xlsx
2026-09-16 07:44:45 | INFO     | save_data            | Saving data to: data/2026/09/2026-09-16.xlsx
2026-09-16 07:44:45 | DEBUG    | _create_backup       | Backup created: data/2026/09/backups/2026-09-16_backup_20260916_074445.xlsx
2026-09-16 07:44:45 | DEBUG    | _cleanup_old_backups | Removed old backup: 2026-09-16_backup_20260916_071900.xlsx
2026-09-16 07:44:45 | DEBUG    | save_data            | Existing file found, merging data...
2026-09-16 07:44:46 | DEBUG    | save_data            | Loaded 23597 existing rows
2026-09-16 07:44:46 | DEBUG    | save_data            | Combined to 24078 rows
2026-09-16 07:44:46 | DEBUG    | save_data            | Writing to temporary file...
2026-09-16 07:44:49 | DEBUG    | save_data            | Data written to temp file: /home/runner/work/Thalorae-BackLioraen/Thalorae-BackLioraen/data/2026/09/tmpd2gi178m.xlsx
2026-09-16 07:44:49 | DEBUG    | save_data            | Temp file moved to final location
2026-09-16 07:44:49 | INFO     | save_data            | ✅ Data saved successfully (24078 total rows, 1,765,164 bytes)
2026-09-16 07:44:49 | INFO     | run                  | ======================================================================
2026-09-16 07:44:49 | INFO     | run                  | 📊 EXECUTION SUMMARY:
2026-09-16 07:44:49 | INFO     | run                  |    ✅ Status: SUCCESS
2026-09-16 07:44:49 | INFO     | run                  |    - Rows processed: 481
2026-09-16 07:44:49 | INFO     | run                  |    - Unique symbols: 481
2026-09-16 07:44:49 | INFO     | run                  |    - Timestamp: 2026-09-16 12:44:39
2026-09-16 07:44:49 | INFO     | run                  |    - File: data/2026/09/2026-09-16.xlsx
2026-09-16 07:44:49 | INFO     | run                  | ======================================================================
2026-09-16 07:44:49 | DEBUG    | run                  | Sample data (first row):
2026-09-16 07:44:49 | DEBUG    | run                  | {'SYMBOL': 'WTLNC', 'SECTOR': 828, 'LDCP': 1.06, 'OPEN': 1.05, 'HIGH': 1.1, 'LOW': 1.0, 'CURRENT': 1.04, 'CHANGE': -0.02, 'CHANGE (%)': nan, 'VOLUME': 24869519, 'YEAR': 2026, 'MONTH': 9, 'DAY': 16, 'HOUR': 12, 'MINUTE': 44, 'DATETIME': '2026-09-16 12:44'}
2026-09-16 07:44:49 | DEBUG    | close                | Session closed
2026-09-16 07:49:50 | INFO     | run                  | ======================================================================
2026-09-16 07:49:50 | INFO     | run                  | 🚀 MARKET DATA SCRAPER - SINGLE EXECUTION
2026-09-16 07:49:50 | INFO     | run                  | ======================================================================
2026-09-16 07:49:50 | INFO     | run                  | Execution Time: 2026-09-16 12:49:50 PKT
2026-09-16 07:49:50 | INFO     | run                  | Configuration:
2026-09-16 07:49:50 | INFO     | run                  |    - Timezone: Asia/Karachi
2026-09-16 07:49:50 | INFO     | run                  |    - Data directory: data
2026-09-16 07:49:50 | INFO     | run                  |    - Log directory: logs
2026-09-16 07:49:50 | INFO     | run                  |    - Excluded symbols: {'XD', 'XS', 'XR', 'XT'}
2026-09-16 07:49:50 | INFO     | run                  | ======================================================================
2026-09-16 07:49:50 | INFO     | fetch_data           | Fetching data (Attempt 1/3)...
2026-09-16 07:49:50 | DEBUG    | fetch_data           | Establishing session with https://dps.psx.com.pk/
2026-09-16 07:49:54 | DEBUG    | fetch_data           | Requesting data from https://dps.psx.com.pk/market-watch
2026-09-16 07:49:54 | DEBUG    | fetch_data           | Response status: 200
2026-09-16 07:49:54 | DEBUG    | fetch_data           | Response content type: text/html; charset=utf-8
2026-09-16 07:49:54 | DEBUG    | fetch_data           | Response size: 460987 bytes
2026-09-16 07:49:54 | INFO     | fetch_data           | ✅ Data fetched successfully (Status: 200)
2026-09-16 07:49:54 | DEBUG    | parse_json           | Attempting JSON parsing...
2026-09-16 07:49:54 | DEBUG    | parse_json           | Response preview: <table class="tbl" data-page-length="25"><thead class="tbl__head"><!-- tr--><!--   th(colspan="11")--><!--   th.center(colspan="2", style="width: 110px;") TOTAL BUY ORDERS--><!--   th.center(colspan="2", style="width: 110px;") TOTAL SELL ORDERS--><tr><th data-name="symbol">SYMBOL</th><th data-name="sector">SECTOR</th><th data-name="listed">LISTED IN</th><th class="right" data-name="ldcp">LDCP</th><th class="right" data-name="open">OPEN</th><th class="right" data-name="high">HIGH</th><th class="r
2026-09-16 07:49:54 | WARNING  | parse_json           | ⚠️ JSON parsing failed: Expecting value: line 1 column 1 (char 0)
2026-09-16 07:49:54 | INFO     | run                  | JSON parsing failed, trying HTML fallback...
2026-09-16 07:49:54 | INFO     | parse_html           | Attempting HTML fallback parsing...
2026-09-16 07:49:54 | DEBUG    | parse_html           | Found 1 table(s) in HTML
2026-09-16 07:49:54 | DEBUG    | parse_html           | Table columns: ['SYMBOL', 'SECTOR', 'LISTED IN', 'LDCP', 'OPEN', 'HIGH', 'LOW', 'CURRENT', 'CHANGE', 'CHANGE (%)', 'VOLUME']
2026-09-16 07:49:54 | DEBUG    | parse_html           | Table shape: (481, 11)
2026-09-16 07:49:54 | INFO     | parse_html           | ✅ HTML parsed successfully (481 rows)
2026-09-16 07:49:54 | INFO     | clean_data           | Cleaning data...
2026-09-16 07:49:54 | DEBUG    | clean_data           | Initial shape: (481, 11)
2026-09-16 07:49:54 | DEBUG    | clean_data           | Initial columns: ['SYMBOL', 'SECTOR', 'LISTED IN', 'LDCP', 'OPEN', 'HIGH', 'LOW', 'CURRENT', 'CHANGE', 'CHANGE (%)', 'VOLUME']
2026-09-16 07:49:54 | DEBUG    | clean_data           | Removed 'LISTED IN' column
2026-09-16 07:49:54 | DEBUG    | clean_data           | Converted LDCP from float64 to numeric
2026-09-16 07:49:54 | DEBUG    | clean_data           | Converted OPEN from float64 to numeric
2026-09-16 07:49:54 | DEBUG    | clean_data           | Converted HIGH from float64 to numeric
2026-09-16 07:49:54 | DEBUG    | clean_data           | Converted LOW from float64 to numeric
2026-09-16 07:49:54 | DEBUG    | clean_data           | Converted CURRENT from float64 to numeric
2026-09-16 07:49:54 | DEBUG    | clean_data           | Converted CHANGE from float64 to numeric
2026-09-16 07:49:54 | WARNING  | clean_data           | Column CHANGE (%): 481 values could not be converted to numeric
2026-09-16 07:49:54 | DEBUG    | clean_data           | Converted CHANGE (%) from str to numeric
2026-09-16 07:49:54 | DEBUG    | clean_data           | Converted VOLUME from int64 to numeric
2026-09-16 07:49:54 | INFO     | clean_data           | ✅ Data cleaned (481 rows, 16 columns)
2026-09-16 07:49:54 | DEBUG    | clean_data           | Final columns: ['SYMBOL', 'SECTOR', 'LDCP', 'OPEN', 'HIGH', 'LOW', 'CURRENT', 'CHANGE', 'CHANGE (%)', 'VOLUME', 'YEAR', 'MONTH', 'DAY', 'HOUR', 'MINUTE', 'DATETIME']
2026-09-16 07:49:54 | DEBUG    | get_file_path        | Generated file path: data/2026/09/2026-09-16.xlsx
2026-09-16 07:49:54 | INFO     | save_data            | Saving data to: data/2026/09/2026-09-16.xlsx
2026-09-16 07:49:54 | DEBUG    | _create_backup       | Backup created: data/2026/09/backups/2026-09-16_backup_20260916_074954.xlsx
2026-09-16 07:49:54 | DEBUG    | _cleanup_old_backups | Removed old backup: 2026-09-16_backup_20260916_072408.xlsx
2026-09-16 07:49:54 | DEBUG    | save_data            | Existing file found, merging data...
2026-09-16 07:49:56 | DEBUG    | save_data            | Loaded 24078 existing rows
2026-09-16 07:49:56 | DEBUG    | save_data            | Combined to 24559 rows
2026-09-16 07:49:56 | DEBUG    | save_data            | Writing to temporary file...
2026-09-16 07:49:59 | DEBUG    | save_data            | Data written to temp file: /home/runner/work/Thalorae-BackLioraen/Thalorae-BackLioraen/data/2026/09/tmpps1ivhb2.xlsx
2026-09-16 07:49:59 | DEBUG    | save_data            | Temp file moved to final location
2026-09-16 07:49:59 | INFO     | save_data            | ✅ Data saved successfully (24559 total rows, 1,800,796 bytes)
2026-09-16 07:49:59 | INFO     | run                  | ======================================================================
2026-09-16 07:49:59 | INFO     | run                  | 📊 EXECUTION SUMMARY:
2026-09-16 07:49:59 | INFO     | run                  |    ✅ Status: SUCCESS
2026-09-16 07:49:59 | INFO     | run                  |    - Rows processed: 481
2026-09-16 07:49:59 | INFO     | run                  |    - Unique symbols: 481
2026-09-16 07:49:59 | INFO     | run                  |    - Timestamp: 2026-09-16 12:49:50
2026-09-16 07:49:59 | INFO     | run                  |    - File: data/2026/09/2026-09-16.xlsx
2026-09-16 07:49:59 | INFO     | run                  | ======================================================================
2026-09-16 07:49:59 | DEBUG    | run                  | Sample data (first row):
2026-09-16 07:49:59 | DEBUG    | run                  | {'SYMBOL': 'WTLNC', 'SECTOR': 828, 'LDCP': 1.06, 'OPEN': 1.05, 'HIGH': 1.1, 'LOW': 1.0, 'CURRENT': 1.04, 'CHANGE': -0.02, 'CHANGE (%)': nan, 'VOLUME': 25157267, 'YEAR': 2026, 'MONTH': 9, 'DAY': 16, 'HOUR': 12, 'MINUTE': 49, 'DATETIME': '2026-09-16 12:49'}
2026-09-16 07:49:59 | DEBUG    | close                | Session closed
2026-09-16 07:54:59 | INFO     | run                  | ======================================================================
2026-09-16 07:54:59 | INFO     | run                  | 🚀 MARKET DATA SCRAPER - SINGLE EXECUTION
2026-09-16 07:54:59 | INFO     | run                  | ======================================================================
2026-09-16 07:54:59 | INFO     | run                  | Execution Time: 2026-09-16 12:54:59 PKT
2026-09-16 07:54:59 | INFO     | run                  | Configuration:
2026-09-16 07:54:59 | INFO     | run                  |    - Timezone: Asia/Karachi
2026-09-16 07:54:59 | INFO     | run                  |    - Data directory: data
2026-09-16 07:54:59 | INFO     | run                  |    - Log directory: logs
2026-09-16 07:54:59 | INFO     | run                  |    - Excluded symbols: {'XR', 'XT', 'XD', 'XS'}
2026-09-16 07:54:59 | INFO     | run                  | ======================================================================
2026-09-16 07:54:59 | INFO     | fetch_data           | Fetching data (Attempt 1/3)...
2026-09-16 07:54:59 | DEBUG    | fetch_data           | Establishing session with https://dps.psx.com.pk/
2026-09-16 07:55:02 | DEBUG    | fetch_data           | Requesting data from https://dps.psx.com.pk/market-watch
2026-09-16 07:55:03 | DEBUG    | fetch_data           | Response status: 200
2026-09-16 07:55:03 | DEBUG    | fetch_data           | Response content type: text/html; charset=utf-8
2026-09-16 07:55:03 | DEBUG    | fetch_data           | Response size: 461943 bytes
2026-09-16 07:55:03 | INFO     | fetch_data           | ✅ Data fetched successfully (Status: 200)
2026-09-16 07:55:03 | DEBUG    | parse_json           | Attempting JSON parsing...
2026-09-16 07:55:03 | DEBUG    | parse_json           | Response preview: <table class="tbl" data-page-length="25"><thead class="tbl__head"><!-- tr--><!--   th(colspan="11")--><!--   th.center(colspan="2", style="width: 110px;") TOTAL BUY ORDERS--><!--   th.center(colspan="2", style="width: 110px;") TOTAL SELL ORDERS--><tr><th data-name="symbol">SYMBOL</th><th data-name="sector">SECTOR</th><th data-name="listed">LISTED IN</th><th class="right" data-name="ldcp">LDCP</th><th class="right" data-name="open">OPEN</th><th class="right" data-name="high">HIGH</th><th class="r
2026-09-16 07:55:03 | WARNING  | parse_json           | ⚠️ JSON parsing failed: Expecting value: line 1 column 1 (char 0)
2026-09-16 07:55:03 | INFO     | run                  | JSON parsing failed, trying HTML fallback...
2026-09-16 07:55:03 | INFO     | parse_html           | Attempting HTML fallback parsing...
2026-09-16 07:55:03 | DEBUG    | parse_html           | Found 1 table(s) in HTML
2026-09-16 07:55:03 | DEBUG    | parse_html           | Table columns: ['SYMBOL', 'SECTOR', 'LISTED IN', 'LDCP', 'OPEN', 'HIGH', 'LOW', 'CURRENT', 'CHANGE', 'CHANGE (%)', 'VOLUME']
2026-09-16 07:55:03 | DEBUG    | parse_html           | Table shape: (482, 11)
2026-09-16 07:55:03 | INFO     | parse_html           | ✅ HTML parsed successfully (482 rows)
2026-09-16 07:55:03 | INFO     | clean_data           | Cleaning data...
2026-09-16 07:55:03 | DEBUG    | clean_data           | Initial shape: (482, 11)
2026-09-16 07:55:03 | DEBUG    | clean_data           | Initial columns: ['SYMBOL', 'SECTOR', 'LISTED IN', 'LDCP', 'OPEN', 'HIGH', 'LOW', 'CURRENT', 'CHANGE', 'CHANGE (%)', 'VOLUME']
2026-09-16 07:55:03 | DEBUG    | clean_data           | Removed 'LISTED IN' column
2026-09-16 07:55:03 | DEBUG    | clean_data           | Converted LDCP from float64 to numeric
2026-09-16 07:55:03 | DEBUG    | clean_data           | Converted OPEN from float64 to numeric
2026-09-16 07:55:03 | DEBUG    | clean_data           | Converted HIGH from float64 to numeric
2026-09-16 07:55:03 | DEBUG    | clean_data           | Converted LOW from float64 to numeric
2026-09-16 07:55:03 | DEBUG    | clean_data           | Converted CURRENT from float64 to numeric
2026-09-16 07:55:03 | DEBUG    | clean_data           | Converted CHANGE from float64 to numeric
2026-09-16 07:55:03 | WARNING  | clean_data           | Column CHANGE (%): 482 values could not be converted to numeric
2026-09-16 07:55:03 | DEBUG    | clean_data           | Converted CHANGE (%) from str to numeric
2026-09-16 07:55:03 | DEBUG    | clean_data           | Converted VOLUME from int64 to numeric
2026-09-16 07:55:03 | INFO     | clean_data           | ✅ Data cleaned (482 rows, 16 columns)
2026-09-16 07:55:03 | DEBUG    | clean_data           | Final columns: ['SYMBOL', 'SECTOR', 'LDCP', 'OPEN', 'HIGH', 'LOW', 'CURRENT', 'CHANGE', 'CHANGE (%)', 'VOLUME', 'YEAR', 'MONTH', 'DAY', 'HOUR', 'MINUTE', 'DATETIME']
2026-09-16 07:55:03 | DEBUG    | get_file_path        | Generated file path: data/2026/09/2026-09-16.xlsx
2026-09-16 07:55:03 | INFO     | save_data            | Saving data to: data/2026/09/2026-09-16.xlsx
2026-09-16 07:55:03 | DEBUG    | _create_backup       | Backup created: data/2026/09/backups/2026-09-16_backup_20260916_075503.xlsx
2026-09-16 07:55:03 | DEBUG    | _cleanup_old_backups | Removed old backup: 2026-09-16_backup_20260916_072917.xlsx
2026-09-16 07:55:03 | DEBUG    | save_data            | Existing file found, merging data...
2026-09-16 07:55:04 | DEBUG    | save_data            | Loaded 24559 existing rows
2026-09-16 07:55:04 | DEBUG    | save_data            | Combined to 25041 rows
2026-09-16 07:55:04 | DEBUG    | save_data            | Writing to temporary file...
2026-09-16 07:55:07 | DEBUG    | save_data            | Data written to temp file: /home/runner/work/Thalorae-BackLioraen/Thalorae-BackLioraen/data/2026/09/tmp_8km9e3f.xlsx
2026-09-16 07:55:07 | DEBUG    | save_data            | Temp file moved to final location
2026-09-16 07:55:07 | INFO     | save_data            | ✅ Data saved successfully (25041 total rows, 1,836,408 bytes)
2026-09-16 07:55:07 | INFO     | run                  | ======================================================================
2026-09-16 07:55:07 | INFO     | run                  | 📊 EXECUTION SUMMARY:
2026-09-16 07:55:07 | INFO     | run                  |    ✅ Status: SUCCESS
2026-09-16 07:55:07 | INFO     | run                  |    - Rows processed: 482
2026-09-16 07:55:07 | INFO     | run                  |    - Unique symbols: 482
2026-09-16 07:55:07 | INFO     | run                  |    - Timestamp: 2026-09-16 12:54:59
2026-09-16 07:55:07 | INFO     | run                  |    - File: data/2026/09/2026-09-16.xlsx
2026-09-16 07:55:07 | INFO     | run                  | ======================================================================
2026-09-16 07:55:07 | DEBUG    | run                  | Sample data (first row):
2026-09-16 07:55:07 | DEBUG    | run                  | {'SYMBOL': 'WTLNC', 'SECTOR': 828, 'LDCP': 1.06, 'OPEN': 1.05, 'HIGH': 1.1, 'LOW': 1.0, 'CURRENT': 1.04, 'CHANGE': -0.02, 'CHANGE (%)': nan, 'VOLUME': 25179757, 'YEAR': 2026, 'MONTH': 9, 'DAY': 16, 'HOUR': 12, 'MINUTE': 54, 'DATETIME': '2026-09-16 12:54'}
2026-09-16 07:55:07 | DEBUG    | close                | Session closed
2026-09-16 08:00:08 | INFO     | run                  | ======================================================================
2026-09-16 08:00:08 | INFO     | run                  | 🚀 MARKET DATA SCRAPER - SINGLE EXECUTION
2026-09-16 08:00:08 | INFO     | run                  | ======================================================================
2026-09-16 08:00:08 | INFO     | run                  | Execution Time: 2026-09-16 13:00:08 PKT
2026-09-16 08:00:08 | INFO     | run                  | Configuration:
2026-09-16 08:00:08 | INFO     | run                  |    - Timezone: Asia/Karachi
2026-09-16 08:00:08 | INFO     | run                  |    - Data directory: data
2026-09-16 08:00:08 | INFO     | run                  |    - Log directory: logs
2026-09-16 08:00:08 | INFO     | run                  |    - Excluded symbols: {'XR', 'XS', 'XD', 'XT'}
2026-09-16 08:00:08 | INFO     | run                  | ======================================================================
2026-09-16 08:00:08 | INFO     | fetch_data           | Fetching data (Attempt 1/3)...
2026-09-16 08:00:08 | DEBUG    | fetch_data           | Establishing session with https://dps.psx.com.pk/
2026-09-16 08:00:10 | DEBUG    | fetch_data           | Requesting data from https://dps.psx.com.pk/market-watch
2026-09-16 08:00:13 | DEBUG    | fetch_data           | Response status: 200
2026-09-16 08:00:13 | DEBUG    | fetch_data           | Response content type: text/html; charset=utf-8
2026-09-16 08:00:13 | DEBUG    | fetch_data           | Response size: 462201 bytes
2026-09-16 08:00:13 | INFO     | fetch_data           | ✅ Data fetched successfully (Status: 200)
2026-09-16 08:00:13 | DEBUG    | parse_json           | Attempting JSON parsing...
2026-09-16 08:00:13 | DEBUG    | parse_json           | Response preview: <table class="tbl" data-page-length="25"><thead class="tbl__head"><!-- tr--><!--   th(colspan="11")--><!--   th.center(colspan="2", style="width: 110px;") TOTAL BUY ORDERS--><!--   th.center(colspan="2", style="width: 110px;") TOTAL SELL ORDERS--><tr><th data-name="symbol">SYMBOL</th><th data-name="sector">SECTOR</th><th data-name="listed">LISTED IN</th><th class="right" data-name="ldcp">LDCP</th><th class="right" data-name="open">OPEN</th><th class="right" data-name="high">HIGH</th><th class="r
2026-09-16 08:00:13 | WARNING  | parse_json           | ⚠️ JSON parsing failed: Expecting value: line 1 column 1 (char 0)
2026-09-16 08:00:13 | INFO     | run                  | JSON parsing failed, trying HTML fallback...
2026-09-16 08:00:13 | INFO     | parse_html           | Attempting HTML fallback parsing...
2026-09-16 08:00:13 | DEBUG    | parse_html           | Found 1 table(s) in HTML
2026-09-16 08:00:13 | DEBUG    | parse_html           | Table columns: ['SYMBOL', 'SECTOR', 'LISTED IN', 'LDCP', 'OPEN', 'HIGH', 'LOW', 'CURRENT', 'CHANGE', 'CHANGE (%)', 'VOLUME']
2026-09-16 08:00:13 | DEBUG    | parse_html           | Table shape: (482, 11)
2026-09-16 08:00:13 | INFO     | parse_html           | ✅ HTML parsed successfully (482 rows)
2026-09-16 08:00:13 | INFO     | clean_data           | Cleaning data...
2026-09-16 08:00:13 | DEBUG    | clean_data           | Initial shape: (482, 11)
2026-09-16 08:00:13 | DEBUG    | clean_data           | Initial columns: ['SYMBOL', 'SECTOR', 'LISTED IN', 'LDCP', 'OPEN', 'HIGH', 'LOW', 'CURRENT', 'CHANGE', 'CHANGE (%)', 'VOLUME']
2026-09-16 08:00:13 | DEBUG    | clean_data           | Removed 'LISTED IN' column
2026-09-16 08:00:13 | DEBUG    | clean_data           | Converted LDCP from float64 to numeric
2026-09-16 08:00:13 | DEBUG    | clean_data           | Converted OPEN from float64 to numeric
2026-09-16 08:00:13 | DEBUG    | clean_data           | Converted HIGH from float64 to numeric
2026-09-16 08:00:13 | DEBUG    | clean_data           | Converted LOW from float64 to numeric
2026-09-16 08:00:13 | DEBUG    | clean_data           | Converted CURRENT from float64 to numeric
2026-09-16 08:00:13 | DEBUG    | clean_data           | Converted CHANGE from float64 to numeric
2026-09-16 08:00:13 | WARNING  | clean_data           | Column CHANGE (%): 482 values could not be converted to numeric
2026-09-16 08:00:13 | DEBUG    | clean_data           | Converted CHANGE (%) from str to numeric
2026-09-16 08:00:13 | DEBUG    | clean_data           | Converted VOLUME from int64 to numeric
2026-09-16 08:00:13 | INFO     | clean_data           | ✅ Data cleaned (482 rows, 16 columns)
2026-09-16 08:00:13 | DEBUG    | clean_data           | Final columns: ['SYMBOL', 'SECTOR', 'LDCP', 'OPEN', 'HIGH', 'LOW', 'CURRENT', 'CHANGE', 'CHANGE (%)', 'VOLUME', 'YEAR', 'MONTH', 'DAY', 'HOUR', 'MINUTE', 'DATETIME']
2026-09-16 08:00:13 | DEBUG    | get_file_path        | Generated file path: data/2026/09/2026-09-16.xlsx
2026-09-16 08:00:13 | INFO     | save_data            | Saving data to: data/2026/09/2026-09-16.xlsx
2026-09-16 08:00:13 | DEBUG    | _create_backup       | Backup created: data/2026/09/backups/2026-09-16_backup_20260916_080013.xlsx
2026-09-16 08:00:13 | DEBUG    | _cleanup_old_backups | Removed old backup: 2026-09-16_backup_20260916_073426.xlsx
2026-09-16 08:00:13 | DEBUG    | save_data            | Existing file found, merging data...
2026-09-16 08:00:14 | DEBUG    | save_data            | Loaded 25041 existing rows
2026-09-16 08:00:14 | DEBUG    | save_data            | Combined to 25523 rows
2026-09-16 08:00:14 | DEBUG    | save_data            | Writing to temporary file...
2026-09-16 08:00:18 | DEBUG    | save_data            | Data written to temp file: /home/runner/work/Thalorae-BackLioraen/Thalorae-BackLioraen/data/2026/09/tmpz066_jha.xlsx
2026-09-16 08:00:18 | DEBUG    | save_data            | Temp file moved to final location
2026-09-16 08:00:18 | INFO     | save_data            | ✅ Data saved successfully (25523 total rows, 1,872,161 bytes)
2026-09-16 08:00:18 | INFO     | run                  | ======================================================================
2026-09-16 08:00:18 | INFO     | run                  | 📊 EXECUTION SUMMARY:
2026-09-16 08:00:18 | INFO     | run                  |    ✅ Status: SUCCESS
2026-09-16 08:00:18 | INFO     | run                  |    - Rows processed: 482
2026-09-16 08:00:18 | INFO     | run                  |    - Unique symbols: 482
2026-09-16 08:00:18 | INFO     | run                  |    - Timestamp: 2026-09-16 13:00:08
2026-09-16 08:00:18 | INFO     | run                  |    - File: data/2026/09/2026-09-16.xlsx
2026-09-16 08:00:18 | INFO     | run                  | ======================================================================
2026-09-16 08:00:18 | DEBUG    | run                  | Sample data (first row):
2026-09-16 08:00:18 | DEBUG    | run                  | {'SYMBOL': 'WTLNC', 'SECTOR': 828, 'LDCP': 1.06, 'OPEN': 1.05, 'HIGH': 1.1, 'LOW': 1.0, 'CURRENT': 1.04, 'CHANGE': -0.02, 'CHANGE (%)': nan, 'VOLUME': 25200532, 'YEAR': 2026, 'MONTH': 9, 'DAY': 16, 'HOUR': 13, 'MINUTE': 0, 'DATETIME': '2026-09-16 13:00'}
2026-09-16 08:00:18 | DEBUG    | close                | Session closed
2026-09-16 08:05:18 | INFO     | run                  | ======================================================================
2026-09-16 08:05:18 | INFO     | run                  | 🚀 MARKET DATA SCRAPER - SINGLE EXECUTION
2026-09-16 08:05:18 | INFO     | run                  | ======================================================================
2026-09-16 08:05:18 | INFO     | run                  | Execution Time: 2026-09-16 13:05:18 PKT
2026-09-16 08:05:18 | INFO     | run                  | Configuration:
2026-09-16 08:05:18 | INFO     | run                  |    - Timezone: Asia/Karachi
2026-09-16 08:05:18 | INFO     | run                  |    - Data directory: data
2026-09-16 08:05:18 | INFO     | run                  |    - Log directory: logs
2026-09-16 08:05:18 | INFO     | run                  |    - Excluded symbols: {'XT', 'XR', 'XD', 'XS'}
2026-09-16 08:05:18 | INFO     | run                  | ======================================================================
2026-09-16 08:05:18 | INFO     | fetch_data           | Fetching data (Attempt 1/3)...
2026-09-16 08:05:18 | DEBUG    | fetch_data           | Establishing session with https://dps.psx.com.pk/
2026-09-16 08:05:22 | DEBUG    | fetch_data           | Requesting data from https://dps.psx.com.pk/market-watch
2026-09-16 08:05:23 | DEBUG    | fetch_data           | Response status: 200
2026-09-16 08:05:23 | DEBUG    | fetch_data           | Response content type: text/html; charset=utf-8
2026-09-16 08:05:23 | DEBUG    | fetch_data           | Response size: 462071 bytes
2026-09-16 08:05:23 | INFO     | fetch_data           | ✅ Data fetched successfully (Status: 200)
2026-09-16 08:05:23 | DEBUG    | parse_json           | Attempting JSON parsing...
2026-09-16 08:05:23 | DEBUG    | parse_json           | Response preview: <table class="tbl" data-page-length="25"><thead class="tbl__head"><!-- tr--><!--   th(colspan="11")--><!--   th.center(colspan="2", style="width: 110px;") TOTAL BUY ORDERS--><!--   th.center(colspan="2", style="width: 110px;") TOTAL SELL ORDERS--><tr><th data-name="symbol">SYMBOL</th><th data-name="sector">SECTOR</th><th data-name="listed">LISTED IN</th><th class="right" data-name="ldcp">LDCP</th><th class="right" data-name="open">OPEN</th><th class="right" data-name="high">HIGH</th><th class="r
2026-09-16 08:05:23 | WARNING  | parse_json           | ⚠️ JSON parsing failed: Expecting value: line 1 column 1 (char 0)
2026-09-16 08:05:23 | INFO     | run                  | JSON parsing failed, trying HTML fallback...
2026-09-16 08:05:23 | INFO     | parse_html           | Attempting HTML fallback parsing...
2026-09-16 08:05:23 | DEBUG    | parse_html           | Found 1 table(s) in HTML
2026-09-16 08:05:23 | DEBUG    | parse_html           | Table columns: ['SYMBOL', 'SECTOR', 'LISTED IN', 'LDCP', 'OPEN', 'HIGH', 'LOW', 'CURRENT', 'CHANGE', 'CHANGE (%)', 'VOLUME']
2026-09-16 08:05:23 | DEBUG    | parse_html           | Table shape: (482, 11)
2026-09-16 08:05:23 | INFO     | parse_html           | ✅ HTML parsed successfully (482 rows)
2026-09-16 08:05:23 | INFO     | clean_data           | Cleaning data...
2026-09-16 08:05:23 | DEBUG    | clean_data           | Initial shape: (482, 11)
2026-09-16 08:05:23 | DEBUG    | clean_data           | Initial columns: ['SYMBOL', 'SECTOR', 'LISTED IN', 'LDCP', 'OPEN', 'HIGH', 'LOW', 'CURRENT', 'CHANGE', 'CHANGE (%)', 'VOLUME']
2026-09-16 08:05:23 | DEBUG    | clean_data           | Removed 'LISTED IN' column
2026-09-16 08:05:23 | DEBUG    | clean_data           | Converted LDCP from float64 to numeric
2026-09-16 08:05:23 | DEBUG    | clean_data           | Converted OPEN from float64 to numeric
2026-09-16 08:05:23 | DEBUG    | clean_data           | Converted HIGH from float64 to numeric
2026-09-16 08:05:23 | DEBUG    | clean_data           | Converted LOW from float64 to numeric
2026-09-16 08:05:23 | DEBUG    | clean_data           | Converted CURRENT from float64 to numeric
2026-09-16 08:05:23 | DEBUG    | clean_data           | Converted CHANGE from float64 to numeric
2026-09-16 08:05:23 | WARNING  | clean_data           | Column CHANGE (%): 482 values could not be converted to numeric
2026-09-16 08:05:23 | DEBUG    | clean_data           | Converted CHANGE (%) from str to numeric
2026-09-16 08:05:23 | DEBUG    | clean_data           | Converted VOLUME from int64 to numeric
2026-09-16 08:05:23 | INFO     | clean_data           | ✅ Data cleaned (482 rows, 16 columns)
2026-09-16 08:05:23 | DEBUG    | clean_data           | Final columns: ['SYMBOL', 'SECTOR', 'LDCP', 'OPEN', 'HIGH', 'LOW', 'CURRENT', 'CHANGE', 'CHANGE (%)', 'VOLUME', 'YEAR', 'MONTH', 'DAY', 'HOUR', 'MINUTE', 'DATETIME']
2026-09-16 08:05:23 | DEBUG    | get_file_path        | Generated file path: data/2026/09/2026-09-16.xlsx
2026-09-16 08:05:23 | INFO     | save_data            | Saving data to: data/2026/09/2026-09-16.xlsx
2026-09-16 08:05:23 | DEBUG    | _create_backup       | Backup created: data/2026/09/backups/2026-09-16_backup_20260916_080523.xlsx
2026-09-16 08:05:23 | DEBUG    | _cleanup_old_backups | Removed old backup: 2026-09-16_backup_20260916_073935.xlsx
2026-09-16 08:05:23 | DEBUG    | save_data            | Existing file found, merging data...
2026-09-16 08:05:25 | DEBUG    | save_data            | Loaded 25523 existing rows
2026-09-16 08:05:25 | DEBUG    | save_data            | Combined to 26005 rows
2026-09-16 08:05:25 | DEBUG    | save_data            | Writing to temporary file...
2026-09-16 08:05:28 | DEBUG    | save_data            | Data written to temp file: /home/runner/work/Thalorae-BackLioraen/Thalorae-BackLioraen/data/2026/09/tmpo6uv_uw2.xlsx
2026-09-16 08:05:28 | DEBUG    | save_data            | Temp file moved to final location
2026-09-16 08:05:28 | INFO     | save_data            | ✅ Data saved successfully (26005 total rows, 1,907,842 bytes)
2026-09-16 08:05:28 | INFO     | run                  | ======================================================================
2026-09-16 08:05:28 | INFO     | run                  | 📊 EXECUTION SUMMARY:
2026-09-16 08:05:28 | INFO     | run                  |    ✅ Status: SUCCESS
2026-09-16 08:05:28 | INFO     | run                  |    - Rows processed: 482
2026-09-16 08:05:28 | INFO     | run                  |    - Unique symbols: 482
2026-09-16 08:05:28 | INFO     | run                  |    - Timestamp: 2026-09-16 13:05:18
2026-09-16 08:05:28 | INFO     | run                  |    - File: data/2026/09/2026-09-16.xlsx
2026-09-16 08:05:28 | INFO     | run                  | ======================================================================
2026-09-16 08:05:28 | DEBUG    | run                  | Sample data (first row):
2026-09-16 08:05:28 | DEBUG    | run                  | {'SYMBOL': 'WTLNC', 'SECTOR': 828, 'LDCP': 1.06, 'OPEN': 1.05, 'HIGH': 1.1, 'LOW': 1.0, 'CURRENT': 1.04, 'CHANGE': -0.02, 'CHANGE (%)': nan, 'VOLUME': 25230282, 'YEAR': 2026, 'MONTH': 9, 'DAY': 16, 'HOUR': 13, 'MINUTE': 5, 'DATETIME': '2026-09-16 13:05'}
2026-09-16 08:05:28 | DEBUG    | close                | Session closed
2026-09-16 08:10:28 | INFO     | run                  | ======================================================================
2026-09-16 08:10:28 | INFO     | run                  | 🚀 MARKET DATA SCRAPER - SINGLE EXECUTION
2026-09-16 08:10:28 | INFO     | run                  | ======================================================================
2026-09-16 08:10:28 | INFO     | run                  | Execution Time: 2026-09-16 13:10:28 PKT
2026-09-16 08:10:28 | INFO     | run                  | Configuration:
2026-09-16 08:10:28 | INFO     | run                  |    - Timezone: Asia/Karachi
2026-09-16 08:10:28 | INFO     | run                  |    - Data directory: data
2026-09-16 08:10:28 | INFO     | run                  |    - Log directory: logs
2026-09-16 08:10:28 | INFO     | run                  |    - Excluded symbols: {'XS', 'XT', 'XR', 'XD'}
2026-09-16 08:10:28 | INFO     | run                  | ======================================================================
2026-09-16 08:10:28 | INFO     | fetch_data           | Fetching data (Attempt 1/3)...
2026-09-16 08:10:28 | DEBUG    | fetch_data           | Establishing session with https://dps.psx.com.pk/
2026-09-16 08:10:32 | DEBUG    | fetch_data           | Requesting data from https://dps.psx.com.pk/market-watch
2026-09-16 08:10:34 | DEBUG    | fetch_data           | Response status: 200
2026-09-16 08:10:34 | DEBUG    | fetch_data           | Response content type: text/html; charset=utf-8
2026-09-16 08:10:34 | DEBUG    | fetch_data           | Response size: 462224 bytes
2026-09-16 08:10:34 | INFO     | fetch_data           | ✅ Data fetched successfully (Status: 200)
2026-09-16 08:10:34 | DEBUG    | parse_json           | Attempting JSON parsing...
2026-09-16 08:10:34 | DEBUG    | parse_json           | Response preview: <table class="tbl" data-page-length="25"><thead class="tbl__head"><!-- tr--><!--   th(colspan="11")--><!--   th.center(colspan="2", style="width: 110px;") TOTAL BUY ORDERS--><!--   th.center(colspan="2", style="width: 110px;") TOTAL SELL ORDERS--><tr><th data-name="symbol">SYMBOL</th><th data-name="sector">SECTOR</th><th data-name="listed">LISTED IN</th><th class="right" data-name="ldcp">LDCP</th><th class="right" data-name="open">OPEN</th><th class="right" data-name="high">HIGH</th><th class="r
2026-09-16 08:10:34 | WARNING  | parse_json           | ⚠️ JSON parsing failed: Expecting value: line 1 column 1 (char 0)
2026-09-16 08:10:34 | INFO     | run                  | JSON parsing failed, trying HTML fallback...
2026-09-16 08:10:34 | INFO     | parse_html           | Attempting HTML fallback parsing...
2026-09-16 08:10:34 | DEBUG    | parse_html           | Found 1 table(s) in HTML
2026-09-16 08:10:34 | DEBUG    | parse_html           | Table columns: ['SYMBOL', 'SECTOR', 'LISTED IN', 'LDCP', 'OPEN', 'HIGH', 'LOW', 'CURRENT', 'CHANGE', 'CHANGE (%)', 'VOLUME']
2026-09-16 08:10:34 | DEBUG    | parse_html           | Table shape: (482, 11)
2026-09-16 08:10:34 | INFO     | parse_html           | ✅ HTML parsed successfully (482 rows)
2026-09-16 08:10:34 | INFO     | clean_data           | Cleaning data...
2026-09-16 08:10:34 | DEBUG    | clean_data           | Initial shape: (482, 11)
2026-09-16 08:10:34 | DEBUG    | clean_data           | Initial columns: ['SYMBOL', 'SECTOR', 'LISTED IN', 'LDCP', 'OPEN', 'HIGH', 'LOW', 'CURRENT', 'CHANGE', 'CHANGE (%)', 'VOLUME']
2026-09-16 08:10:34 | DEBUG    | clean_data           | Removed 'LISTED IN' column
2026-09-16 08:10:34 | DEBUG    | clean_data           | Converted LDCP from float64 to numeric
2026-09-16 08:10:34 | DEBUG    | clean_data           | Converted OPEN from float64 to numeric
2026-09-16 08:10:34 | DEBUG    | clean_data           | Converted HIGH from float64 to numeric
2026-09-16 08:10:34 | DEBUG    | clean_data           | Converted LOW from float64 to numeric
2026-09-16 08:10:34 | DEBUG    | clean_data           | Converted CURRENT from float64 to numeric
2026-09-16 08:10:34 | DEBUG    | clean_data           | Converted CHANGE from float64 to numeric
2026-09-16 08:10:34 | WARNING  | clean_data           | Column CHANGE (%): 482 values could not be converted to numeric
2026-09-16 08:10:34 | DEBUG    | clean_data           | Converted CHANGE (%) from str to numeric
2026-09-16 08:10:34 | DEBUG    | clean_data           | Converted VOLUME from int64 to numeric
2026-09-16 08:10:34 | INFO     | clean_data           | ✅ Data cleaned (482 rows, 16 columns)
2026-09-16 08:10:34 | DEBUG    | clean_data           | Final columns: ['SYMBOL', 'SECTOR', 'LDCP', 'OPEN', 'HIGH', 'LOW', 'CURRENT', 'CHANGE', 'CHANGE (%)', 'VOLUME', 'YEAR', 'MONTH', 'DAY', 'HOUR', 'MINUTE', 'DATETIME']
2026-09-16 08:10:34 | DEBUG    | get_file_path        | Generated file path: data/2026/09/2026-09-16.xlsx
2026-09-16 08:10:34 | INFO     | save_data            | Saving data to: data/2026/09/2026-09-16.xlsx
2026-09-16 08:10:34 | DEBUG    | _create_backup       | Backup created: data/2026/09/backups/2026-09-16_backup_20260916_081034.xlsx
2026-09-16 08:10:34 | DEBUG    | _cleanup_old_backups | Removed old backup: 2026-09-16_backup_20260916_074445.xlsx
2026-09-16 08:10:34 | DEBUG    | save_data            | Existing file found, merging data...
2026-09-16 08:10:36 | DEBUG    | save_data            | Loaded 26005 existing rows
2026-09-16 08:10:36 | DEBUG    | save_data            | Combined to 26487 rows
2026-09-16 08:10:36 | DEBUG    | save_data            | Writing to temporary file...
2026-09-16 08:10:39 | DEBUG    | save_data            | Data written to temp file: /home/runner/work/Thalorae-BackLioraen/Thalorae-BackLioraen/data/2026/09/tmpsr_t0v42.xlsx
2026-09-16 08:10:39 | DEBUG    | save_data            | Temp file moved to final location
2026-09-16 08:10:39 | INFO     | save_data            | ✅ Data saved successfully (26487 total rows, 1,943,507 bytes)
2026-09-16 08:10:39 | INFO     | run                  | ======================================================================
2026-09-16 08:10:39 | INFO     | run                  | 📊 EXECUTION SUMMARY:
2026-09-16 08:10:39 | INFO     | run                  |    ✅ Status: SUCCESS
2026-09-16 08:10:39 | INFO     | run                  |    - Rows processed: 482
2026-09-16 08:10:39 | INFO     | run                  |    - Unique symbols: 482
2026-09-16 08:10:39 | INFO     | run                  |    - Timestamp: 2026-09-16 13:10:28
2026-09-16 08:10:39 | INFO     | run                  |    - File: data/2026/09/2026-09-16.xlsx
2026-09-16 08:10:39 | INFO     | run                  | ======================================================================
2026-09-16 08:10:39 | DEBUG    | run                  | Sample data (first row):
2026-09-16 08:10:39 | DEBUG    | run                  | {'SYMBOL': 'WTLNC', 'SECTOR': 828, 'LDCP': 1.06, 'OPEN': 1.05, 'HIGH': 1.1, 'LOW': 1.0, 'CURRENT': 1.04, 'CHANGE': -0.02, 'CHANGE (%)': nan, 'VOLUME': 25258742, 'YEAR': 2026, 'MONTH': 9, 'DAY': 16, 'HOUR': 13, 'MINUTE': 10, 'DATETIME': '2026-09-16 13:10'}
2026-09-16 08:10:39 | DEBUG    | close                | Session closed
2026-09-16 08:15:40 | INFO     | run                  | ======================================================================
2026-09-16 08:15:40 | INFO     | run                  | 🚀 MARKET DATA SCRAPER - SINGLE EXECUTION
2026-09-16 08:15:40 | INFO     | run                  | ======================================================================
2026-09-16 08:15:40 | INFO     | run                  | Execution Time: 2026-09-16 13:15:40 PKT
2026-09-16 08:15:40 | INFO     | run                  | Configuration:
2026-09-16 08:15:40 | INFO     | run                  |    - Timezone: Asia/Karachi
2026-09-16 08:15:40 | INFO     | run                  |    - Data directory: data
2026-09-16 08:15:40 | INFO     | run                  |    - Log directory: logs
2026-09-16 08:15:40 | INFO     | run                  |    - Excluded symbols: {'XT', 'XD', 'XS', 'XR'}
2026-09-16 08:15:40 | INFO     | run                  | ======================================================================
2026-09-16 08:15:40 | INFO     | fetch_data           | Fetching data (Attempt 1/3)...
2026-09-16 08:15:40 | DEBUG    | fetch_data           | Establishing session with https://dps.psx.com.pk/
2026-09-16 08:15:42 | DEBUG    | fetch_data           | Requesting data from https://dps.psx.com.pk/market-watch
2026-09-16 08:15:45 | DEBUG    | fetch_data           | Response status: 200
2026-09-16 08:15:45 | DEBUG    | fetch_data           | Response content type: text/html; charset=utf-8
2026-09-16 08:15:45 | DEBUG    | fetch_data           | Response size: 463064 bytes
2026-09-16 08:15:45 | INFO     | fetch_data           | ✅ Data fetched successfully (Status: 200)
2026-09-16 08:15:45 | DEBUG    | parse_json           | Attempting JSON parsing...
2026-09-16 08:15:45 | DEBUG    | parse_json           | Response preview: <table class="tbl" data-page-length="25"><thead class="tbl__head"><!-- tr--><!--   th(colspan="11")--><!--   th.center(colspan="2", style="width: 110px;") TOTAL BUY ORDERS--><!--   th.center(colspan="2", style="width: 110px;") TOTAL SELL ORDERS--><tr><th data-name="symbol">SYMBOL</th><th data-name="sector">SECTOR</th><th data-name="listed">LISTED IN</th><th class="right" data-name="ldcp">LDCP</th><th class="right" data-name="open">OPEN</th><th class="right" data-name="high">HIGH</th><th class="r
2026-09-16 08:15:45 | WARNING  | parse_json           | ⚠️ JSON parsing failed: Expecting value: line 1 column 1 (char 0)
2026-09-16 08:15:45 | INFO     | run                  | JSON parsing failed, trying HTML fallback...
2026-09-16 08:15:45 | INFO     | parse_html           | Attempting HTML fallback parsing...
2026-09-16 08:15:45 | DEBUG    | parse_html           | Found 1 table(s) in HTML
2026-09-16 08:15:45 | DEBUG    | parse_html           | Table columns: ['SYMBOL', 'SECTOR', 'LISTED IN', 'LDCP', 'OPEN', 'HIGH', 'LOW', 'CURRENT', 'CHANGE', 'CHANGE (%)', 'VOLUME']
2026-09-16 08:15:45 | DEBUG    | parse_html           | Table shape: (483, 11)
2026-09-16 08:15:45 | INFO     | parse_html           | ✅ HTML parsed successfully (483 rows)
2026-09-16 08:15:45 | INFO     | clean_data           | Cleaning data...
2026-09-16 08:15:45 | DEBUG    | clean_data           | Initial shape: (483, 11)
2026-09-16 08:15:45 | DEBUG    | clean_data           | Initial columns: ['SYMBOL', 'SECTOR', 'LISTED IN', 'LDCP', 'OPEN', 'HIGH', 'LOW', 'CURRENT', 'CHANGE', 'CHANGE (%)', 'VOLUME']
2026-09-16 08:15:45 | DEBUG    | clean_data           | Removed 'LISTED IN' column
2026-09-16 08:15:45 | DEBUG    | clean_data           | Converted LDCP from float64 to numeric
2026-09-16 08:15:45 | DEBUG    | clean_data           | Converted OPEN from float64 to numeric
2026-09-16 08:15:45 | DEBUG    | clean_data           | Converted HIGH from float64 to numeric
2026-09-16 08:15:45 | DEBUG    | clean_data           | Converted LOW from float64 to numeric
2026-09-16 08:15:45 | DEBUG    | clean_data           | Converted CURRENT from float64 to numeric
2026-09-16 08:15:45 | DEBUG    | clean_data           | Converted CHANGE from float64 to numeric
2026-09-16 08:15:45 | WARNING  | clean_data           | Column CHANGE (%): 483 values could not be converted to numeric
2026-09-16 08:15:45 | DEBUG    | clean_data           | Converted CHANGE (%) from str to numeric
2026-09-16 08:15:45 | DEBUG    | clean_data           | Converted VOLUME from int64 to numeric
2026-09-16 08:15:45 | INFO     | clean_data           | ✅ Data cleaned (483 rows, 16 columns)
2026-09-16 08:15:45 | DEBUG    | clean_data           | Final columns: ['SYMBOL', 'SECTOR', 'LDCP', 'OPEN', 'HIGH', 'LOW', 'CURRENT', 'CHANGE', 'CHANGE (%)', 'VOLUME', 'YEAR', 'MONTH', 'DAY', 'HOUR', 'MINUTE', 'DATETIME']
2026-09-16 08:15:45 | DEBUG    | get_file_path        | Generated file path: data/2026/09/2026-09-16.xlsx
2026-09-16 08:15:45 | INFO     | save_data            | Saving data to: data/2026/09/2026-09-16.xlsx
2026-09-16 08:15:45 | DEBUG    | _create_backup       | Backup created: data/2026/09/backups/2026-09-16_backup_20260916_081545.xlsx
2026-09-16 08:15:45 | DEBUG    | _cleanup_old_backups | Removed old backup: 2026-09-16_backup_20260916_074954.xlsx
2026-09-16 08:15:45 | DEBUG    | save_data            | Existing file found, merging data...
2026-09-16 08:15:47 | DEBUG    | save_data            | Loaded 26487 existing rows
2026-09-16 08:15:47 | DEBUG    | save_data            | Combined to 26970 rows
2026-09-16 08:15:47 | DEBUG    | save_data            | Writing to temporary file...
2026-09-16 08:15:50 | DEBUG    | save_data            | Data written to temp file: /home/runner/work/Thalorae-BackLioraen/Thalorae-BackLioraen/data/2026/09/tmpwukk43ly.xlsx
2026-09-16 08:15:50 | DEBUG    | save_data            | Temp file moved to final location
2026-09-16 08:15:50 | INFO     | save_data            | ✅ Data saved successfully (26970 total rows, 1,979,157 bytes)
2026-09-16 08:15:50 | INFO     | run                  | ======================================================================
2026-09-16 08:15:50 | INFO     | run                  | 📊 EXECUTION SUMMARY:
2026-09-16 08:15:50 | INFO     | run                  |    ✅ Status: SUCCESS
2026-09-16 08:15:50 | INFO     | run                  |    - Rows processed: 483
2026-09-16 08:15:50 | INFO     | run                  |    - Unique symbols: 483
2026-09-16 08:15:50 | INFO     | run                  |    - Timestamp: 2026-09-16 13:15:40
2026-09-16 08:15:50 | INFO     | run                  |    - File: data/2026/09/2026-09-16.xlsx
2026-09-16 08:15:50 | INFO     | run                  | ======================================================================
2026-09-16 08:15:50 | DEBUG    | run                  | Sample data (first row):
2026-09-16 08:15:50 | DEBUG    | run                  | {'SYMBOL': 'WTLNC', 'SECTOR': 828, 'LDCP': 1.06, 'OPEN': 1.05, 'HIGH': 1.1, 'LOW': 1.0, 'CURRENT': 1.04, 'CHANGE': -0.02, 'CHANGE (%)': nan, 'VOLUME': 25378133, 'YEAR': 2026, 'MONTH': 9, 'DAY': 16, 'HOUR': 13, 'MINUTE': 15, 'DATETIME': '2026-09-16 13:15'}
2026-09-16 08:15:50 | DEBUG    | close                | Session closed
2026-09-16 08:20:51 | INFO     | run                  | ======================================================================
2026-09-16 08:20:51 | INFO     | run                  | 🚀 MARKET DATA SCRAPER - SINGLE EXECUTION
2026-09-16 08:20:51 | INFO     | run                  | ======================================================================
2026-09-16 08:20:51 | INFO     | run                  | Execution Time: 2026-09-16 13:20:51 PKT
2026-09-16 08:20:51 | INFO     | run                  | Configuration:
2026-09-16 08:20:51 | INFO     | run                  |    - Timezone: Asia/Karachi
2026-09-16 08:20:51 | INFO     | run                  |    - Data directory: data
2026-09-16 08:20:51 | INFO     | run                  |    - Log directory: logs
2026-09-16 08:20:51 | INFO     | run                  |    - Excluded symbols: {'XT', 'XR', 'XD', 'XS'}
2026-09-16 08:20:51 | INFO     | run                  | ======================================================================
2026-09-16 08:20:51 | INFO     | fetch_data           | Fetching data (Attempt 1/3)...
2026-09-16 08:20:51 | DEBUG    | fetch_data           | Establishing session with https://dps.psx.com.pk/
2026-09-16 08:20:54 | DEBUG    | fetch_data           | Requesting data from https://dps.psx.com.pk/market-watch
2026-09-16 08:20:56 | DEBUG    | fetch_data           | Response status: 200
2026-09-16 08:20:56 | DEBUG    | fetch_data           | Response content type: text/html; charset=utf-8
2026-09-16 08:20:56 | DEBUG    | fetch_data           | Response size: 463176 bytes
2026-09-16 08:20:56 | INFO     | fetch_data           | ✅ Data fetched successfully (Status: 200)
2026-09-16 08:20:56 | DEBUG    | parse_json           | Attempting JSON parsing...
2026-09-16 08:20:56 | DEBUG    | parse_json           | Response preview: <table class="tbl" data-page-length="25"><thead class="tbl__head"><!-- tr--><!--   th(colspan="11")--><!--   th.center(colspan="2", style="width: 110px;") TOTAL BUY ORDERS--><!--   th.center(colspan="2", style="width: 110px;") TOTAL SELL ORDERS--><tr><th data-name="symbol">SYMBOL</th><th data-name="sector">SECTOR</th><th data-name="listed">LISTED IN</th><th class="right" data-name="ldcp">LDCP</th><th class="right" data-name="open">OPEN</th><th class="right" data-name="high">HIGH</th><th class="r
2026-09-16 08:20:56 | WARNING  | parse_json           | ⚠️ JSON parsing failed: Expecting value: line 1 column 1 (char 0)
2026-09-16 08:20:56 | INFO     | run                  | JSON parsing failed, trying HTML fallback...
2026-09-16 08:20:56 | INFO     | parse_html           | Attempting HTML fallback parsing...
2026-09-16 08:20:56 | DEBUG    | parse_html           | Found 1 table(s) in HTML
2026-09-16 08:20:56 | DEBUG    | parse_html           | Table columns: ['SYMBOL', 'SECTOR', 'LISTED IN', 'LDCP', 'OPEN', 'HIGH', 'LOW', 'CURRENT', 'CHANGE', 'CHANGE (%)', 'VOLUME']
2026-09-16 08:20:56 | DEBUG    | parse_html           | Table shape: (483, 11)
2026-09-16 08:20:56 | INFO     | parse_html           | ✅ HTML parsed successfully (483 rows)
2026-09-16 08:20:56 | INFO     | clean_data           | Cleaning data...
2026-09-16 08:20:56 | DEBUG    | clean_data           | Initial shape: (483, 11)
2026-09-16 08:20:56 | DEBUG    | clean_data           | Initial columns: ['SYMBOL', 'SECTOR', 'LISTED IN', 'LDCP', 'OPEN', 'HIGH', 'LOW', 'CURRENT', 'CHANGE', 'CHANGE (%)', 'VOLUME']
2026-09-16 08:20:56 | DEBUG    | clean_data           | Removed 'LISTED IN' column
2026-09-16 08:20:56 | DEBUG    | clean_data           | Converted LDCP from float64 to numeric
2026-09-16 08:20:56 | DEBUG    | clean_data           | Converted OPEN from float64 to numeric
2026-09-16 08:20:56 | DEBUG    | clean_data           | Converted HIGH from float64 to numeric
2026-09-16 08:20:56 | DEBUG    | clean_data           | Converted LOW from float64 to numeric
2026-09-16 08:20:56 | DEBUG    | clean_data           | Converted CURRENT from float64 to numeric
2026-09-16 08:20:56 | DEBUG    | clean_data           | Converted CHANGE from float64 to numeric
2026-09-16 08:20:56 | WARNING  | clean_data           | Column CHANGE (%): 483 values could not be converted to numeric
2026-09-16 08:20:56 | DEBUG    | clean_data           | Converted CHANGE (%) from str to numeric
2026-09-16 08:20:56 | DEBUG    | clean_data           | Converted VOLUME from int64 to numeric
2026-09-16 08:20:56 | INFO     | clean_data           | ✅ Data cleaned (483 rows, 16 columns)
2026-09-16 08:20:56 | DEBUG    | clean_data           | Final columns: ['SYMBOL', 'SECTOR', 'LDCP', 'OPEN', 'HIGH', 'LOW', 'CURRENT', 'CHANGE', 'CHANGE (%)', 'VOLUME', 'YEAR', 'MONTH', 'DAY', 'HOUR', 'MINUTE', 'DATETIME']
2026-09-16 08:20:56 | DEBUG    | get_file_path        | Generated file path: data/2026/09/2026-09-16.xlsx
2026-09-16 08:20:56 | INFO     | save_data            | Saving data to: data/2026/09/2026-09-16.xlsx
2026-09-16 08:20:56 | DEBUG    | _create_backup       | Backup created: data/2026/09/backups/2026-09-16_backup_20260916_082056.xlsx
2026-09-16 08:20:56 | DEBUG    | _cleanup_old_backups | Removed old backup: 2026-09-16_backup_20260916_075503.xlsx
2026-09-16 08:20:56 | DEBUG    | save_data            | Existing file found, merging data...
2026-09-16 08:20:58 | DEBUG    | save_data            | Loaded 26970 existing rows
2026-09-16 08:20:58 | DEBUG    | save_data            | Combined to 27453 rows
2026-09-16 08:20:58 | DEBUG    | save_data            | Writing to temporary file...
2026-09-16 08:21:01 | DEBUG    | save_data            | Data written to temp file: /home/runner/work/Thalorae-BackLioraen/Thalorae-BackLioraen/data/2026/09/tmpvccu_p9w.xlsx
2026-09-16 08:21:01 | DEBUG    | save_data            | Temp file moved to final location
2026-09-16 08:21:01 | INFO     | save_data            | ✅ Data saved successfully (27453 total rows, 2,015,085 bytes)
2026-09-16 08:21:01 | INFO     | run                  | ======================================================================
2026-09-16 08:21:01 | INFO     | run                  | 📊 EXECUTION SUMMARY:
2026-09-16 08:21:01 | INFO     | run                  |    ✅ Status: SUCCESS
2026-09-16 08:21:01 | INFO     | run                  |    - Rows processed: 483
2026-09-16 08:21:01 | INFO     | run                  |    - Unique symbols: 483
2026-09-16 08:21:01 | INFO     | run                  |    - Timestamp: 2026-09-16 13:20:51
2026-09-16 08:21:01 | INFO     | run                  |    - File: data/2026/09/2026-09-16.xlsx
2026-09-16 08:21:01 | INFO     | run                  | ======================================================================
2026-09-16 08:21:01 | DEBUG    | run                  | Sample data (first row):
2026-09-16 08:21:01 | DEBUG    | run                  | {'SYMBOL': 'WTLNC', 'SECTOR': 828, 'LDCP': 1.06, 'OPEN': 1.05, 'HIGH': 1.1, 'LOW': 1.0, 'CURRENT': 1.04, 'CHANGE': -0.02, 'CHANGE (%)': nan, 'VOLUME': 25379900, 'YEAR': 2026, 'MONTH': 9, 'DAY': 16, 'HOUR': 13, 'MINUTE': 20, 'DATETIME': '2026-09-16 13:20'}
2026-09-16 08:21:01 | DEBUG    | close                | Session closed
2026-09-16 14:47:30 | INFO     | run                  | ======================================================================
2026-09-16 14:47:30 | INFO     | run                  | 🚀 MARKET DATA SCRAPER - SINGLE EXECUTION
2026-09-16 14:47:30 | INFO     | run                  | ======================================================================
2026-09-16 14:47:30 | INFO     | run                  | Execution Time: 2026-09-16 19:47:30 PKT
2026-09-16 14:47:30 | INFO     | run                  | Configuration:
2026-09-16 14:47:30 | INFO     | run                  |    - Timezone: Asia/Karachi
2026-09-16 14:47:30 | INFO     | run                  |    - Data directory: data
2026-09-16 14:47:30 | INFO     | run                  |    - Log directory: logs
2026-09-16 14:47:30 | INFO     | run                  |    - Excluded symbols: {'XT', 'XR', 'XS', 'XD'}
2026-09-16 14:47:30 | INFO     | run                  | ======================================================================
2026-09-16 14:47:30 | INFO     | fetch_data           | Fetching data (Attempt 1/3)...
2026-09-16 14:47:30 | DEBUG    | fetch_data           | Establishing session with https://dps.psx.com.pk/
2026-09-16 14:47:34 | DEBUG    | fetch_data           | Requesting data from https://dps.psx.com.pk/market-watch
2026-09-16 14:47:35 | DEBUG    | fetch_data           | Response status: 200
2026-09-16 14:47:35 | DEBUG    | fetch_data           | Response content type: text/html; charset=utf-8
2026-09-16 14:47:35 | DEBUG    | fetch_data           | Response size: 475060 bytes
2026-09-16 14:47:35 | INFO     | fetch_data           | ✅ Data fetched successfully (Status: 200)
2026-09-16 14:47:35 | DEBUG    | parse_json           | Attempting JSON parsing...
2026-09-16 14:47:35 | DEBUG    | parse_json           | Response preview: <table class="tbl" data-page-length="25"><thead class="tbl__head"><!-- tr--><!--   th(colspan="11")--><!--   th.center(colspan="2", style="width: 110px;") TOTAL BUY ORDERS--><!--   th.center(colspan="2", style="width: 110px;") TOTAL SELL ORDERS--><tr><th data-name="symbol">SYMBOL</th><th data-name="sector">SECTOR</th><th data-name="listed">LISTED IN</th><th class="right" data-name="ldcp">LDCP</th><th class="right" data-name="open">OPEN</th><th class="right" data-name="high">HIGH</th><th class="r
2026-09-16 14:47:35 | WARNING  | parse_json           | ⚠️ JSON parsing failed: Expecting value: line 1 column 1 (char 0)
2026-09-16 14:47:35 | INFO     | run                  | JSON parsing failed, trying HTML fallback...
2026-09-16 14:47:35 | INFO     | parse_html           | Attempting HTML fallback parsing...
2026-09-16 14:47:35 | DEBUG    | parse_html           | Found 1 table(s) in HTML
2026-09-16 14:47:35 | DEBUG    | parse_html           | Table columns: ['SYMBOL', 'SECTOR', 'LISTED IN', 'LDCP', 'OPEN', 'HIGH', 'LOW', 'CURRENT', 'CHANGE', 'CHANGE (%)', 'VOLUME']
2026-09-16 14:47:35 | DEBUG    | parse_html           | Table shape: (496, 11)
2026-09-16 14:47:35 | INFO     | parse_html           | ✅ HTML parsed successfully (496 rows)
2026-09-16 14:47:35 | INFO     | clean_data           | Cleaning data...
2026-09-16 14:47:35 | DEBUG    | clean_data           | Initial shape: (496, 11)
2026-09-16 14:47:35 | DEBUG    | clean_data           | Initial columns: ['SYMBOL', 'SECTOR', 'LISTED IN', 'LDCP', 'OPEN', 'HIGH', 'LOW', 'CURRENT', 'CHANGE', 'CHANGE (%)', 'VOLUME']
2026-09-16 14:47:35 | DEBUG    | clean_data           | Removed 'LISTED IN' column
2026-09-16 14:47:35 | DEBUG    | clean_data           | Converted LDCP from float64 to numeric
2026-09-16 14:47:35 | DEBUG    | clean_data           | Converted OPEN from float64 to numeric
2026-09-16 14:47:35 | DEBUG    | clean_data           | Converted HIGH from float64 to numeric
2026-09-16 14:47:35 | DEBUG    | clean_data           | Converted LOW from float64 to numeric
2026-09-16 14:47:35 | DEBUG    | clean_data           | Converted CURRENT from float64 to numeric
2026-09-16 14:47:35 | DEBUG    | clean_data           | Converted CHANGE from float64 to numeric
2026-09-16 14:47:35 | WARNING  | clean_data           | Column CHANGE (%): 496 values could not be converted to numeric
2026-09-16 14:47:35 | DEBUG    | clean_data           | Converted CHANGE (%) from str to numeric
2026-09-16 14:47:35 | DEBUG    | clean_data           | Converted VOLUME from int64 to numeric
2026-09-16 14:47:35 | INFO     | clean_data           | ✅ Data cleaned (496 rows, 16 columns)
2026-09-16 14:47:35 | DEBUG    | clean_data           | Final columns: ['SYMBOL', 'SECTOR', 'LDCP', 'OPEN', 'HIGH', 'LOW', 'CURRENT', 'CHANGE', 'CHANGE (%)', 'VOLUME', 'YEAR', 'MONTH', 'DAY', 'HOUR', 'MINUTE', 'DATETIME']
2026-09-16 14:47:35 | DEBUG    | get_file_path        | Generated file path: data/2026/09/2026-09-16.xlsx
2026-09-16 14:47:35 | INFO     | save_data            | Saving data to: data/2026/09/2026-09-16.xlsx
2026-09-16 14:47:35 | DEBUG    | _create_backup       | Backup created: data/2026/09/backups/2026-09-16_backup_20260916_144735.xlsx
2026-09-16 14:47:35 | DEBUG    | _cleanup_old_backups | Removed old backup: 2026-09-16_backup_20260916_144735.xlsx
2026-09-16 14:47:35 | DEBUG    | save_data            | Existing file found, merging data...
2026-09-16 14:47:38 | DEBUG    | save_data            | Loaded 27453 existing rows
2026-09-16 14:47:38 | DEBUG    | save_data            | Combined to 27949 rows
2026-09-16 14:47:38 | DEBUG    | save_data            | Writing to temporary file...
2026-09-16 14:47:43 | DEBUG    | save_data            | Data written to temp file: /home/runner/work/Thalorae-BackLioraen/Thalorae-BackLioraen/data/2026/09/tmpz_2ibbz8.xlsx
2026-09-16 14:47:43 | DEBUG    | save_data            | Temp file moved to final location
2026-09-16 14:47:43 | INFO     | save_data            | ✅ Data saved successfully (27949 total rows, 2,052,214 bytes)
2026-09-16 14:47:43 | INFO     | run                  | ======================================================================
2026-09-16 14:47:43 | INFO     | run                  | 📊 EXECUTION SUMMARY:
2026-09-16 14:47:43 | INFO     | run                  |    ✅ Status: SUCCESS
2026-09-16 14:47:43 | INFO     | run                  |    - Rows processed: 496
2026-09-16 14:47:43 | INFO     | run                  |    - Unique symbols: 496
2026-09-16 14:47:43 | INFO     | run                  |    - Timestamp: 2026-09-16 19:47:30
2026-09-16 14:47:43 | INFO     | run                  |    - File: data/2026/09/2026-09-16.xlsx
2026-09-16 14:47:43 | INFO     | run                  | ======================================================================
2026-09-16 14:47:43 | DEBUG    | run                  | Sample data (first row):
2026-09-16 14:47:43 | DEBUG    | run                  | {'SYMBOL': 'WTLNC', 'SECTOR': 828, 'LDCP': 1.06, 'OPEN': 1.05, 'HIGH': 1.1, 'LOW': 1.0, 'CURRENT': 1.02, 'CHANGE': -0.04, 'CHANGE (%)': nan, 'VOLUME': 40029812, 'YEAR': 2026, 'MONTH': 9, 'DAY': 16, 'HOUR': 19, 'MINUTE': 47, 'DATETIME': '2026-09-16 19:47'}
2026-09-16 14:47:43 | DEBUG    | close                | Session closed
2026-09-16 14:52:44 | INFO     | run                  | ======================================================================
2026-09-16 14:52:44 | INFO     | run                  | 🚀 MARKET DATA SCRAPER - SINGLE EXECUTION
2026-09-16 14:52:44 | INFO     | run                  | ======================================================================
2026-09-16 14:52:44 | INFO     | run                  | Execution Time: 2026-09-16 19:52:44 PKT
2026-09-16 14:52:44 | INFO     | run                  | Configuration:
2026-09-16 14:52:44 | INFO     | run                  |    - Timezone: Asia/Karachi
2026-09-16 14:52:44 | INFO     | run                  |    - Data directory: data
2026-09-16 14:52:44 | INFO     | run                  |    - Log directory: logs
2026-09-16 14:52:44 | INFO     | run                  |    - Excluded symbols: {'XD', 'XR', 'XS', 'XT'}
2026-09-16 14:52:44 | INFO     | run                  | ======================================================================
2026-09-16 14:52:44 | INFO     | fetch_data           | Fetching data (Attempt 1/3)...
2026-09-16 14:52:44 | DEBUG    | fetch_data           | Establishing session with https://dps.psx.com.pk/
2026-09-16 14:52:47 | DEBUG    | fetch_data           | Requesting data from https://dps.psx.com.pk/market-watch
2026-09-16 14:52:48 | DEBUG    | fetch_data           | Response status: 200
2026-09-16 14:52:48 | DEBUG    | fetch_data           | Response content type: text/html; charset=utf-8
2026-09-16 14:52:48 | DEBUG    | fetch_data           | Response size: 475060 bytes
2026-09-16 14:52:48 | INFO     | fetch_data           | ✅ Data fetched successfully (Status: 200)
2026-09-16 14:52:48 | DEBUG    | parse_json           | Attempting JSON parsing...
2026-09-16 14:52:48 | DEBUG    | parse_json           | Response preview: <table class="tbl" data-page-length="25"><thead class="tbl__head"><!-- tr--><!--   th(colspan="11")--><!--   th.center(colspan="2", style="width: 110px;") TOTAL BUY ORDERS--><!--   th.center(colspan="2", style="width: 110px;") TOTAL SELL ORDERS--><tr><th data-name="symbol">SYMBOL</th><th data-name="sector">SECTOR</th><th data-name="listed">LISTED IN</th><th class="right" data-name="ldcp">LDCP</th><th class="right" data-name="open">OPEN</th><th class="right" data-name="high">HIGH</th><th class="r
2026-09-16 14:52:48 | WARNING  | parse_json           | ⚠️ JSON parsing failed: Expecting value: line 1 column 1 (char 0)
2026-09-16 14:52:48 | INFO     | run                  | JSON parsing failed, trying HTML fallback...
2026-09-16 14:52:48 | INFO     | parse_html           | Attempting HTML fallback parsing...
2026-09-16 14:52:48 | DEBUG    | parse_html           | Found 1 table(s) in HTML
2026-09-16 14:52:48 | DEBUG    | parse_html           | Table columns: ['SYMBOL', 'SECTOR', 'LISTED IN', 'LDCP', 'OPEN', 'HIGH', 'LOW', 'CURRENT', 'CHANGE', 'CHANGE (%)', 'VOLUME']
2026-09-16 14:52:48 | DEBUG    | parse_html           | Table shape: (496, 11)
2026-09-16 14:52:48 | INFO     | parse_html           | ✅ HTML parsed successfully (496 rows)
2026-09-16 14:52:48 | INFO     | clean_data           | Cleaning data...
2026-09-16 14:52:48 | DEBUG    | clean_data           | Initial shape: (496, 11)
2026-09-16 14:52:48 | DEBUG    | clean_data           | Initial columns: ['SYMBOL', 'SECTOR', 'LISTED IN', 'LDCP', 'OPEN', 'HIGH', 'LOW', 'CURRENT', 'CHANGE', 'CHANGE (%)', 'VOLUME']
2026-09-16 14:52:48 | DEBUG    | clean_data           | Removed 'LISTED IN' column
2026-09-16 14:52:48 | DEBUG    | clean_data           | Converted LDCP from float64 to numeric
2026-09-16 14:52:48 | DEBUG    | clean_data           | Converted OPEN from float64 to numeric
2026-09-16 14:52:48 | DEBUG    | clean_data           | Converted HIGH from float64 to numeric
2026-09-16 14:52:48 | DEBUG    | clean_data           | Converted LOW from float64 to numeric
2026-09-16 14:52:48 | DEBUG    | clean_data           | Converted CURRENT from float64 to numeric
2026-09-16 14:52:48 | DEBUG    | clean_data           | Converted CHANGE from float64 to numeric
2026-09-16 14:52:48 | WARNING  | clean_data           | Column CHANGE (%): 496 values could not be converted to numeric
2026-09-16 14:52:48 | DEBUG    | clean_data           | Converted CHANGE (%) from str to numeric
2026-09-16 14:52:48 | DEBUG    | clean_data           | Converted VOLUME from int64 to numeric
2026-09-16 14:52:48 | INFO     | clean_data           | ✅ Data cleaned (496 rows, 16 columns)
2026-09-16 14:52:48 | DEBUG    | clean_data           | Final columns: ['SYMBOL', 'SECTOR', 'LDCP', 'OPEN', 'HIGH', 'LOW', 'CURRENT', 'CHANGE', 'CHANGE (%)', 'VOLUME', 'YEAR', 'MONTH', 'DAY', 'HOUR', 'MINUTE', 'DATETIME']
2026-09-16 14:52:48 | DEBUG    | get_file_path        | Generated file path: data/2026/09/2026-09-16.xlsx
2026-09-16 14:52:48 | INFO     | save_data            | Saving data to: data/2026/09/2026-09-16.xlsx
2026-09-16 14:52:48 | DEBUG    | _create_backup       | Backup created: data/2026/09/backups/2026-09-16_backup_20260916_145248.xlsx
2026-09-16 14:52:48 | DEBUG    | _cleanup_old_backups | Removed old backup: 2026-09-16_backup_20260916_080013.xlsx
2026-09-16 14:52:48 | DEBUG    | save_data            | Existing file found, merging data...
2026-09-16 14:52:51 | DEBUG    | save_data            | Loaded 27949 existing rows
2026-09-16 14:52:51 | DEBUG    | save_data            | Combined to 28445 rows
2026-09-16 14:52:51 | DEBUG    | save_data            | Writing to temporary file...
2026-09-16 14:52:57 | DEBUG    | save_data            | Data written to temp file: /home/runner/work/Thalorae-BackLioraen/Thalorae-BackLioraen/data/2026/09/tmp41djujrm.xlsx
2026-09-16 14:52:57 | DEBUG    | save_data            | Temp file moved to final location
2026-09-16 14:52:57 | INFO     | save_data            | ✅ Data saved successfully (28445 total rows, 2,089,281 bytes)
2026-09-16 14:52:57 | INFO     | run                  | ======================================================================
2026-09-16 14:52:57 | INFO     | run                  | 📊 EXECUTION SUMMARY:
2026-09-16 14:52:57 | INFO     | run                  |    ✅ Status: SUCCESS
2026-09-16 14:52:57 | INFO     | run                  |    - Rows processed: 496
2026-09-16 14:52:57 | INFO     | run                  |    - Unique symbols: 496
2026-09-16 14:52:57 | INFO     | run                  |    - Timestamp: 2026-09-16 19:52:44
2026-09-16 14:52:57 | INFO     | run                  |    - File: data/2026/09/2026-09-16.xlsx
2026-09-16 14:52:57 | INFO     | run                  | ======================================================================
2026-09-16 14:52:57 | DEBUG    | run                  | Sample data (first row):
2026-09-16 14:52:57 | DEBUG    | run                  | {'SYMBOL': 'WTLNC', 'SECTOR': 828, 'LDCP': 1.06, 'OPEN': 1.05, 'HIGH': 1.1, 'LOW': 1.0, 'CURRENT': 1.02, 'CHANGE': -0.04, 'CHANGE (%)': nan, 'VOLUME': 40029812, 'YEAR': 2026, 'MONTH': 9, 'DAY': 16, 'HOUR': 19, 'MINUTE': 52, 'DATETIME': '2026-09-16 19:52'}
2026-09-16 14:52:57 | DEBUG    | close                | Session closed
2026-09-16 14:57:57 | INFO     | run                  | ======================================================================
2026-09-16 14:57:57 | INFO     | run                  | 🚀 MARKET DATA SCRAPER - SINGLE EXECUTION
2026-09-16 14:57:57 | INFO     | run                  | ======================================================================
2026-09-16 14:57:57 | INFO     | run                  | Execution Time: 2026-09-16 19:57:57 PKT
2026-09-16 14:57:57 | INFO     | run                  | Configuration:
2026-09-16 14:57:57 | INFO     | run                  |    - Timezone: Asia/Karachi
2026-09-16 14:57:57 | INFO     | run                  |    - Data directory: data
2026-09-16 14:57:57 | INFO     | run                  |    - Log directory: logs
2026-09-16 14:57:57 | INFO     | run                  |    - Excluded symbols: {'XD', 'XR', 'XS', 'XT'}
2026-09-16 14:57:57 | INFO     | run                  | ======================================================================
2026-09-16 14:57:57 | INFO     | fetch_data           | Fetching data (Attempt 1/3)...
2026-09-16 14:57:57 | DEBUG    | fetch_data           | Establishing session with https://dps.psx.com.pk/
2026-09-16 14:58:01 | DEBUG    | fetch_data           | Requesting data from https://dps.psx.com.pk/market-watch
2026-09-16 14:58:02 | DEBUG    | fetch_data           | Response status: 200
2026-09-16 14:58:02 | DEBUG    | fetch_data           | Response content type: text/html; charset=utf-8
2026-09-16 14:58:02 | DEBUG    | fetch_data           | Response size: 475060 bytes
2026-09-16 14:58:02 | INFO     | fetch_data           | ✅ Data fetched successfully (Status: 200)
2026-09-16 14:58:02 | DEBUG    | parse_json           | Attempting JSON parsing...
2026-09-16 14:58:02 | DEBUG    | parse_json           | Response preview: <table class="tbl" data-page-length="25"><thead class="tbl__head"><!-- tr--><!--   th(colspan="11")--><!--   th.center(colspan="2", style="width: 110px;") TOTAL BUY ORDERS--><!--   th.center(colspan="2", style="width: 110px;") TOTAL SELL ORDERS--><tr><th data-name="symbol">SYMBOL</th><th data-name="sector">SECTOR</th><th data-name="listed">LISTED IN</th><th class="right" data-name="ldcp">LDCP</th><th class="right" data-name="open">OPEN</th><th class="right" data-name="high">HIGH</th><th class="r
2026-09-16 14:58:02 | WARNING  | parse_json           | ⚠️ JSON parsing failed: Expecting value: line 1 column 1 (char 0)
2026-09-16 14:58:02 | INFO     | run                  | JSON parsing failed, trying HTML fallback...
2026-09-16 14:58:02 | INFO     | parse_html           | Attempting HTML fallback parsing...
2026-09-16 14:58:03 | DEBUG    | parse_html           | Found 1 table(s) in HTML
2026-09-16 14:58:03 | DEBUG    | parse_html           | Table columns: ['SYMBOL', 'SECTOR', 'LISTED IN', 'LDCP', 'OPEN', 'HIGH', 'LOW', 'CURRENT', 'CHANGE', 'CHANGE (%)', 'VOLUME']
2026-09-16 14:58:03 | DEBUG    | parse_html           | Table shape: (496, 11)
2026-09-16 14:58:03 | INFO     | parse_html           | ✅ HTML parsed successfully (496 rows)
2026-09-16 14:58:03 | INFO     | clean_data           | Cleaning data...
2026-09-16 14:58:03 | DEBUG    | clean_data           | Initial shape: (496, 11)
2026-09-16 14:58:03 | DEBUG    | clean_data           | Initial columns: ['SYMBOL', 'SECTOR', 'LISTED IN', 'LDCP', 'OPEN', 'HIGH', 'LOW', 'CURRENT', 'CHANGE', 'CHANGE (%)', 'VOLUME']
2026-09-16 14:58:03 | DEBUG    | clean_data           | Removed 'LISTED IN' column
2026-09-16 14:58:03 | DEBUG    | clean_data           | Converted LDCP from float64 to numeric
2026-09-16 14:58:03 | DEBUG    | clean_data           | Converted OPEN from float64 to numeric
2026-09-16 14:58:03 | DEBUG    | clean_data           | Converted HIGH from float64 to numeric
2026-09-16 14:58:03 | DEBUG    | clean_data           | Converted LOW from float64 to numeric
2026-09-16 14:58:03 | DEBUG    | clean_data           | Converted CURRENT from float64 to numeric
2026-09-16 14:58:03 | DEBUG    | clean_data           | Converted CHANGE from float64 to numeric
2026-09-16 14:58:03 | WARNING  | clean_data           | Column CHANGE (%): 496 values could not be converted to numeric
2026-09-16 14:58:03 | DEBUG    | clean_data           | Converted CHANGE (%) from str to numeric
2026-09-16 14:58:03 | DEBUG    | clean_data           | Converted VOLUME from int64 to numeric
2026-09-16 14:58:03 | INFO     | clean_data           | ✅ Data cleaned (496 rows, 16 columns)
2026-09-16 14:58:03 | DEBUG    | clean_data           | Final columns: ['SYMBOL', 'SECTOR', 'LDCP', 'OPEN', 'HIGH', 'LOW', 'CURRENT', 'CHANGE', 'CHANGE (%)', 'VOLUME', 'YEAR', 'MONTH', 'DAY', 'HOUR', 'MINUTE', 'DATETIME']
2026-09-16 14:58:03 | DEBUG    | get_file_path        | Generated file path: data/2026/09/2026-09-16.xlsx
2026-09-16 14:58:03 | INFO     | save_data            | Saving data to: data/2026/09/2026-09-16.xlsx
2026-09-16 14:58:03 | DEBUG    | _create_backup       | Backup created: data/2026/09/backups/2026-09-16_backup_20260916_145803.xlsx
2026-09-16 14:58:03 | DEBUG    | _cleanup_old_backups | Removed old backup: 2026-09-16_backup_20260916_080523.xlsx
2026-09-16 14:58:03 | DEBUG    | save_data            | Existing file found, merging data...
2026-09-16 14:58:06 | DEBUG    | save_data            | Loaded 28445 existing rows
2026-09-16 14:58:06 | DEBUG    | save_data            | Combined to 28941 rows
2026-09-16 14:58:06 | DEBUG    | save_data            | Writing to temporary file...
2026-09-16 14:58:11 | DEBUG    | save_data            | Data written to temp file: /home/runner/work/Thalorae-BackLioraen/Thalorae-BackLioraen/data/2026/09/tmp45iav53t.xlsx
2026-09-16 14:58:11 | DEBUG    | save_data            | Temp file moved to final location
2026-09-16 14:58:11 | INFO     | save_data            | ✅ Data saved successfully (28941 total rows, 2,126,425 bytes)
2026-09-16 14:58:11 | INFO     | run                  | ======================================================================
2026-09-16 14:58:11 | INFO     | run                  | 📊 EXECUTION SUMMARY:
2026-09-16 14:58:11 | INFO     | run                  |    ✅ Status: SUCCESS
2026-09-16 14:58:11 | INFO     | run                  |    - Rows processed: 496
2026-09-16 14:58:11 | INFO     | run                  |    - Unique symbols: 496
2026-09-16 14:58:11 | INFO     | run                  |    - Timestamp: 2026-09-16 19:57:57
2026-09-16 14:58:11 | INFO     | run                  |    - File: data/2026/09/2026-09-16.xlsx
2026-09-16 14:58:11 | INFO     | run                  | ======================================================================
2026-09-16 14:58:11 | DEBUG    | run                  | Sample data (first row):
2026-09-16 14:58:11 | DEBUG    | run                  | {'SYMBOL': 'WTLNC', 'SECTOR': 828, 'LDCP': 1.06, 'OPEN': 1.05, 'HIGH': 1.1, 'LOW': 1.0, 'CURRENT': 1.02, 'CHANGE': -0.04, 'CHANGE (%)': nan, 'VOLUME': 40029812, 'YEAR': 2026, 'MONTH': 9, 'DAY': 16, 'HOUR': 19, 'MINUTE': 57, 'DATETIME': '2026-09-16 19:57'}
2026-09-16 14:58:11 | DEBUG    | close                | Session closed
2026-09-16 15:03:12 | INFO     | run                  | ======================================================================
2026-09-16 15:03:12 | INFO     | run                  | 🚀 MARKET DATA SCRAPER - SINGLE EXECUTION
2026-09-16 15:03:12 | INFO     | run                  | ======================================================================
2026-09-16 15:03:12 | INFO     | run                  | Execution Time: 2026-09-16 20:03:12 PKT
2026-09-16 15:03:12 | INFO     | run                  | Configuration:
2026-09-16 15:03:12 | INFO     | run                  |    - Timezone: Asia/Karachi
2026-09-16 15:03:12 | INFO     | run                  |    - Data directory: data
2026-09-16 15:03:12 | INFO     | run                  |    - Log directory: logs
2026-09-16 15:03:12 | INFO     | run                  |    - Excluded symbols: {'XR', 'XS', 'XD', 'XT'}
2026-09-16 15:03:12 | INFO     | run                  | ======================================================================
2026-09-16 15:03:12 | INFO     | fetch_data           | Fetching data (Attempt 1/3)...
2026-09-16 15:03:12 | DEBUG    | fetch_data           | Establishing session with https://dps.psx.com.pk/
2026-09-16 15:03:15 | DEBUG    | fetch_data           | Requesting data from https://dps.psx.com.pk/market-watch
2026-09-16 15:03:16 | DEBUG    | fetch_data           | Response status: 200
2026-09-16 15:03:16 | DEBUG    | fetch_data           | Response content type: text/html; charset=utf-8
2026-09-16 15:03:16 | DEBUG    | fetch_data           | Response size: 475060 bytes
2026-09-16 15:03:16 | INFO     | fetch_data           | ✅ Data fetched successfully (Status: 200)
2026-09-16 15:03:16 | DEBUG    | parse_json           | Attempting JSON parsing...
2026-09-16 15:03:16 | DEBUG    | parse_json           | Response preview: <table class="tbl" data-page-length="25"><thead class="tbl__head"><!-- tr--><!--   th(colspan="11")--><!--   th.center(colspan="2", style="width: 110px;") TOTAL BUY ORDERS--><!--   th.center(colspan="2", style="width: 110px;") TOTAL SELL ORDERS--><tr><th data-name="symbol">SYMBOL</th><th data-name="sector">SECTOR</th><th data-name="listed">LISTED IN</th><th class="right" data-name="ldcp">LDCP</th><th class="right" data-name="open">OPEN</th><th class="right" data-name="high">HIGH</th><th class="r
2026-09-16 15:03:16 | WARNING  | parse_json           | ⚠️ JSON parsing failed: Expecting value: line 1 column 1 (char 0)
2026-09-16 15:03:16 | INFO     | run                  | JSON parsing failed, trying HTML fallback...
2026-09-16 15:03:16 | INFO     | parse_html           | Attempting HTML fallback parsing...
2026-09-16 15:03:16 | DEBUG    | parse_html           | Found 1 table(s) in HTML
2026-09-16 15:03:16 | DEBUG    | parse_html           | Table columns: ['SYMBOL', 'SECTOR', 'LISTED IN', 'LDCP', 'OPEN', 'HIGH', 'LOW', 'CURRENT', 'CHANGE', 'CHANGE (%)', 'VOLUME']
2026-09-16 15:03:16 | DEBUG    | parse_html           | Table shape: (496, 11)
2026-09-16 15:03:16 | INFO     | parse_html           | ✅ HTML parsed successfully (496 rows)
2026-09-16 15:03:16 | INFO     | clean_data           | Cleaning data...
2026-09-16 15:03:16 | DEBUG    | clean_data           | Initial shape: (496, 11)
2026-09-16 15:03:16 | DEBUG    | clean_data           | Initial columns: ['SYMBOL', 'SECTOR', 'LISTED IN', 'LDCP', 'OPEN', 'HIGH', 'LOW', 'CURRENT', 'CHANGE', 'CHANGE (%)', 'VOLUME']
2026-09-16 15:03:16 | DEBUG    | clean_data           | Removed 'LISTED IN' column
2026-09-16 15:03:16 | DEBUG    | clean_data           | Converted LDCP from float64 to numeric
2026-09-16 15:03:16 | DEBUG    | clean_data           | Converted OPEN from float64 to numeric
2026-09-16 15:03:16 | DEBUG    | clean_data           | Converted HIGH from float64 to numeric
2026-09-16 15:03:16 | DEBUG    | clean_data           | Converted LOW from float64 to numeric
2026-09-16 15:03:16 | DEBUG    | clean_data           | Converted CURRENT from float64 to numeric
2026-09-16 15:03:16 | DEBUG    | clean_data           | Converted CHANGE from float64 to numeric
2026-09-16 15:03:16 | WARNING  | clean_data           | Column CHANGE (%): 496 values could not be converted to numeric
2026-09-16 15:03:16 | DEBUG    | clean_data           | Converted CHANGE (%) from str to numeric
2026-09-16 15:03:16 | DEBUG    | clean_data           | Converted VOLUME from int64 to numeric
2026-09-16 15:03:16 | INFO     | clean_data           | ✅ Data cleaned (496 rows, 16 columns)
2026-09-16 15:03:16 | DEBUG    | clean_data           | Final columns: ['SYMBOL', 'SECTOR', 'LDCP', 'OPEN', 'HIGH', 'LOW', 'CURRENT', 'CHANGE', 'CHANGE (%)', 'VOLUME', 'YEAR', 'MONTH', 'DAY', 'HOUR', 'MINUTE', 'DATETIME']
2026-09-16 15:03:16 | DEBUG    | get_file_path        | Generated file path: data/2026/09/2026-09-16.xlsx
2026-09-16 15:03:16 | INFO     | save_data            | Saving data to: data/2026/09/2026-09-16.xlsx
2026-09-16 15:03:16 | DEBUG    | _create_backup       | Backup created: data/2026/09/backups/2026-09-16_backup_20260916_150316.xlsx
2026-09-16 15:03:16 | DEBUG    | _cleanup_old_backups | Removed old backup: 2026-09-16_backup_20260916_081034.xlsx
2026-09-16 15:03:16 | DEBUG    | save_data            | Existing file found, merging data...
2026-09-16 15:03:19 | DEBUG    | save_data            | Loaded 28941 existing rows
2026-09-16 15:03:19 | DEBUG    | save_data            | Combined to 29437 rows
2026-09-16 15:03:19 | DEBUG    | save_data            | Writing to temporary file...
2026-09-16 15:03:24 | DEBUG    | save_data            | Data written to temp file: /home/runner/work/Thalorae-BackLioraen/Thalorae-BackLioraen/data/2026/09/tmp6llspys3.xlsx
2026-09-16 15:03:24 | DEBUG    | save_data            | Temp file moved to final location
2026-09-16 15:03:24 | INFO     | save_data            | ✅ Data saved successfully (29437 total rows, 2,163,622 bytes)
2026-09-16 15:03:24 | INFO     | run                  | ======================================================================
2026-09-16 15:03:24 | INFO     | run                  | 📊 EXECUTION SUMMARY:
2026-09-16 15:03:24 | INFO     | run                  |    ✅ Status: SUCCESS
2026-09-16 15:03:24 | INFO     | run                  |    - Rows processed: 496
2026-09-16 15:03:24 | INFO     | run                  |    - Unique symbols: 496
2026-09-16 15:03:24 | INFO     | run                  |    - Timestamp: 2026-09-16 20:03:12
2026-09-16 15:03:24 | INFO     | run                  |    - File: data/2026/09/2026-09-16.xlsx
2026-09-16 15:03:24 | INFO     | run                  | ======================================================================
2026-09-16 15:03:24 | DEBUG    | run                  | Sample data (first row):
2026-09-16 15:03:24 | DEBUG    | run                  | {'SYMBOL': 'WTLNC', 'SECTOR': 828, 'LDCP': 1.06, 'OPEN': 1.05, 'HIGH': 1.1, 'LOW': 1.0, 'CURRENT': 1.02, 'CHANGE': -0.04, 'CHANGE (%)': nan, 'VOLUME': 40029812, 'YEAR': 2026, 'MONTH': 9, 'DAY': 16, 'HOUR': 20, 'MINUTE': 3, 'DATETIME': '2026-09-16 20:03'}
2026-09-16 15:03:24 | DEBUG    | close                | Session closed
2026-09-16 15:08:25 | INFO     | run                  | ======================================================================
2026-09-16 15:08:25 | INFO     | run                  | 🚀 MARKET DATA SCRAPER - SINGLE EXECUTION
2026-09-16 15:08:25 | INFO     | run                  | ======================================================================
2026-09-16 15:08:25 | INFO     | run                  | Execution Time: 2026-09-16 20:08:25 PKT
2026-09-16 15:08:25 | INFO     | run                  | Configuration:
2026-09-16 15:08:25 | INFO     | run                  |    - Timezone: Asia/Karachi
2026-09-16 15:08:25 | INFO     | run                  |    - Data directory: data
2026-09-16 15:08:25 | INFO     | run                  |    - Log directory: logs
2026-09-16 15:08:25 | INFO     | run                  |    - Excluded symbols: {'XD', 'XS', 'XT', 'XR'}
2026-09-16 15:08:25 | INFO     | run                  | ======================================================================
2026-09-16 15:08:25 | INFO     | fetch_data           | Fetching data (Attempt 1/3)...
2026-09-16 15:08:25 | DEBUG    | fetch_data           | Establishing session with https://dps.psx.com.pk/
2026-09-16 15:08:28 | DEBUG    | fetch_data           | Requesting data from https://dps.psx.com.pk/market-watch
2026-09-16 15:08:29 | DEBUG    | fetch_data           | Response status: 200
2026-09-16 15:08:29 | DEBUG    | fetch_data           | Response content type: text/html; charset=utf-8
2026-09-16 15:08:29 | DEBUG    | fetch_data           | Response size: 475060 bytes
2026-09-16 15:08:29 | INFO     | fetch_data           | ✅ Data fetched successfully (Status: 200)
2026-09-16 15:08:29 | DEBUG    | parse_json           | Attempting JSON parsing...
2026-09-16 15:08:29 | DEBUG    | parse_json           | Response preview: <table class="tbl" data-page-length="25"><thead class="tbl__head"><!-- tr--><!--   th(colspan="11")--><!--   th.center(colspan="2", style="width: 110px;") TOTAL BUY ORDERS--><!--   th.center(colspan="2", style="width: 110px;") TOTAL SELL ORDERS--><tr><th data-name="symbol">SYMBOL</th><th data-name="sector">SECTOR</th><th data-name="listed">LISTED IN</th><th class="right" data-name="ldcp">LDCP</th><th class="right" data-name="open">OPEN</th><th class="right" data-name="high">HIGH</th><th class="r
2026-09-16 15:08:29 | WARNING  | parse_json           | ⚠️ JSON parsing failed: Expecting value: line 1 column 1 (char 0)
2026-09-16 15:08:29 | INFO     | run                  | JSON parsing failed, trying HTML fallback...
2026-09-16 15:08:29 | INFO     | parse_html           | Attempting HTML fallback parsing...
2026-09-16 15:08:29 | DEBUG    | parse_html           | Found 1 table(s) in HTML
2026-09-16 15:08:29 | DEBUG    | parse_html           | Table columns: ['SYMBOL', 'SECTOR', 'LISTED IN', 'LDCP', 'OPEN', 'HIGH', 'LOW', 'CURRENT', 'CHANGE', 'CHANGE (%)', 'VOLUME']
2026-09-16 15:08:29 | DEBUG    | parse_html           | Table shape: (496, 11)
2026-09-16 15:08:29 | INFO     | parse_html           | ✅ HTML parsed successfully (496 rows)
2026-09-16 15:08:29 | INFO     | clean_data           | Cleaning data...
2026-09-16 15:08:29 | DEBUG    | clean_data           | Initial shape: (496, 11)
2026-09-16 15:08:29 | DEBUG    | clean_data           | Initial columns: ['SYMBOL', 'SECTOR', 'LISTED IN', 'LDCP', 'OPEN', 'HIGH', 'LOW', 'CURRENT', 'CHANGE', 'CHANGE (%)', 'VOLUME']
2026-09-16 15:08:29 | DEBUG    | clean_data           | Removed 'LISTED IN' column
2026-09-16 15:08:29 | DEBUG    | clean_data           | Converted LDCP from float64 to numeric
2026-09-16 15:08:29 | DEBUG    | clean_data           | Converted OPEN from float64 to numeric
2026-09-16 15:08:29 | DEBUG    | clean_data           | Converted HIGH from float64 to numeric
2026-09-16 15:08:29 | DEBUG    | clean_data           | Converted LOW from float64 to numeric
2026-09-16 15:08:29 | DEBUG    | clean_data           | Converted CURRENT from float64 to numeric
2026-09-16 15:08:29 | DEBUG    | clean_data           | Converted CHANGE from float64 to numeric
2026-09-16 15:08:29 | WARNING  | clean_data           | Column CHANGE (%): 496 values could not be converted to numeric
2026-09-16 15:08:29 | DEBUG    | clean_data           | Converted CHANGE (%) from str to numeric
2026-09-16 15:08:29 | DEBUG    | clean_data           | Converted VOLUME from int64 to numeric
2026-09-16 15:08:29 | INFO     | clean_data           | ✅ Data cleaned (496 rows, 16 columns)
2026-09-16 15:08:29 | DEBUG    | clean_data           | Final columns: ['SYMBOL', 'SECTOR', 'LDCP', 'OPEN', 'HIGH', 'LOW', 'CURRENT', 'CHANGE', 'CHANGE (%)', 'VOLUME', 'YEAR', 'MONTH', 'DAY', 'HOUR', 'MINUTE', 'DATETIME']
2026-09-16 15:08:29 | DEBUG    | get_file_path        | Generated file path: data/2026/09/2026-09-16.xlsx
2026-09-16 15:08:29 | INFO     | save_data            | Saving data to: data/2026/09/2026-09-16.xlsx
2026-09-16 15:08:29 | DEBUG    | _create_backup       | Backup created: data/2026/09/backups/2026-09-16_backup_20260916_150829.xlsx
2026-09-16 15:08:29 | DEBUG    | _cleanup_old_backups | Removed old backup: 2026-09-16_backup_20260916_081545.xlsx
2026-09-16 15:08:29 | DEBUG    | save_data            | Existing file found, merging data...
2026-09-16 15:08:32 | DEBUG    | save_data            | Loaded 29437 existing rows
2026-09-16 15:08:32 | DEBUG    | save_data            | Combined to 29933 rows
2026-09-16 15:08:32 | DEBUG    | save_data            | Writing to temporary file...
2026-09-16 15:08:38 | DEBUG    | save_data            | Data written to temp file: /home/runner/work/Thalorae-BackLioraen/Thalorae-BackLioraen/data/2026/09/tmp8ehr48bz.xlsx
2026-09-16 15:08:38 | DEBUG    | save_data            | Temp file moved to final location
2026-09-16 15:08:38 | INFO     | save_data            | ✅ Data saved successfully (29933 total rows, 2,200,799 bytes)
2026-09-16 15:08:38 | INFO     | run                  | ======================================================================
2026-09-16 15:08:38 | INFO     | run                  | 📊 EXECUTION SUMMARY:
2026-09-16 15:08:38 | INFO     | run                  |    ✅ Status: SUCCESS
2026-09-16 15:08:38 | INFO     | run                  |    - Rows processed: 496
2026-09-16 15:08:38 | INFO     | run                  |    - Unique symbols: 496
2026-09-16 15:08:38 | INFO     | run                  |    - Timestamp: 2026-09-16 20:08:25
2026-09-16 15:08:38 | INFO     | run                  |    - File: data/2026/09/2026-09-16.xlsx
2026-09-16 15:08:38 | INFO     | run                  | ======================================================================
2026-09-16 15:08:38 | DEBUG    | run                  | Sample data (first row):
2026-09-16 15:08:38 | DEBUG    | run                  | {'SYMBOL': 'WTLNC', 'SECTOR': 828, 'LDCP': 1.06, 'OPEN': 1.05, 'HIGH': 1.1, 'LOW': 1.0, 'CURRENT': 1.02, 'CHANGE': -0.04, 'CHANGE (%)': nan, 'VOLUME': 40029812, 'YEAR': 2026, 'MONTH': 9, 'DAY': 16, 'HOUR': 20, 'MINUTE': 8, 'DATETIME': '2026-09-16 20:08'}
2026-09-16 15:08:38 | DEBUG    | close                | Session closed
2026-09-16 15:13:38 | INFO     | run                  | ======================================================================
2026-09-16 15:13:38 | INFO     | run                  | 🚀 MARKET DATA SCRAPER - SINGLE EXECUTION
2026-09-16 15:13:38 | INFO     | run                  | ======================================================================
2026-09-16 15:13:38 | INFO     | run                  | Execution Time: 2026-09-16 20:13:38 PKT
2026-09-16 15:13:38 | INFO     | run                  | Configuration:
2026-09-16 15:13:38 | INFO     | run                  |    - Timezone: Asia/Karachi
2026-09-16 15:13:38 | INFO     | run                  |    - Data directory: data
2026-09-16 15:13:38 | INFO     | run                  |    - Log directory: logs
2026-09-16 15:13:38 | INFO     | run                  |    - Excluded symbols: {'XT', 'XR', 'XS', 'XD'}
2026-09-16 15:13:38 | INFO     | run                  | ======================================================================
2026-09-16 15:13:38 | INFO     | fetch_data           | Fetching data (Attempt 1/3)...
2026-09-16 15:13:38 | DEBUG    | fetch_data           | Establishing session with https://dps.psx.com.pk/
2026-09-16 15:13:41 | DEBUG    | fetch_data           | Requesting data from https://dps.psx.com.pk/market-watch
2026-09-16 15:13:44 | DEBUG    | fetch_data           | Response status: 200
2026-09-16 15:13:44 | DEBUG    | fetch_data           | Response content type: text/html; charset=utf-8
2026-09-16 15:13:44 | DEBUG    | fetch_data           | Response size: 475060 bytes
2026-09-16 15:13:44 | INFO     | fetch_data           | ✅ Data fetched successfully (Status: 200)
2026-09-16 15:13:44 | DEBUG    | parse_json           | Attempting JSON parsing...
2026-09-16 15:13:44 | DEBUG    | parse_json           | Response preview: <table class="tbl" data-page-length="25"><thead class="tbl__head"><!-- tr--><!--   th(colspan="11")--><!--   th.center(colspan="2", style="width: 110px;") TOTAL BUY ORDERS--><!--   th.center(colspan="2", style="width: 110px;") TOTAL SELL ORDERS--><tr><th data-name="symbol">SYMBOL</th><th data-name="sector">SECTOR</th><th data-name="listed">LISTED IN</th><th class="right" data-name="ldcp">LDCP</th><th class="right" data-name="open">OPEN</th><th class="right" data-name="high">HIGH</th><th class="r
2026-09-16 15:13:44 | WARNING  | parse_json           | ⚠️ JSON parsing failed: Expecting value: line 1 column 1 (char 0)
2026-09-16 15:13:44 | INFO     | run                  | JSON parsing failed, trying HTML fallback...
2026-09-16 15:13:44 | INFO     | parse_html           | Attempting HTML fallback parsing...
2026-09-16 15:13:44 | DEBUG    | parse_html           | Found 1 table(s) in HTML
2026-09-16 15:13:44 | DEBUG    | parse_html           | Table columns: ['SYMBOL', 'SECTOR', 'LISTED IN', 'LDCP', 'OPEN', 'HIGH', 'LOW', 'CURRENT', 'CHANGE', 'CHANGE (%)', 'VOLUME']
2026-09-16 15:13:44 | DEBUG    | parse_html           | Table shape: (496, 11)
2026-09-16 15:13:44 | INFO     | parse_html           | ✅ HTML parsed successfully (496 rows)
2026-09-16 15:13:44 | INFO     | clean_data           | Cleaning data...
2026-09-16 15:13:44 | DEBUG    | clean_data           | Initial shape: (496, 11)
2026-09-16 15:13:44 | DEBUG    | clean_data           | Initial columns: ['SYMBOL', 'SECTOR', 'LISTED IN', 'LDCP', 'OPEN', 'HIGH', 'LOW', 'CURRENT', 'CHANGE', 'CHANGE (%)', 'VOLUME']
2026-09-16 15:13:44 | DEBUG    | clean_data           | Removed 'LISTED IN' column
2026-09-16 15:13:44 | DEBUG    | clean_data           | Converted LDCP from float64 to numeric
2026-09-16 15:13:44 | DEBUG    | clean_data           | Converted OPEN from float64 to numeric
2026-09-16 15:13:44 | DEBUG    | clean_data           | Converted HIGH from float64 to numeric
2026-09-16 15:13:44 | DEBUG    | clean_data           | Converted LOW from float64 to numeric
2026-09-16 15:13:44 | DEBUG    | clean_data           | Converted CURRENT from float64 to numeric
2026-09-16 15:13:44 | DEBUG    | clean_data           | Converted CHANGE from float64 to numeric
2026-09-16 15:13:44 | WARNING  | clean_data           | Column CHANGE (%): 496 values could not be converted to numeric
2026-09-16 15:13:44 | DEBUG    | clean_data           | Converted CHANGE (%) from str to numeric
2026-09-16 15:13:44 | DEBUG    | clean_data           | Converted VOLUME from int64 to numeric
2026-09-16 15:13:44 | INFO     | clean_data           | ✅ Data cleaned (496 rows, 16 columns)
2026-09-16 15:13:44 | DEBUG    | clean_data           | Final columns: ['SYMBOL', 'SECTOR', 'LDCP', 'OPEN', 'HIGH', 'LOW', 'CURRENT', 'CHANGE', 'CHANGE (%)', 'VOLUME', 'YEAR', 'MONTH', 'DAY', 'HOUR', 'MINUTE', 'DATETIME']
2026-09-16 15:13:44 | DEBUG    | get_file_path        | Generated file path: data/2026/09/2026-09-16.xlsx
2026-09-16 15:13:44 | INFO     | save_data            | Saving data to: data/2026/09/2026-09-16.xlsx
2026-09-16 15:13:44 | DEBUG    | _create_backup       | Backup created: data/2026/09/backups/2026-09-16_backup_20260916_151344.xlsx
2026-09-16 15:13:44 | DEBUG    | _cleanup_old_backups | Removed old backup: 2026-09-16_backup_20260916_082056.xlsx
2026-09-16 15:13:44 | DEBUG    | save_data            | Existing file found, merging data...
2026-09-16 15:13:47 | DEBUG    | save_data            | Loaded 29933 existing rows
2026-09-16 15:13:48 | DEBUG    | save_data            | Combined to 30429 rows
2026-09-16 15:13:48 | DEBUG    | save_data            | Writing to temporary file...
2026-09-16 15:13:53 | DEBUG    | save_data            | Data written to temp file: /home/runner/work/Thalorae-BackLioraen/Thalorae-BackLioraen/data/2026/09/tmptkdyqkha.xlsx
2026-09-16 15:13:53 | DEBUG    | save_data            | Temp file moved to final location
2026-09-16 15:13:53 | INFO     | save_data            | ✅ Data saved successfully (30429 total rows, 2,238,037 bytes)
2026-09-16 15:13:53 | INFO     | run                  | ======================================================================
2026-09-16 15:13:53 | INFO     | run                  | 📊 EXECUTION SUMMARY:
2026-09-16 15:13:53 | INFO     | run                  |    ✅ Status: SUCCESS
2026-09-16 15:13:53 | INFO     | run                  |    - Rows processed: 496
2026-09-16 15:13:53 | INFO     | run                  |    - Unique symbols: 496
2026-09-16 15:13:53 | INFO     | run                  |    - Timestamp: 2026-09-16 20:13:38
2026-09-16 15:13:53 | INFO     | run                  |    - File: data/2026/09/2026-09-16.xlsx
2026-09-16 15:13:53 | INFO     | run                  | ======================================================================
2026-09-16 15:13:53 | DEBUG    | run                  | Sample data (first row):
2026-09-16 15:13:53 | DEBUG    | run                  | {'SYMBOL': 'WTLNC', 'SECTOR': 828, 'LDCP': 1.06, 'OPEN': 1.05, 'HIGH': 1.1, 'LOW': 1.0, 'CURRENT': 1.02, 'CHANGE': -0.04, 'CHANGE (%)': nan, 'VOLUME': 40029812, 'YEAR': 2026, 'MONTH': 9, 'DAY': 16, 'HOUR': 20, 'MINUTE': 13, 'DATETIME': '2026-09-16 20:13'}
2026-09-16 15:13:53 | DEBUG    | close                | Session closed
2026-09-16 15:18:54 | INFO     | run                  | ======================================================================
2026-09-16 15:18:54 | INFO     | run                  | 🚀 MARKET DATA SCRAPER - SINGLE EXECUTION
2026-09-16 15:18:54 | INFO     | run                  | ======================================================================
2026-09-16 15:18:54 | INFO     | run                  | Execution Time: 2026-09-16 20:18:54 PKT
2026-09-16 15:18:54 | INFO     | run                  | Configuration:
2026-09-16 15:18:54 | INFO     | run                  |    - Timezone: Asia/Karachi
2026-09-16 15:18:54 | INFO     | run                  |    - Data directory: data
2026-09-16 15:18:54 | INFO     | run                  |    - Log directory: logs
2026-09-16 15:18:54 | INFO     | run                  |    - Excluded symbols: {'XT', 'XR', 'XS', 'XD'}
2026-09-16 15:18:54 | INFO     | run                  | ======================================================================
2026-09-16 15:18:54 | INFO     | fetch_data           | Fetching data (Attempt 1/3)...
2026-09-16 15:18:54 | DEBUG    | fetch_data           | Establishing session with https://dps.psx.com.pk/
2026-09-16 15:18:58 | DEBUG    | fetch_data           | Requesting data from https://dps.psx.com.pk/market-watch
2026-09-16 15:18:59 | DEBUG    | fetch_data           | Response status: 200
2026-09-16 15:18:59 | DEBUG    | fetch_data           | Response content type: text/html; charset=utf-8
2026-09-16 15:18:59 | DEBUG    | fetch_data           | Response size: 475060 bytes
2026-09-16 15:18:59 | INFO     | fetch_data           | ✅ Data fetched successfully (Status: 200)
2026-09-16 15:18:59 | DEBUG    | parse_json           | Attempting JSON parsing...
2026-09-16 15:18:59 | DEBUG    | parse_json           | Response preview: <table class="tbl" data-page-length="25"><thead class="tbl__head"><!-- tr--><!--   th(colspan="11")--><!--   th.center(colspan="2", style="width: 110px;") TOTAL BUY ORDERS--><!--   th.center(colspan="2", style="width: 110px;") TOTAL SELL ORDERS--><tr><th data-name="symbol">SYMBOL</th><th data-name="sector">SECTOR</th><th data-name="listed">LISTED IN</th><th class="right" data-name="ldcp">LDCP</th><th class="right" data-name="open">OPEN</th><th class="right" data-name="high">HIGH</th><th class="r
2026-09-16 15:18:59 | WARNING  | parse_json           | ⚠️ JSON parsing failed: Expecting value: line 1 column 1 (char 0)
2026-09-16 15:18:59 | INFO     | run                  | JSON parsing failed, trying HTML fallback...
2026-09-16 15:18:59 | INFO     | parse_html           | Attempting HTML fallback parsing...
2026-09-16 15:18:59 | DEBUG    | parse_html           | Found 1 table(s) in HTML
2026-09-16 15:18:59 | DEBUG    | parse_html           | Table columns: ['SYMBOL', 'SECTOR', 'LISTED IN', 'LDCP', 'OPEN', 'HIGH', 'LOW', 'CURRENT', 'CHANGE', 'CHANGE (%)', 'VOLUME']
2026-09-16 15:18:59 | DEBUG    | parse_html           | Table shape: (496, 11)
2026-09-16 15:18:59 | INFO     | parse_html           | ✅ HTML parsed successfully (496 rows)
2026-09-16 15:18:59 | INFO     | clean_data           | Cleaning data...
2026-09-16 15:18:59 | DEBUG    | clean_data           | Initial shape: (496, 11)
2026-09-16 15:18:59 | DEBUG    | clean_data           | Initial columns: ['SYMBOL', 'SECTOR', 'LISTED IN', 'LDCP', 'OPEN', 'HIGH', 'LOW', 'CURRENT', 'CHANGE', 'CHANGE (%)', 'VOLUME']
2026-09-16 15:18:59 | DEBUG    | clean_data           | Removed 'LISTED IN' column
2026-09-16 15:18:59 | DEBUG    | clean_data           | Converted LDCP from float64 to numeric
2026-09-16 15:18:59 | DEBUG    | clean_data           | Converted OPEN from float64 to numeric
2026-09-16 15:18:59 | DEBUG    | clean_data           | Converted HIGH from float64 to numeric
2026-09-16 15:18:59 | DEBUG    | clean_data           | Converted LOW from float64 to numeric
2026-09-16 15:18:59 | DEBUG    | clean_data           | Converted CURRENT from float64 to numeric
2026-09-16 15:18:59 | DEBUG    | clean_data           | Converted CHANGE from float64 to numeric
2026-09-16 15:18:59 | WARNING  | clean_data           | Column CHANGE (%): 496 values could not be converted to numeric
2026-09-16 15:18:59 | DEBUG    | clean_data           | Converted CHANGE (%) from str to numeric
2026-09-16 15:18:59 | DEBUG    | clean_data           | Converted VOLUME from int64 to numeric
2026-09-16 15:18:59 | INFO     | clean_data           | ✅ Data cleaned (496 rows, 16 columns)
2026-09-16 15:18:59 | DEBUG    | clean_data           | Final columns: ['SYMBOL', 'SECTOR', 'LDCP', 'OPEN', 'HIGH', 'LOW', 'CURRENT', 'CHANGE', 'CHANGE (%)', 'VOLUME', 'YEAR', 'MONTH', 'DAY', 'HOUR', 'MINUTE', 'DATETIME']
2026-09-16 15:18:59 | DEBUG    | get_file_path        | Generated file path: data/2026/09/2026-09-16.xlsx
2026-09-16 15:18:59 | INFO     | save_data            | Saving data to: data/2026/09/2026-09-16.xlsx
2026-09-16 15:18:59 | DEBUG    | _create_backup       | Backup created: data/2026/09/backups/2026-09-16_backup_20260916_151859.xlsx
2026-09-16 15:18:59 | DEBUG    | _cleanup_old_backups | Removed old backup: 2026-09-16_backup_20260916_145248.xlsx
2026-09-16 15:18:59 | DEBUG    | save_data            | Existing file found, merging data...
2026-09-16 15:19:02 | DEBUG    | save_data            | Loaded 30429 existing rows
2026-09-16 15:19:02 | DEBUG    | save_data            | Combined to 30925 rows
2026-09-16 15:19:02 | DEBUG    | save_data            | Writing to temporary file...
2026-09-16 15:19:08 | DEBUG    | save_data            | Data written to temp file: /home/runner/work/Thalorae-BackLioraen/Thalorae-BackLioraen/data/2026/09/tmplo1z1gdo.xlsx
2026-09-16 15:19:08 | DEBUG    | save_data            | Temp file moved to final location
2026-09-16 15:19:08 | INFO     | save_data            | ✅ Data saved successfully (30925 total rows, 2,275,178 bytes)
2026-09-16 15:19:08 | INFO     | run                  | ======================================================================
2026-09-16 15:19:08 | INFO     | run                  | 📊 EXECUTION SUMMARY:
2026-09-16 15:19:08 | INFO     | run                  |    ✅ Status: SUCCESS
2026-09-16 15:19:08 | INFO     | run                  |    - Rows processed: 496
2026-09-16 15:19:08 | INFO     | run                  |    - Unique symbols: 496
2026-09-16 15:19:08 | INFO     | run                  |    - Timestamp: 2026-09-16 20:18:54
2026-09-16 15:19:08 | INFO     | run                  |    - File: data/2026/09/2026-09-16.xlsx
2026-09-16 15:19:08 | INFO     | run                  | ======================================================================
2026-09-16 15:19:08 | DEBUG    | run                  | Sample data (first row):
2026-09-16 15:19:08 | DEBUG    | run                  | {'SYMBOL': 'WTLNC', 'SECTOR': 828, 'LDCP': 1.06, 'OPEN': 1.05, 'HIGH': 1.1, 'LOW': 1.0, 'CURRENT': 1.02, 'CHANGE': -0.04, 'CHANGE (%)': nan, 'VOLUME': 40029812, 'YEAR': 2026, 'MONTH': 9, 'DAY': 16, 'HOUR': 20, 'MINUTE': 18, 'DATETIME': '2026-09-16 20:18'}
2026-09-16 15:19:08 | DEBUG    | close                | Session closed
2026-09-16 15:24:08 | INFO     | run                  | ======================================================================
2026-09-16 15:24:08 | INFO     | run                  | 🚀 MARKET DATA SCRAPER - SINGLE EXECUTION
2026-09-16 15:24:08 | INFO     | run                  | ======================================================================
2026-09-16 15:24:08 | INFO     | run                  | Execution Time: 2026-09-16 20:24:08 PKT
2026-09-16 15:24:08 | INFO     | run                  | Configuration:
2026-09-16 15:24:08 | INFO     | run                  |    - Timezone: Asia/Karachi
2026-09-16 15:24:08 | INFO     | run                  |    - Data directory: data
2026-09-16 15:24:08 | INFO     | run                  |    - Log directory: logs
2026-09-16 15:24:08 | INFO     | run                  |    - Excluded symbols: {'XD', 'XT', 'XS', 'XR'}
2026-09-16 15:24:08 | INFO     | run                  | ======================================================================
2026-09-16 15:24:08 | INFO     | fetch_data           | Fetching data (Attempt 1/3)...
2026-09-16 15:24:08 | DEBUG    | fetch_data           | Establishing session with https://dps.psx.com.pk/
2026-09-16 15:24:11 | DEBUG    | fetch_data           | Requesting data from https://dps.psx.com.pk/market-watch
2026-09-16 15:24:14 | DEBUG    | fetch_data           | Response status: 200
2026-09-16 15:24:14 | DEBUG    | fetch_data           | Response content type: text/html; charset=utf-8
2026-09-16 15:24:14 | DEBUG    | fetch_data           | Response size: 475060 bytes
2026-09-16 15:24:14 | INFO     | fetch_data           | ✅ Data fetched successfully (Status: 200)
2026-09-16 15:24:14 | DEBUG    | parse_json           | Attempting JSON parsing...
2026-09-16 15:24:14 | DEBUG    | parse_json           | Response preview: <table class="tbl" data-page-length="25"><thead class="tbl__head"><!-- tr--><!--   th(colspan="11")--><!--   th.center(colspan="2", style="width: 110px;") TOTAL BUY ORDERS--><!--   th.center(colspan="2", style="width: 110px;") TOTAL SELL ORDERS--><tr><th data-name="symbol">SYMBOL</th><th data-name="sector">SECTOR</th><th data-name="listed">LISTED IN</th><th class="right" data-name="ldcp">LDCP</th><th class="right" data-name="open">OPEN</th><th class="right" data-name="high">HIGH</th><th class="r
2026-09-16 15:24:14 | WARNING  | parse_json           | ⚠️ JSON parsing failed: Expecting value: line 1 column 1 (char 0)
2026-09-16 15:24:14 | INFO     | run                  | JSON parsing failed, trying HTML fallback...
2026-09-16 15:24:14 | INFO     | parse_html           | Attempting HTML fallback parsing...
2026-09-16 15:24:14 | DEBUG    | parse_html           | Found 1 table(s) in HTML
2026-09-16 15:24:14 | DEBUG    | parse_html           | Table columns: ['SYMBOL', 'SECTOR', 'LISTED IN', 'LDCP', 'OPEN', 'HIGH', 'LOW', 'CURRENT', 'CHANGE', 'CHANGE (%)', 'VOLUME']
2026-09-16 15:24:14 | DEBUG    | parse_html           | Table shape: (496, 11)
2026-09-16 15:24:14 | INFO     | parse_html           | ✅ HTML parsed successfully (496 rows)
2026-09-16 15:24:14 | INFO     | clean_data           | Cleaning data...
2026-09-16 15:24:14 | DEBUG    | clean_data           | Initial shape: (496, 11)
2026-09-16 15:24:14 | DEBUG    | clean_data           | Initial columns: ['SYMBOL', 'SECTOR', 'LISTED IN', 'LDCP', 'OPEN', 'HIGH', 'LOW', 'CURRENT', 'CHANGE', 'CHANGE (%)', 'VOLUME']
2026-09-16 15:24:14 | DEBUG    | clean_data           | Removed 'LISTED IN' column
2026-09-16 15:24:14 | DEBUG    | clean_data           | Converted LDCP from float64 to numeric
2026-09-16 15:24:14 | DEBUG    | clean_data           | Converted OPEN from float64 to numeric
2026-09-16 15:24:14 | DEBUG    | clean_data           | Converted HIGH from float64 to numeric
2026-09-16 15:24:14 | DEBUG    | clean_data           | Converted LOW from float64 to numeric
2026-09-16 15:24:14 | DEBUG    | clean_data           | Converted CURRENT from float64 to numeric
2026-09-16 15:24:14 | DEBUG    | clean_data           | Converted CHANGE from float64 to numeric
2026-09-16 15:24:14 | WARNING  | clean_data           | Column CHANGE (%): 496 values could not be converted to numeric
2026-09-16 15:24:14 | DEBUG    | clean_data           | Converted CHANGE (%) from str to numeric
2026-09-16 15:24:14 | DEBUG    | clean_data           | Converted VOLUME from int64 to numeric
2026-09-16 15:24:14 | INFO     | clean_data           | ✅ Data cleaned (496 rows, 16 columns)
2026-09-16 15:24:14 | DEBUG    | clean_data           | Final columns: ['SYMBOL', 'SECTOR', 'LDCP', 'OPEN', 'HIGH', 'LOW', 'CURRENT', 'CHANGE', 'CHANGE (%)', 'VOLUME', 'YEAR', 'MONTH', 'DAY', 'HOUR', 'MINUTE', 'DATETIME']
2026-09-16 15:24:14 | DEBUG    | get_file_path        | Generated file path: data/2026/09/2026-09-16.xlsx
2026-09-16 15:24:14 | INFO     | save_data            | Saving data to: data/2026/09/2026-09-16.xlsx
2026-09-16 15:24:14 | DEBUG    | _create_backup       | Backup created: data/2026/09/backups/2026-09-16_backup_20260916_152414.xlsx
2026-09-16 15:24:14 | DEBUG    | _cleanup_old_backups | Removed old backup: 2026-09-16_backup_20260916_145803.xlsx
2026-09-16 15:24:14 | DEBUG    | save_data            | Existing file found, merging data...
2026-09-16 15:24:17 | DEBUG    | save_data            | Loaded 30925 existing rows
2026-09-16 15:24:17 | DEBUG    | save_data            | Combined to 31421 rows
2026-09-16 15:24:17 | DEBUG    | save_data            | Writing to temporary file...
2026-09-16 15:24:23 | DEBUG    | save_data            | Data written to temp file: /home/runner/work/Thalorae-BackLioraen/Thalorae-BackLioraen/data/2026/09/tmps6fcojaa.xlsx
2026-09-16 15:24:23 | DEBUG    | save_data            | Temp file moved to final location
2026-09-16 15:24:23 | INFO     | save_data            | ✅ Data saved successfully (31421 total rows, 2,312,282 bytes)
2026-09-16 15:24:23 | INFO     | run                  | ======================================================================
2026-09-16 15:24:23 | INFO     | run                  | 📊 EXECUTION SUMMARY:
2026-09-16 15:24:23 | INFO     | run                  |    ✅ Status: SUCCESS
2026-09-16 15:24:23 | INFO     | run                  |    - Rows processed: 496
2026-09-16 15:24:23 | INFO     | run                  |    - Unique symbols: 496
2026-09-16 15:24:23 | INFO     | run                  |    - Timestamp: 2026-09-16 20:24:08
2026-09-16 15:24:23 | INFO     | run                  |    - File: data/2026/09/2026-09-16.xlsx
2026-09-16 15:24:23 | INFO     | run                  | ======================================================================
2026-09-16 15:24:23 | DEBUG    | run                  | Sample data (first row):
2026-09-16 15:24:23 | DEBUG    | run                  | {'SYMBOL': 'WTLNC', 'SECTOR': 828, 'LDCP': 1.06, 'OPEN': 1.05, 'HIGH': 1.1, 'LOW': 1.0, 'CURRENT': 1.02, 'CHANGE': -0.04, 'CHANGE (%)': nan, 'VOLUME': 40029812, 'YEAR': 2026, 'MONTH': 9, 'DAY': 16, 'HOUR': 20, 'MINUTE': 24, 'DATETIME': '2026-09-16 20:24'}
2026-09-16 15:24:23 | DEBUG    | close                | Session closed
2026-09-16 15:29:24 | INFO     | run                  | ======================================================================
2026-09-16 15:29:24 | INFO     | run                  | 🚀 MARKET DATA SCRAPER - SINGLE EXECUTION
2026-09-16 15:29:24 | INFO     | run                  | ======================================================================
2026-09-16 15:29:24 | INFO     | run                  | Execution Time: 2026-09-16 20:29:24 PKT
2026-09-16 15:29:24 | INFO     | run                  | Configuration:
2026-09-16 15:29:24 | INFO     | run                  |    - Timezone: Asia/Karachi
2026-09-16 15:29:24 | INFO     | run                  |    - Data directory: data
2026-09-16 15:29:24 | INFO     | run                  |    - Log directory: logs
2026-09-16 15:29:24 | INFO     | run                  |    - Excluded symbols: {'XD', 'XR', 'XT', 'XS'}
2026-09-16 15:29:24 | INFO     | run                  | ======================================================================
2026-09-16 15:29:24 | INFO     | fetch_data           | Fetching data (Attempt 1/3)...
2026-09-16 15:29:24 | DEBUG    | fetch_data           | Establishing session with https://dps.psx.com.pk/
2026-09-16 15:29:26 | DEBUG    | fetch_data           | Requesting data from https://dps.psx.com.pk/market-watch
2026-09-16 15:29:28 | DEBUG    | fetch_data           | Response status: 200
2026-09-16 15:29:28 | DEBUG    | fetch_data           | Response content type: text/html; charset=utf-8
2026-09-16 15:29:28 | DEBUG    | fetch_data           | Response size: 475060 bytes
2026-09-16 15:29:28 | INFO     | fetch_data           | ✅ Data fetched successfully (Status: 200)
2026-09-16 15:29:28 | DEBUG    | parse_json           | Attempting JSON parsing...
2026-09-16 15:29:28 | DEBUG    | parse_json           | Response preview: <table class="tbl" data-page-length="25"><thead class="tbl__head"><!-- tr--><!--   th(colspan="11")--><!--   th.center(colspan="2", style="width: 110px;") TOTAL BUY ORDERS--><!--   th.center(colspan="2", style="width: 110px;") TOTAL SELL ORDERS--><tr><th data-name="symbol">SYMBOL</th><th data-name="sector">SECTOR</th><th data-name="listed">LISTED IN</th><th class="right" data-name="ldcp">LDCP</th><th class="right" data-name="open">OPEN</th><th class="right" data-name="high">HIGH</th><th class="r
2026-09-16 15:29:28 | WARNING  | parse_json           | ⚠️ JSON parsing failed: Expecting value: line 1 column 1 (char 0)
2026-09-16 15:29:28 | INFO     | run                  | JSON parsing failed, trying HTML fallback...
2026-09-16 15:29:28 | INFO     | parse_html           | Attempting HTML fallback parsing...
2026-09-16 15:29:28 | DEBUG    | parse_html           | Found 1 table(s) in HTML
2026-09-16 15:29:28 | DEBUG    | parse_html           | Table columns: ['SYMBOL', 'SECTOR', 'LISTED IN', 'LDCP', 'OPEN', 'HIGH', 'LOW', 'CURRENT', 'CHANGE', 'CHANGE (%)', 'VOLUME']
2026-09-16 15:29:28 | DEBUG    | parse_html           | Table shape: (496, 11)
2026-09-16 15:29:28 | INFO     | parse_html           | ✅ HTML parsed successfully (496 rows)
2026-09-16 15:29:28 | INFO     | clean_data           | Cleaning data...
2026-09-16 15:29:28 | DEBUG    | clean_data           | Initial shape: (496, 11)
2026-09-16 15:29:28 | DEBUG    | clean_data           | Initial columns: ['SYMBOL', 'SECTOR', 'LISTED IN', 'LDCP', 'OPEN', 'HIGH', 'LOW', 'CURRENT', 'CHANGE', 'CHANGE (%)', 'VOLUME']
2026-09-16 15:29:28 | DEBUG    | clean_data           | Removed 'LISTED IN' column
2026-09-16 15:29:28 | DEBUG    | clean_data           | Converted LDCP from float64 to numeric
2026-09-16 15:29:28 | DEBUG    | clean_data           | Converted OPEN from float64 to numeric
2026-09-16 15:29:28 | DEBUG    | clean_data           | Converted HIGH from float64 to numeric
2026-09-16 15:29:28 | DEBUG    | clean_data           | Converted LOW from float64 to numeric
2026-09-16 15:29:28 | DEBUG    | clean_data           | Converted CURRENT from float64 to numeric
2026-09-16 15:29:28 | DEBUG    | clean_data           | Converted CHANGE from float64 to numeric
2026-09-16 15:29:28 | WARNING  | clean_data           | Column CHANGE (%): 496 values could not be converted to numeric
2026-09-16 15:29:28 | DEBUG    | clean_data           | Converted CHANGE (%) from str to numeric
2026-09-16 15:29:28 | DEBUG    | clean_data           | Converted VOLUME from int64 to numeric
2026-09-16 15:29:28 | INFO     | clean_data           | ✅ Data cleaned (496 rows, 16 columns)
2026-09-16 15:29:28 | DEBUG    | clean_data           | Final columns: ['SYMBOL', 'SECTOR', 'LDCP', 'OPEN', 'HIGH', 'LOW', 'CURRENT', 'CHANGE', 'CHANGE (%)', 'VOLUME', 'YEAR', 'MONTH', 'DAY', 'HOUR', 'MINUTE', 'DATETIME']
2026-09-16 15:29:28 | DEBUG    | get_file_path        | Generated file path: data/2026/09/2026-09-16.xlsx
2026-09-16 15:29:28 | INFO     | save_data            | Saving data to: data/2026/09/2026-09-16.xlsx
2026-09-16 15:29:28 | DEBUG    | _create_backup       | Backup created: data/2026/09/backups/2026-09-16_backup_20260916_152928.xlsx
2026-09-16 15:29:28 | DEBUG    | _cleanup_old_backups | Removed old backup: 2026-09-16_backup_20260916_150316.xlsx
2026-09-16 15:29:28 | DEBUG    | save_data            | Existing file found, merging data...
2026-09-16 15:29:31 | DEBUG    | save_data            | Loaded 31421 existing rows
2026-09-16 15:29:31 | DEBUG    | save_data            | Combined to 31917 rows
2026-09-16 15:29:31 | DEBUG    | save_data            | Writing to temporary file...
2026-09-16 15:29:37 | DEBUG    | save_data            | Data written to temp file: /home/runner/work/Thalorae-BackLioraen/Thalorae-BackLioraen/data/2026/09/tmp0hthqiho.xlsx
2026-09-16 15:29:37 | DEBUG    | save_data            | Temp file moved to final location
2026-09-16 15:29:37 | INFO     | save_data            | ✅ Data saved successfully (31917 total rows, 2,349,426 bytes)
2026-09-16 15:29:37 | INFO     | run                  | ======================================================================
2026-09-16 15:29:37 | INFO     | run                  | 📊 EXECUTION SUMMARY:
2026-09-16 15:29:37 | INFO     | run                  |    ✅ Status: SUCCESS
2026-09-16 15:29:37 | INFO     | run                  |    - Rows processed: 496
2026-09-16 15:29:37 | INFO     | run                  |    - Unique symbols: 496
2026-09-16 15:29:37 | INFO     | run                  |    - Timestamp: 2026-09-16 20:29:24
2026-09-16 15:29:37 | INFO     | run                  |    - File: data/2026/09/2026-09-16.xlsx
2026-09-16 15:29:37 | INFO     | run                  | ======================================================================
2026-09-16 15:29:37 | DEBUG    | run                  | Sample data (first row):
2026-09-16 15:29:37 | DEBUG    | run                  | {'SYMBOL': 'WTLNC', 'SECTOR': 828, 'LDCP': 1.06, 'OPEN': 1.05, 'HIGH': 1.1, 'LOW': 1.0, 'CURRENT': 1.02, 'CHANGE': -0.04, 'CHANGE (%)': nan, 'VOLUME': 40029812, 'YEAR': 2026, 'MONTH': 9, 'DAY': 16, 'HOUR': 20, 'MINUTE': 29, 'DATETIME': '2026-09-16 20:29'}
2026-09-16 15:29:37 | DEBUG    | close                | Session closed
2026-09-16 15:34:38 | INFO     | run                  | ======================================================================
2026-09-16 15:34:38 | INFO     | run                  | 🚀 MARKET DATA SCRAPER - SINGLE EXECUTION
2026-09-16 15:34:38 | INFO     | run                  | ======================================================================
2026-09-16 15:34:38 | INFO     | run                  | Execution Time: 2026-09-16 20:34:38 PKT
2026-09-16 15:34:38 | INFO     | run                  | Configuration:
2026-09-16 15:34:38 | INFO     | run                  |    - Timezone: Asia/Karachi
2026-09-16 15:34:38 | INFO     | run                  |    - Data directory: data
2026-09-16 15:34:38 | INFO     | run                  |    - Log directory: logs
2026-09-16 15:34:38 | INFO     | run                  |    - Excluded symbols: {'XD', 'XS', 'XT', 'XR'}
2026-09-16 15:34:38 | INFO     | run                  | ======================================================================
2026-09-16 15:34:38 | INFO     | fetch_data           | Fetching data (Attempt 1/3)...
2026-09-16 15:34:38 | DEBUG    | fetch_data           | Establishing session with https://dps.psx.com.pk/
2026-09-16 15:34:41 | DEBUG    | fetch_data           | Requesting data from https://dps.psx.com.pk/market-watch
2026-09-16 15:34:43 | DEBUG    | fetch_data           | Response status: 200
2026-09-16 15:34:43 | DEBUG    | fetch_data           | Response content type: text/html; charset=utf-8
2026-09-16 15:34:43 | DEBUG    | fetch_data           | Response size: 475060 bytes
2026-09-16 15:34:43 | INFO     | fetch_data           | ✅ Data fetched successfully (Status: 200)
2026-09-16 15:34:43 | DEBUG    | parse_json           | Attempting JSON parsing...
2026-09-16 15:34:43 | DEBUG    | parse_json           | Response preview: <table class="tbl" data-page-length="25"><thead class="tbl__head"><!-- tr--><!--   th(colspan="11")--><!--   th.center(colspan="2", style="width: 110px;") TOTAL BUY ORDERS--><!--   th.center(colspan="2", style="width: 110px;") TOTAL SELL ORDERS--><tr><th data-name="symbol">SYMBOL</th><th data-name="sector">SECTOR</th><th data-name="listed">LISTED IN</th><th class="right" data-name="ldcp">LDCP</th><th class="right" data-name="open">OPEN</th><th class="right" data-name="high">HIGH</th><th class="r
2026-09-16 15:34:43 | WARNING  | parse_json           | ⚠️ JSON parsing failed: Expecting value: line 1 column 1 (char 0)
2026-09-16 15:34:43 | INFO     | run                  | JSON parsing failed, trying HTML fallback...
2026-09-16 15:34:43 | INFO     | parse_html           | Attempting HTML fallback parsing...
2026-09-16 15:34:43 | DEBUG    | parse_html           | Found 1 table(s) in HTML
2026-09-16 15:34:43 | DEBUG    | parse_html           | Table columns: ['SYMBOL', 'SECTOR', 'LISTED IN', 'LDCP', 'OPEN', 'HIGH', 'LOW', 'CURRENT', 'CHANGE', 'CHANGE (%)', 'VOLUME']
2026-09-16 15:34:43 | DEBUG    | parse_html           | Table shape: (496, 11)
2026-09-16 15:34:43 | INFO     | parse_html           | ✅ HTML parsed successfully (496 rows)
2026-09-16 15:34:43 | INFO     | clean_data           | Cleaning data...
2026-09-16 15:34:43 | DEBUG    | clean_data           | Initial shape: (496, 11)
2026-09-16 15:34:43 | DEBUG    | clean_data           | Initial columns: ['SYMBOL', 'SECTOR', 'LISTED IN', 'LDCP', 'OPEN', 'HIGH', 'LOW', 'CURRENT', 'CHANGE', 'CHANGE (%)', 'VOLUME']
2026-09-16 15:34:43 | DEBUG    | clean_data           | Removed 'LISTED IN' column
2026-09-16 15:34:43 | DEBUG    | clean_data           | Converted LDCP from float64 to numeric
2026-09-16 15:34:43 | DEBUG    | clean_data           | Converted OPEN from float64 to numeric
2026-09-16 15:34:43 | DEBUG    | clean_data           | Converted HIGH from float64 to numeric
2026-09-16 15:34:43 | DEBUG    | clean_data           | Converted LOW from float64 to numeric
2026-09-16 15:34:43 | DEBUG    | clean_data           | Converted CURRENT from float64 to numeric
2026-09-16 15:34:43 | DEBUG    | clean_data           | Converted CHANGE from float64 to numeric
2026-09-16 15:34:43 | WARNING  | clean_data           | Column CHANGE (%): 496 values could not be converted to numeric
2026-09-16 15:34:43 | DEBUG    | clean_data           | Converted CHANGE (%) from str to numeric
2026-09-16 15:34:43 | DEBUG    | clean_data           | Converted VOLUME from int64 to numeric
2026-09-16 15:34:43 | INFO     | clean_data           | ✅ Data cleaned (496 rows, 16 columns)
2026-09-16 15:34:43 | DEBUG    | clean_data           | Final columns: ['SYMBOL', 'SECTOR', 'LDCP', 'OPEN', 'HIGH', 'LOW', 'CURRENT', 'CHANGE', 'CHANGE (%)', 'VOLUME', 'YEAR', 'MONTH', 'DAY', 'HOUR', 'MINUTE', 'DATETIME']
2026-09-16 15:34:43 | DEBUG    | get_file_path        | Generated file path: data/2026/09/2026-09-16.xlsx
2026-09-16 15:34:43 | INFO     | save_data            | Saving data to: data/2026/09/2026-09-16.xlsx
2026-09-16 15:34:43 | DEBUG    | _create_backup       | Backup created: data/2026/09/backups/2026-09-16_backup_20260916_153443.xlsx
2026-09-16 15:34:43 | DEBUG    | _cleanup_old_backups | Removed old backup: 2026-09-16_backup_20260916_150829.xlsx
2026-09-16 15:34:43 | DEBUG    | save_data            | Existing file found, merging data...
2026-09-16 15:34:47 | DEBUG    | save_data            | Loaded 31917 existing rows
2026-09-16 15:34:47 | DEBUG    | save_data            | Combined to 32413 rows
2026-09-16 15:34:47 | DEBUG    | save_data            | Writing to temporary file...
2026-09-16 15:34:53 | DEBUG    | save_data            | Data written to temp file: /home/runner/work/Thalorae-BackLioraen/Thalorae-BackLioraen/data/2026/09/tmpncvg_1pf.xlsx
2026-09-16 15:34:53 | DEBUG    | save_data            | Temp file moved to final location
2026-09-16 15:34:53 | INFO     | save_data            | ✅ Data saved successfully (32413 total rows, 2,386,567 bytes)
2026-09-16 15:34:53 | INFO     | run                  | ======================================================================
2026-09-16 15:34:53 | INFO     | run                  | 📊 EXECUTION SUMMARY:
2026-09-16 15:34:53 | INFO     | run                  |    ✅ Status: SUCCESS
2026-09-16 15:34:53 | INFO     | run                  |    - Rows processed: 496
2026-09-16 15:34:53 | INFO     | run                  |    - Unique symbols: 496
2026-09-16 15:34:53 | INFO     | run                  |    - Timestamp: 2026-09-16 20:34:38
2026-09-16 15:34:53 | INFO     | run                  |    - File: data/2026/09/2026-09-16.xlsx
2026-09-16 15:34:53 | INFO     | run                  | ======================================================================
2026-09-16 15:34:53 | DEBUG    | run                  | Sample data (first row):
2026-09-16 15:34:53 | DEBUG    | run                  | {'SYMBOL': 'WTLNC', 'SECTOR': 828, 'LDCP': 1.06, 'OPEN': 1.05, 'HIGH': 1.1, 'LOW': 1.0, 'CURRENT': 1.02, 'CHANGE': -0.04, 'CHANGE (%)': nan, 'VOLUME': 40029812, 'YEAR': 2026, 'MONTH': 9, 'DAY': 16, 'HOUR': 20, 'MINUTE': 34, 'DATETIME': '2026-09-16 20:34'}
2026-09-16 15:34:53 | DEBUG    | close                | Session closed
2026-09-16 15:39:53 | INFO     | run                  | ======================================================================
2026-09-16 15:39:53 | INFO     | run                  | 🚀 MARKET DATA SCRAPER - SINGLE EXECUTION
2026-09-16 15:39:53 | INFO     | run                  | ======================================================================
2026-09-16 15:39:53 | INFO     | run                  | Execution Time: 2026-09-16 20:39:53 PKT
2026-09-16 15:39:53 | INFO     | run                  | Configuration:
2026-09-16 15:39:53 | INFO     | run                  |    - Timezone: Asia/Karachi
2026-09-16 15:39:53 | INFO     | run                  |    - Data directory: data
2026-09-16 15:39:53 | INFO     | run                  |    - Log directory: logs
2026-09-16 15:39:53 | INFO     | run                  |    - Excluded symbols: {'XS', 'XT', 'XR', 'XD'}
2026-09-16 15:39:53 | INFO     | run                  | ======================================================================
2026-09-16 15:39:53 | INFO     | fetch_data           | Fetching data (Attempt 1/3)...
2026-09-16 15:39:53 | DEBUG    | fetch_data           | Establishing session with https://dps.psx.com.pk/
2026-09-16 15:39:56 | DEBUG    | fetch_data           | Requesting data from https://dps.psx.com.pk/market-watch
2026-09-16 15:39:58 | DEBUG    | fetch_data           | Response status: 200
2026-09-16 15:39:58 | DEBUG    | fetch_data           | Response content type: text/html; charset=utf-8
2026-09-16 15:39:58 | DEBUG    | fetch_data           | Response size: 475060 bytes
2026-09-16 15:39:58 | INFO     | fetch_data           | ✅ Data fetched successfully (Status: 200)
2026-09-16 15:39:58 | DEBUG    | parse_json           | Attempting JSON parsing...
2026-09-16 15:39:58 | DEBUG    | parse_json           | Response preview: <table class="tbl" data-page-length="25"><thead class="tbl__head"><!-- tr--><!--   th(colspan="11")--><!--   th.center(colspan="2", style="width: 110px;") TOTAL BUY ORDERS--><!--   th.center(colspan="2", style="width: 110px;") TOTAL SELL ORDERS--><tr><th data-name="symbol">SYMBOL</th><th data-name="sector">SECTOR</th><th data-name="listed">LISTED IN</th><th class="right" data-name="ldcp">LDCP</th><th class="right" data-name="open">OPEN</th><th class="right" data-name="high">HIGH</th><th class="r
2026-09-16 15:39:58 | WARNING  | parse_json           | ⚠️ JSON parsing failed: Expecting value: line 1 column 1 (char 0)
2026-09-16 15:39:58 | INFO     | run                  | JSON parsing failed, trying HTML fallback...
2026-09-16 15:39:58 | INFO     | parse_html           | Attempting HTML fallback parsing...
2026-09-16 15:39:58 | DEBUG    | parse_html           | Found 1 table(s) in HTML
2026-09-16 15:39:58 | DEBUG    | parse_html           | Table columns: ['SYMBOL', 'SECTOR', 'LISTED IN', 'LDCP', 'OPEN', 'HIGH', 'LOW', 'CURRENT', 'CHANGE', 'CHANGE (%)', 'VOLUME']
2026-09-16 15:39:58 | DEBUG    | parse_html           | Table shape: (496, 11)
2026-09-16 15:39:58 | INFO     | parse_html           | ✅ HTML parsed successfully (496 rows)
2026-09-16 15:39:58 | INFO     | clean_data           | Cleaning data...
2026-09-16 15:39:58 | DEBUG    | clean_data           | Initial shape: (496, 11)
2026-09-16 15:39:58 | DEBUG    | clean_data           | Initial columns: ['SYMBOL', 'SECTOR', 'LISTED IN', 'LDCP', 'OPEN', 'HIGH', 'LOW', 'CURRENT', 'CHANGE', 'CHANGE (%)', 'VOLUME']
2026-09-16 15:39:58 | DEBUG    | clean_data           | Removed 'LISTED IN' column
2026-09-16 15:39:58 | DEBUG    | clean_data           | Converted LDCP from float64 to numeric
2026-09-16 15:39:58 | DEBUG    | clean_data           | Converted OPEN from float64 to numeric
2026-09-16 15:39:58 | DEBUG    | clean_data           | Converted HIGH from float64 to numeric
2026-09-16 15:39:58 | DEBUG    | clean_data           | Converted LOW from float64 to numeric
2026-09-16 15:39:58 | DEBUG    | clean_data           | Converted CURRENT from float64 to numeric
2026-09-16 15:39:58 | DEBUG    | clean_data           | Converted CHANGE from float64 to numeric
2026-09-16 15:39:58 | WARNING  | clean_data           | Column CHANGE (%): 496 values could not be converted to numeric
2026-09-16 15:39:58 | DEBUG    | clean_data           | Converted CHANGE (%) from str to numeric
2026-09-16 15:39:58 | DEBUG    | clean_data           | Converted VOLUME from int64 to numeric
2026-09-16 15:39:58 | INFO     | clean_data           | ✅ Data cleaned (496 rows, 16 columns)
2026-09-16 15:39:58 | DEBUG    | clean_data           | Final columns: ['SYMBOL', 'SECTOR', 'LDCP', 'OPEN', 'HIGH', 'LOW', 'CURRENT', 'CHANGE', 'CHANGE (%)', 'VOLUME', 'YEAR', 'MONTH', 'DAY', 'HOUR', 'MINUTE', 'DATETIME']
2026-09-16 15:39:58 | DEBUG    | get_file_path        | Generated file path: data/2026/09/2026-09-16.xlsx
2026-09-16 15:39:58 | INFO     | save_data            | Saving data to: data/2026/09/2026-09-16.xlsx
2026-09-16 15:39:58 | DEBUG    | _create_backup       | Backup created: data/2026/09/backups/2026-09-16_backup_20260916_153958.xlsx
2026-09-16 15:39:58 | DEBUG    | _cleanup_old_backups | Removed old backup: 2026-09-16_backup_20260916_151344.xlsx
2026-09-16 15:39:58 | DEBUG    | save_data            | Existing file found, merging data...
2026-09-16 15:40:02 | DEBUG    | save_data            | Loaded 32413 existing rows
2026-09-16 15:40:02 | DEBUG    | save_data            | Combined to 32909 rows
2026-09-16 15:40:02 | DEBUG    | save_data            | Writing to temporary file...
2026-09-16 15:40:08 | DEBUG    | save_data            | Data written to temp file: /home/runner/work/Thalorae-BackLioraen/Thalorae-BackLioraen/data/2026/09/tmpkfsue1vz.xlsx
2026-09-16 15:40:08 | DEBUG    | save_data            | Temp file moved to final location
2026-09-16 15:40:08 | INFO     | save_data            | ✅ Data saved successfully (32909 total rows, 2,423,689 bytes)
2026-09-16 15:40:08 | INFO     | run                  | ======================================================================
2026-09-16 15:40:08 | INFO     | run                  | 📊 EXECUTION SUMMARY:
2026-09-16 15:40:08 | INFO     | run                  |    ✅ Status: SUCCESS
2026-09-16 15:40:08 | INFO     | run                  |    - Rows processed: 496
2026-09-16 15:40:08 | INFO     | run                  |    - Unique symbols: 496
2026-09-16 15:40:08 | INFO     | run                  |    - Timestamp: 2026-09-16 20:39:53
2026-09-16 15:40:08 | INFO     | run                  |    - File: data/2026/09/2026-09-16.xlsx
2026-09-16 15:40:08 | INFO     | run                  | ======================================================================
2026-09-16 15:40:08 | DEBUG    | run                  | Sample data (first row):
2026-09-16 15:40:08 | DEBUG    | run                  | {'SYMBOL': 'WTLNC', 'SECTOR': 828, 'LDCP': 1.06, 'OPEN': 1.05, 'HIGH': 1.1, 'LOW': 1.0, 'CURRENT': 1.02, 'CHANGE': -0.04, 'CHANGE (%)': nan, 'VOLUME': 40029812, 'YEAR': 2026, 'MONTH': 9, 'DAY': 16, 'HOUR': 20, 'MINUTE': 39, 'DATETIME': '2026-09-16 20:39'}
2026-09-16 15:40:08 | DEBUG    | close                | Session closed
2026-09-16 15:45:08 | INFO     | run                  | ======================================================================
2026-09-16 15:45:08 | INFO     | run                  | 🚀 MARKET DATA SCRAPER - SINGLE EXECUTION
2026-09-16 15:45:08 | INFO     | run                  | ======================================================================
2026-09-16 15:45:08 | INFO     | run                  | Execution Time: 2026-09-16 20:45:08 PKT
2026-09-16 15:45:08 | INFO     | run                  | Configuration:
2026-09-16 15:45:08 | INFO     | run                  |    - Timezone: Asia/Karachi
2026-09-16 15:45:08 | INFO     | run                  |    - Data directory: data
2026-09-16 15:45:08 | INFO     | run                  |    - Log directory: logs
2026-09-16 15:45:08 | INFO     | run                  |    - Excluded symbols: {'XS', 'XR', 'XT', 'XD'}
2026-09-16 15:45:08 | INFO     | run                  | ======================================================================
2026-09-16 15:45:08 | INFO     | fetch_data           | Fetching data (Attempt 1/3)...
2026-09-16 15:45:08 | DEBUG    | fetch_data           | Establishing session with https://dps.psx.com.pk/
2026-09-16 15:45:11 | DEBUG    | fetch_data           | Requesting data from https://dps.psx.com.pk/market-watch
2026-09-16 15:45:13 | DEBUG    | fetch_data           | Response status: 200
2026-09-16 15:45:13 | DEBUG    | fetch_data           | Response content type: text/html; charset=utf-8
2026-09-16 15:45:13 | DEBUG    | fetch_data           | Response size: 475060 bytes
2026-09-16 15:45:13 | INFO     | fetch_data           | ✅ Data fetched successfully (Status: 200)
2026-09-16 15:45:13 | DEBUG    | parse_json           | Attempting JSON parsing...
2026-09-16 15:45:13 | DEBUG    | parse_json           | Response preview: <table class="tbl" data-page-length="25"><thead class="tbl__head"><!-- tr--><!--   th(colspan="11")--><!--   th.center(colspan="2", style="width: 110px;") TOTAL BUY ORDERS--><!--   th.center(colspan="2", style="width: 110px;") TOTAL SELL ORDERS--><tr><th data-name="symbol">SYMBOL</th><th data-name="sector">SECTOR</th><th data-name="listed">LISTED IN</th><th class="right" data-name="ldcp">LDCP</th><th class="right" data-name="open">OPEN</th><th class="right" data-name="high">HIGH</th><th class="r
2026-09-16 15:45:13 | WARNING  | parse_json           | ⚠️ JSON parsing failed: Expecting value: line 1 column 1 (char 0)
2026-09-16 15:45:13 | INFO     | run                  | JSON parsing failed, trying HTML fallback...
2026-09-16 15:45:13 | INFO     | parse_html           | Attempting HTML fallback parsing...
2026-09-16 15:45:13 | DEBUG    | parse_html           | Found 1 table(s) in HTML
2026-09-16 15:45:13 | DEBUG    | parse_html           | Table columns: ['SYMBOL', 'SECTOR', 'LISTED IN', 'LDCP', 'OPEN', 'HIGH', 'LOW', 'CURRENT', 'CHANGE', 'CHANGE (%)', 'VOLUME']
2026-09-16 15:45:13 | DEBUG    | parse_html           | Table shape: (496, 11)
2026-09-16 15:45:13 | INFO     | parse_html           | ✅ HTML parsed successfully (496 rows)
2026-09-16 15:45:13 | INFO     | clean_data           | Cleaning data...
2026-09-16 15:45:13 | DEBUG    | clean_data           | Initial shape: (496, 11)
2026-09-16 15:45:13 | DEBUG    | clean_data           | Initial columns: ['SYMBOL', 'SECTOR', 'LISTED IN', 'LDCP', 'OPEN', 'HIGH', 'LOW', 'CURRENT', 'CHANGE', 'CHANGE (%)', 'VOLUME']
2026-09-16 15:45:13 | DEBUG    | clean_data           | Removed 'LISTED IN' column
2026-09-16 15:45:13 | DEBUG    | clean_data           | Converted LDCP from float64 to numeric
2026-09-16 15:45:13 | DEBUG    | clean_data           | Converted OPEN from float64 to numeric
2026-09-16 15:45:13 | DEBUG    | clean_data           | Converted HIGH from float64 to numeric
2026-09-16 15:45:13 | DEBUG    | clean_data           | Converted LOW from float64 to numeric
2026-09-16 15:45:13 | DEBUG    | clean_data           | Converted CURRENT from float64 to numeric
2026-09-16 15:45:13 | DEBUG    | clean_data           | Converted CHANGE from float64 to numeric
2026-09-16 15:45:13 | WARNING  | clean_data           | Column CHANGE (%): 496 values could not be converted to numeric
2026-09-16 15:45:13 | DEBUG    | clean_data           | Converted CHANGE (%) from str to numeric
2026-09-16 15:45:13 | DEBUG    | clean_data           | Converted VOLUME from int64 to numeric
2026-09-16 15:45:13 | INFO     | clean_data           | ✅ Data cleaned (496 rows, 16 columns)
2026-09-16 15:45:13 | DEBUG    | clean_data           | Final columns: ['SYMBOL', 'SECTOR', 'LDCP', 'OPEN', 'HIGH', 'LOW', 'CURRENT', 'CHANGE', 'CHANGE (%)', 'VOLUME', 'YEAR', 'MONTH', 'DAY', 'HOUR', 'MINUTE', 'DATETIME']
2026-09-16 15:45:13 | DEBUG    | get_file_path        | Generated file path: data/2026/09/2026-09-16.xlsx
2026-09-16 15:45:13 | INFO     | save_data            | Saving data to: data/2026/09/2026-09-16.xlsx
2026-09-16 15:45:13 | DEBUG    | _create_backup       | Backup created: data/2026/09/backups/2026-09-16_backup_20260916_154513.xlsx
2026-09-16 15:45:13 | DEBUG    | _cleanup_old_backups | Removed old backup: 2026-09-16_backup_20260916_151859.xlsx
2026-09-16 15:45:13 | DEBUG    | save_data            | Existing file found, merging data...
2026-09-16 15:45:17 | DEBUG    | save_data            | Loaded 32909 existing rows
2026-09-16 15:45:17 | DEBUG    | save_data            | Combined to 33405 rows
2026-09-16 15:45:17 | DEBUG    | save_data            | Writing to temporary file...
2026-09-16 15:45:23 | DEBUG    | save_data            | Data written to temp file: /home/runner/work/Thalorae-BackLioraen/Thalorae-BackLioraen/data/2026/09/tmp1x1idtgp.xlsx
2026-09-16 15:45:23 | DEBUG    | save_data            | Temp file moved to final location
2026-09-16 15:45:23 | INFO     | save_data            | ✅ Data saved successfully (33405 total rows, 2,460,813 bytes)
2026-09-16 15:45:23 | INFO     | run                  | ======================================================================
2026-09-16 15:45:23 | INFO     | run                  | 📊 EXECUTION SUMMARY:
2026-09-16 15:45:23 | INFO     | run                  |    ✅ Status: SUCCESS
2026-09-16 15:45:23 | INFO     | run                  |    - Rows processed: 496
2026-09-16 15:45:23 | INFO     | run                  |    - Unique symbols: 496
2026-09-16 15:45:23 | INFO     | run                  |    - Timestamp: 2026-09-16 20:45:08
2026-09-16 15:45:23 | INFO     | run                  |    - File: data/2026/09/2026-09-16.xlsx
2026-09-16 15:45:23 | INFO     | run                  | ======================================================================
2026-09-16 15:45:23 | DEBUG    | run                  | Sample data (first row):
2026-09-16 15:45:23 | DEBUG    | run                  | {'SYMBOL': 'WTLNC', 'SECTOR': 828, 'LDCP': 1.06, 'OPEN': 1.05, 'HIGH': 1.1, 'LOW': 1.0, 'CURRENT': 1.02, 'CHANGE': -0.04, 'CHANGE (%)': nan, 'VOLUME': 40029812, 'YEAR': 2026, 'MONTH': 9, 'DAY': 16, 'HOUR': 20, 'MINUTE': 45, 'DATETIME': '2026-09-16 20:45'}
2026-09-16 15:45:23 | DEBUG    | close                | Session closed
2026-09-16 15:50:24 | INFO     | run                  | ======================================================================
2026-09-16 15:50:24 | INFO     | run                  | 🚀 MARKET DATA SCRAPER - SINGLE EXECUTION
2026-09-16 15:50:24 | INFO     | run                  | ======================================================================
2026-09-16 15:50:24 | INFO     | run                  | Execution Time: 2026-09-16 20:50:24 PKT
2026-09-16 15:50:24 | INFO     | run                  | Configuration:
2026-09-16 15:50:24 | INFO     | run                  |    - Timezone: Asia/Karachi
2026-09-16 15:50:24 | INFO     | run                  |    - Data directory: data
2026-09-16 15:50:24 | INFO     | run                  |    - Log directory: logs
2026-09-16 15:50:24 | INFO     | run                  |    - Excluded symbols: {'XT', 'XD', 'XR', 'XS'}
2026-09-16 15:50:24 | INFO     | run                  | ======================================================================
2026-09-16 15:50:24 | INFO     | fetch_data           | Fetching data (Attempt 1/3)...
2026-09-16 15:50:24 | DEBUG    | fetch_data           | Establishing session with https://dps.psx.com.pk/
2026-09-16 15:50:26 | DEBUG    | fetch_data           | Requesting data from https://dps.psx.com.pk/market-watch
2026-09-16 15:50:28 | DEBUG    | fetch_data           | Response status: 200
2026-09-16 15:50:28 | DEBUG    | fetch_data           | Response content type: text/html; charset=utf-8
2026-09-16 15:50:28 | DEBUG    | fetch_data           | Response size: 475060 bytes
2026-09-16 15:50:28 | INFO     | fetch_data           | ✅ Data fetched successfully (Status: 200)
2026-09-16 15:50:28 | DEBUG    | parse_json           | Attempting JSON parsing...
2026-09-16 15:50:28 | DEBUG    | parse_json           | Response preview: <table class="tbl" data-page-length="25"><thead class="tbl__head"><!-- tr--><!--   th(colspan="11")--><!--   th.center(colspan="2", style="width: 110px;") TOTAL BUY ORDERS--><!--   th.center(colspan="2", style="width: 110px;") TOTAL SELL ORDERS--><tr><th data-name="symbol">SYMBOL</th><th data-name="sector">SECTOR</th><th data-name="listed">LISTED IN</th><th class="right" data-name="ldcp">LDCP</th><th class="right" data-name="open">OPEN</th><th class="right" data-name="high">HIGH</th><th class="r
2026-09-16 15:50:28 | WARNING  | parse_json           | ⚠️ JSON parsing failed: Expecting value: line 1 column 1 (char 0)
2026-09-16 15:50:28 | INFO     | run                  | JSON parsing failed, trying HTML fallback...
2026-09-16 15:50:28 | INFO     | parse_html           | Attempting HTML fallback parsing...
2026-09-16 15:50:28 | DEBUG    | parse_html           | Found 1 table(s) in HTML
2026-09-16 15:50:28 | DEBUG    | parse_html           | Table columns: ['SYMBOL', 'SECTOR', 'LISTED IN', 'LDCP', 'OPEN', 'HIGH', 'LOW', 'CURRENT', 'CHANGE', 'CHANGE (%)', 'VOLUME']
2026-09-16 15:50:28 | DEBUG    | parse_html           | Table shape: (496, 11)
2026-09-16 15:50:28 | INFO     | parse_html           | ✅ HTML parsed successfully (496 rows)
2026-09-16 15:50:28 | INFO     | clean_data           | Cleaning data...
2026-09-16 15:50:28 | DEBUG    | clean_data           | Initial shape: (496, 11)
2026-09-16 15:50:28 | DEBUG    | clean_data           | Initial columns: ['SYMBOL', 'SECTOR', 'LISTED IN', 'LDCP', 'OPEN', 'HIGH', 'LOW', 'CURRENT', 'CHANGE', 'CHANGE (%)', 'VOLUME']
2026-09-16 15:50:28 | DEBUG    | clean_data           | Removed 'LISTED IN' column
2026-09-16 15:50:28 | DEBUG    | clean_data           | Converted LDCP from float64 to numeric
2026-09-16 15:50:28 | DEBUG    | clean_data           | Converted OPEN from float64 to numeric
2026-09-16 15:50:28 | DEBUG    | clean_data           | Converted HIGH from float64 to numeric
2026-09-16 15:50:28 | DEBUG    | clean_data           | Converted LOW from float64 to numeric
2026-09-16 15:50:28 | DEBUG    | clean_data           | Converted CURRENT from float64 to numeric
2026-09-16 15:50:28 | DEBUG    | clean_data           | Converted CHANGE from float64 to numeric
2026-09-16 15:50:28 | WARNING  | clean_data           | Column CHANGE (%): 496 values could not be converted to numeric
2026-09-16 15:50:28 | DEBUG    | clean_data           | Converted CHANGE (%) from str to numeric
2026-09-16 15:50:28 | DEBUG    | clean_data           | Converted VOLUME from int64 to numeric
2026-09-16 15:50:28 | INFO     | clean_data           | ✅ Data cleaned (496 rows, 16 columns)
2026-09-16 15:50:28 | DEBUG    | clean_data           | Final columns: ['SYMBOL', 'SECTOR', 'LDCP', 'OPEN', 'HIGH', 'LOW', 'CURRENT', 'CHANGE', 'CHANGE (%)', 'VOLUME', 'YEAR', 'MONTH', 'DAY', 'HOUR', 'MINUTE', 'DATETIME']
2026-09-16 15:50:28 | DEBUG    | get_file_path        | Generated file path: data/2026/09/2026-09-16.xlsx
2026-09-16 15:50:28 | INFO     | save_data            | Saving data to: data/2026/09/2026-09-16.xlsx
2026-09-16 15:50:28 | DEBUG    | _create_backup       | Backup created: data/2026/09/backups/2026-09-16_backup_20260916_155028.xlsx
2026-09-16 15:50:28 | DEBUG    | _cleanup_old_backups | Removed old backup: 2026-09-16_backup_20260916_152414.xlsx
2026-09-16 15:50:28 | DEBUG    | save_data            | Existing file found, merging data...
2026-09-16 15:50:32 | DEBUG    | save_data            | Loaded 33405 existing rows
2026-09-16 15:50:32 | DEBUG    | save_data            | Combined to 33901 rows
2026-09-16 15:50:32 | DEBUG    | save_data            | Writing to temporary file...
2026-09-16 15:50:38 | DEBUG    | save_data            | Data written to temp file: /home/runner/work/Thalorae-BackLioraen/Thalorae-BackLioraen/data/2026/09/tmpip1zum20.xlsx
2026-09-16 15:50:38 | DEBUG    | save_data            | Temp file moved to final location
2026-09-16 15:50:38 | INFO     | save_data            | ✅ Data saved successfully (33901 total rows, 2,497,899 bytes)
2026-09-16 15:50:38 | INFO     | run                  | ======================================================================
2026-09-16 15:50:38 | INFO     | run                  | 📊 EXECUTION SUMMARY:
2026-09-16 15:50:38 | INFO     | run                  |    ✅ Status: SUCCESS
2026-09-16 15:50:38 | INFO     | run                  |    - Rows processed: 496
2026-09-16 15:50:38 | INFO     | run                  |    - Unique symbols: 496
2026-09-16 15:50:38 | INFO     | run                  |    - Timestamp: 2026-09-16 20:50:24
2026-09-16 15:50:38 | INFO     | run                  |    - File: data/2026/09/2026-09-16.xlsx
2026-09-16 15:50:38 | INFO     | run                  | ======================================================================
2026-09-16 15:50:38 | DEBUG    | run                  | Sample data (first row):
2026-09-16 15:50:38 | DEBUG    | run                  | {'SYMBOL': 'WTLNC', 'SECTOR': 828, 'LDCP': 1.06, 'OPEN': 1.05, 'HIGH': 1.1, 'LOW': 1.0, 'CURRENT': 1.02, 'CHANGE': -0.04, 'CHANGE (%)': nan, 'VOLUME': 40029812, 'YEAR': 2026, 'MONTH': 9, 'DAY': 16, 'HOUR': 20, 'MINUTE': 50, 'DATETIME': '2026-09-16 20:50'}
2026-09-16 15:50:38 | DEBUG    | close                | Session closed
2026-09-16 15:55:39 | INFO     | run                  | ======================================================================
2026-09-16 15:55:39 | INFO     | run                  | 🚀 MARKET DATA SCRAPER - SINGLE EXECUTION
2026-09-16 15:55:39 | INFO     | run                  | ======================================================================
2026-09-16 15:55:39 | INFO     | run                  | Execution Time: 2026-09-16 20:55:39 PKT
2026-09-16 15:55:39 | INFO     | run                  | Configuration:
2026-09-16 15:55:39 | INFO     | run                  |    - Timezone: Asia/Karachi
2026-09-16 15:55:39 | INFO     | run                  |    - Data directory: data
2026-09-16 15:55:39 | INFO     | run                  |    - Log directory: logs
2026-09-16 15:55:39 | INFO     | run                  |    - Excluded symbols: {'XT', 'XR', 'XD', 'XS'}
2026-09-16 15:55:39 | INFO     | run                  | ======================================================================
2026-09-16 15:55:39 | INFO     | fetch_data           | Fetching data (Attempt 1/3)...
2026-09-16 15:55:39 | DEBUG    | fetch_data           | Establishing session with https://dps.psx.com.pk/
2026-09-16 15:55:42 | DEBUG    | fetch_data           | Requesting data from https://dps.psx.com.pk/market-watch
2026-09-16 15:55:44 | DEBUG    | fetch_data           | Response status: 200
2026-09-16 15:55:44 | DEBUG    | fetch_data           | Response content type: text/html; charset=utf-8
2026-09-16 15:55:44 | DEBUG    | fetch_data           | Response size: 475060 bytes
2026-09-16 15:55:44 | INFO     | fetch_data           | ✅ Data fetched successfully (Status: 200)
2026-09-16 15:55:44 | DEBUG    | parse_json           | Attempting JSON parsing...
2026-09-16 15:55:44 | DEBUG    | parse_json           | Response preview: <table class="tbl" data-page-length="25"><thead class="tbl__head"><!-- tr--><!--   th(colspan="11")--><!--   th.center(colspan="2", style="width: 110px;") TOTAL BUY ORDERS--><!--   th.center(colspan="2", style="width: 110px;") TOTAL SELL ORDERS--><tr><th data-name="symbol">SYMBOL</th><th data-name="sector">SECTOR</th><th data-name="listed">LISTED IN</th><th class="right" data-name="ldcp">LDCP</th><th class="right" data-name="open">OPEN</th><th class="right" data-name="high">HIGH</th><th class="r
2026-09-16 15:55:44 | WARNING  | parse_json           | ⚠️ JSON parsing failed: Expecting value: line 1 column 1 (char 0)
2026-09-16 15:55:44 | INFO     | run                  | JSON parsing failed, trying HTML fallback...
2026-09-16 15:55:44 | INFO     | parse_html           | Attempting HTML fallback parsing...
2026-09-16 15:55:44 | DEBUG    | parse_html           | Found 1 table(s) in HTML
2026-09-16 15:55:44 | DEBUG    | parse_html           | Table columns: ['SYMBOL', 'SECTOR', 'LISTED IN', 'LDCP', 'OPEN', 'HIGH', 'LOW', 'CURRENT', 'CHANGE', 'CHANGE (%)', 'VOLUME']
2026-09-16 15:55:44 | DEBUG    | parse_html           | Table shape: (496, 11)
2026-09-16 15:55:44 | INFO     | parse_html           | ✅ HTML parsed successfully (496 rows)
2026-09-16 15:55:44 | INFO     | clean_data           | Cleaning data...
2026-09-16 15:55:44 | DEBUG    | clean_data           | Initial shape: (496, 11)
2026-09-16 15:55:44 | DEBUG    | clean_data           | Initial columns: ['SYMBOL', 'SECTOR', 'LISTED IN', 'LDCP', 'OPEN', 'HIGH', 'LOW', 'CURRENT', 'CHANGE', 'CHANGE (%)', 'VOLUME']
2026-09-16 15:55:44 | DEBUG    | clean_data           | Removed 'LISTED IN' column
2026-09-16 15:55:44 | DEBUG    | clean_data           | Converted LDCP from float64 to numeric
2026-09-16 15:55:44 | DEBUG    | clean_data           | Converted OPEN from float64 to numeric
2026-09-16 15:55:44 | DEBUG    | clean_data           | Converted HIGH from float64 to numeric
2026-09-16 15:55:44 | DEBUG    | clean_data           | Converted LOW from float64 to numeric
2026-09-16 15:55:44 | DEBUG    | clean_data           | Converted CURRENT from float64 to numeric
2026-09-16 15:55:44 | DEBUG    | clean_data           | Converted CHANGE from float64 to numeric
2026-09-16 15:55:44 | WARNING  | clean_data           | Column CHANGE (%): 496 values could not be converted to numeric
2026-09-16 15:55:44 | DEBUG    | clean_data           | Converted CHANGE (%) from str to numeric
2026-09-16 15:55:44 | DEBUG    | clean_data           | Converted VOLUME from int64 to numeric
2026-09-16 15:55:44 | INFO     | clean_data           | ✅ Data cleaned (496 rows, 16 columns)
2026-09-16 15:55:44 | DEBUG    | clean_data           | Final columns: ['SYMBOL', 'SECTOR', 'LDCP', 'OPEN', 'HIGH', 'LOW', 'CURRENT', 'CHANGE', 'CHANGE (%)', 'VOLUME', 'YEAR', 'MONTH', 'DAY', 'HOUR', 'MINUTE', 'DATETIME']
2026-09-16 15:55:44 | DEBUG    | get_file_path        | Generated file path: data/2026/09/2026-09-16.xlsx
2026-09-16 15:55:44 | INFO     | save_data            | Saving data to: data/2026/09/2026-09-16.xlsx
2026-09-16 15:55:44 | DEBUG    | _create_backup       | Backup created: data/2026/09/backups/2026-09-16_backup_20260916_155544.xlsx
2026-09-16 15:55:44 | DEBUG    | _cleanup_old_backups | Removed old backup: 2026-09-16_backup_20260916_152928.xlsx
2026-09-16 15:55:44 | DEBUG    | save_data            | Existing file found, merging data...
2026-09-16 15:55:47 | DEBUG    | save_data            | Loaded 33901 existing rows
2026-09-16 15:55:47 | DEBUG    | save_data            | Combined to 34397 rows
2026-09-16 15:55:47 | DEBUG    | save_data            | Writing to temporary file...
2026-09-16 15:55:54 | DEBUG    | save_data            | Data written to temp file: /home/runner/work/Thalorae-BackLioraen/Thalorae-BackLioraen/data/2026/09/tmpcy5zr_ru.xlsx
2026-09-16 15:55:54 | DEBUG    | save_data            | Temp file moved to final location
2026-09-16 15:55:54 | INFO     | save_data            | ✅ Data saved successfully (34397 total rows, 2,535,008 bytes)
2026-09-16 15:55:54 | INFO     | run                  | ======================================================================
2026-09-16 15:55:54 | INFO     | run                  | 📊 EXECUTION SUMMARY:
2026-09-16 15:55:54 | INFO     | run                  |    ✅ Status: SUCCESS
2026-09-16 15:55:54 | INFO     | run                  |    - Rows processed: 496
2026-09-16 15:55:54 | INFO     | run                  |    - Unique symbols: 496
2026-09-16 15:55:54 | INFO     | run                  |    - Timestamp: 2026-09-16 20:55:39
2026-09-16 15:55:54 | INFO     | run                  |    - File: data/2026/09/2026-09-16.xlsx
2026-09-16 15:55:54 | INFO     | run                  | ======================================================================
2026-09-16 15:55:54 | DEBUG    | run                  | Sample data (first row):
2026-09-16 15:55:54 | DEBUG    | run                  | {'SYMBOL': 'WTLNC', 'SECTOR': 828, 'LDCP': 1.06, 'OPEN': 1.05, 'HIGH': 1.1, 'LOW': 1.0, 'CURRENT': 1.02, 'CHANGE': -0.04, 'CHANGE (%)': nan, 'VOLUME': 40029812, 'YEAR': 2026, 'MONTH': 9, 'DAY': 16, 'HOUR': 20, 'MINUTE': 55, 'DATETIME': '2026-09-16 20:55'}
2026-09-16 15:55:54 | DEBUG    | close                | Session closed
2026-09-16 16:00:54 | INFO     | run                  | ======================================================================
2026-09-16 16:00:54 | INFO     | run                  | 🚀 MARKET DATA SCRAPER - SINGLE EXECUTION
2026-09-16 16:00:54 | INFO     | run                  | ======================================================================
2026-09-16 16:00:54 | INFO     | run                  | Execution Time: 2026-09-16 21:00:54 PKT
2026-09-16 16:00:54 | INFO     | run                  | Configuration:
2026-09-16 16:00:54 | INFO     | run                  |    - Timezone: Asia/Karachi
2026-09-16 16:00:54 | INFO     | run                  |    - Data directory: data
2026-09-16 16:00:54 | INFO     | run                  |    - Log directory: logs
2026-09-16 16:00:54 | INFO     | run                  |    - Excluded symbols: {'XS', 'XT', 'XD', 'XR'}
2026-09-16 16:00:54 | INFO     | run                  | ======================================================================
2026-09-16 16:00:54 | INFO     | fetch_data           | Fetching data (Attempt 1/3)...
2026-09-16 16:00:54 | DEBUG    | fetch_data           | Establishing session with https://dps.psx.com.pk/
2026-09-16 16:00:57 | DEBUG    | fetch_data           | Requesting data from https://dps.psx.com.pk/market-watch
2026-09-16 16:00:59 | DEBUG    | fetch_data           | Response status: 200
2026-09-16 16:00:59 | DEBUG    | fetch_data           | Response content type: text/html; charset=utf-8
2026-09-16 16:00:59 | DEBUG    | fetch_data           | Response size: 475060 bytes
2026-09-16 16:00:59 | INFO     | fetch_data           | ✅ Data fetched successfully (Status: 200)
2026-09-16 16:00:59 | DEBUG    | parse_json           | Attempting JSON parsing...
2026-09-16 16:00:59 | DEBUG    | parse_json           | Response preview: <table class="tbl" data-page-length="25"><thead class="tbl__head"><!-- tr--><!--   th(colspan="11")--><!--   th.center(colspan="2", style="width: 110px;") TOTAL BUY ORDERS--><!--   th.center(colspan="2", style="width: 110px;") TOTAL SELL ORDERS--><tr><th data-name="symbol">SYMBOL</th><th data-name="sector">SECTOR</th><th data-name="listed">LISTED IN</th><th class="right" data-name="ldcp">LDCP</th><th class="right" data-name="open">OPEN</th><th class="right" data-name="high">HIGH</th><th class="r
2026-09-16 16:00:59 | WARNING  | parse_json           | ⚠️ JSON parsing failed: Expecting value: line 1 column 1 (char 0)
2026-09-16 16:00:59 | INFO     | run                  | JSON parsing failed, trying HTML fallback...
2026-09-16 16:00:59 | INFO     | parse_html           | Attempting HTML fallback parsing...
2026-09-16 16:00:59 | DEBUG    | parse_html           | Found 1 table(s) in HTML
2026-09-16 16:00:59 | DEBUG    | parse_html           | Table columns: ['SYMBOL', 'SECTOR', 'LISTED IN', 'LDCP', 'OPEN', 'HIGH', 'LOW', 'CURRENT', 'CHANGE', 'CHANGE (%)', 'VOLUME']
2026-09-16 16:00:59 | DEBUG    | parse_html           | Table shape: (496, 11)
2026-09-16 16:00:59 | INFO     | parse_html           | ✅ HTML parsed successfully (496 rows)
2026-09-16 16:00:59 | INFO     | clean_data           | Cleaning data...
2026-09-16 16:00:59 | DEBUG    | clean_data           | Initial shape: (496, 11)
2026-09-16 16:00:59 | DEBUG    | clean_data           | Initial columns: ['SYMBOL', 'SECTOR', 'LISTED IN', 'LDCP', 'OPEN', 'HIGH', 'LOW', 'CURRENT', 'CHANGE', 'CHANGE (%)', 'VOLUME']
2026-09-16 16:00:59 | DEBUG    | clean_data           | Removed 'LISTED IN' column
2026-09-16 16:00:59 | DEBUG    | clean_data           | Converted LDCP from float64 to numeric
2026-09-16 16:00:59 | DEBUG    | clean_data           | Converted OPEN from float64 to numeric
2026-09-16 16:00:59 | DEBUG    | clean_data           | Converted HIGH from float64 to numeric
2026-09-16 16:00:59 | DEBUG    | clean_data           | Converted LOW from float64 to numeric
2026-09-16 16:00:59 | DEBUG    | clean_data           | Converted CURRENT from float64 to numeric
2026-09-16 16:00:59 | DEBUG    | clean_data           | Converted CHANGE from float64 to numeric
2026-09-16 16:00:59 | WARNING  | clean_data           | Column CHANGE (%): 496 values could not be converted to numeric
2026-09-16 16:00:59 | DEBUG    | clean_data           | Converted CHANGE (%) from str to numeric
2026-09-16 16:00:59 | DEBUG    | clean_data           | Converted VOLUME from int64 to numeric
2026-09-16 16:00:59 | INFO     | clean_data           | ✅ Data cleaned (496 rows, 16 columns)
2026-09-16 16:00:59 | DEBUG    | clean_data           | Final columns: ['SYMBOL', 'SECTOR', 'LDCP', 'OPEN', 'HIGH', 'LOW', 'CURRENT', 'CHANGE', 'CHANGE (%)', 'VOLUME', 'YEAR', 'MONTH', 'DAY', 'HOUR', 'MINUTE', 'DATETIME']
2026-09-16 16:00:59 | DEBUG    | get_file_path        | Generated file path: data/2026/09/2026-09-16.xlsx
2026-09-16 16:00:59 | INFO     | save_data            | Saving data to: data/2026/09/2026-09-16.xlsx
2026-09-16 16:00:59 | DEBUG    | _create_backup       | Backup created: data/2026/09/backups/2026-09-16_backup_20260916_160059.xlsx
2026-09-16 16:00:59 | DEBUG    | _cleanup_old_backups | Removed old backup: 2026-09-16_backup_20260916_153443.xlsx
2026-09-16 16:00:59 | DEBUG    | save_data            | Existing file found, merging data...
2026-09-16 16:01:03 | DEBUG    | save_data            | Loaded 34397 existing rows
2026-09-16 16:01:03 | DEBUG    | save_data            | Combined to 34893 rows
2026-09-16 16:01:03 | DEBUG    | save_data            | Writing to temporary file...
2026-09-16 16:01:09 | DEBUG    | save_data            | Data written to temp file: /home/runner/work/Thalorae-BackLioraen/Thalorae-BackLioraen/data/2026/09/tmp8mfayowb.xlsx
2026-09-16 16:01:09 | DEBUG    | save_data            | Temp file moved to final location
2026-09-16 16:01:09 | INFO     | save_data            | ✅ Data saved successfully (34893 total rows, 2,572,192 bytes)
2026-09-16 16:01:09 | INFO     | run                  | ======================================================================
2026-09-16 16:01:09 | INFO     | run                  | 📊 EXECUTION SUMMARY:
2026-09-16 16:01:09 | INFO     | run                  |    ✅ Status: SUCCESS
2026-09-16 16:01:09 | INFO     | run                  |    - Rows processed: 496
2026-09-16 16:01:09 | INFO     | run                  |    - Unique symbols: 496
2026-09-16 16:01:09 | INFO     | run                  |    - Timestamp: 2026-09-16 21:00:54
2026-09-16 16:01:09 | INFO     | run                  |    - File: data/2026/09/2026-09-16.xlsx
2026-09-16 16:01:09 | INFO     | run                  | ======================================================================
2026-09-16 16:01:09 | DEBUG    | run                  | Sample data (first row):
2026-09-16 16:01:09 | DEBUG    | run                  | {'SYMBOL': 'WTLNC', 'SECTOR': 828, 'LDCP': 1.06, 'OPEN': 1.05, 'HIGH': 1.1, 'LOW': 1.0, 'CURRENT': 1.02, 'CHANGE': -0.04, 'CHANGE (%)': nan, 'VOLUME': 40029812, 'YEAR': 2026, 'MONTH': 9, 'DAY': 16, 'HOUR': 21, 'MINUTE': 0, 'DATETIME': '2026-09-16 21:00'}
2026-09-16 16:01:09 | DEBUG    | close                | Session closed
2026-09-16 16:06:10 | INFO     | run                  | ======================================================================
2026-09-16 16:06:10 | INFO     | run                  | 🚀 MARKET DATA SCRAPER - SINGLE EXECUTION
2026-09-16 16:06:10 | INFO     | run                  | ======================================================================
2026-09-16 16:06:10 | INFO     | run                  | Execution Time: 2026-09-16 21:06:10 PKT
2026-09-16 16:06:10 | INFO     | run                  | Configuration:
2026-09-16 16:06:10 | INFO     | run                  |    - Timezone: Asia/Karachi
2026-09-16 16:06:10 | INFO     | run                  |    - Data directory: data
2026-09-16 16:06:10 | INFO     | run                  |    - Log directory: logs
2026-09-16 16:06:10 | INFO     | run                  |    - Excluded symbols: {'XS', 'XD', 'XR', 'XT'}
2026-09-16 16:06:10 | INFO     | run                  | ======================================================================
2026-09-16 16:06:10 | INFO     | fetch_data           | Fetching data (Attempt 1/3)...
2026-09-16 16:06:10 | DEBUG    | fetch_data           | Establishing session with https://dps.psx.com.pk/
2026-09-16 16:06:13 | DEBUG    | fetch_data           | Requesting data from https://dps.psx.com.pk/market-watch
2026-09-16 16:06:14 | DEBUG    | fetch_data           | Response status: 200
2026-09-16 16:06:14 | DEBUG    | fetch_data           | Response content type: text/html; charset=utf-8
2026-09-16 16:06:14 | DEBUG    | fetch_data           | Response size: 475060 bytes
2026-09-16 16:06:14 | INFO     | fetch_data           | ✅ Data fetched successfully (Status: 200)
2026-09-16 16:06:14 | DEBUG    | parse_json           | Attempting JSON parsing...
2026-09-16 16:06:14 | DEBUG    | parse_json           | Response preview: <table class="tbl" data-page-length="25"><thead class="tbl__head"><!-- tr--><!--   th(colspan="11")--><!--   th.center(colspan="2", style="width: 110px;") TOTAL BUY ORDERS--><!--   th.center(colspan="2", style="width: 110px;") TOTAL SELL ORDERS--><tr><th data-name="symbol">SYMBOL</th><th data-name="sector">SECTOR</th><th data-name="listed">LISTED IN</th><th class="right" data-name="ldcp">LDCP</th><th class="right" data-name="open">OPEN</th><th class="right" data-name="high">HIGH</th><th class="r
2026-09-16 16:06:14 | WARNING  | parse_json           | ⚠️ JSON parsing failed: Expecting value: line 1 column 1 (char 0)
2026-09-16 16:06:14 | INFO     | run                  | JSON parsing failed, trying HTML fallback...
2026-09-16 16:06:14 | INFO     | parse_html           | Attempting HTML fallback parsing...
2026-09-16 16:06:14 | DEBUG    | parse_html           | Found 1 table(s) in HTML
2026-09-16 16:06:14 | DEBUG    | parse_html           | Table columns: ['SYMBOL', 'SECTOR', 'LISTED IN', 'LDCP', 'OPEN', 'HIGH', 'LOW', 'CURRENT', 'CHANGE', 'CHANGE (%)', 'VOLUME']
2026-09-16 16:06:14 | DEBUG    | parse_html           | Table shape: (496, 11)
2026-09-16 16:06:14 | INFO     | parse_html           | ✅ HTML parsed successfully (496 rows)
2026-09-16 16:06:14 | INFO     | clean_data           | Cleaning data...
2026-09-16 16:06:14 | DEBUG    | clean_data           | Initial shape: (496, 11)
2026-09-16 16:06:14 | DEBUG    | clean_data           | Initial columns: ['SYMBOL', 'SECTOR', 'LISTED IN', 'LDCP', 'OPEN', 'HIGH', 'LOW', 'CURRENT', 'CHANGE', 'CHANGE (%)', 'VOLUME']
2026-09-16 16:06:14 | DEBUG    | clean_data           | Removed 'LISTED IN' column
2026-09-16 16:06:14 | DEBUG    | clean_data           | Converted LDCP from float64 to numeric
2026-09-16 16:06:14 | DEBUG    | clean_data           | Converted OPEN from float64 to numeric
2026-09-16 16:06:14 | DEBUG    | clean_data           | Converted HIGH from float64 to numeric
2026-09-16 16:06:14 | DEBUG    | clean_data           | Converted LOW from float64 to numeric
2026-09-16 16:06:14 | DEBUG    | clean_data           | Converted CURRENT from float64 to numeric
2026-09-16 16:06:14 | DEBUG    | clean_data           | Converted CHANGE from float64 to numeric
2026-09-16 16:06:14 | WARNING  | clean_data           | Column CHANGE (%): 496 values could not be converted to numeric
2026-09-16 16:06:14 | DEBUG    | clean_data           | Converted CHANGE (%) from str to numeric
2026-09-16 16:06:14 | DEBUG    | clean_data           | Converted VOLUME from int64 to numeric
2026-09-16 16:06:14 | INFO     | clean_data           | ✅ Data cleaned (496 rows, 16 columns)
2026-09-16 16:06:14 | DEBUG    | clean_data           | Final columns: ['SYMBOL', 'SECTOR', 'LDCP', 'OPEN', 'HIGH', 'LOW', 'CURRENT', 'CHANGE', 'CHANGE (%)', 'VOLUME', 'YEAR', 'MONTH', 'DAY', 'HOUR', 'MINUTE', 'DATETIME']
2026-09-16 16:06:14 | DEBUG    | get_file_path        | Generated file path: data/2026/09/2026-09-16.xlsx
2026-09-16 16:06:14 | INFO     | save_data            | Saving data to: data/2026/09/2026-09-16.xlsx
2026-09-16 16:06:14 | DEBUG    | _create_backup       | Backup created: data/2026/09/backups/2026-09-16_backup_20260916_160614.xlsx
2026-09-16 16:06:14 | DEBUG    | _cleanup_old_backups | Removed old backup: 2026-09-16_backup_20260916_153958.xlsx
2026-09-16 16:06:14 | DEBUG    | save_data            | Existing file found, merging data...
2026-09-16 16:06:18 | DEBUG    | save_data            | Loaded 34893 existing rows
2026-09-16 16:06:18 | DEBUG    | save_data            | Combined to 35389 rows
2026-09-16 16:06:18 | DEBUG    | save_data            | Writing to temporary file...
2026-09-16 16:06:25 | DEBUG    | save_data            | Data written to temp file: /home/runner/work/Thalorae-BackLioraen/Thalorae-BackLioraen/data/2026/09/tmpsu2ml1qi.xlsx
2026-09-16 16:06:25 | DEBUG    | save_data            | Temp file moved to final location
2026-09-16 16:06:25 | INFO     | save_data            | ✅ Data saved successfully (35389 total rows, 2,609,346 bytes)
2026-09-16 16:06:25 | INFO     | run                  | ======================================================================
2026-09-16 16:06:25 | INFO     | run                  | 📊 EXECUTION SUMMARY:
2026-09-16 16:06:25 | INFO     | run                  |    ✅ Status: SUCCESS
2026-09-16 16:06:25 | INFO     | run                  |    - Rows processed: 496
2026-09-16 16:06:25 | INFO     | run                  |    - Unique symbols: 496
2026-09-16 16:06:25 | INFO     | run                  |    - Timestamp: 2026-09-16 21:06:10
2026-09-16 16:06:25 | INFO     | run                  |    - File: data/2026/09/2026-09-16.xlsx
2026-09-16 16:06:25 | INFO     | run                  | ======================================================================
2026-09-16 16:06:25 | DEBUG    | run                  | Sample data (first row):
2026-09-16 16:06:25 | DEBUG    | run                  | {'SYMBOL': 'WTLNC', 'SECTOR': 828, 'LDCP': 1.06, 'OPEN': 1.05, 'HIGH': 1.1, 'LOW': 1.0, 'CURRENT': 1.02, 'CHANGE': -0.04, 'CHANGE (%)': nan, 'VOLUME': 40029812, 'YEAR': 2026, 'MONTH': 9, 'DAY': 16, 'HOUR': 21, 'MINUTE': 6, 'DATETIME': '2026-09-16 21:06'}
2026-09-16 16:06:25 | DEBUG    | close                | Session closed
2026-09-16 16:11:25 | INFO     | run                  | ======================================================================
2026-09-16 16:11:25 | INFO     | run                  | 🚀 MARKET DATA SCRAPER - SINGLE EXECUTION
2026-09-16 16:11:25 | INFO     | run                  | ======================================================================
2026-09-16 16:11:25 | INFO     | run                  | Execution Time: 2026-09-16 21:11:25 PKT
2026-09-16 16:11:25 | INFO     | run                  | Configuration:
2026-09-16 16:11:25 | INFO     | run                  |    - Timezone: Asia/Karachi
2026-09-16 16:11:25 | INFO     | run                  |    - Data directory: data
2026-09-16 16:11:25 | INFO     | run                  |    - Log directory: logs
2026-09-16 16:11:25 | INFO     | run                  |    - Excluded symbols: {'XT', 'XS', 'XR', 'XD'}
2026-09-16 16:11:25 | INFO     | run                  | ======================================================================
2026-09-16 16:11:25 | INFO     | fetch_data           | Fetching data (Attempt 1/3)...
2026-09-16 16:11:25 | DEBUG    | fetch_data           | Establishing session with https://dps.psx.com.pk/
2026-09-16 16:11:28 | DEBUG    | fetch_data           | Requesting data from https://dps.psx.com.pk/market-watch
2026-09-16 16:11:31 | DEBUG    | fetch_data           | Response status: 200
2026-09-16 16:11:31 | DEBUG    | fetch_data           | Response content type: text/html; charset=utf-8
2026-09-16 16:11:31 | DEBUG    | fetch_data           | Response size: 475060 bytes
2026-09-16 16:11:31 | INFO     | fetch_data           | ✅ Data fetched successfully (Status: 200)
2026-09-16 16:11:31 | DEBUG    | parse_json           | Attempting JSON parsing...
2026-09-16 16:11:31 | DEBUG    | parse_json           | Response preview: <table class="tbl" data-page-length="25"><thead class="tbl__head"><!-- tr--><!--   th(colspan="11")--><!--   th.center(colspan="2", style="width: 110px;") TOTAL BUY ORDERS--><!--   th.center(colspan="2", style="width: 110px;") TOTAL SELL ORDERS--><tr><th data-name="symbol">SYMBOL</th><th data-name="sector">SECTOR</th><th data-name="listed">LISTED IN</th><th class="right" data-name="ldcp">LDCP</th><th class="right" data-name="open">OPEN</th><th class="right" data-name="high">HIGH</th><th class="r
2026-09-16 16:11:31 | WARNING  | parse_json           | ⚠️ JSON parsing failed: Expecting value: line 1 column 1 (char 0)
2026-09-16 16:11:31 | INFO     | run                  | JSON parsing failed, trying HTML fallback...
2026-09-16 16:11:31 | INFO     | parse_html           | Attempting HTML fallback parsing...
2026-09-16 16:11:31 | DEBUG    | parse_html           | Found 1 table(s) in HTML
2026-09-16 16:11:31 | DEBUG    | parse_html           | Table columns: ['SYMBOL', 'SECTOR', 'LISTED IN', 'LDCP', 'OPEN', 'HIGH', 'LOW', 'CURRENT', 'CHANGE', 'CHANGE (%)', 'VOLUME']
2026-09-16 16:11:31 | DEBUG    | parse_html           | Table shape: (496, 11)
2026-09-16 16:11:31 | INFO     | parse_html           | ✅ HTML parsed successfully (496 rows)
2026-09-16 16:11:31 | INFO     | clean_data           | Cleaning data...
2026-09-16 16:11:31 | DEBUG    | clean_data           | Initial shape: (496, 11)
2026-09-16 16:11:31 | DEBUG    | clean_data           | Initial columns: ['SYMBOL', 'SECTOR', 'LISTED IN', 'LDCP', 'OPEN', 'HIGH', 'LOW', 'CURRENT', 'CHANGE', 'CHANGE (%)', 'VOLUME']
2026-09-16 16:11:31 | DEBUG    | clean_data           | Removed 'LISTED IN' column
2026-09-16 16:11:31 | DEBUG    | clean_data           | Converted LDCP from float64 to numeric
2026-09-16 16:11:31 | DEBUG    | clean_data           | Converted OPEN from float64 to numeric
2026-09-16 16:11:31 | DEBUG    | clean_data           | Converted HIGH from float64 to numeric
2026-09-16 16:11:31 | DEBUG    | clean_data           | Converted LOW from float64 to numeric
2026-09-16 16:11:31 | DEBUG    | clean_data           | Converted CURRENT from float64 to numeric
2026-09-16 16:11:31 | DEBUG    | clean_data           | Converted CHANGE from float64 to numeric
2026-09-16 16:11:31 | WARNING  | clean_data           | Column CHANGE (%): 496 values could not be converted to numeric
2026-09-16 16:11:31 | DEBUG    | clean_data           | Converted CHANGE (%) from str to numeric
2026-09-16 16:11:31 | DEBUG    | clean_data           | Converted VOLUME from int64 to numeric
2026-09-16 16:11:31 | INFO     | clean_data           | ✅ Data cleaned (496 rows, 16 columns)
2026-09-16 16:11:31 | DEBUG    | clean_data           | Final columns: ['SYMBOL', 'SECTOR', 'LDCP', 'OPEN', 'HIGH', 'LOW', 'CURRENT', 'CHANGE', 'CHANGE (%)', 'VOLUME', 'YEAR', 'MONTH', 'DAY', 'HOUR', 'MINUTE', 'DATETIME']
2026-09-16 16:11:31 | DEBUG    | get_file_path        | Generated file path: data/2026/09/2026-09-16.xlsx
2026-09-16 16:11:31 | INFO     | save_data            | Saving data to: data/2026/09/2026-09-16.xlsx
2026-09-16 16:11:31 | DEBUG    | _create_backup       | Backup created: data/2026/09/backups/2026-09-16_backup_20260916_161131.xlsx
2026-09-16 16:11:31 | DEBUG    | _cleanup_old_backups | Removed old backup: 2026-09-16_backup_20260916_154513.xlsx
2026-09-16 16:11:31 | DEBUG    | save_data            | Existing file found, merging data...
2026-09-16 16:11:35 | DEBUG    | save_data            | Loaded 35389 existing rows
2026-09-16 16:11:35 | DEBUG    | save_data            | Combined to 35885 rows
2026-09-16 16:11:35 | DEBUG    | save_data            | Writing to temporary file...
2026-09-16 16:11:42 | DEBUG    | save_data            | Data written to temp file: /home/runner/work/Thalorae-BackLioraen/Thalorae-BackLioraen/data/2026/09/tmp3iw_c9qq.xlsx
2026-09-16 16:11:42 | DEBUG    | save_data            | Temp file moved to final location
2026-09-16 16:11:42 | INFO     | save_data            | ✅ Data saved successfully (35885 total rows, 2,646,484 bytes)
2026-09-16 16:11:42 | INFO     | run                  | ======================================================================
2026-09-16 16:11:42 | INFO     | run                  | 📊 EXECUTION SUMMARY:
2026-09-16 16:11:42 | INFO     | run                  |    ✅ Status: SUCCESS
2026-09-16 16:11:42 | INFO     | run                  |    - Rows processed: 496
2026-09-16 16:11:42 | INFO     | run                  |    - Unique symbols: 496
2026-09-16 16:11:42 | INFO     | run                  |    - Timestamp: 2026-09-16 21:11:25
2026-09-16 16:11:42 | INFO     | run                  |    - File: data/2026/09/2026-09-16.xlsx
2026-09-16 16:11:42 | INFO     | run                  | ======================================================================
2026-09-16 16:11:42 | DEBUG    | run                  | Sample data (first row):
2026-09-16 16:11:42 | DEBUG    | run                  | {'SYMBOL': 'WTLNC', 'SECTOR': 828, 'LDCP': 1.06, 'OPEN': 1.05, 'HIGH': 1.1, 'LOW': 1.0, 'CURRENT': 1.02, 'CHANGE': -0.04, 'CHANGE (%)': nan, 'VOLUME': 40029812, 'YEAR': 2026, 'MONTH': 9, 'DAY': 16, 'HOUR': 21, 'MINUTE': 11, 'DATETIME': '2026-09-16 21:11'}
2026-09-16 16:11:42 | DEBUG    | close                | Session closed
2026-09-16 16:16:42 | INFO     | run                  | ======================================================================
2026-09-16 16:16:42 | INFO     | run                  | 🚀 MARKET DATA SCRAPER - SINGLE EXECUTION
2026-09-16 16:16:42 | INFO     | run                  | ======================================================================
2026-09-16 16:16:42 | INFO     | run                  | Execution Time: 2026-09-16 21:16:42 PKT
2026-09-16 16:16:42 | INFO     | run                  | Configuration:
2026-09-16 16:16:42 | INFO     | run                  |    - Timezone: Asia/Karachi
2026-09-16 16:16:42 | INFO     | run                  |    - Data directory: data
2026-09-16 16:16:42 | INFO     | run                  |    - Log directory: logs
2026-09-16 16:16:42 | INFO     | run                  |    - Excluded symbols: {'XT', 'XR', 'XS', 'XD'}
2026-09-16 16:16:42 | INFO     | run                  | ======================================================================
2026-09-16 16:16:42 | INFO     | fetch_data           | Fetching data (Attempt 1/3)...
2026-09-16 16:16:42 | DEBUG    | fetch_data           | Establishing session with https://dps.psx.com.pk/
2026-09-16 16:16:46 | DEBUG    | fetch_data           | Requesting data from https://dps.psx.com.pk/market-watch
2026-09-16 16:16:47 | DEBUG    | fetch_data           | Response status: 200
2026-09-16 16:16:47 | DEBUG    | fetch_data           | Response content type: text/html; charset=utf-8
2026-09-16 16:16:47 | DEBUG    | fetch_data           | Response size: 475060 bytes
2026-09-16 16:16:47 | INFO     | fetch_data           | ✅ Data fetched successfully (Status: 200)
2026-09-16 16:16:47 | DEBUG    | parse_json           | Attempting JSON parsing...
2026-09-16 16:16:47 | DEBUG    | parse_json           | Response preview: <table class="tbl" data-page-length="25"><thead class="tbl__head"><!-- tr--><!--   th(colspan="11")--><!--   th.center(colspan="2", style="width: 110px;") TOTAL BUY ORDERS--><!--   th.center(colspan="2", style="width: 110px;") TOTAL SELL ORDERS--><tr><th data-name="symbol">SYMBOL</th><th data-name="sector">SECTOR</th><th data-name="listed">LISTED IN</th><th class="right" data-name="ldcp">LDCP</th><th class="right" data-name="open">OPEN</th><th class="right" data-name="high">HIGH</th><th class="r
2026-09-16 16:16:47 | WARNING  | parse_json           | ⚠️ JSON parsing failed: Expecting value: line 1 column 1 (char 0)
2026-09-16 16:16:47 | INFO     | run                  | JSON parsing failed, trying HTML fallback...
2026-09-16 16:16:47 | INFO     | parse_html           | Attempting HTML fallback parsing...
2026-09-16 16:16:47 | DEBUG    | parse_html           | Found 1 table(s) in HTML
2026-09-16 16:16:47 | DEBUG    | parse_html           | Table columns: ['SYMBOL', 'SECTOR', 'LISTED IN', 'LDCP', 'OPEN', 'HIGH', 'LOW', 'CURRENT', 'CHANGE', 'CHANGE (%)', 'VOLUME']
2026-09-16 16:16:47 | DEBUG    | parse_html           | Table shape: (496, 11)
2026-09-16 16:16:47 | INFO     | parse_html           | ✅ HTML parsed successfully (496 rows)
2026-09-16 16:16:47 | INFO     | clean_data           | Cleaning data...
2026-09-16 16:16:47 | DEBUG    | clean_data           | Initial shape: (496, 11)
2026-09-16 16:16:47 | DEBUG    | clean_data           | Initial columns: ['SYMBOL', 'SECTOR', 'LISTED IN', 'LDCP', 'OPEN', 'HIGH', 'LOW', 'CURRENT', 'CHANGE', 'CHANGE (%)', 'VOLUME']
2026-09-16 16:16:47 | DEBUG    | clean_data           | Removed 'LISTED IN' column
2026-09-16 16:16:47 | DEBUG    | clean_data           | Converted LDCP from float64 to numeric
2026-09-16 16:16:47 | DEBUG    | clean_data           | Converted OPEN from float64 to numeric
2026-09-16 16:16:47 | DEBUG    | clean_data           | Converted HIGH from float64 to numeric
2026-09-16 16:16:47 | DEBUG    | clean_data           | Converted LOW from float64 to numeric
2026-09-16 16:16:47 | DEBUG    | clean_data           | Converted CURRENT from float64 to numeric
2026-09-16 16:16:47 | DEBUG    | clean_data           | Converted CHANGE from float64 to numeric
2026-09-16 16:16:47 | WARNING  | clean_data           | Column CHANGE (%): 496 values could not be converted to numeric
2026-09-16 16:16:47 | DEBUG    | clean_data           | Converted CHANGE (%) from str to numeric
2026-09-16 16:16:47 | DEBUG    | clean_data           | Converted VOLUME from int64 to numeric
2026-09-16 16:16:47 | INFO     | clean_data           | ✅ Data cleaned (496 rows, 16 columns)
2026-09-16 16:16:47 | DEBUG    | clean_data           | Final columns: ['SYMBOL', 'SECTOR', 'LDCP', 'OPEN', 'HIGH', 'LOW', 'CURRENT', 'CHANGE', 'CHANGE (%)', 'VOLUME', 'YEAR', 'MONTH', 'DAY', 'HOUR', 'MINUTE', 'DATETIME']
2026-09-16 16:16:47 | DEBUG    | get_file_path        | Generated file path: data/2026/09/2026-09-16.xlsx
2026-09-16 16:16:47 | INFO     | save_data            | Saving data to: data/2026/09/2026-09-16.xlsx
2026-09-16 16:16:47 | DEBUG    | _create_backup       | Backup created: data/2026/09/backups/2026-09-16_backup_20260916_161647.xlsx
2026-09-16 16:16:47 | DEBUG    | _cleanup_old_backups | Removed old backup: 2026-09-16_backup_20260916_155028.xlsx
2026-09-16 16:16:47 | DEBUG    | save_data            | Existing file found, merging data...
2026-09-16 16:16:51 | DEBUG    | save_data            | Loaded 35885 existing rows
2026-09-16 16:16:51 | DEBUG    | save_data            | Combined to 36381 rows
2026-09-16 16:16:51 | DEBUG    | save_data            | Writing to temporary file...
2026-09-16 16:16:57 | DEBUG    | save_data            | Data written to temp file: /home/runner/work/Thalorae-BackLioraen/Thalorae-BackLioraen/data/2026/09/tmpchg7p_bd.xlsx
2026-09-16 16:16:57 | DEBUG    | save_data            | Temp file moved to final location
2026-09-16 16:16:57 | INFO     | save_data            | ✅ Data saved successfully (36381 total rows, 2,683,688 bytes)
2026-09-16 16:16:57 | INFO     | run                  | ======================================================================
2026-09-16 16:16:57 | INFO     | run                  | 📊 EXECUTION SUMMARY:
2026-09-16 16:16:57 | INFO     | run                  |    ✅ Status: SUCCESS
2026-09-16 16:16:57 | INFO     | run                  |    - Rows processed: 496
2026-09-16 16:16:57 | INFO     | run                  |    - Unique symbols: 496
2026-09-16 16:16:57 | INFO     | run                  |    - Timestamp: 2026-09-16 21:16:42
2026-09-16 16:16:57 | INFO     | run                  |    - File: data/2026/09/2026-09-16.xlsx
2026-09-16 16:16:57 | INFO     | run                  | ======================================================================
2026-09-16 16:16:57 | DEBUG    | run                  | Sample data (first row):
2026-09-16 16:16:57 | DEBUG    | run                  | {'SYMBOL': 'WTLNC', 'SECTOR': 828, 'LDCP': 1.06, 'OPEN': 1.05, 'HIGH': 1.1, 'LOW': 1.0, 'CURRENT': 1.02, 'CHANGE': -0.04, 'CHANGE (%)': nan, 'VOLUME': 40029812, 'YEAR': 2026, 'MONTH': 9, 'DAY': 16, 'HOUR': 21, 'MINUTE': 16, 'DATETIME': '2026-09-16 21:16'}
2026-09-16 16:16:57 | DEBUG    | close                | Session closed
2026-09-16 16:21:58 | INFO     | run                  | ======================================================================
2026-09-16 16:21:58 | INFO     | run                  | 🚀 MARKET DATA SCRAPER - SINGLE EXECUTION
2026-09-16 16:21:58 | INFO     | run                  | ======================================================================
2026-09-16 16:21:58 | INFO     | run                  | Execution Time: 2026-09-16 21:21:58 PKT
2026-09-16 16:21:58 | INFO     | run                  | Configuration:
2026-09-16 16:21:58 | INFO     | run                  |    - Timezone: Asia/Karachi
2026-09-16 16:21:58 | INFO     | run                  |    - Data directory: data
2026-09-16 16:21:58 | INFO     | run                  |    - Log directory: logs
2026-09-16 16:21:58 | INFO     | run                  |    - Excluded symbols: {'XT', 'XS', 'XD', 'XR'}
2026-09-16 16:21:58 | INFO     | run                  | ======================================================================
2026-09-16 16:21:58 | INFO     | fetch_data           | Fetching data (Attempt 1/3)...
2026-09-16 16:21:58 | DEBUG    | fetch_data           | Establishing session with https://dps.psx.com.pk/
2026-09-16 16:22:01 | DEBUG    | fetch_data           | Requesting data from https://dps.psx.com.pk/market-watch
2026-09-16 16:22:04 | DEBUG    | fetch_data           | Response status: 200
2026-09-16 16:22:04 | DEBUG    | fetch_data           | Response content type: text/html; charset=utf-8
2026-09-16 16:22:04 | DEBUG    | fetch_data           | Response size: 475060 bytes
2026-09-16 16:22:04 | INFO     | fetch_data           | ✅ Data fetched successfully (Status: 200)
2026-09-16 16:22:04 | DEBUG    | parse_json           | Attempting JSON parsing...
2026-09-16 16:22:04 | DEBUG    | parse_json           | Response preview: <table class="tbl" data-page-length="25"><thead class="tbl__head"><!-- tr--><!--   th(colspan="11")--><!--   th.center(colspan="2", style="width: 110px;") TOTAL BUY ORDERS--><!--   th.center(colspan="2", style="width: 110px;") TOTAL SELL ORDERS--><tr><th data-name="symbol">SYMBOL</th><th data-name="sector">SECTOR</th><th data-name="listed">LISTED IN</th><th class="right" data-name="ldcp">LDCP</th><th class="right" data-name="open">OPEN</th><th class="right" data-name="high">HIGH</th><th class="r
2026-09-16 16:22:04 | WARNING  | parse_json           | ⚠️ JSON parsing failed: Expecting value: line 1 column 1 (char 0)
2026-09-16 16:22:04 | INFO     | run                  | JSON parsing failed, trying HTML fallback...
2026-09-16 16:22:04 | INFO     | parse_html           | Attempting HTML fallback parsing...
2026-09-16 16:22:04 | DEBUG    | parse_html           | Found 1 table(s) in HTML
2026-09-16 16:22:04 | DEBUG    | parse_html           | Table columns: ['SYMBOL', 'SECTOR', 'LISTED IN', 'LDCP', 'OPEN', 'HIGH', 'LOW', 'CURRENT', 'CHANGE', 'CHANGE (%)', 'VOLUME']
2026-09-16 16:22:04 | DEBUG    | parse_html           | Table shape: (496, 11)
2026-09-16 16:22:04 | INFO     | parse_html           | ✅ HTML parsed successfully (496 rows)
2026-09-16 16:22:04 | INFO     | clean_data           | Cleaning data...
2026-09-16 16:22:04 | DEBUG    | clean_data           | Initial shape: (496, 11)
2026-09-16 16:22:04 | DEBUG    | clean_data           | Initial columns: ['SYMBOL', 'SECTOR', 'LISTED IN', 'LDCP', 'OPEN', 'HIGH', 'LOW', 'CURRENT', 'CHANGE', 'CHANGE (%)', 'VOLUME']
2026-09-16 16:22:04 | DEBUG    | clean_data           | Removed 'LISTED IN' column
2026-09-16 16:22:04 | DEBUG    | clean_data           | Converted LDCP from float64 to numeric
2026-09-16 16:22:04 | DEBUG    | clean_data           | Converted OPEN from float64 to numeric
2026-09-16 16:22:04 | DEBUG    | clean_data           | Converted HIGH from float64 to numeric
2026-09-16 16:22:04 | DEBUG    | clean_data           | Converted LOW from float64 to numeric
2026-09-16 16:22:04 | DEBUG    | clean_data           | Converted CURRENT from float64 to numeric
2026-09-16 16:22:04 | DEBUG    | clean_data           | Converted CHANGE from float64 to numeric
2026-09-16 16:22:04 | WARNING  | clean_data           | Column CHANGE (%): 496 values could not be converted to numeric
2026-09-16 16:22:04 | DEBUG    | clean_data           | Converted CHANGE (%) from str to numeric
2026-09-16 16:22:04 | DEBUG    | clean_data           | Converted VOLUME from int64 to numeric
2026-09-16 16:22:04 | INFO     | clean_data           | ✅ Data cleaned (496 rows, 16 columns)
2026-09-16 16:22:04 | DEBUG    | clean_data           | Final columns: ['SYMBOL', 'SECTOR', 'LDCP', 'OPEN', 'HIGH', 'LOW', 'CURRENT', 'CHANGE', 'CHANGE (%)', 'VOLUME', 'YEAR', 'MONTH', 'DAY', 'HOUR', 'MINUTE', 'DATETIME']
2026-09-16 16:22:04 | DEBUG    | get_file_path        | Generated file path: data/2026/09/2026-09-16.xlsx
2026-09-16 16:22:04 | INFO     | save_data            | Saving data to: data/2026/09/2026-09-16.xlsx
2026-09-16 16:22:04 | DEBUG    | _create_backup       | Backup created: data/2026/09/backups/2026-09-16_backup_20260916_162204.xlsx
2026-09-16 16:22:04 | DEBUG    | _cleanup_old_backups | Removed old backup: 2026-09-16_backup_20260916_155544.xlsx
2026-09-16 16:22:04 | DEBUG    | save_data            | Existing file found, merging data...
2026-09-16 16:22:08 | DEBUG    | save_data            | Loaded 36381 existing rows
2026-09-16 16:22:08 | DEBUG    | save_data            | Combined to 36877 rows
2026-09-16 16:22:08 | DEBUG    | save_data            | Writing to temporary file...
2026-09-16 16:22:14 | DEBUG    | save_data            | Data written to temp file: /home/runner/work/Thalorae-BackLioraen/Thalorae-BackLioraen/data/2026/09/tmpriqdltjx.xlsx
2026-09-16 16:22:14 | DEBUG    | save_data            | Temp file moved to final location
2026-09-16 16:22:14 | INFO     | save_data            | ✅ Data saved successfully (36877 total rows, 2,720,580 bytes)
2026-09-16 16:22:14 | INFO     | run                  | ======================================================================
2026-09-16 16:22:14 | INFO     | run                  | 📊 EXECUTION SUMMARY:
2026-09-16 16:22:14 | INFO     | run                  |    ✅ Status: SUCCESS
2026-09-16 16:22:14 | INFO     | run                  |    - Rows processed: 496
2026-09-16 16:22:14 | INFO     | run                  |    - Unique symbols: 496
2026-09-16 16:22:14 | INFO     | run                  |    - Timestamp: 2026-09-16 21:21:58
2026-09-16 16:22:14 | INFO     | run                  |    - File: data/2026/09/2026-09-16.xlsx
2026-09-16 16:22:14 | INFO     | run                  | ======================================================================
2026-09-16 16:22:14 | DEBUG    | run                  | Sample data (first row):
2026-09-16 16:22:14 | DEBUG    | run                  | {'SYMBOL': 'WTLNC', 'SECTOR': 828, 'LDCP': 1.06, 'OPEN': 1.05, 'HIGH': 1.1, 'LOW': 1.0, 'CURRENT': 1.02, 'CHANGE': -0.04, 'CHANGE (%)': nan, 'VOLUME': 40029812, 'YEAR': 2026, 'MONTH': 9, 'DAY': 16, 'HOUR': 21, 'MINUTE': 21, 'DATETIME': '2026-09-16 21:21'}
2026-09-16 16:22:14 | DEBUG    | close                | Session closed
2026-09-16 16:27:15 | INFO     | run                  | ======================================================================
2026-09-16 16:27:15 | INFO     | run                  | 🚀 MARKET DATA SCRAPER - SINGLE EXECUTION
2026-09-16 16:27:15 | INFO     | run                  | ======================================================================
2026-09-16 16:27:15 | INFO     | run                  | Execution Time: 2026-09-16 21:27:15 PKT
2026-09-16 16:27:15 | INFO     | run                  | Configuration:
2026-09-16 16:27:15 | INFO     | run                  |    - Timezone: Asia/Karachi
2026-09-16 16:27:15 | INFO     | run                  |    - Data directory: data
2026-09-16 16:27:15 | INFO     | run                  |    - Log directory: logs
2026-09-16 16:27:15 | INFO     | run                  |    - Excluded symbols: {'XR', 'XD', 'XS', 'XT'}
2026-09-16 16:27:15 | INFO     | run                  | ======================================================================
2026-09-16 16:27:15 | INFO     | fetch_data           | Fetching data (Attempt 1/3)...
2026-09-16 16:27:15 | DEBUG    | fetch_data           | Establishing session with https://dps.psx.com.pk/
2026-09-16 16:27:19 | DEBUG    | fetch_data           | Requesting data from https://dps.psx.com.pk/market-watch
2026-09-16 16:27:21 | DEBUG    | fetch_data           | Response status: 200
2026-09-16 16:27:21 | DEBUG    | fetch_data           | Response content type: text/html; charset=utf-8
2026-09-16 16:27:21 | DEBUG    | fetch_data           | Response size: 475060 bytes
2026-09-16 16:27:21 | INFO     | fetch_data           | ✅ Data fetched successfully (Status: 200)
2026-09-16 16:27:21 | DEBUG    | parse_json           | Attempting JSON parsing...
2026-09-16 16:27:21 | DEBUG    | parse_json           | Response preview: <table class="tbl" data-page-length="25"><thead class="tbl__head"><!-- tr--><!--   th(colspan="11")--><!--   th.center(colspan="2", style="width: 110px;") TOTAL BUY ORDERS--><!--   th.center(colspan="2", style="width: 110px;") TOTAL SELL ORDERS--><tr><th data-name="symbol">SYMBOL</th><th data-name="sector">SECTOR</th><th data-name="listed">LISTED IN</th><th class="right" data-name="ldcp">LDCP</th><th class="right" data-name="open">OPEN</th><th class="right" data-name="high">HIGH</th><th class="r
2026-09-16 16:27:21 | WARNING  | parse_json           | ⚠️ JSON parsing failed: Expecting value: line 1 column 1 (char 0)
2026-09-16 16:27:21 | INFO     | run                  | JSON parsing failed, trying HTML fallback...
2026-09-16 16:27:21 | INFO     | parse_html           | Attempting HTML fallback parsing...
2026-09-16 16:27:21 | DEBUG    | parse_html           | Found 1 table(s) in HTML
2026-09-16 16:27:21 | DEBUG    | parse_html           | Table columns: ['SYMBOL', 'SECTOR', 'LISTED IN', 'LDCP', 'OPEN', 'HIGH', 'LOW', 'CURRENT', 'CHANGE', 'CHANGE (%)', 'VOLUME']
2026-09-16 16:27:21 | DEBUG    | parse_html           | Table shape: (496, 11)
2026-09-16 16:27:21 | INFO     | parse_html           | ✅ HTML parsed successfully (496 rows)
2026-09-16 16:27:21 | INFO     | clean_data           | Cleaning data...
2026-09-16 16:27:21 | DEBUG    | clean_data           | Initial shape: (496, 11)
2026-09-16 16:27:21 | DEBUG    | clean_data           | Initial columns: ['SYMBOL', 'SECTOR', 'LISTED IN', 'LDCP', 'OPEN', 'HIGH', 'LOW', 'CURRENT', 'CHANGE', 'CHANGE (%)', 'VOLUME']
2026-09-16 16:27:21 | DEBUG    | clean_data           | Removed 'LISTED IN' column
2026-09-16 16:27:21 | DEBUG    | clean_data           | Converted LDCP from float64 to numeric
2026-09-16 16:27:21 | DEBUG    | clean_data           | Converted OPEN from float64 to numeric
2026-09-16 16:27:21 | DEBUG    | clean_data           | Converted HIGH from float64 to numeric
2026-09-16 16:27:21 | DEBUG    | clean_data           | Converted LOW from float64 to numeric
2026-09-16 16:27:21 | DEBUG    | clean_data           | Converted CURRENT from float64 to numeric
2026-09-16 16:27:21 | DEBUG    | clean_data           | Converted CHANGE from float64 to numeric
2026-09-16 16:27:21 | WARNING  | clean_data           | Column CHANGE (%): 496 values could not be converted to numeric
2026-09-16 16:27:21 | DEBUG    | clean_data           | Converted CHANGE (%) from str to numeric
2026-09-16 16:27:21 | DEBUG    | clean_data           | Converted VOLUME from int64 to numeric
2026-09-16 16:27:21 | INFO     | clean_data           | ✅ Data cleaned (496 rows, 16 columns)
2026-09-16 16:27:21 | DEBUG    | clean_data           | Final columns: ['SYMBOL', 'SECTOR', 'LDCP', 'OPEN', 'HIGH', 'LOW', 'CURRENT', 'CHANGE', 'CHANGE (%)', 'VOLUME', 'YEAR', 'MONTH', 'DAY', 'HOUR', 'MINUTE', 'DATETIME']
2026-09-16 16:27:21 | DEBUG    | get_file_path        | Generated file path: data/2026/09/2026-09-16.xlsx
2026-09-16 16:27:21 | INFO     | save_data            | Saving data to: data/2026/09/2026-09-16.xlsx
2026-09-16 16:27:21 | DEBUG    | _create_backup       | Backup created: data/2026/09/backups/2026-09-16_backup_20260916_162721.xlsx
2026-09-16 16:27:21 | DEBUG    | _cleanup_old_backups | Removed old backup: 2026-09-16_backup_20260916_160059.xlsx
2026-09-16 16:27:21 | DEBUG    | save_data            | Existing file found, merging data...
2026-09-16 16:27:25 | DEBUG    | save_data            | Loaded 36877 existing rows
2026-09-16 16:27:25 | DEBUG    | save_data            | Combined to 37373 rows
2026-09-16 16:27:25 | DEBUG    | save_data            | Writing to temporary file...
2026-09-16 16:27:32 | DEBUG    | save_data            | Data written to temp file: /home/runner/work/Thalorae-BackLioraen/Thalorae-BackLioraen/data/2026/09/tmpmx944e03.xlsx
2026-09-16 16:27:32 | DEBUG    | save_data            | Temp file moved to final location
2026-09-16 16:27:32 | INFO     | save_data            | ✅ Data saved successfully (37373 total rows, 2,757,793 bytes)
2026-09-16 16:27:32 | INFO     | run                  | ======================================================================
2026-09-16 16:27:32 | INFO     | run                  | 📊 EXECUTION SUMMARY:
2026-09-16 16:27:32 | INFO     | run                  |    ✅ Status: SUCCESS
2026-09-16 16:27:32 | INFO     | run                  |    - Rows processed: 496
2026-09-16 16:27:32 | INFO     | run                  |    - Unique symbols: 496
2026-09-16 16:27:32 | INFO     | run                  |    - Timestamp: 2026-09-16 21:27:15
2026-09-16 16:27:32 | INFO     | run                  |    - File: data/2026/09/2026-09-16.xlsx
2026-09-16 16:27:32 | INFO     | run                  | ======================================================================
2026-09-16 16:27:32 | DEBUG    | run                  | Sample data (first row):
2026-09-16 16:27:32 | DEBUG    | run                  | {'SYMBOL': 'WTLNC', 'SECTOR': 828, 'LDCP': 1.06, 'OPEN': 1.05, 'HIGH': 1.1, 'LOW': 1.0, 'CURRENT': 1.02, 'CHANGE': -0.04, 'CHANGE (%)': nan, 'VOLUME': 40029812, 'YEAR': 2026, 'MONTH': 9, 'DAY': 16, 'HOUR': 21, 'MINUTE': 27, 'DATETIME': '2026-09-16 21:27'}
2026-09-16 16:27:32 | DEBUG    | close                | Session closed
2026-09-16 16:32:33 | INFO     | run                  | ======================================================================
2026-09-16 16:32:33 | INFO     | run                  | 🚀 MARKET DATA SCRAPER - SINGLE EXECUTION
2026-09-16 16:32:33 | INFO     | run                  | ======================================================================
2026-09-16 16:32:33 | INFO     | run                  | Execution Time: 2026-09-16 21:32:33 PKT
2026-09-16 16:32:33 | INFO     | run                  | Configuration:
2026-09-16 16:32:33 | INFO     | run                  |    - Timezone: Asia/Karachi
2026-09-16 16:32:33 | INFO     | run                  |    - Data directory: data
2026-09-16 16:32:33 | INFO     | run                  |    - Log directory: logs
2026-09-16 16:32:33 | INFO     | run                  |    - Excluded symbols: {'XT', 'XR', 'XS', 'XD'}
2026-09-16 16:32:33 | INFO     | run                  | ======================================================================
2026-09-16 16:32:33 | INFO     | fetch_data           | Fetching data (Attempt 1/3)...
2026-09-16 16:32:33 | DEBUG    | fetch_data           | Establishing session with https://dps.psx.com.pk/
2026-09-16 16:32:36 | DEBUG    | fetch_data           | Requesting data from https://dps.psx.com.pk/market-watch
2026-09-16 16:32:37 | DEBUG    | fetch_data           | Response status: 200
2026-09-16 16:32:37 | DEBUG    | fetch_data           | Response content type: text/html; charset=utf-8
2026-09-16 16:32:37 | DEBUG    | fetch_data           | Response size: 475060 bytes
2026-09-16 16:32:37 | INFO     | fetch_data           | ✅ Data fetched successfully (Status: 200)
2026-09-16 16:32:37 | DEBUG    | parse_json           | Attempting JSON parsing...
2026-09-16 16:32:37 | DEBUG    | parse_json           | Response preview: <table class="tbl" data-page-length="25"><thead class="tbl__head"><!-- tr--><!--   th(colspan="11")--><!--   th.center(colspan="2", style="width: 110px;") TOTAL BUY ORDERS--><!--   th.center(colspan="2", style="width: 110px;") TOTAL SELL ORDERS--><tr><th data-name="symbol">SYMBOL</th><th data-name="sector">SECTOR</th><th data-name="listed">LISTED IN</th><th class="right" data-name="ldcp">LDCP</th><th class="right" data-name="open">OPEN</th><th class="right" data-name="high">HIGH</th><th class="r
2026-09-16 16:32:37 | WARNING  | parse_json           | ⚠️ JSON parsing failed: Expecting value: line 1 column 1 (char 0)
2026-09-16 16:32:37 | INFO     | run                  | JSON parsing failed, trying HTML fallback...
2026-09-16 16:32:37 | INFO     | parse_html           | Attempting HTML fallback parsing...
2026-09-16 16:32:37 | DEBUG    | parse_html           | Found 1 table(s) in HTML
2026-09-16 16:32:37 | DEBUG    | parse_html           | Table columns: ['SYMBOL', 'SECTOR', 'LISTED IN', 'LDCP', 'OPEN', 'HIGH', 'LOW', 'CURRENT', 'CHANGE', 'CHANGE (%)', 'VOLUME']
2026-09-16 16:32:37 | DEBUG    | parse_html           | Table shape: (496, 11)
2026-09-16 16:32:37 | INFO     | parse_html           | ✅ HTML parsed successfully (496 rows)
2026-09-16 16:32:37 | INFO     | clean_data           | Cleaning data...
2026-09-16 16:32:37 | DEBUG    | clean_data           | Initial shape: (496, 11)
2026-09-16 16:32:37 | DEBUG    | clean_data           | Initial columns: ['SYMBOL', 'SECTOR', 'LISTED IN', 'LDCP', 'OPEN', 'HIGH', 'LOW', 'CURRENT', 'CHANGE', 'CHANGE (%)', 'VOLUME']
2026-09-16 16:32:37 | DEBUG    | clean_data           | Removed 'LISTED IN' column
2026-09-16 16:32:37 | DEBUG    | clean_data           | Converted LDCP from float64 to numeric
2026-09-16 16:32:37 | DEBUG    | clean_data           | Converted OPEN from float64 to numeric
2026-09-16 16:32:37 | DEBUG    | clean_data           | Converted HIGH from float64 to numeric
2026-09-16 16:32:37 | DEBUG    | clean_data           | Converted LOW from float64 to numeric
2026-09-16 16:32:37 | DEBUG    | clean_data           | Converted CURRENT from float64 to numeric
2026-09-16 16:32:37 | DEBUG    | clean_data           | Converted CHANGE from float64 to numeric
2026-09-16 16:32:37 | WARNING  | clean_data           | Column CHANGE (%): 496 values could not be converted to numeric
2026-09-16 16:32:37 | DEBUG    | clean_data           | Converted CHANGE (%) from str to numeric
2026-09-16 16:32:37 | DEBUG    | clean_data           | Converted VOLUME from int64 to numeric
2026-09-16 16:32:37 | INFO     | clean_data           | ✅ Data cleaned (496 rows, 16 columns)
2026-09-16 16:32:37 | DEBUG    | clean_data           | Final columns: ['SYMBOL', 'SECTOR', 'LDCP', 'OPEN', 'HIGH', 'LOW', 'CURRENT', 'CHANGE', 'CHANGE (%)', 'VOLUME', 'YEAR', 'MONTH', 'DAY', 'HOUR', 'MINUTE', 'DATETIME']
2026-09-16 16:32:37 | DEBUG    | get_file_path        | Generated file path: data/2026/09/2026-09-16.xlsx
2026-09-16 16:32:37 | INFO     | save_data            | Saving data to: data/2026/09/2026-09-16.xlsx
2026-09-16 16:32:37 | DEBUG    | _create_backup       | Backup created: data/2026/09/backups/2026-09-16_backup_20260916_163237.xlsx
2026-09-16 16:32:37 | DEBUG    | _cleanup_old_backups | Removed old backup: 2026-09-16_backup_20260916_160614.xlsx
2026-09-16 16:32:37 | DEBUG    | save_data            | Existing file found, merging data...
2026-09-16 16:32:41 | DEBUG    | save_data            | Loaded 37373 existing rows
2026-09-16 16:32:41 | DEBUG    | save_data            | Combined to 37869 rows
2026-09-16 16:32:41 | DEBUG    | save_data            | Writing to temporary file...
2026-09-16 16:32:48 | DEBUG    | save_data            | Data written to temp file: /home/runner/work/Thalorae-BackLioraen/Thalorae-BackLioraen/data/2026/09/tmpttco6b9_.xlsx
2026-09-16 16:32:48 | DEBUG    | save_data            | Temp file moved to final location
2026-09-16 16:32:48 | INFO     | save_data            | ✅ Data saved successfully (37869 total rows, 2,794,944 bytes)
2026-09-16 16:32:48 | INFO     | run                  | ======================================================================
2026-09-16 16:32:48 | INFO     | run                  | 📊 EXECUTION SUMMARY:
2026-09-16 16:32:48 | INFO     | run                  |    ✅ Status: SUCCESS
2026-09-16 16:32:48 | INFO     | run                  |    - Rows processed: 496
2026-09-16 16:32:48 | INFO     | run                  |    - Unique symbols: 496
2026-09-16 16:32:48 | INFO     | run                  |    - Timestamp: 2026-09-16 21:32:33
2026-09-16 16:32:48 | INFO     | run                  |    - File: data/2026/09/2026-09-16.xlsx
2026-09-16 16:32:48 | INFO     | run                  | ======================================================================
2026-09-16 16:32:48 | DEBUG    | run                  | Sample data (first row):
2026-09-16 16:32:48 | DEBUG    | run                  | {'SYMBOL': 'WTLNC', 'SECTOR': 828, 'LDCP': 1.06, 'OPEN': 1.05, 'HIGH': 1.1, 'LOW': 1.0, 'CURRENT': 1.02, 'CHANGE': -0.04, 'CHANGE (%)': nan, 'VOLUME': 40029812, 'YEAR': 2026, 'MONTH': 9, 'DAY': 16, 'HOUR': 21, 'MINUTE': 32, 'DATETIME': '2026-09-16 21:32'}
2026-09-16 16:32:48 | DEBUG    | close                | Session closed
2026-09-16 16:37:49 | INFO     | run                  | ======================================================================
2026-09-16 16:37:49 | INFO     | run                  | 🚀 MARKET DATA SCRAPER - SINGLE EXECUTION
2026-09-16 16:37:49 | INFO     | run                  | ======================================================================
2026-09-16 16:37:49 | INFO     | run                  | Execution Time: 2026-09-16 21:37:49 PKT
2026-09-16 16:37:49 | INFO     | run                  | Configuration:
2026-09-16 16:37:49 | INFO     | run                  |    - Timezone: Asia/Karachi
2026-09-16 16:37:49 | INFO     | run                  |    - Data directory: data
2026-09-16 16:37:49 | INFO     | run                  |    - Log directory: logs
2026-09-16 16:37:49 | INFO     | run                  |    - Excluded symbols: {'XR', 'XT', 'XS', 'XD'}
2026-09-16 16:37:49 | INFO     | run                  | ======================================================================
2026-09-16 16:37:49 | INFO     | fetch_data           | Fetching data (Attempt 1/3)...
2026-09-16 16:37:49 | DEBUG    | fetch_data           | Establishing session with https://dps.psx.com.pk/
2026-09-16 16:37:53 | DEBUG    | fetch_data           | Requesting data from https://dps.psx.com.pk/market-watch
2026-09-16 16:37:55 | DEBUG    | fetch_data           | Response status: 200
2026-09-16 16:37:55 | DEBUG    | fetch_data           | Response content type: text/html; charset=utf-8
2026-09-16 16:37:55 | DEBUG    | fetch_data           | Response size: 475060 bytes
2026-09-16 16:37:55 | INFO     | fetch_data           | ✅ Data fetched successfully (Status: 200)
2026-09-16 16:37:55 | DEBUG    | parse_json           | Attempting JSON parsing...
2026-09-16 16:37:55 | DEBUG    | parse_json           | Response preview: <table class="tbl" data-page-length="25"><thead class="tbl__head"><!-- tr--><!--   th(colspan="11")--><!--   th.center(colspan="2", style="width: 110px;") TOTAL BUY ORDERS--><!--   th.center(colspan="2", style="width: 110px;") TOTAL SELL ORDERS--><tr><th data-name="symbol">SYMBOL</th><th data-name="sector">SECTOR</th><th data-name="listed">LISTED IN</th><th class="right" data-name="ldcp">LDCP</th><th class="right" data-name="open">OPEN</th><th class="right" data-name="high">HIGH</th><th class="r
2026-09-16 16:37:55 | WARNING  | parse_json           | ⚠️ JSON parsing failed: Expecting value: line 1 column 1 (char 0)
2026-09-16 16:37:55 | INFO     | run                  | JSON parsing failed, trying HTML fallback...
2026-09-16 16:37:55 | INFO     | parse_html           | Attempting HTML fallback parsing...
2026-09-16 16:37:55 | DEBUG    | parse_html           | Found 1 table(s) in HTML
2026-09-16 16:37:55 | DEBUG    | parse_html           | Table columns: ['SYMBOL', 'SECTOR', 'LISTED IN', 'LDCP', 'OPEN', 'HIGH', 'LOW', 'CURRENT', 'CHANGE', 'CHANGE (%)', 'VOLUME']
2026-09-16 16:37:55 | DEBUG    | parse_html           | Table shape: (496, 11)
2026-09-16 16:37:55 | INFO     | parse_html           | ✅ HTML parsed successfully (496 rows)
2026-09-16 16:37:55 | INFO     | clean_data           | Cleaning data...
2026-09-16 16:37:55 | DEBUG    | clean_data           | Initial shape: (496, 11)
2026-09-16 16:37:55 | DEBUG    | clean_data           | Initial columns: ['SYMBOL', 'SECTOR', 'LISTED IN', 'LDCP', 'OPEN', 'HIGH', 'LOW', 'CURRENT', 'CHANGE', 'CHANGE (%)', 'VOLUME']
2026-09-16 16:37:55 | DEBUG    | clean_data           | Removed 'LISTED IN' column
2026-09-16 16:37:55 | DEBUG    | clean_data           | Converted LDCP from float64 to numeric
2026-09-16 16:37:55 | DEBUG    | clean_data           | Converted OPEN from float64 to numeric
2026-09-16 16:37:55 | DEBUG    | clean_data           | Converted HIGH from float64 to numeric
2026-09-16 16:37:55 | DEBUG    | clean_data           | Converted LOW from float64 to numeric
2026-09-16 16:37:55 | DEBUG    | clean_data           | Converted CURRENT from float64 to numeric
2026-09-16 16:37:55 | DEBUG    | clean_data           | Converted CHANGE from float64 to numeric
2026-09-16 16:37:55 | WARNING  | clean_data           | Column CHANGE (%): 496 values could not be converted to numeric
2026-09-16 16:37:55 | DEBUG    | clean_data           | Converted CHANGE (%) from str to numeric
2026-09-16 16:37:55 | DEBUG    | clean_data           | Converted VOLUME from int64 to numeric
2026-09-16 16:37:55 | INFO     | clean_data           | ✅ Data cleaned (496 rows, 16 columns)
2026-09-16 16:37:55 | DEBUG    | clean_data           | Final columns: ['SYMBOL', 'SECTOR', 'LDCP', 'OPEN', 'HIGH', 'LOW', 'CURRENT', 'CHANGE', 'CHANGE (%)', 'VOLUME', 'YEAR', 'MONTH', 'DAY', 'HOUR', 'MINUTE', 'DATETIME']
2026-09-16 16:37:55 | DEBUG    | get_file_path        | Generated file path: data/2026/09/2026-09-16.xlsx
2026-09-16 16:37:55 | INFO     | save_data            | Saving data to: data/2026/09/2026-09-16.xlsx
2026-09-16 16:37:55 | DEBUG    | _create_backup       | Backup created: data/2026/09/backups/2026-09-16_backup_20260916_163755.xlsx
2026-09-16 16:37:55 | DEBUG    | _cleanup_old_backups | Removed old backup: 2026-09-16_backup_20260916_161131.xlsx
2026-09-16 16:37:55 | DEBUG    | save_data            | Existing file found, merging data...
2026-09-16 16:37:59 | DEBUG    | save_data            | Loaded 37869 existing rows
2026-09-16 16:37:59 | DEBUG    | save_data            | Combined to 38365 rows
2026-09-16 16:37:59 | DEBUG    | save_data            | Writing to temporary file...
2026-09-16 16:38:06 | DEBUG    | save_data            | Data written to temp file: /home/runner/work/Thalorae-BackLioraen/Thalorae-BackLioraen/data/2026/09/tmpnf66bm20.xlsx
2026-09-16 16:38:06 | DEBUG    | save_data            | Temp file moved to final location
2026-09-16 16:38:06 | INFO     | save_data            | ✅ Data saved successfully (38365 total rows, 2,832,055 bytes)
2026-09-16 16:38:06 | INFO     | run                  | ======================================================================
2026-09-16 16:38:06 | INFO     | run                  | 📊 EXECUTION SUMMARY:
2026-09-16 16:38:06 | INFO     | run                  |    ✅ Status: SUCCESS
2026-09-16 16:38:06 | INFO     | run                  |    - Rows processed: 496
2026-09-16 16:38:06 | INFO     | run                  |    - Unique symbols: 496
2026-09-16 16:38:06 | INFO     | run                  |    - Timestamp: 2026-09-16 21:37:49
2026-09-16 16:38:06 | INFO     | run                  |    - File: data/2026/09/2026-09-16.xlsx
2026-09-16 16:38:06 | INFO     | run                  | ======================================================================
2026-09-16 16:38:06 | DEBUG    | run                  | Sample data (first row):
2026-09-16 16:38:06 | DEBUG    | run                  | {'SYMBOL': 'WTLNC', 'SECTOR': 828, 'LDCP': 1.06, 'OPEN': 1.05, 'HIGH': 1.1, 'LOW': 1.0, 'CURRENT': 1.02, 'CHANGE': -0.04, 'CHANGE (%)': nan, 'VOLUME': 40029812, 'YEAR': 2026, 'MONTH': 9, 'DAY': 16, 'HOUR': 21, 'MINUTE': 37, 'DATETIME': '2026-09-16 21:37'}
2026-09-16 16:38:06 | DEBUG    | close                | Session closed
2026-09-16 16:43:07 | INFO     | run                  | ======================================================================
2026-09-16 16:43:07 | INFO     | run                  | 🚀 MARKET DATA SCRAPER - SINGLE EXECUTION
2026-09-16 16:43:07 | INFO     | run                  | ======================================================================
2026-09-16 16:43:07 | INFO     | run                  | Execution Time: 2026-09-16 21:43:07 PKT
2026-09-16 16:43:07 | INFO     | run                  | Configuration:
2026-09-16 16:43:07 | INFO     | run                  |    - Timezone: Asia/Karachi
2026-09-16 16:43:07 | INFO     | run                  |    - Data directory: data
2026-09-16 16:43:07 | INFO     | run                  |    - Log directory: logs
2026-09-16 16:43:07 | INFO     | run                  |    - Excluded symbols: {'XD', 'XS', 'XR', 'XT'}
2026-09-16 16:43:07 | INFO     | run                  | ======================================================================
2026-09-16 16:43:07 | INFO     | fetch_data           | Fetching data (Attempt 1/3)...
2026-09-16 16:43:07 | DEBUG    | fetch_data           | Establishing session with https://dps.psx.com.pk/
2026-09-16 16:43:11 | DEBUG    | fetch_data           | Requesting data from https://dps.psx.com.pk/market-watch
2026-09-16 16:43:12 | DEBUG    | fetch_data           | Response status: 200
2026-09-16 16:43:12 | DEBUG    | fetch_data           | Response content type: text/html; charset=utf-8
2026-09-16 16:43:12 | DEBUG    | fetch_data           | Response size: 475060 bytes
2026-09-16 16:43:12 | INFO     | fetch_data           | ✅ Data fetched successfully (Status: 200)
2026-09-16 16:43:12 | DEBUG    | parse_json           | Attempting JSON parsing...
2026-09-16 16:43:12 | DEBUG    | parse_json           | Response preview: <table class="tbl" data-page-length="25"><thead class="tbl__head"><!-- tr--><!--   th(colspan="11")--><!--   th.center(colspan="2", style="width: 110px;") TOTAL BUY ORDERS--><!--   th.center(colspan="2", style="width: 110px;") TOTAL SELL ORDERS--><tr><th data-name="symbol">SYMBOL</th><th data-name="sector">SECTOR</th><th data-name="listed">LISTED IN</th><th class="right" data-name="ldcp">LDCP</th><th class="right" data-name="open">OPEN</th><th class="right" data-name="high">HIGH</th><th class="r
2026-09-16 16:43:12 | WARNING  | parse_json           | ⚠️ JSON parsing failed: Expecting value: line 1 column 1 (char 0)
2026-09-16 16:43:12 | INFO     | run                  | JSON parsing failed, trying HTML fallback...
2026-09-16 16:43:12 | INFO     | parse_html           | Attempting HTML fallback parsing...
2026-09-16 16:43:12 | DEBUG    | parse_html           | Found 1 table(s) in HTML
2026-09-16 16:43:12 | DEBUG    | parse_html           | Table columns: ['SYMBOL', 'SECTOR', 'LISTED IN', 'LDCP', 'OPEN', 'HIGH', 'LOW', 'CURRENT', 'CHANGE', 'CHANGE (%)', 'VOLUME']
2026-09-16 16:43:12 | DEBUG    | parse_html           | Table shape: (496, 11)
2026-09-16 16:43:12 | INFO     | parse_html           | ✅ HTML parsed successfully (496 rows)
2026-09-16 16:43:12 | INFO     | clean_data           | Cleaning data...
2026-09-16 16:43:12 | DEBUG    | clean_data           | Initial shape: (496, 11)
2026-09-16 16:43:12 | DEBUG    | clean_data           | Initial columns: ['SYMBOL', 'SECTOR', 'LISTED IN', 'LDCP', 'OPEN', 'HIGH', 'LOW', 'CURRENT', 'CHANGE', 'CHANGE (%)', 'VOLUME']
2026-09-16 16:43:12 | DEBUG    | clean_data           | Removed 'LISTED IN' column
2026-09-16 16:43:12 | DEBUG    | clean_data           | Converted LDCP from float64 to numeric
2026-09-16 16:43:12 | DEBUG    | clean_data           | Converted OPEN from float64 to numeric
2026-09-16 16:43:12 | DEBUG    | clean_data           | Converted HIGH from float64 to numeric
2026-09-16 16:43:12 | DEBUG    | clean_data           | Converted LOW from float64 to numeric
2026-09-16 16:43:12 | DEBUG    | clean_data           | Converted CURRENT from float64 to numeric
2026-09-16 16:43:12 | DEBUG    | clean_data           | Converted CHANGE from float64 to numeric
2026-09-16 16:43:12 | WARNING  | clean_data           | Column CHANGE (%): 496 values could not be converted to numeric
2026-09-16 16:43:12 | DEBUG    | clean_data           | Converted CHANGE (%) from str to numeric
2026-09-16 16:43:12 | DEBUG    | clean_data           | Converted VOLUME from int64 to numeric
2026-09-16 16:43:12 | INFO     | clean_data           | ✅ Data cleaned (496 rows, 16 columns)
2026-09-16 16:43:12 | DEBUG    | clean_data           | Final columns: ['SYMBOL', 'SECTOR', 'LDCP', 'OPEN', 'HIGH', 'LOW', 'CURRENT', 'CHANGE', 'CHANGE (%)', 'VOLUME', 'YEAR', 'MONTH', 'DAY', 'HOUR', 'MINUTE', 'DATETIME']
2026-09-16 16:43:12 | DEBUG    | get_file_path        | Generated file path: data/2026/09/2026-09-16.xlsx
2026-09-16 16:43:12 | INFO     | save_data            | Saving data to: data/2026/09/2026-09-16.xlsx
2026-09-16 16:43:12 | DEBUG    | _create_backup       | Backup created: data/2026/09/backups/2026-09-16_backup_20260916_164312.xlsx
2026-09-16 16:43:12 | DEBUG    | _cleanup_old_backups | Removed old backup: 2026-09-16_backup_20260916_161647.xlsx
2026-09-16 16:43:12 | DEBUG    | save_data            | Existing file found, merging data...
2026-09-16 16:43:17 | DEBUG    | save_data            | Loaded 38365 existing rows
2026-09-16 16:43:17 | DEBUG    | save_data            | Combined to 38861 rows
2026-09-16 16:43:17 | DEBUG    | save_data            | Writing to temporary file...
2026-09-16 16:43:24 | DEBUG    | save_data            | Data written to temp file: /home/runner/work/Thalorae-BackLioraen/Thalorae-BackLioraen/data/2026/09/tmpc_5_0wpo.xlsx
2026-09-16 16:43:24 | DEBUG    | save_data            | Temp file moved to final location
2026-09-16 16:43:24 | INFO     | save_data            | ✅ Data saved successfully (38861 total rows, 2,869,205 bytes)
2026-09-16 16:43:24 | INFO     | run                  | ======================================================================
2026-09-16 16:43:24 | INFO     | run                  | 📊 EXECUTION SUMMARY:
2026-09-16 16:43:24 | INFO     | run                  |    ✅ Status: SUCCESS
2026-09-16 16:43:24 | INFO     | run                  |    - Rows processed: 496
2026-09-16 16:43:24 | INFO     | run                  |    - Unique symbols: 496
2026-09-16 16:43:24 | INFO     | run                  |    - Timestamp: 2026-09-16 21:43:07
2026-09-16 16:43:24 | INFO     | run                  |    - File: data/2026/09/2026-09-16.xlsx
2026-09-16 16:43:24 | INFO     | run                  | ======================================================================
2026-09-16 16:43:24 | DEBUG    | run                  | Sample data (first row):
2026-09-16 16:43:24 | DEBUG    | run                  | {'SYMBOL': 'WTLNC', 'SECTOR': 828, 'LDCP': 1.06, 'OPEN': 1.05, 'HIGH': 1.1, 'LOW': 1.0, 'CURRENT': 1.02, 'CHANGE': -0.04, 'CHANGE (%)': nan, 'VOLUME': 40029812, 'YEAR': 2026, 'MONTH': 9, 'DAY': 16, 'HOUR': 21, 'MINUTE': 43, 'DATETIME': '2026-09-16 21:43'}
2026-09-16 16:43:24 | DEBUG    | close                | Session closed
2026-09-16 16:48:24 | INFO     | run                  | ======================================================================
2026-09-16 16:48:24 | INFO     | run                  | 🚀 MARKET DATA SCRAPER - SINGLE EXECUTION
2026-09-16 16:48:24 | INFO     | run                  | ======================================================================
2026-09-16 16:48:24 | INFO     | run                  | Execution Time: 2026-09-16 21:48:24 PKT
2026-09-16 16:48:24 | INFO     | run                  | Configuration:
2026-09-16 16:48:24 | INFO     | run                  |    - Timezone: Asia/Karachi
2026-09-16 16:48:24 | INFO     | run                  |    - Data directory: data
2026-09-16 16:48:24 | INFO     | run                  |    - Log directory: logs
2026-09-16 16:48:24 | INFO     | run                  |    - Excluded symbols: {'XD', 'XT', 'XR', 'XS'}
2026-09-16 16:48:24 | INFO     | run                  | ======================================================================
2026-09-16 16:48:24 | INFO     | fetch_data           | Fetching data (Attempt 1/3)...
2026-09-16 16:48:24 | DEBUG    | fetch_data           | Establishing session with https://dps.psx.com.pk/
2026-09-16 16:48:28 | DEBUG    | fetch_data           | Requesting data from https://dps.psx.com.pk/market-watch
2026-09-16 16:48:30 | DEBUG    | fetch_data           | Response status: 200
2026-09-16 16:48:30 | DEBUG    | fetch_data           | Response content type: text/html; charset=utf-8
2026-09-16 16:48:30 | DEBUG    | fetch_data           | Response size: 475060 bytes
2026-09-16 16:48:30 | INFO     | fetch_data           | ✅ Data fetched successfully (Status: 200)
2026-09-16 16:48:30 | DEBUG    | parse_json           | Attempting JSON parsing...
2026-09-16 16:48:30 | DEBUG    | parse_json           | Response preview: <table class="tbl" data-page-length="25"><thead class="tbl__head"><!-- tr--><!--   th(colspan="11")--><!--   th.center(colspan="2", style="width: 110px;") TOTAL BUY ORDERS--><!--   th.center(colspan="2", style="width: 110px;") TOTAL SELL ORDERS--><tr><th data-name="symbol">SYMBOL</th><th data-name="sector">SECTOR</th><th data-name="listed">LISTED IN</th><th class="right" data-name="ldcp">LDCP</th><th class="right" data-name="open">OPEN</th><th class="right" data-name="high">HIGH</th><th class="r
2026-09-16 16:48:30 | WARNING  | parse_json           | ⚠️ JSON parsing failed: Expecting value: line 1 column 1 (char 0)
2026-09-16 16:48:30 | INFO     | run                  | JSON parsing failed, trying HTML fallback...
2026-09-16 16:48:30 | INFO     | parse_html           | Attempting HTML fallback parsing...
2026-09-16 16:48:30 | DEBUG    | parse_html           | Found 1 table(s) in HTML
2026-09-16 16:48:30 | DEBUG    | parse_html           | Table columns: ['SYMBOL', 'SECTOR', 'LISTED IN', 'LDCP', 'OPEN', 'HIGH', 'LOW', 'CURRENT', 'CHANGE', 'CHANGE (%)', 'VOLUME']
2026-09-16 16:48:30 | DEBUG    | parse_html           | Table shape: (496, 11)
2026-09-16 16:48:30 | INFO     | parse_html           | ✅ HTML parsed successfully (496 rows)
2026-09-16 16:48:30 | INFO     | clean_data           | Cleaning data...
2026-09-16 16:48:30 | DEBUG    | clean_data           | Initial shape: (496, 11)
2026-09-16 16:48:30 | DEBUG    | clean_data           | Initial columns: ['SYMBOL', 'SECTOR', 'LISTED IN', 'LDCP', 'OPEN', 'HIGH', 'LOW', 'CURRENT', 'CHANGE', 'CHANGE (%)', 'VOLUME']
2026-09-16 16:48:30 | DEBUG    | clean_data           | Removed 'LISTED IN' column
2026-09-16 16:48:30 | DEBUG    | clean_data           | Converted LDCP from float64 to numeric
2026-09-16 16:48:30 | DEBUG    | clean_data           | Converted OPEN from float64 to numeric
2026-09-16 16:48:30 | DEBUG    | clean_data           | Converted HIGH from float64 to numeric
2026-09-16 16:48:30 | DEBUG    | clean_data           | Converted LOW from float64 to numeric
2026-09-16 16:48:30 | DEBUG    | clean_data           | Converted CURRENT from float64 to numeric
2026-09-16 16:48:30 | DEBUG    | clean_data           | Converted CHANGE from float64 to numeric
2026-09-16 16:48:30 | WARNING  | clean_data           | Column CHANGE (%): 496 values could not be converted to numeric
2026-09-16 16:48:30 | DEBUG    | clean_data           | Converted CHANGE (%) from str to numeric
2026-09-16 16:48:30 | DEBUG    | clean_data           | Converted VOLUME from int64 to numeric
2026-09-16 16:48:30 | INFO     | clean_data           | ✅ Data cleaned (496 rows, 16 columns)
2026-09-16 16:48:30 | DEBUG    | clean_data           | Final columns: ['SYMBOL', 'SECTOR', 'LDCP', 'OPEN', 'HIGH', 'LOW', 'CURRENT', 'CHANGE', 'CHANGE (%)', 'VOLUME', 'YEAR', 'MONTH', 'DAY', 'HOUR', 'MINUTE', 'DATETIME']
2026-09-16 16:48:30 | DEBUG    | get_file_path        | Generated file path: data/2026/09/2026-09-16.xlsx
2026-09-16 16:48:30 | INFO     | save_data            | Saving data to: data/2026/09/2026-09-16.xlsx
2026-09-16 16:48:30 | DEBUG    | _create_backup       | Backup created: data/2026/09/backups/2026-09-16_backup_20260916_164830.xlsx
2026-09-16 16:48:30 | DEBUG    | _cleanup_old_backups | Removed old backup: 2026-09-16_backup_20260916_162204.xlsx
2026-09-16 16:48:30 | DEBUG    | save_data            | Existing file found, merging data...
2026-09-16 16:48:35 | DEBUG    | save_data            | Loaded 38861 existing rows
2026-09-16 16:48:35 | DEBUG    | save_data            | Combined to 39357 rows
2026-09-16 16:48:35 | DEBUG    | save_data            | Writing to temporary file...
2026-09-16 16:48:42 | DEBUG    | save_data            | Data written to temp file: /home/runner/work/Thalorae-BackLioraen/Thalorae-BackLioraen/data/2026/09/tmp1uju3x12.xlsx
2026-09-16 16:48:42 | DEBUG    | save_data            | Temp file moved to final location
2026-09-16 16:48:42 | INFO     | save_data            | ✅ Data saved successfully (39357 total rows, 2,906,363 bytes)
2026-09-16 16:48:42 | INFO     | run                  | ======================================================================
2026-09-16 16:48:42 | INFO     | run                  | 📊 EXECUTION SUMMARY:
2026-09-16 16:48:42 | INFO     | run                  |    ✅ Status: SUCCESS
2026-09-16 16:48:42 | INFO     | run                  |    - Rows processed: 496
2026-09-16 16:48:42 | INFO     | run                  |    - Unique symbols: 496
2026-09-16 16:48:42 | INFO     | run                  |    - Timestamp: 2026-09-16 21:48:24
2026-09-16 16:48:42 | INFO     | run                  |    - File: data/2026/09/2026-09-16.xlsx
2026-09-16 16:48:42 | INFO     | run                  | ======================================================================
2026-09-16 16:48:42 | DEBUG    | run                  | Sample data (first row):
2026-09-16 16:48:42 | DEBUG    | run                  | {'SYMBOL': 'WTLNC', 'SECTOR': 828, 'LDCP': 1.06, 'OPEN': 1.05, 'HIGH': 1.1, 'LOW': 1.0, 'CURRENT': 1.02, 'CHANGE': -0.04, 'CHANGE (%)': nan, 'VOLUME': 40029812, 'YEAR': 2026, 'MONTH': 9, 'DAY': 16, 'HOUR': 21, 'MINUTE': 48, 'DATETIME': '2026-09-16 21:48'}
2026-09-16 16:48:42 | DEBUG    | close                | Session closed
2026-09-16 16:53:42 | INFO     | run                  | ======================================================================
2026-09-16 16:53:42 | INFO     | run                  | 🚀 MARKET DATA SCRAPER - SINGLE EXECUTION
2026-09-16 16:53:42 | INFO     | run                  | ======================================================================
2026-09-16 16:53:42 | INFO     | run                  | Execution Time: 2026-09-16 21:53:42 PKT
2026-09-16 16:53:42 | INFO     | run                  | Configuration:
2026-09-16 16:53:42 | INFO     | run                  |    - Timezone: Asia/Karachi
2026-09-16 16:53:42 | INFO     | run                  |    - Data directory: data
2026-09-16 16:53:42 | INFO     | run                  |    - Log directory: logs
2026-09-16 16:53:42 | INFO     | run                  |    - Excluded symbols: {'XR', 'XD', 'XT', 'XS'}
2026-09-16 16:53:42 | INFO     | run                  | ======================================================================
2026-09-16 16:53:42 | INFO     | fetch_data           | Fetching data (Attempt 1/3)...
2026-09-16 16:53:42 | DEBUG    | fetch_data           | Establishing session with https://dps.psx.com.pk/
2026-09-16 16:53:47 | DEBUG    | fetch_data           | Requesting data from https://dps.psx.com.pk/market-watch
2026-09-16 16:53:48 | DEBUG    | fetch_data           | Response status: 200
2026-09-16 16:53:48 | DEBUG    | fetch_data           | Response content type: text/html; charset=utf-8
2026-09-16 16:53:48 | DEBUG    | fetch_data           | Response size: 475060 bytes
2026-09-16 16:53:48 | INFO     | fetch_data           | ✅ Data fetched successfully (Status: 200)
2026-09-16 16:53:48 | DEBUG    | parse_json           | Attempting JSON parsing...
2026-09-16 16:53:48 | DEBUG    | parse_json           | Response preview: <table class="tbl" data-page-length="25"><thead class="tbl__head"><!-- tr--><!--   th(colspan="11")--><!--   th.center(colspan="2", style="width: 110px;") TOTAL BUY ORDERS--><!--   th.center(colspan="2", style="width: 110px;") TOTAL SELL ORDERS--><tr><th data-name="symbol">SYMBOL</th><th data-name="sector">SECTOR</th><th data-name="listed">LISTED IN</th><th class="right" data-name="ldcp">LDCP</th><th class="right" data-name="open">OPEN</th><th class="right" data-name="high">HIGH</th><th class="r
2026-09-16 16:53:48 | WARNING  | parse_json           | ⚠️ JSON parsing failed: Expecting value: line 1 column 1 (char 0)
2026-09-16 16:53:48 | INFO     | run                  | JSON parsing failed, trying HTML fallback...
2026-09-16 16:53:48 | INFO     | parse_html           | Attempting HTML fallback parsing...
2026-09-16 16:53:48 | DEBUG    | parse_html           | Found 1 table(s) in HTML
2026-09-16 16:53:48 | DEBUG    | parse_html           | Table columns: ['SYMBOL', 'SECTOR', 'LISTED IN', 'LDCP', 'OPEN', 'HIGH', 'LOW', 'CURRENT', 'CHANGE', 'CHANGE (%)', 'VOLUME']
2026-09-16 16:53:48 | DEBUG    | parse_html           | Table shape: (496, 11)
2026-09-16 16:53:48 | INFO     | parse_html           | ✅ HTML parsed successfully (496 rows)
2026-09-16 16:53:48 | INFO     | clean_data           | Cleaning data...
2026-09-16 16:53:48 | DEBUG    | clean_data           | Initial shape: (496, 11)
2026-09-16 16:53:48 | DEBUG    | clean_data           | Initial columns: ['SYMBOL', 'SECTOR', 'LISTED IN', 'LDCP', 'OPEN', 'HIGH', 'LOW', 'CURRENT', 'CHANGE', 'CHANGE (%)', 'VOLUME']
2026-09-16 16:53:48 | DEBUG    | clean_data           | Removed 'LISTED IN' column
2026-09-16 16:53:48 | DEBUG    | clean_data           | Converted LDCP from float64 to numeric
2026-09-16 16:53:48 | DEBUG    | clean_data           | Converted OPEN from float64 to numeric
2026-09-16 16:53:48 | DEBUG    | clean_data           | Converted HIGH from float64 to numeric
2026-09-16 16:53:48 | DEBUG    | clean_data           | Converted LOW from float64 to numeric
2026-09-16 16:53:48 | DEBUG    | clean_data           | Converted CURRENT from float64 to numeric
2026-09-16 16:53:48 | DEBUG    | clean_data           | Converted CHANGE from float64 to numeric
2026-09-16 16:53:48 | WARNING  | clean_data           | Column CHANGE (%): 496 values could not be converted to numeric
2026-09-16 16:53:48 | DEBUG    | clean_data           | Converted CHANGE (%) from str to numeric
2026-09-16 16:53:48 | DEBUG    | clean_data           | Converted VOLUME from int64 to numeric
2026-09-16 16:53:48 | INFO     | clean_data           | ✅ Data cleaned (496 rows, 16 columns)
2026-09-16 16:53:48 | DEBUG    | clean_data           | Final columns: ['SYMBOL', 'SECTOR', 'LDCP', 'OPEN', 'HIGH', 'LOW', 'CURRENT', 'CHANGE', 'CHANGE (%)', 'VOLUME', 'YEAR', 'MONTH', 'DAY', 'HOUR', 'MINUTE', 'DATETIME']
2026-09-16 16:53:48 | DEBUG    | get_file_path        | Generated file path: data/2026/09/2026-09-16.xlsx
2026-09-16 16:53:48 | INFO     | save_data            | Saving data to: data/2026/09/2026-09-16.xlsx
2026-09-16 16:53:48 | DEBUG    | _create_backup       | Backup created: data/2026/09/backups/2026-09-16_backup_20260916_165348.xlsx
2026-09-16 16:53:48 | DEBUG    | _cleanup_old_backups | Removed old backup: 2026-09-16_backup_20260916_162721.xlsx
2026-09-16 16:53:48 | DEBUG    | save_data            | Existing file found, merging data...
2026-09-16 16:53:52 | DEBUG    | save_data            | Loaded 39357 existing rows
2026-09-16 16:53:52 | DEBUG    | save_data            | Combined to 39853 rows
2026-09-16 16:53:52 | DEBUG    | save_data            | Writing to temporary file...
2026-09-16 16:53:59 | DEBUG    | save_data            | Data written to temp file: /home/runner/work/Thalorae-BackLioraen/Thalorae-BackLioraen/data/2026/09/tmpr9ttvgna.xlsx
2026-09-16 16:53:59 | DEBUG    | save_data            | Temp file moved to final location
2026-09-16 16:53:59 | INFO     | save_data            | ✅ Data saved successfully (39853 total rows, 2,943,453 bytes)
2026-09-16 16:53:59 | INFO     | run                  | ======================================================================
2026-09-16 16:53:59 | INFO     | run                  | 📊 EXECUTION SUMMARY:
2026-09-16 16:53:59 | INFO     | run                  |    ✅ Status: SUCCESS
2026-09-16 16:53:59 | INFO     | run                  |    - Rows processed: 496
2026-09-16 16:53:59 | INFO     | run                  |    - Unique symbols: 496
2026-09-16 16:53:59 | INFO     | run                  |    - Timestamp: 2026-09-16 21:53:42
2026-09-16 16:53:59 | INFO     | run                  |    - File: data/2026/09/2026-09-16.xlsx
2026-09-16 16:53:59 | INFO     | run                  | ======================================================================
2026-09-16 16:53:59 | DEBUG    | run                  | Sample data (first row):
2026-09-16 16:53:59 | DEBUG    | run                  | {'SYMBOL': 'WTLNC', 'SECTOR': 828, 'LDCP': 1.06, 'OPEN': 1.05, 'HIGH': 1.1, 'LOW': 1.0, 'CURRENT': 1.02, 'CHANGE': -0.04, 'CHANGE (%)': nan, 'VOLUME': 40029812, 'YEAR': 2026, 'MONTH': 9, 'DAY': 16, 'HOUR': 21, 'MINUTE': 53, 'DATETIME': '2026-09-16 21:53'}
2026-09-16 16:53:59 | DEBUG    | close                | Session closed
2026-09-16 16:59:00 | INFO     | run                  | ======================================================================
2026-09-16 16:59:00 | INFO     | run                  | 🚀 MARKET DATA SCRAPER - SINGLE EXECUTION
2026-09-16 16:59:00 | INFO     | run                  | ======================================================================
2026-09-16 16:59:00 | INFO     | run                  | Execution Time: 2026-09-16 21:59:00 PKT
2026-09-16 16:59:00 | INFO     | run                  | Configuration:
2026-09-16 16:59:00 | INFO     | run                  |    - Timezone: Asia/Karachi
2026-09-16 16:59:00 | INFO     | run                  |    - Data directory: data
2026-09-16 16:59:00 | INFO     | run                  |    - Log directory: logs
2026-09-16 16:59:00 | INFO     | run                  |    - Excluded symbols: {'XT', 'XR', 'XD', 'XS'}
2026-09-16 16:59:00 | INFO     | run                  | ======================================================================
2026-09-16 16:59:00 | INFO     | fetch_data           | Fetching data (Attempt 1/3)...
2026-09-16 16:59:00 | DEBUG    | fetch_data           | Establishing session with https://dps.psx.com.pk/
2026-09-16 16:59:04 | DEBUG    | fetch_data           | Requesting data from https://dps.psx.com.pk/market-watch
2026-09-16 16:59:05 | DEBUG    | fetch_data           | Response status: 200
2026-09-16 16:59:05 | DEBUG    | fetch_data           | Response content type: text/html; charset=utf-8
2026-09-16 16:59:05 | DEBUG    | fetch_data           | Response size: 475060 bytes
2026-09-16 16:59:05 | INFO     | fetch_data           | ✅ Data fetched successfully (Status: 200)
2026-09-16 16:59:05 | DEBUG    | parse_json           | Attempting JSON parsing...
2026-09-16 16:59:05 | DEBUG    | parse_json           | Response preview: <table class="tbl" data-page-length="25"><thead class="tbl__head"><!-- tr--><!--   th(colspan="11")--><!--   th.center(colspan="2", style="width: 110px;") TOTAL BUY ORDERS--><!--   th.center(colspan="2", style="width: 110px;") TOTAL SELL ORDERS--><tr><th data-name="symbol">SYMBOL</th><th data-name="sector">SECTOR</th><th data-name="listed">LISTED IN</th><th class="right" data-name="ldcp">LDCP</th><th class="right" data-name="open">OPEN</th><th class="right" data-name="high">HIGH</th><th class="r
2026-09-16 16:59:05 | WARNING  | parse_json           | ⚠️ JSON parsing failed: Expecting value: line 1 column 1 (char 0)
2026-09-16 16:59:05 | INFO     | run                  | JSON parsing failed, trying HTML fallback...
2026-09-16 16:59:05 | INFO     | parse_html           | Attempting HTML fallback parsing...
2026-09-16 16:59:06 | DEBUG    | parse_html           | Found 1 table(s) in HTML
2026-09-16 16:59:06 | DEBUG    | parse_html           | Table columns: ['SYMBOL', 'SECTOR', 'LISTED IN', 'LDCP', 'OPEN', 'HIGH', 'LOW', 'CURRENT', 'CHANGE', 'CHANGE (%)', 'VOLUME']
2026-09-16 16:59:06 | DEBUG    | parse_html           | Table shape: (496, 11)
2026-09-16 16:59:06 | INFO     | parse_html           | ✅ HTML parsed successfully (496 rows)
2026-09-16 16:59:06 | INFO     | clean_data           | Cleaning data...
2026-09-16 16:59:06 | DEBUG    | clean_data           | Initial shape: (496, 11)
2026-09-16 16:59:06 | DEBUG    | clean_data           | Initial columns: ['SYMBOL', 'SECTOR', 'LISTED IN', 'LDCP', 'OPEN', 'HIGH', 'LOW', 'CURRENT', 'CHANGE', 'CHANGE (%)', 'VOLUME']
2026-09-16 16:59:06 | DEBUG    | clean_data           | Removed 'LISTED IN' column
2026-09-16 16:59:06 | DEBUG    | clean_data           | Converted LDCP from float64 to numeric
2026-09-16 16:59:06 | DEBUG    | clean_data           | Converted OPEN from float64 to numeric
2026-09-16 16:59:06 | DEBUG    | clean_data           | Converted HIGH from float64 to numeric
2026-09-16 16:59:06 | DEBUG    | clean_data           | Converted LOW from float64 to numeric
2026-09-16 16:59:06 | DEBUG    | clean_data           | Converted CURRENT from float64 to numeric
2026-09-16 16:59:06 | DEBUG    | clean_data           | Converted CHANGE from float64 to numeric
2026-09-16 16:59:06 | WARNING  | clean_data           | Column CHANGE (%): 496 values could not be converted to numeric
2026-09-16 16:59:06 | DEBUG    | clean_data           | Converted CHANGE (%) from str to numeric
2026-09-16 16:59:06 | DEBUG    | clean_data           | Converted VOLUME from int64 to numeric
2026-09-16 16:59:06 | INFO     | clean_data           | ✅ Data cleaned (496 rows, 16 columns)
2026-09-16 16:59:06 | DEBUG    | clean_data           | Final columns: ['SYMBOL', 'SECTOR', 'LDCP', 'OPEN', 'HIGH', 'LOW', 'CURRENT', 'CHANGE', 'CHANGE (%)', 'VOLUME', 'YEAR', 'MONTH', 'DAY', 'HOUR', 'MINUTE', 'DATETIME']
2026-09-16 16:59:06 | DEBUG    | get_file_path        | Generated file path: data/2026/09/2026-09-16.xlsx
2026-09-16 16:59:06 | INFO     | save_data            | Saving data to: data/2026/09/2026-09-16.xlsx
2026-09-16 16:59:06 | DEBUG    | _create_backup       | Backup created: data/2026/09/backups/2026-09-16_backup_20260916_165906.xlsx
2026-09-16 16:59:06 | DEBUG    | _cleanup_old_backups | Removed old backup: 2026-09-16_backup_20260916_163237.xlsx
2026-09-16 16:59:06 | DEBUG    | save_data            | Existing file found, merging data...
2026-09-16 16:59:10 | DEBUG    | save_data            | Loaded 39853 existing rows
2026-09-16 16:59:10 | DEBUG    | save_data            | Combined to 40349 rows
2026-09-16 16:59:10 | DEBUG    | save_data            | Writing to temporary file...
2026-09-16 16:59:17 | DEBUG    | save_data            | Data written to temp file: /home/runner/work/Thalorae-BackLioraen/Thalorae-BackLioraen/data/2026/09/tmpb5z3x86l.xlsx
2026-09-16 16:59:17 | DEBUG    | save_data            | Temp file moved to final location
2026-09-16 16:59:17 | INFO     | save_data            | ✅ Data saved successfully (40349 total rows, 2,980,641 bytes)
2026-09-16 16:59:17 | INFO     | run                  | ======================================================================
2026-09-16 16:59:17 | INFO     | run                  | 📊 EXECUTION SUMMARY:
2026-09-16 16:59:17 | INFO     | run                  |    ✅ Status: SUCCESS
2026-09-16 16:59:17 | INFO     | run                  |    - Rows processed: 496
2026-09-16 16:59:17 | INFO     | run                  |    - Unique symbols: 496
2026-09-16 16:59:17 | INFO     | run                  |    - Timestamp: 2026-09-16 21:59:00
2026-09-16 16:59:17 | INFO     | run                  |    - File: data/2026/09/2026-09-16.xlsx
2026-09-16 16:59:17 | INFO     | run                  | ======================================================================
2026-09-16 16:59:17 | DEBUG    | run                  | Sample data (first row):
2026-09-16 16:59:17 | DEBUG    | run                  | {'SYMBOL': 'WTLNC', 'SECTOR': 828, 'LDCP': 1.06, 'OPEN': 1.05, 'HIGH': 1.1, 'LOW': 1.0, 'CURRENT': 1.02, 'CHANGE': -0.04, 'CHANGE (%)': nan, 'VOLUME': 40029812, 'YEAR': 2026, 'MONTH': 9, 'DAY': 16, 'HOUR': 21, 'MINUTE': 59, 'DATETIME': '2026-09-16 21:59'}
2026-09-16 16:59:17 | DEBUG    | close                | Session closed
2026-09-16 17:04:18 | INFO     | run                  | ======================================================================
2026-09-16 17:04:18 | INFO     | run                  | 🚀 MARKET DATA SCRAPER - SINGLE EXECUTION
2026-09-16 17:04:18 | INFO     | run                  | ======================================================================
2026-09-16 17:04:18 | INFO     | run                  | Execution Time: 2026-09-16 22:04:18 PKT
2026-09-16 17:04:18 | INFO     | run                  | Configuration:
2026-09-16 17:04:18 | INFO     | run                  |    - Timezone: Asia/Karachi
2026-09-16 17:04:18 | INFO     | run                  |    - Data directory: data
2026-09-16 17:04:18 | INFO     | run                  |    - Log directory: logs
2026-09-16 17:04:18 | INFO     | run                  |    - Excluded symbols: {'XD', 'XT', 'XS', 'XR'}
2026-09-16 17:04:18 | INFO     | run                  | ======================================================================
2026-09-16 17:04:18 | INFO     | fetch_data           | Fetching data (Attempt 1/3)...
2026-09-16 17:04:18 | DEBUG    | fetch_data           | Establishing session with https://dps.psx.com.pk/
2026-09-16 17:04:21 | DEBUG    | fetch_data           | Requesting data from https://dps.psx.com.pk/market-watch
2026-09-16 17:04:23 | DEBUG    | fetch_data           | Response status: 200
2026-09-16 17:04:23 | DEBUG    | fetch_data           | Response content type: text/html; charset=utf-8
2026-09-16 17:04:23 | DEBUG    | fetch_data           | Response size: 475060 bytes
2026-09-16 17:04:23 | INFO     | fetch_data           | ✅ Data fetched successfully (Status: 200)
2026-09-16 17:04:23 | DEBUG    | parse_json           | Attempting JSON parsing...
2026-09-16 17:04:23 | DEBUG    | parse_json           | Response preview: <table class="tbl" data-page-length="25"><thead class="tbl__head"><!-- tr--><!--   th(colspan="11")--><!--   th.center(colspan="2", style="width: 110px;") TOTAL BUY ORDERS--><!--   th.center(colspan="2", style="width: 110px;") TOTAL SELL ORDERS--><tr><th data-name="symbol">SYMBOL</th><th data-name="sector">SECTOR</th><th data-name="listed">LISTED IN</th><th class="right" data-name="ldcp">LDCP</th><th class="right" data-name="open">OPEN</th><th class="right" data-name="high">HIGH</th><th class="r
2026-09-16 17:04:23 | WARNING  | parse_json           | ⚠️ JSON parsing failed: Expecting value: line 1 column 1 (char 0)
2026-09-16 17:04:23 | INFO     | run                  | JSON parsing failed, trying HTML fallback...
2026-09-16 17:04:23 | INFO     | parse_html           | Attempting HTML fallback parsing...
2026-09-16 17:04:23 | DEBUG    | parse_html           | Found 1 table(s) in HTML
2026-09-16 17:04:23 | DEBUG    | parse_html           | Table columns: ['SYMBOL', 'SECTOR', 'LISTED IN', 'LDCP', 'OPEN', 'HIGH', 'LOW', 'CURRENT', 'CHANGE', 'CHANGE (%)', 'VOLUME']
2026-09-16 17:04:23 | DEBUG    | parse_html           | Table shape: (496, 11)
2026-09-16 17:04:23 | INFO     | parse_html           | ✅ HTML parsed successfully (496 rows)
2026-09-16 17:04:23 | INFO     | clean_data           | Cleaning data...
2026-09-16 17:04:23 | DEBUG    | clean_data           | Initial shape: (496, 11)
2026-09-16 17:04:23 | DEBUG    | clean_data           | Initial columns: ['SYMBOL', 'SECTOR', 'LISTED IN', 'LDCP', 'OPEN', 'HIGH', 'LOW', 'CURRENT', 'CHANGE', 'CHANGE (%)', 'VOLUME']
2026-09-16 17:04:23 | DEBUG    | clean_data           | Removed 'LISTED IN' column
2026-09-16 17:04:23 | DEBUG    | clean_data           | Converted LDCP from float64 to numeric
2026-09-16 17:04:23 | DEBUG    | clean_data           | Converted OPEN from float64 to numeric
2026-09-16 17:04:23 | DEBUG    | clean_data           | Converted HIGH from float64 to numeric
2026-09-16 17:04:23 | DEBUG    | clean_data           | Converted LOW from float64 to numeric
2026-09-16 17:04:23 | DEBUG    | clean_data           | Converted CURRENT from float64 to numeric
2026-09-16 17:04:23 | DEBUG    | clean_data           | Converted CHANGE from float64 to numeric
2026-09-16 17:04:23 | WARNING  | clean_data           | Column CHANGE (%): 496 values could not be converted to numeric
2026-09-16 17:04:23 | DEBUG    | clean_data           | Converted CHANGE (%) from str to numeric
2026-09-16 17:04:23 | DEBUG    | clean_data           | Converted VOLUME from int64 to numeric
2026-09-16 17:04:23 | INFO     | clean_data           | ✅ Data cleaned (496 rows, 16 columns)
2026-09-16 17:04:23 | DEBUG    | clean_data           | Final columns: ['SYMBOL', 'SECTOR', 'LDCP', 'OPEN', 'HIGH', 'LOW', 'CURRENT', 'CHANGE', 'CHANGE (%)', 'VOLUME', 'YEAR', 'MONTH', 'DAY', 'HOUR', 'MINUTE', 'DATETIME']
2026-09-16 17:04:23 | DEBUG    | get_file_path        | Generated file path: data/2026/09/2026-09-16.xlsx
2026-09-16 17:04:23 | INFO     | save_data            | Saving data to: data/2026/09/2026-09-16.xlsx
2026-09-16 17:04:23 | DEBUG    | _create_backup       | Backup created: data/2026/09/backups/2026-09-16_backup_20260916_170423.xlsx
2026-09-16 17:04:23 | DEBUG    | _cleanup_old_backups | Removed old backup: 2026-09-16_backup_20260916_163755.xlsx
2026-09-16 17:04:23 | DEBUG    | save_data            | Existing file found, merging data...
2026-09-16 17:04:27 | DEBUG    | save_data            | Loaded 40349 existing rows
2026-09-16 17:04:27 | DEBUG    | save_data            | Combined to 40845 rows
2026-09-16 17:04:27 | DEBUG    | save_data            | Writing to temporary file...
2026-09-16 17:04:35 | DEBUG    | save_data            | Data written to temp file: /home/runner/work/Thalorae-BackLioraen/Thalorae-BackLioraen/data/2026/09/tmpf19vrk_u.xlsx
2026-09-16 17:04:35 | DEBUG    | save_data            | Temp file moved to final location
2026-09-16 17:04:35 | INFO     | save_data            | ✅ Data saved successfully (40845 total rows, 3,017,768 bytes)
2026-09-16 17:04:35 | INFO     | run                  | ======================================================================
2026-09-16 17:04:35 | INFO     | run                  | 📊 EXECUTION SUMMARY:
2026-09-16 17:04:35 | INFO     | run                  |    ✅ Status: SUCCESS
2026-09-16 17:04:35 | INFO     | run                  |    - Rows processed: 496
2026-09-16 17:04:35 | INFO     | run                  |    - Unique symbols: 496
2026-09-16 17:04:35 | INFO     | run                  |    - Timestamp: 2026-09-16 22:04:18
2026-09-16 17:04:35 | INFO     | run                  |    - File: data/2026/09/2026-09-16.xlsx
2026-09-16 17:04:35 | INFO     | run                  | ======================================================================
2026-09-16 17:04:35 | DEBUG    | run                  | Sample data (first row):
2026-09-16 17:04:35 | DEBUG    | run                  | {'SYMBOL': 'WTLNC', 'SECTOR': 828, 'LDCP': 1.06, 'OPEN': 1.05, 'HIGH': 1.1, 'LOW': 1.0, 'CURRENT': 1.02, 'CHANGE': -0.04, 'CHANGE (%)': nan, 'VOLUME': 40029812, 'YEAR': 2026, 'MONTH': 9, 'DAY': 16, 'HOUR': 22, 'MINUTE': 4, 'DATETIME': '2026-09-16 22:04'}
2026-09-16 17:04:35 | DEBUG    | close                | Session closed
2026-09-16 17:09:35 | INFO     | run                  | ======================================================================
2026-09-16 17:09:35 | INFO     | run                  | 🚀 MARKET DATA SCRAPER - SINGLE EXECUTION
2026-09-16 17:09:35 | INFO     | run                  | ======================================================================
2026-09-16 17:09:35 | INFO     | run                  | Execution Time: 2026-09-16 22:09:35 PKT
2026-09-16 17:09:35 | INFO     | run                  | Configuration:
2026-09-16 17:09:35 | INFO     | run                  |    - Timezone: Asia/Karachi
2026-09-16 17:09:35 | INFO     | run                  |    - Data directory: data
2026-09-16 17:09:35 | INFO     | run                  |    - Log directory: logs
2026-09-16 17:09:35 | INFO     | run                  |    - Excluded symbols: {'XT', 'XS', 'XR', 'XD'}
2026-09-16 17:09:35 | INFO     | run                  | ======================================================================
2026-09-16 17:09:35 | INFO     | fetch_data           | Fetching data (Attempt 1/3)...
2026-09-16 17:09:35 | DEBUG    | fetch_data           | Establishing session with https://dps.psx.com.pk/
2026-09-16 17:09:38 | DEBUG    | fetch_data           | Requesting data from https://dps.psx.com.pk/market-watch
2026-09-16 17:09:40 | DEBUG    | fetch_data           | Response status: 200
2026-09-16 17:09:40 | DEBUG    | fetch_data           | Response content type: text/html; charset=utf-8
2026-09-16 17:09:40 | DEBUG    | fetch_data           | Response size: 475060 bytes
2026-09-16 17:09:40 | INFO     | fetch_data           | ✅ Data fetched successfully (Status: 200)
2026-09-16 17:09:40 | DEBUG    | parse_json           | Attempting JSON parsing...
2026-09-16 17:09:40 | DEBUG    | parse_json           | Response preview: <table class="tbl" data-page-length="25"><thead class="tbl__head"><!-- tr--><!--   th(colspan="11")--><!--   th.center(colspan="2", style="width: 110px;") TOTAL BUY ORDERS--><!--   th.center(colspan="2", style="width: 110px;") TOTAL SELL ORDERS--><tr><th data-name="symbol">SYMBOL</th><th data-name="sector">SECTOR</th><th data-name="listed">LISTED IN</th><th class="right" data-name="ldcp">LDCP</th><th class="right" data-name="open">OPEN</th><th class="right" data-name="high">HIGH</th><th class="r
2026-09-16 17:09:40 | WARNING  | parse_json           | ⚠️ JSON parsing failed: Expecting value: line 1 column 1 (char 0)
2026-09-16 17:09:40 | INFO     | run                  | JSON parsing failed, trying HTML fallback...
2026-09-16 17:09:40 | INFO     | parse_html           | Attempting HTML fallback parsing...
2026-09-16 17:09:40 | DEBUG    | parse_html           | Found 1 table(s) in HTML
2026-09-16 17:09:40 | DEBUG    | parse_html           | Table columns: ['SYMBOL', 'SECTOR', 'LISTED IN', 'LDCP', 'OPEN', 'HIGH', 'LOW', 'CURRENT', 'CHANGE', 'CHANGE (%)', 'VOLUME']
2026-09-16 17:09:40 | DEBUG    | parse_html           | Table shape: (496, 11)
2026-09-16 17:09:40 | INFO     | parse_html           | ✅ HTML parsed successfully (496 rows)
2026-09-16 17:09:40 | INFO     | clean_data           | Cleaning data...
2026-09-16 17:09:40 | DEBUG    | clean_data           | Initial shape: (496, 11)
2026-09-16 17:09:40 | DEBUG    | clean_data           | Initial columns: ['SYMBOL', 'SECTOR', 'LISTED IN', 'LDCP', 'OPEN', 'HIGH', 'LOW', 'CURRENT', 'CHANGE', 'CHANGE (%)', 'VOLUME']
2026-09-16 17:09:40 | DEBUG    | clean_data           | Removed 'LISTED IN' column
2026-09-16 17:09:40 | DEBUG    | clean_data           | Converted LDCP from float64 to numeric
2026-09-16 17:09:40 | DEBUG    | clean_data           | Converted OPEN from float64 to numeric
2026-09-16 17:09:40 | DEBUG    | clean_data           | Converted HIGH from float64 to numeric
2026-09-16 17:09:40 | DEBUG    | clean_data           | Converted LOW from float64 to numeric
2026-09-16 17:09:40 | DEBUG    | clean_data           | Converted CURRENT from float64 to numeric
2026-09-16 17:09:40 | DEBUG    | clean_data           | Converted CHANGE from float64 to numeric
2026-09-16 17:09:40 | WARNING  | clean_data           | Column CHANGE (%): 496 values could not be converted to numeric
2026-09-16 17:09:40 | DEBUG    | clean_data           | Converted CHANGE (%) from str to numeric
2026-09-16 17:09:40 | DEBUG    | clean_data           | Converted VOLUME from int64 to numeric
2026-09-16 17:09:40 | INFO     | clean_data           | ✅ Data cleaned (496 rows, 16 columns)
2026-09-16 17:09:40 | DEBUG    | clean_data           | Final columns: ['SYMBOL', 'SECTOR', 'LDCP', 'OPEN', 'HIGH', 'LOW', 'CURRENT', 'CHANGE', 'CHANGE (%)', 'VOLUME', 'YEAR', 'MONTH', 'DAY', 'HOUR', 'MINUTE', 'DATETIME']
2026-09-16 17:09:40 | DEBUG    | get_file_path        | Generated file path: data/2026/09/2026-09-16.xlsx
2026-09-16 17:09:40 | INFO     | save_data            | Saving data to: data/2026/09/2026-09-16.xlsx
2026-09-16 17:09:40 | DEBUG    | _create_backup       | Backup created: data/2026/09/backups/2026-09-16_backup_20260916_170940.xlsx
2026-09-16 17:09:40 | DEBUG    | _cleanup_old_backups | Removed old backup: 2026-09-16_backup_20260916_164312.xlsx
2026-09-16 17:09:40 | DEBUG    | save_data            | Existing file found, merging data...
2026-09-16 17:09:45 | DEBUG    | save_data            | Loaded 40845 existing rows
2026-09-16 17:09:45 | DEBUG    | save_data            | Combined to 41341 rows
2026-09-16 17:09:45 | DEBUG    | save_data            | Writing to temporary file...
2026-09-16 17:09:52 | DEBUG    | save_data            | Data written to temp file: /home/runner/work/Thalorae-BackLioraen/Thalorae-BackLioraen/data/2026/09/tmp9wm9hqai.xlsx
2026-09-16 17:09:52 | DEBUG    | save_data            | Temp file moved to final location
2026-09-16 17:09:52 | INFO     | save_data            | ✅ Data saved successfully (41341 total rows, 3,054,930 bytes)
2026-09-16 17:09:52 | INFO     | run                  | ======================================================================
2026-09-16 17:09:52 | INFO     | run                  | 📊 EXECUTION SUMMARY:
2026-09-16 17:09:52 | INFO     | run                  |    ✅ Status: SUCCESS
2026-09-16 17:09:52 | INFO     | run                  |    - Rows processed: 496
2026-09-16 17:09:52 | INFO     | run                  |    - Unique symbols: 496
2026-09-16 17:09:52 | INFO     | run                  |    - Timestamp: 2026-09-16 22:09:35
2026-09-16 17:09:52 | INFO     | run                  |    - File: data/2026/09/2026-09-16.xlsx
2026-09-16 17:09:52 | INFO     | run                  | ======================================================================
2026-09-16 17:09:52 | DEBUG    | run                  | Sample data (first row):
2026-09-16 17:09:52 | DEBUG    | run                  | {'SYMBOL': 'WTLNC', 'SECTOR': 828, 'LDCP': 1.06, 'OPEN': 1.05, 'HIGH': 1.1, 'LOW': 1.0, 'CURRENT': 1.02, 'CHANGE': -0.04, 'CHANGE (%)': nan, 'VOLUME': 40029812, 'YEAR': 2026, 'MONTH': 9, 'DAY': 16, 'HOUR': 22, 'MINUTE': 9, 'DATETIME': '2026-09-16 22:09'}
2026-09-16 17:09:52 | DEBUG    | close                | Session closed
2026-09-16 17:14:53 | INFO     | run                  | ======================================================================
2026-09-16 17:14:53 | INFO     | run                  | 🚀 MARKET DATA SCRAPER - SINGLE EXECUTION
2026-09-16 17:14:53 | INFO     | run                  | ======================================================================
2026-09-16 17:14:53 | INFO     | run                  | Execution Time: 2026-09-16 22:14:53 PKT
2026-09-16 17:14:53 | INFO     | run                  | Configuration:
2026-09-16 17:14:53 | INFO     | run                  |    - Timezone: Asia/Karachi
2026-09-16 17:14:53 | INFO     | run                  |    - Data directory: data
2026-09-16 17:14:53 | INFO     | run                  |    - Log directory: logs
2026-09-16 17:14:53 | INFO     | run                  |    - Excluded symbols: {'XR', 'XT', 'XD', 'XS'}
2026-09-16 17:14:53 | INFO     | run                  | ======================================================================
2026-09-16 17:14:53 | INFO     | fetch_data           | Fetching data (Attempt 1/3)...
2026-09-16 17:14:53 | DEBUG    | fetch_data           | Establishing session with https://dps.psx.com.pk/
2026-09-16 17:14:56 | DEBUG    | fetch_data           | Requesting data from https://dps.psx.com.pk/market-watch
2026-09-16 17:14:57 | DEBUG    | fetch_data           | Response status: 200
2026-09-16 17:14:57 | DEBUG    | fetch_data           | Response content type: text/html; charset=utf-8
2026-09-16 17:14:57 | DEBUG    | fetch_data           | Response size: 475060 bytes
2026-09-16 17:14:57 | INFO     | fetch_data           | ✅ Data fetched successfully (Status: 200)
2026-09-16 17:14:57 | DEBUG    | parse_json           | Attempting JSON parsing...
2026-09-16 17:14:57 | DEBUG    | parse_json           | Response preview: <table class="tbl" data-page-length="25"><thead class="tbl__head"><!-- tr--><!--   th(colspan="11")--><!--   th.center(colspan="2", style="width: 110px;") TOTAL BUY ORDERS--><!--   th.center(colspan="2", style="width: 110px;") TOTAL SELL ORDERS--><tr><th data-name="symbol">SYMBOL</th><th data-name="sector">SECTOR</th><th data-name="listed">LISTED IN</th><th class="right" data-name="ldcp">LDCP</th><th class="right" data-name="open">OPEN</th><th class="right" data-name="high">HIGH</th><th class="r
2026-09-16 17:14:57 | WARNING  | parse_json           | ⚠️ JSON parsing failed: Expecting value: line 1 column 1 (char 0)
2026-09-16 17:14:57 | INFO     | run                  | JSON parsing failed, trying HTML fallback...
2026-09-16 17:14:57 | INFO     | parse_html           | Attempting HTML fallback parsing...
2026-09-16 17:14:57 | DEBUG    | parse_html           | Found 1 table(s) in HTML
2026-09-16 17:14:57 | DEBUG    | parse_html           | Table columns: ['SYMBOL', 'SECTOR', 'LISTED IN', 'LDCP', 'OPEN', 'HIGH', 'LOW', 'CURRENT', 'CHANGE', 'CHANGE (%)', 'VOLUME']
2026-09-16 17:14:57 | DEBUG    | parse_html           | Table shape: (496, 11)
2026-09-16 17:14:57 | INFO     | parse_html           | ✅ HTML parsed successfully (496 rows)
2026-09-16 17:14:57 | INFO     | clean_data           | Cleaning data...
2026-09-16 17:14:57 | DEBUG    | clean_data           | Initial shape: (496, 11)
2026-09-16 17:14:57 | DEBUG    | clean_data           | Initial columns: ['SYMBOL', 'SECTOR', 'LISTED IN', 'LDCP', 'OPEN', 'HIGH', 'LOW', 'CURRENT', 'CHANGE', 'CHANGE (%)', 'VOLUME']
2026-09-16 17:14:57 | DEBUG    | clean_data           | Removed 'LISTED IN' column
2026-09-16 17:14:57 | DEBUG    | clean_data           | Converted LDCP from float64 to numeric
2026-09-16 17:14:57 | DEBUG    | clean_data           | Converted OPEN from float64 to numeric
2026-09-16 17:14:57 | DEBUG    | clean_data           | Converted HIGH from float64 to numeric
2026-09-16 17:14:57 | DEBUG    | clean_data           | Converted LOW from float64 to numeric
2026-09-16 17:14:57 | DEBUG    | clean_data           | Converted CURRENT from float64 to numeric
2026-09-16 17:14:57 | DEBUG    | clean_data           | Converted CHANGE from float64 to numeric
2026-09-16 17:14:57 | WARNING  | clean_data           | Column CHANGE (%): 496 values could not be converted to numeric
2026-09-16 17:14:57 | DEBUG    | clean_data           | Converted CHANGE (%) from str to numeric
2026-09-16 17:14:57 | DEBUG    | clean_data           | Converted VOLUME from int64 to numeric
2026-09-16 17:14:57 | INFO     | clean_data           | ✅ Data cleaned (496 rows, 16 columns)
2026-09-16 17:14:57 | DEBUG    | clean_data           | Final columns: ['SYMBOL', 'SECTOR', 'LDCP', 'OPEN', 'HIGH', 'LOW', 'CURRENT', 'CHANGE', 'CHANGE (%)', 'VOLUME', 'YEAR', 'MONTH', 'DAY', 'HOUR', 'MINUTE', 'DATETIME']
2026-09-16 17:14:57 | DEBUG    | get_file_path        | Generated file path: data/2026/09/2026-09-16.xlsx
2026-09-16 17:14:57 | INFO     | save_data            | Saving data to: data/2026/09/2026-09-16.xlsx
2026-09-16 17:14:57 | DEBUG    | _create_backup       | Backup created: data/2026/09/backups/2026-09-16_backup_20260916_171457.xlsx
2026-09-16 17:14:57 | DEBUG    | _cleanup_old_backups | Removed old backup: 2026-09-16_backup_20260916_164830.xlsx
2026-09-16 17:14:57 | DEBUG    | save_data            | Existing file found, merging data...
2026-09-16 17:15:01 | DEBUG    | save_data            | Loaded 41341 existing rows
2026-09-16 17:15:01 | DEBUG    | save_data            | Combined to 41837 rows
2026-09-16 17:15:01 | DEBUG    | save_data            | Writing to temporary file...
2026-09-16 17:15:09 | DEBUG    | save_data            | Data written to temp file: /home/runner/work/Thalorae-BackLioraen/Thalorae-BackLioraen/data/2026/09/tmpcu6p8app.xlsx
2026-09-16 17:15:09 | DEBUG    | save_data            | Temp file moved to final location
2026-09-16 17:15:09 | INFO     | save_data            | ✅ Data saved successfully (41837 total rows, 3,092,143 bytes)
2026-09-16 17:15:09 | INFO     | run                  | ======================================================================
2026-09-16 17:15:09 | INFO     | run                  | 📊 EXECUTION SUMMARY:
2026-09-16 17:15:09 | INFO     | run                  |    ✅ Status: SUCCESS
2026-09-16 17:15:09 | INFO     | run                  |    - Rows processed: 496
2026-09-16 17:15:09 | INFO     | run                  |    - Unique symbols: 496
2026-09-16 17:15:09 | INFO     | run                  |    - Timestamp: 2026-09-16 22:14:53
2026-09-16 17:15:09 | INFO     | run                  |    - File: data/2026/09/2026-09-16.xlsx
2026-09-16 17:15:09 | INFO     | run                  | ======================================================================
2026-09-16 17:15:09 | DEBUG    | run                  | Sample data (first row):
2026-09-16 17:15:09 | DEBUG    | run                  | {'SYMBOL': 'WTLNC', 'SECTOR': 828, 'LDCP': 1.06, 'OPEN': 1.05, 'HIGH': 1.1, 'LOW': 1.0, 'CURRENT': 1.02, 'CHANGE': -0.04, 'CHANGE (%)': nan, 'VOLUME': 40029812, 'YEAR': 2026, 'MONTH': 9, 'DAY': 16, 'HOUR': 22, 'MINUTE': 14, 'DATETIME': '2026-09-16 22:14'}
2026-09-16 17:15:09 | DEBUG    | close                | Session closed
2026-09-16 17:20:10 | INFO     | run                  | ======================================================================
2026-09-16 17:20:10 | INFO     | run                  | 🚀 MARKET DATA SCRAPER - SINGLE EXECUTION
2026-09-16 17:20:10 | INFO     | run                  | ======================================================================
2026-09-16 17:20:10 | INFO     | run                  | Execution Time: 2026-09-16 22:20:10 PKT
2026-09-16 17:20:10 | INFO     | run                  | Configuration:
2026-09-16 17:20:10 | INFO     | run                  |    - Timezone: Asia/Karachi
2026-09-16 17:20:10 | INFO     | run                  |    - Data directory: data
2026-09-16 17:20:10 | INFO     | run                  |    - Log directory: logs
2026-09-16 17:20:10 | INFO     | run                  |    - Excluded symbols: {'XR', 'XD', 'XT', 'XS'}
2026-09-16 17:20:10 | INFO     | run                  | ======================================================================
2026-09-16 17:20:10 | INFO     | fetch_data           | Fetching data (Attempt 1/3)...
2026-09-16 17:20:10 | DEBUG    | fetch_data           | Establishing session with https://dps.psx.com.pk/
2026-09-16 17:20:13 | DEBUG    | fetch_data           | Requesting data from https://dps.psx.com.pk/market-watch
2026-09-16 17:20:15 | DEBUG    | fetch_data           | Response status: 200
2026-09-16 17:20:15 | DEBUG    | fetch_data           | Response content type: text/html; charset=utf-8
2026-09-16 17:20:15 | DEBUG    | fetch_data           | Response size: 475060 bytes
2026-09-16 17:20:15 | INFO     | fetch_data           | ✅ Data fetched successfully (Status: 200)
2026-09-16 17:20:15 | DEBUG    | parse_json           | Attempting JSON parsing...
2026-09-16 17:20:15 | DEBUG    | parse_json           | Response preview: <table class="tbl" data-page-length="25"><thead class="tbl__head"><!-- tr--><!--   th(colspan="11")--><!--   th.center(colspan="2", style="width: 110px;") TOTAL BUY ORDERS--><!--   th.center(colspan="2", style="width: 110px;") TOTAL SELL ORDERS--><tr><th data-name="symbol">SYMBOL</th><th data-name="sector">SECTOR</th><th data-name="listed">LISTED IN</th><th class="right" data-name="ldcp">LDCP</th><th class="right" data-name="open">OPEN</th><th class="right" data-name="high">HIGH</th><th class="r
2026-09-16 17:20:15 | WARNING  | parse_json           | ⚠️ JSON parsing failed: Expecting value: line 1 column 1 (char 0)
2026-09-16 17:20:15 | INFO     | run                  | JSON parsing failed, trying HTML fallback...
2026-09-16 17:20:15 | INFO     | parse_html           | Attempting HTML fallback parsing...
2026-09-16 17:20:15 | DEBUG    | parse_html           | Found 1 table(s) in HTML
2026-09-16 17:20:15 | DEBUG    | parse_html           | Table columns: ['SYMBOL', 'SECTOR', 'LISTED IN', 'LDCP', 'OPEN', 'HIGH', 'LOW', 'CURRENT', 'CHANGE', 'CHANGE (%)', 'VOLUME']
2026-09-16 17:20:15 | DEBUG    | parse_html           | Table shape: (496, 11)
2026-09-16 17:20:15 | INFO     | parse_html           | ✅ HTML parsed successfully (496 rows)
2026-09-16 17:20:15 | INFO     | clean_data           | Cleaning data...
2026-09-16 17:20:15 | DEBUG    | clean_data           | Initial shape: (496, 11)
2026-09-16 17:20:15 | DEBUG    | clean_data           | Initial columns: ['SYMBOL', 'SECTOR', 'LISTED IN', 'LDCP', 'OPEN', 'HIGH', 'LOW', 'CURRENT', 'CHANGE', 'CHANGE (%)', 'VOLUME']
2026-09-16 17:20:15 | DEBUG    | clean_data           | Removed 'LISTED IN' column
2026-09-16 17:20:15 | DEBUG    | clean_data           | Converted LDCP from float64 to numeric
2026-09-16 17:20:15 | DEBUG    | clean_data           | Converted OPEN from float64 to numeric
2026-09-16 17:20:15 | DEBUG    | clean_data           | Converted HIGH from float64 to numeric
2026-09-16 17:20:15 | DEBUG    | clean_data           | Converted LOW from float64 to numeric
2026-09-16 17:20:15 | DEBUG    | clean_data           | Converted CURRENT from float64 to numeric
2026-09-16 17:20:15 | DEBUG    | clean_data           | Converted CHANGE from float64 to numeric
2026-09-16 17:20:15 | WARNING  | clean_data           | Column CHANGE (%): 496 values could not be converted to numeric
2026-09-16 17:20:15 | DEBUG    | clean_data           | Converted CHANGE (%) from str to numeric
2026-09-16 17:20:15 | DEBUG    | clean_data           | Converted VOLUME from int64 to numeric
2026-09-16 17:20:15 | INFO     | clean_data           | ✅ Data cleaned (496 rows, 16 columns)
2026-09-16 17:20:15 | DEBUG    | clean_data           | Final columns: ['SYMBOL', 'SECTOR', 'LDCP', 'OPEN', 'HIGH', 'LOW', 'CURRENT', 'CHANGE', 'CHANGE (%)', 'VOLUME', 'YEAR', 'MONTH', 'DAY', 'HOUR', 'MINUTE', 'DATETIME']
2026-09-16 17:20:15 | DEBUG    | get_file_path        | Generated file path: data/2026/09/2026-09-16.xlsx
2026-09-16 17:20:15 | INFO     | save_data            | Saving data to: data/2026/09/2026-09-16.xlsx
2026-09-16 17:20:15 | DEBUG    | _create_backup       | Backup created: data/2026/09/backups/2026-09-16_backup_20260916_172015.xlsx
2026-09-16 17:20:15 | DEBUG    | _cleanup_old_backups | Removed old backup: 2026-09-16_backup_20260916_165348.xlsx
2026-09-16 17:20:15 | DEBUG    | save_data            | Existing file found, merging data...
2026-09-16 17:20:19 | DEBUG    | save_data            | Loaded 41837 existing rows
2026-09-16 17:20:19 | DEBUG    | save_data            | Combined to 42333 rows
2026-09-16 17:20:19 | DEBUG    | save_data            | Writing to temporary file...
2026-09-16 17:20:27 | DEBUG    | save_data            | Data written to temp file: /home/runner/work/Thalorae-BackLioraen/Thalorae-BackLioraen/data/2026/09/tmpaatcfgda.xlsx
2026-09-16 17:20:27 | DEBUG    | save_data            | Temp file moved to final location
2026-09-16 17:20:27 | INFO     | save_data            | ✅ Data saved successfully (42333 total rows, 3,129,340 bytes)
2026-09-16 17:20:27 | INFO     | run                  | ======================================================================
2026-09-16 17:20:27 | INFO     | run                  | 📊 EXECUTION SUMMARY:
2026-09-16 17:20:27 | INFO     | run                  |    ✅ Status: SUCCESS
2026-09-16 17:20:27 | INFO     | run                  |    - Rows processed: 496
2026-09-16 17:20:27 | INFO     | run                  |    - Unique symbols: 496
2026-09-16 17:20:27 | INFO     | run                  |    - Timestamp: 2026-09-16 22:20:10
2026-09-16 17:20:27 | INFO     | run                  |    - File: data/2026/09/2026-09-16.xlsx
2026-09-16 17:20:27 | INFO     | run                  | ======================================================================
2026-09-16 17:20:27 | DEBUG    | run                  | Sample data (first row):
2026-09-16 17:20:27 | DEBUG    | run                  | {'SYMBOL': 'WTLNC', 'SECTOR': 828, 'LDCP': 1.06, 'OPEN': 1.05, 'HIGH': 1.1, 'LOW': 1.0, 'CURRENT': 1.02, 'CHANGE': -0.04, 'CHANGE (%)': nan, 'VOLUME': 40029812, 'YEAR': 2026, 'MONTH': 9, 'DAY': 16, 'HOUR': 22, 'MINUTE': 20, 'DATETIME': '2026-09-16 22:20'}
2026-09-16 17:20:27 | DEBUG    | close                | Session closed
2026-09-16 17:25:28 | INFO     | run                  | ======================================================================
2026-09-16 17:25:28 | INFO     | run                  | 🚀 MARKET DATA SCRAPER - SINGLE EXECUTION
2026-09-16 17:25:28 | INFO     | run                  | ======================================================================
2026-09-16 17:25:28 | INFO     | run                  | Execution Time: 2026-09-16 22:25:28 PKT
2026-09-16 17:25:28 | INFO     | run                  | Configuration:
2026-09-16 17:25:28 | INFO     | run                  |    - Timezone: Asia/Karachi
2026-09-16 17:25:28 | INFO     | run                  |    - Data directory: data
2026-09-16 17:25:28 | INFO     | run                  |    - Log directory: logs
2026-09-16 17:25:28 | INFO     | run                  |    - Excluded symbols: {'XS', 'XR', 'XT', 'XD'}
2026-09-16 17:25:28 | INFO     | run                  | ======================================================================
2026-09-16 17:25:28 | INFO     | fetch_data           | Fetching data (Attempt 1/3)...
2026-09-16 17:25:28 | DEBUG    | fetch_data           | Establishing session with https://dps.psx.com.pk/
2026-09-16 17:25:32 | DEBUG    | fetch_data           | Requesting data from https://dps.psx.com.pk/market-watch
2026-09-16 17:25:35 | DEBUG    | fetch_data           | Response status: 200
2026-09-16 17:25:35 | DEBUG    | fetch_data           | Response content type: text/html; charset=utf-8
2026-09-16 17:25:35 | DEBUG    | fetch_data           | Response size: 475060 bytes
2026-09-16 17:25:35 | INFO     | fetch_data           | ✅ Data fetched successfully (Status: 200)
2026-09-16 17:25:35 | DEBUG    | parse_json           | Attempting JSON parsing...
2026-09-16 17:25:35 | DEBUG    | parse_json           | Response preview: <table class="tbl" data-page-length="25"><thead class="tbl__head"><!-- tr--><!--   th(colspan="11")--><!--   th.center(colspan="2", style="width: 110px;") TOTAL BUY ORDERS--><!--   th.center(colspan="2", style="width: 110px;") TOTAL SELL ORDERS--><tr><th data-name="symbol">SYMBOL</th><th data-name="sector">SECTOR</th><th data-name="listed">LISTED IN</th><th class="right" data-name="ldcp">LDCP</th><th class="right" data-name="open">OPEN</th><th class="right" data-name="high">HIGH</th><th class="r
2026-09-16 17:25:35 | WARNING  | parse_json           | ⚠️ JSON parsing failed: Expecting value: line 1 column 1 (char 0)
2026-09-16 17:25:35 | INFO     | run                  | JSON parsing failed, trying HTML fallback...
2026-09-16 17:25:35 | INFO     | parse_html           | Attempting HTML fallback parsing...
2026-09-16 17:25:35 | DEBUG    | parse_html           | Found 1 table(s) in HTML
2026-09-16 17:25:35 | DEBUG    | parse_html           | Table columns: ['SYMBOL', 'SECTOR', 'LISTED IN', 'LDCP', 'OPEN', 'HIGH', 'LOW', 'CURRENT', 'CHANGE', 'CHANGE (%)', 'VOLUME']
2026-09-16 17:25:35 | DEBUG    | parse_html           | Table shape: (496, 11)
2026-09-16 17:25:35 | INFO     | parse_html           | ✅ HTML parsed successfully (496 rows)
2026-09-16 17:25:35 | INFO     | clean_data           | Cleaning data...
2026-09-16 17:25:35 | DEBUG    | clean_data           | Initial shape: (496, 11)
2026-09-16 17:25:35 | DEBUG    | clean_data           | Initial columns: ['SYMBOL', 'SECTOR', 'LISTED IN', 'LDCP', 'OPEN', 'HIGH', 'LOW', 'CURRENT', 'CHANGE', 'CHANGE (%)', 'VOLUME']
2026-09-16 17:25:35 | DEBUG    | clean_data           | Removed 'LISTED IN' column
2026-09-16 17:25:35 | DEBUG    | clean_data           | Converted LDCP from float64 to numeric
2026-09-16 17:25:35 | DEBUG    | clean_data           | Converted OPEN from float64 to numeric
2026-09-16 17:25:35 | DEBUG    | clean_data           | Converted HIGH from float64 to numeric
2026-09-16 17:25:35 | DEBUG    | clean_data           | Converted LOW from float64 to numeric
2026-09-16 17:25:35 | DEBUG    | clean_data           | Converted CURRENT from float64 to numeric
2026-09-16 17:25:35 | DEBUG    | clean_data           | Converted CHANGE from float64 to numeric
2026-09-16 17:25:35 | WARNING  | clean_data           | Column CHANGE (%): 496 values could not be converted to numeric
2026-09-16 17:25:35 | DEBUG    | clean_data           | Converted CHANGE (%) from str to numeric
2026-09-16 17:25:35 | DEBUG    | clean_data           | Converted VOLUME from int64 to numeric
2026-09-16 17:25:35 | INFO     | clean_data           | ✅ Data cleaned (496 rows, 16 columns)
2026-09-16 17:25:35 | DEBUG    | clean_data           | Final columns: ['SYMBOL', 'SECTOR', 'LDCP', 'OPEN', 'HIGH', 'LOW', 'CURRENT', 'CHANGE', 'CHANGE (%)', 'VOLUME', 'YEAR', 'MONTH', 'DAY', 'HOUR', 'MINUTE', 'DATETIME']
2026-09-16 17:25:35 | DEBUG    | get_file_path        | Generated file path: data/2026/09/2026-09-16.xlsx
2026-09-16 17:25:35 | INFO     | save_data            | Saving data to: data/2026/09/2026-09-16.xlsx
2026-09-16 17:25:35 | DEBUG    | _create_backup       | Backup created: data/2026/09/backups/2026-09-16_backup_20260916_172535.xlsx
2026-09-16 17:25:35 | DEBUG    | _cleanup_old_backups | Removed old backup: 2026-09-16_backup_20260916_165906.xlsx
2026-09-16 17:25:35 | DEBUG    | save_data            | Existing file found, merging data...
2026-09-16 17:25:39 | DEBUG    | save_data            | Loaded 42333 existing rows
2026-09-16 17:25:39 | DEBUG    | save_data            | Combined to 42829 rows
2026-09-16 17:25:39 | DEBUG    | save_data            | Writing to temporary file...
2026-09-16 17:25:47 | DEBUG    | save_data            | Data written to temp file: /home/runner/work/Thalorae-BackLioraen/Thalorae-BackLioraen/data/2026/09/tmppygz8_s0.xlsx
2026-09-16 17:25:47 | DEBUG    | save_data            | Temp file moved to final location
2026-09-16 17:25:47 | INFO     | save_data            | ✅ Data saved successfully (42829 total rows, 3,166,458 bytes)
2026-09-16 17:25:47 | INFO     | run                  | ======================================================================
2026-09-16 17:25:47 | INFO     | run                  | 📊 EXECUTION SUMMARY:
2026-09-16 17:25:47 | INFO     | run                  |    ✅ Status: SUCCESS
2026-09-16 17:25:47 | INFO     | run                  |    - Rows processed: 496
2026-09-16 17:25:47 | INFO     | run                  |    - Unique symbols: 496
2026-09-16 17:25:47 | INFO     | run                  |    - Timestamp: 2026-09-16 22:25:28
2026-09-16 17:25:47 | INFO     | run                  |    - File: data/2026/09/2026-09-16.xlsx
2026-09-16 17:25:47 | INFO     | run                  | ======================================================================
2026-09-16 17:25:47 | DEBUG    | run                  | Sample data (first row):
2026-09-16 17:25:47 | DEBUG    | run                  | {'SYMBOL': 'WTLNC', 'SECTOR': 828, 'LDCP': 1.06, 'OPEN': 1.05, 'HIGH': 1.1, 'LOW': 1.0, 'CURRENT': 1.02, 'CHANGE': -0.04, 'CHANGE (%)': nan, 'VOLUME': 40029812, 'YEAR': 2026, 'MONTH': 9, 'DAY': 16, 'HOUR': 22, 'MINUTE': 25, 'DATETIME': '2026-09-16 22:25'}
2026-09-16 17:25:47 | DEBUG    | close                | Session closed
2026-09-16 17:30:48 | INFO     | run                  | ======================================================================
2026-09-16 17:30:48 | INFO     | run                  | 🚀 MARKET DATA SCRAPER - SINGLE EXECUTION
2026-09-16 17:30:48 | INFO     | run                  | ======================================================================
2026-09-16 17:30:48 | INFO     | run                  | Execution Time: 2026-09-16 22:30:48 PKT
2026-09-16 17:30:48 | INFO     | run                  | Configuration:
2026-09-16 17:30:48 | INFO     | run                  |    - Timezone: Asia/Karachi
2026-09-16 17:30:48 | INFO     | run                  |    - Data directory: data
2026-09-16 17:30:48 | INFO     | run                  |    - Log directory: logs
2026-09-16 17:30:48 | INFO     | run                  |    - Excluded symbols: {'XD', 'XR', 'XS', 'XT'}
2026-09-16 17:30:48 | INFO     | run                  | ======================================================================
2026-09-16 17:30:48 | INFO     | fetch_data           | Fetching data (Attempt 1/3)...
2026-09-16 17:30:48 | DEBUG    | fetch_data           | Establishing session with https://dps.psx.com.pk/
2026-09-16 17:30:52 | DEBUG    | fetch_data           | Requesting data from https://dps.psx.com.pk/market-watch
2026-09-16 17:30:54 | DEBUG    | fetch_data           | Response status: 200
2026-09-16 17:30:54 | DEBUG    | fetch_data           | Response content type: text/html; charset=utf-8
2026-09-16 17:30:54 | DEBUG    | fetch_data           | Response size: 475060 bytes
2026-09-16 17:30:54 | INFO     | fetch_data           | ✅ Data fetched successfully (Status: 200)
2026-09-16 17:30:54 | DEBUG    | parse_json           | Attempting JSON parsing...
2026-09-16 17:30:54 | DEBUG    | parse_json           | Response preview: <table class="tbl" data-page-length="25"><thead class="tbl__head"><!-- tr--><!--   th(colspan="11")--><!--   th.center(colspan="2", style="width: 110px;") TOTAL BUY ORDERS--><!--   th.center(colspan="2", style="width: 110px;") TOTAL SELL ORDERS--><tr><th data-name="symbol">SYMBOL</th><th data-name="sector">SECTOR</th><th data-name="listed">LISTED IN</th><th class="right" data-name="ldcp">LDCP</th><th class="right" data-name="open">OPEN</th><th class="right" data-name="high">HIGH</th><th class="r
2026-09-16 17:30:54 | WARNING  | parse_json           | ⚠️ JSON parsing failed: Expecting value: line 1 column 1 (char 0)
2026-09-16 17:30:54 | INFO     | run                  | JSON parsing failed, trying HTML fallback...
2026-09-16 17:30:54 | INFO     | parse_html           | Attempting HTML fallback parsing...
2026-09-16 17:30:54 | DEBUG    | parse_html           | Found 1 table(s) in HTML
2026-09-16 17:30:54 | DEBUG    | parse_html           | Table columns: ['SYMBOL', 'SECTOR', 'LISTED IN', 'LDCP', 'OPEN', 'HIGH', 'LOW', 'CURRENT', 'CHANGE', 'CHANGE (%)', 'VOLUME']
2026-09-16 17:30:54 | DEBUG    | parse_html           | Table shape: (496, 11)
2026-09-16 17:30:54 | INFO     | parse_html           | ✅ HTML parsed successfully (496 rows)
2026-09-16 17:30:54 | INFO     | clean_data           | Cleaning data...
2026-09-16 17:30:54 | DEBUG    | clean_data           | Initial shape: (496, 11)
2026-09-16 17:30:54 | DEBUG    | clean_data           | Initial columns: ['SYMBOL', 'SECTOR', 'LISTED IN', 'LDCP', 'OPEN', 'HIGH', 'LOW', 'CURRENT', 'CHANGE', 'CHANGE (%)', 'VOLUME']
2026-09-16 17:30:54 | DEBUG    | clean_data           | Removed 'LISTED IN' column
2026-09-16 17:30:54 | DEBUG    | clean_data           | Converted LDCP from float64 to numeric
2026-09-16 17:30:54 | DEBUG    | clean_data           | Converted OPEN from float64 to numeric
2026-09-16 17:30:54 | DEBUG    | clean_data           | Converted HIGH from float64 to numeric
2026-09-16 17:30:54 | DEBUG    | clean_data           | Converted LOW from float64 to numeric
2026-09-16 17:30:54 | DEBUG    | clean_data           | Converted CURRENT from float64 to numeric
2026-09-16 17:30:54 | DEBUG    | clean_data           | Converted CHANGE from float64 to numeric
2026-09-16 17:30:54 | WARNING  | clean_data           | Column CHANGE (%): 496 values could not be converted to numeric
2026-09-16 17:30:54 | DEBUG    | clean_data           | Converted CHANGE (%) from str to numeric
2026-09-16 17:30:54 | DEBUG    | clean_data           | Converted VOLUME from int64 to numeric
2026-09-16 17:30:54 | INFO     | clean_data           | ✅ Data cleaned (496 rows, 16 columns)
2026-09-16 17:30:54 | DEBUG    | clean_data           | Final columns: ['SYMBOL', 'SECTOR', 'LDCP', 'OPEN', 'HIGH', 'LOW', 'CURRENT', 'CHANGE', 'CHANGE (%)', 'VOLUME', 'YEAR', 'MONTH', 'DAY', 'HOUR', 'MINUTE', 'DATETIME']
2026-09-16 17:30:54 | DEBUG    | get_file_path        | Generated file path: data/2026/09/2026-09-16.xlsx
2026-09-16 17:30:54 | INFO     | save_data            | Saving data to: data/2026/09/2026-09-16.xlsx
2026-09-16 17:30:54 | DEBUG    | _create_backup       | Backup created: data/2026/09/backups/2026-09-16_backup_20260916_173054.xlsx
2026-09-16 17:30:54 | DEBUG    | _cleanup_old_backups | Removed old backup: 2026-09-16_backup_20260916_170423.xlsx
2026-09-16 17:30:54 | DEBUG    | save_data            | Existing file found, merging data...
2026-09-16 17:30:59 | DEBUG    | save_data            | Loaded 42829 existing rows
2026-09-16 17:30:59 | DEBUG    | save_data            | Combined to 43325 rows
2026-09-16 17:30:59 | DEBUG    | save_data            | Writing to temporary file...
2026-09-16 17:31:07 | DEBUG    | save_data            | Data written to temp file: /home/runner/work/Thalorae-BackLioraen/Thalorae-BackLioraen/data/2026/09/tmpn1sjio9f.xlsx
2026-09-16 17:31:07 | DEBUG    | save_data            | Temp file moved to final location
2026-09-16 17:31:07 | INFO     | save_data            | ✅ Data saved successfully (43325 total rows, 3,203,577 bytes)
2026-09-16 17:31:07 | INFO     | run                  | ======================================================================
2026-09-16 17:31:07 | INFO     | run                  | 📊 EXECUTION SUMMARY:
2026-09-16 17:31:07 | INFO     | run                  |    ✅ Status: SUCCESS
2026-09-16 17:31:07 | INFO     | run                  |    - Rows processed: 496
2026-09-16 17:31:07 | INFO     | run                  |    - Unique symbols: 496
2026-09-16 17:31:07 | INFO     | run                  |    - Timestamp: 2026-09-16 22:30:48
2026-09-16 17:31:07 | INFO     | run                  |    - File: data/2026/09/2026-09-16.xlsx
2026-09-16 17:31:07 | INFO     | run                  | ======================================================================
2026-09-16 17:31:07 | DEBUG    | run                  | Sample data (first row):
2026-09-16 17:31:07 | DEBUG    | run                  | {'SYMBOL': 'WTLNC', 'SECTOR': 828, 'LDCP': 1.06, 'OPEN': 1.05, 'HIGH': 1.1, 'LOW': 1.0, 'CURRENT': 1.02, 'CHANGE': -0.04, 'CHANGE (%)': nan, 'VOLUME': 40029812, 'YEAR': 2026, 'MONTH': 9, 'DAY': 16, 'HOUR': 22, 'MINUTE': 30, 'DATETIME': '2026-09-16 22:30'}
2026-09-16 17:31:07 | DEBUG    | close                | Session closed
2026-09-16 17:36:08 | INFO     | run                  | ======================================================================
2026-09-16 17:36:08 | INFO     | run                  | 🚀 MARKET DATA SCRAPER - SINGLE EXECUTION
2026-09-16 17:36:08 | INFO     | run                  | ======================================================================
2026-09-16 17:36:08 | INFO     | run                  | Execution Time: 2026-09-16 22:36:08 PKT
2026-09-16 17:36:08 | INFO     | run                  | Configuration:
2026-09-16 17:36:08 | INFO     | run                  |    - Timezone: Asia/Karachi
2026-09-16 17:36:08 | INFO     | run                  |    - Data directory: data
2026-09-16 17:36:08 | INFO     | run                  |    - Log directory: logs
2026-09-16 17:36:08 | INFO     | run                  |    - Excluded symbols: {'XT', 'XS', 'XR', 'XD'}
2026-09-16 17:36:08 | INFO     | run                  | ======================================================================
2026-09-16 17:36:08 | INFO     | fetch_data           | Fetching data (Attempt 1/3)...
2026-09-16 17:36:08 | DEBUG    | fetch_data           | Establishing session with https://dps.psx.com.pk/
2026-09-16 17:36:10 | DEBUG    | fetch_data           | Requesting data from https://dps.psx.com.pk/market-watch
2026-09-16 17:36:12 | DEBUG    | fetch_data           | Response status: 200
2026-09-16 17:36:12 | DEBUG    | fetch_data           | Response content type: text/html; charset=utf-8
2026-09-16 17:36:12 | DEBUG    | fetch_data           | Response size: 475060 bytes
2026-09-16 17:36:12 | INFO     | fetch_data           | ✅ Data fetched successfully (Status: 200)
2026-09-16 17:36:12 | DEBUG    | parse_json           | Attempting JSON parsing...
2026-09-16 17:36:12 | DEBUG    | parse_json           | Response preview: <table class="tbl" data-page-length="25"><thead class="tbl__head"><!-- tr--><!--   th(colspan="11")--><!--   th.center(colspan="2", style="width: 110px;") TOTAL BUY ORDERS--><!--   th.center(colspan="2", style="width: 110px;") TOTAL SELL ORDERS--><tr><th data-name="symbol">SYMBOL</th><th data-name="sector">SECTOR</th><th data-name="listed">LISTED IN</th><th class="right" data-name="ldcp">LDCP</th><th class="right" data-name="open">OPEN</th><th class="right" data-name="high">HIGH</th><th class="r
2026-09-16 17:36:12 | WARNING  | parse_json           | ⚠️ JSON parsing failed: Expecting value: line 1 column 1 (char 0)
2026-09-16 17:36:12 | INFO     | run                  | JSON parsing failed, trying HTML fallback...
2026-09-16 17:36:12 | INFO     | parse_html           | Attempting HTML fallback parsing...
2026-09-16 17:36:12 | DEBUG    | parse_html           | Found 1 table(s) in HTML
2026-09-16 17:36:12 | DEBUG    | parse_html           | Table columns: ['SYMBOL', 'SECTOR', 'LISTED IN', 'LDCP', 'OPEN', 'HIGH', 'LOW', 'CURRENT', 'CHANGE', 'CHANGE (%)', 'VOLUME']
2026-09-16 17:36:12 | DEBUG    | parse_html           | Table shape: (496, 11)
2026-09-16 17:36:12 | INFO     | parse_html           | ✅ HTML parsed successfully (496 rows)
2026-09-16 17:36:12 | INFO     | clean_data           | Cleaning data...
2026-09-16 17:36:12 | DEBUG    | clean_data           | Initial shape: (496, 11)
2026-09-16 17:36:12 | DEBUG    | clean_data           | Initial columns: ['SYMBOL', 'SECTOR', 'LISTED IN', 'LDCP', 'OPEN', 'HIGH', 'LOW', 'CURRENT', 'CHANGE', 'CHANGE (%)', 'VOLUME']
2026-09-16 17:36:12 | DEBUG    | clean_data           | Removed 'LISTED IN' column
2026-09-16 17:36:12 | DEBUG    | clean_data           | Converted LDCP from float64 to numeric
2026-09-16 17:36:12 | DEBUG    | clean_data           | Converted OPEN from float64 to numeric
2026-09-16 17:36:12 | DEBUG    | clean_data           | Converted HIGH from float64 to numeric
2026-09-16 17:36:12 | DEBUG    | clean_data           | Converted LOW from float64 to numeric
2026-09-16 17:36:12 | DEBUG    | clean_data           | Converted CURRENT from float64 to numeric
2026-09-16 17:36:12 | DEBUG    | clean_data           | Converted CHANGE from float64 to numeric
2026-09-16 17:36:12 | WARNING  | clean_data           | Column CHANGE (%): 496 values could not be converted to numeric
2026-09-16 17:36:12 | DEBUG    | clean_data           | Converted CHANGE (%) from str to numeric
2026-09-16 17:36:12 | DEBUG    | clean_data           | Converted VOLUME from int64 to numeric
2026-09-16 17:36:12 | INFO     | clean_data           | ✅ Data cleaned (496 rows, 16 columns)
2026-09-16 17:36:12 | DEBUG    | clean_data           | Final columns: ['SYMBOL', 'SECTOR', 'LDCP', 'OPEN', 'HIGH', 'LOW', 'CURRENT', 'CHANGE', 'CHANGE (%)', 'VOLUME', 'YEAR', 'MONTH', 'DAY', 'HOUR', 'MINUTE', 'DATETIME']
2026-09-16 17:36:12 | DEBUG    | get_file_path        | Generated file path: data/2026/09/2026-09-16.xlsx
2026-09-16 17:36:12 | INFO     | save_data            | Saving data to: data/2026/09/2026-09-16.xlsx
2026-09-16 17:36:12 | DEBUG    | _create_backup       | Backup created: data/2026/09/backups/2026-09-16_backup_20260916_173612.xlsx
2026-09-16 17:36:12 | DEBUG    | _cleanup_old_backups | Removed old backup: 2026-09-16_backup_20260916_170940.xlsx
2026-09-16 17:36:12 | DEBUG    | save_data            | Existing file found, merging data...
2026-09-16 17:36:17 | DEBUG    | save_data            | Loaded 43325 existing rows
2026-09-16 17:36:17 | DEBUG    | save_data            | Combined to 43821 rows
2026-09-16 17:36:17 | DEBUG    | save_data            | Writing to temporary file...
2026-09-16 17:36:25 | DEBUG    | save_data            | Data written to temp file: /home/runner/work/Thalorae-BackLioraen/Thalorae-BackLioraen/data/2026/09/tmpflmjfu9d.xlsx
2026-09-16 17:36:25 | DEBUG    | save_data            | Temp file moved to final location
2026-09-16 17:36:25 | INFO     | save_data            | ✅ Data saved successfully (43821 total rows, 3,240,679 bytes)
2026-09-16 17:36:25 | INFO     | run                  | ======================================================================
2026-09-16 17:36:25 | INFO     | run                  | 📊 EXECUTION SUMMARY:
2026-09-16 17:36:25 | INFO     | run                  |    ✅ Status: SUCCESS
2026-09-16 17:36:25 | INFO     | run                  |    - Rows processed: 496
2026-09-16 17:36:25 | INFO     | run                  |    - Unique symbols: 496
2026-09-16 17:36:25 | INFO     | run                  |    - Timestamp: 2026-09-16 22:36:08
2026-09-16 17:36:25 | INFO     | run                  |    - File: data/2026/09/2026-09-16.xlsx
2026-09-16 17:36:25 | INFO     | run                  | ======================================================================
2026-09-16 17:36:25 | DEBUG    | run                  | Sample data (first row):
2026-09-16 17:36:25 | DEBUG    | run                  | {'SYMBOL': 'WTLNC', 'SECTOR': 828, 'LDCP': 1.06, 'OPEN': 1.05, 'HIGH': 1.1, 'LOW': 1.0, 'CURRENT': 1.02, 'CHANGE': -0.04, 'CHANGE (%)': nan, 'VOLUME': 40029812, 'YEAR': 2026, 'MONTH': 9, 'DAY': 16, 'HOUR': 22, 'MINUTE': 36, 'DATETIME': '2026-09-16 22:36'}
2026-09-16 17:36:25 | DEBUG    | close                | Session closed
2026-09-16 17:41:26 | INFO     | run                  | ======================================================================
2026-09-16 17:41:26 | INFO     | run                  | 🚀 MARKET DATA SCRAPER - SINGLE EXECUTION
2026-09-16 17:41:26 | INFO     | run                  | ======================================================================
2026-09-16 17:41:26 | INFO     | run                  | Execution Time: 2026-09-16 22:41:26 PKT
2026-09-16 17:41:26 | INFO     | run                  | Configuration:
2026-09-16 17:41:26 | INFO     | run                  |    - Timezone: Asia/Karachi
2026-09-16 17:41:26 | INFO     | run                  |    - Data directory: data
2026-09-16 17:41:26 | INFO     | run                  |    - Log directory: logs
2026-09-16 17:41:26 | INFO     | run                  |    - Excluded symbols: {'XS', 'XR', 'XD', 'XT'}
2026-09-16 17:41:26 | INFO     | run                  | ======================================================================
2026-09-16 17:41:26 | INFO     | fetch_data           | Fetching data (Attempt 1/3)...
2026-09-16 17:41:26 | DEBUG    | fetch_data           | Establishing session with https://dps.psx.com.pk/
2026-09-16 17:41:30 | DEBUG    | fetch_data           | Requesting data from https://dps.psx.com.pk/market-watch
2026-09-16 17:41:32 | DEBUG    | fetch_data           | Response status: 200
2026-09-16 17:41:32 | DEBUG    | fetch_data           | Response content type: text/html; charset=utf-8
2026-09-16 17:41:32 | DEBUG    | fetch_data           | Response size: 475060 bytes
2026-09-16 17:41:32 | INFO     | fetch_data           | ✅ Data fetched successfully (Status: 200)
2026-09-16 17:41:32 | DEBUG    | parse_json           | Attempting JSON parsing...
2026-09-16 17:41:32 | DEBUG    | parse_json           | Response preview: <table class="tbl" data-page-length="25"><thead class="tbl__head"><!-- tr--><!--   th(colspan="11")--><!--   th.center(colspan="2", style="width: 110px;") TOTAL BUY ORDERS--><!--   th.center(colspan="2", style="width: 110px;") TOTAL SELL ORDERS--><tr><th data-name="symbol">SYMBOL</th><th data-name="sector">SECTOR</th><th data-name="listed">LISTED IN</th><th class="right" data-name="ldcp">LDCP</th><th class="right" data-name="open">OPEN</th><th class="right" data-name="high">HIGH</th><th class="r
2026-09-16 17:41:32 | WARNING  | parse_json           | ⚠️ JSON parsing failed: Expecting value: line 1 column 1 (char 0)
2026-09-16 17:41:32 | INFO     | run                  | JSON parsing failed, trying HTML fallback...
2026-09-16 17:41:32 | INFO     | parse_html           | Attempting HTML fallback parsing...
2026-09-16 17:41:32 | DEBUG    | parse_html           | Found 1 table(s) in HTML
2026-09-16 17:41:32 | DEBUG    | parse_html           | Table columns: ['SYMBOL', 'SECTOR', 'LISTED IN', 'LDCP', 'OPEN', 'HIGH', 'LOW', 'CURRENT', 'CHANGE', 'CHANGE (%)', 'VOLUME']
2026-09-16 17:41:32 | DEBUG    | parse_html           | Table shape: (496, 11)
2026-09-16 17:41:32 | INFO     | parse_html           | ✅ HTML parsed successfully (496 rows)
2026-09-16 17:41:32 | INFO     | clean_data           | Cleaning data...
2026-09-16 17:41:32 | DEBUG    | clean_data           | Initial shape: (496, 11)
2026-09-16 17:41:32 | DEBUG    | clean_data           | Initial columns: ['SYMBOL', 'SECTOR', 'LISTED IN', 'LDCP', 'OPEN', 'HIGH', 'LOW', 'CURRENT', 'CHANGE', 'CHANGE (%)', 'VOLUME']
2026-09-16 17:41:32 | DEBUG    | clean_data           | Removed 'LISTED IN' column
2026-09-16 17:41:32 | DEBUG    | clean_data           | Converted LDCP from float64 to numeric
2026-09-16 17:41:32 | DEBUG    | clean_data           | Converted OPEN from float64 to numeric
2026-09-16 17:41:32 | DEBUG    | clean_data           | Converted HIGH from float64 to numeric
2026-09-16 17:41:32 | DEBUG    | clean_data           | Converted LOW from float64 to numeric
2026-09-16 17:41:32 | DEBUG    | clean_data           | Converted CURRENT from float64 to numeric
2026-09-16 17:41:32 | DEBUG    | clean_data           | Converted CHANGE from float64 to numeric
2026-09-16 17:41:32 | WARNING  | clean_data           | Column CHANGE (%): 496 values could not be converted to numeric
2026-09-16 17:41:32 | DEBUG    | clean_data           | Converted CHANGE (%) from str to numeric
2026-09-16 17:41:32 | DEBUG    | clean_data           | Converted VOLUME from int64 to numeric
2026-09-16 17:41:32 | INFO     | clean_data           | ✅ Data cleaned (496 rows, 16 columns)
2026-09-16 17:41:32 | DEBUG    | clean_data           | Final columns: ['SYMBOL', 'SECTOR', 'LDCP', 'OPEN', 'HIGH', 'LOW', 'CURRENT', 'CHANGE', 'CHANGE (%)', 'VOLUME', 'YEAR', 'MONTH', 'DAY', 'HOUR', 'MINUTE', 'DATETIME']
2026-09-16 17:41:32 | DEBUG    | get_file_path        | Generated file path: data/2026/09/2026-09-16.xlsx
2026-09-16 17:41:32 | INFO     | save_data            | Saving data to: data/2026/09/2026-09-16.xlsx
2026-09-16 17:41:32 | DEBUG    | _create_backup       | Backup created: data/2026/09/backups/2026-09-16_backup_20260916_174132.xlsx
2026-09-16 17:41:32 | DEBUG    | _cleanup_old_backups | Removed old backup: 2026-09-16_backup_20260916_171457.xlsx
2026-09-16 17:41:32 | DEBUG    | save_data            | Existing file found, merging data...
2026-09-16 17:41:37 | DEBUG    | save_data            | Loaded 43821 existing rows
2026-09-16 17:41:37 | DEBUG    | save_data            | Combined to 44317 rows
2026-09-16 17:41:37 | DEBUG    | save_data            | Writing to temporary file...
2026-09-16 17:41:45 | DEBUG    | save_data            | Data written to temp file: /home/runner/work/Thalorae-BackLioraen/Thalorae-BackLioraen/data/2026/09/tmpzrf63xez.xlsx
2026-09-16 17:41:45 | DEBUG    | save_data            | Temp file moved to final location
2026-09-16 17:41:45 | INFO     | save_data            | ✅ Data saved successfully (44317 total rows, 3,277,792 bytes)
2026-09-16 17:41:45 | INFO     | run                  | ======================================================================
2026-09-16 17:41:45 | INFO     | run                  | 📊 EXECUTION SUMMARY:
2026-09-16 17:41:45 | INFO     | run                  |    ✅ Status: SUCCESS
2026-09-16 17:41:45 | INFO     | run                  |    - Rows processed: 496
2026-09-16 17:41:45 | INFO     | run                  |    - Unique symbols: 496
2026-09-16 17:41:45 | INFO     | run                  |    - Timestamp: 2026-09-16 22:41:26
2026-09-16 17:41:45 | INFO     | run                  |    - File: data/2026/09/2026-09-16.xlsx
2026-09-16 17:41:45 | INFO     | run                  | ======================================================================
2026-09-16 17:41:45 | DEBUG    | run                  | Sample data (first row):
2026-09-16 17:41:45 | DEBUG    | run                  | {'SYMBOL': 'WTLNC', 'SECTOR': 828, 'LDCP': 1.06, 'OPEN': 1.05, 'HIGH': 1.1, 'LOW': 1.0, 'CURRENT': 1.02, 'CHANGE': -0.04, 'CHANGE (%)': nan, 'VOLUME': 40029812, 'YEAR': 2026, 'MONTH': 9, 'DAY': 16, 'HOUR': 22, 'MINUTE': 41, 'DATETIME': '2026-09-16 22:41'}
2026-09-16 17:41:45 | DEBUG    | close                | Session closed
2026-09-16 17:46:46 | INFO     | run                  | ======================================================================
2026-09-16 17:46:46 | INFO     | run                  | 🚀 MARKET DATA SCRAPER - SINGLE EXECUTION
2026-09-16 17:46:46 | INFO     | run                  | ======================================================================
2026-09-16 17:46:46 | INFO     | run                  | Execution Time: 2026-09-16 22:46:46 PKT
2026-09-16 17:46:46 | INFO     | run                  | Configuration:
2026-09-16 17:46:46 | INFO     | run                  |    - Timezone: Asia/Karachi
2026-09-16 17:46:46 | INFO     | run                  |    - Data directory: data
2026-09-16 17:46:46 | INFO     | run                  |    - Log directory: logs
2026-09-16 17:46:46 | INFO     | run                  |    - Excluded symbols: {'XD', 'XT', 'XR', 'XS'}
2026-09-16 17:46:46 | INFO     | run                  | ======================================================================
2026-09-16 17:46:46 | INFO     | fetch_data           | Fetching data (Attempt 1/3)...
2026-09-16 17:46:46 | DEBUG    | fetch_data           | Establishing session with https://dps.psx.com.pk/
2026-09-16 17:46:49 | DEBUG    | fetch_data           | Requesting data from https://dps.psx.com.pk/market-watch
2026-09-16 17:46:51 | DEBUG    | fetch_data           | Response status: 200
2026-09-16 17:46:51 | DEBUG    | fetch_data           | Response content type: text/html; charset=utf-8
2026-09-16 17:46:51 | DEBUG    | fetch_data           | Response size: 475060 bytes
2026-09-16 17:46:51 | INFO     | fetch_data           | ✅ Data fetched successfully (Status: 200)
2026-09-16 17:46:51 | DEBUG    | parse_json           | Attempting JSON parsing...
2026-09-16 17:46:51 | DEBUG    | parse_json           | Response preview: <table class="tbl" data-page-length="25"><thead class="tbl__head"><!-- tr--><!--   th(colspan="11")--><!--   th.center(colspan="2", style="width: 110px;") TOTAL BUY ORDERS--><!--   th.center(colspan="2", style="width: 110px;") TOTAL SELL ORDERS--><tr><th data-name="symbol">SYMBOL</th><th data-name="sector">SECTOR</th><th data-name="listed">LISTED IN</th><th class="right" data-name="ldcp">LDCP</th><th class="right" data-name="open">OPEN</th><th class="right" data-name="high">HIGH</th><th class="r
2026-09-16 17:46:51 | WARNING  | parse_json           | ⚠️ JSON parsing failed: Expecting value: line 1 column 1 (char 0)
2026-09-16 17:46:51 | INFO     | run                  | JSON parsing failed, trying HTML fallback...
2026-09-16 17:46:51 | INFO     | parse_html           | Attempting HTML fallback parsing...
2026-09-16 17:46:51 | DEBUG    | parse_html           | Found 1 table(s) in HTML
2026-09-16 17:46:51 | DEBUG    | parse_html           | Table columns: ['SYMBOL', 'SECTOR', 'LISTED IN', 'LDCP', 'OPEN', 'HIGH', 'LOW', 'CURRENT', 'CHANGE', 'CHANGE (%)', 'VOLUME']
2026-09-16 17:46:51 | DEBUG    | parse_html           | Table shape: (496, 11)
2026-09-16 17:46:51 | INFO     | parse_html           | ✅ HTML parsed successfully (496 rows)
2026-09-16 17:46:51 | INFO     | clean_data           | Cleaning data...
2026-09-16 17:46:51 | DEBUG    | clean_data           | Initial shape: (496, 11)
2026-09-16 17:46:51 | DEBUG    | clean_data           | Initial columns: ['SYMBOL', 'SECTOR', 'LISTED IN', 'LDCP', 'OPEN', 'HIGH', 'LOW', 'CURRENT', 'CHANGE', 'CHANGE (%)', 'VOLUME']
2026-09-16 17:46:51 | DEBUG    | clean_data           | Removed 'LISTED IN' column
2026-09-16 17:46:51 | DEBUG    | clean_data           | Converted LDCP from float64 to numeric
2026-09-16 17:46:51 | DEBUG    | clean_data           | Converted OPEN from float64 to numeric
2026-09-16 17:46:51 | DEBUG    | clean_data           | Converted HIGH from float64 to numeric
2026-09-16 17:46:51 | DEBUG    | clean_data           | Converted LOW from float64 to numeric
2026-09-16 17:46:51 | DEBUG    | clean_data           | Converted CURRENT from float64 to numeric
2026-09-16 17:46:51 | DEBUG    | clean_data           | Converted CHANGE from float64 to numeric
2026-09-16 17:46:51 | WARNING  | clean_data           | Column CHANGE (%): 496 values could not be converted to numeric
2026-09-16 17:46:51 | DEBUG    | clean_data           | Converted CHANGE (%) from str to numeric
2026-09-16 17:46:51 | DEBUG    | clean_data           | Converted VOLUME from int64 to numeric
2026-09-16 17:46:51 | INFO     | clean_data           | ✅ Data cleaned (496 rows, 16 columns)
2026-09-16 17:46:51 | DEBUG    | clean_data           | Final columns: ['SYMBOL', 'SECTOR', 'LDCP', 'OPEN', 'HIGH', 'LOW', 'CURRENT', 'CHANGE', 'CHANGE (%)', 'VOLUME', 'YEAR', 'MONTH', 'DAY', 'HOUR', 'MINUTE', 'DATETIME']
2026-09-16 17:46:51 | DEBUG    | get_file_path        | Generated file path: data/2026/09/2026-09-16.xlsx
2026-09-16 17:46:51 | INFO     | save_data            | Saving data to: data/2026/09/2026-09-16.xlsx
2026-09-16 17:46:51 | DEBUG    | _create_backup       | Backup created: data/2026/09/backups/2026-09-16_backup_20260916_174651.xlsx
2026-09-16 17:46:51 | DEBUG    | _cleanup_old_backups | Removed old backup: 2026-09-16_backup_20260916_172015.xlsx
2026-09-16 17:46:51 | DEBUG    | save_data            | Existing file found, merging data...
2026-09-16 17:46:56 | DEBUG    | save_data            | Loaded 44317 existing rows
2026-09-16 17:46:56 | DEBUG    | save_data            | Combined to 44813 rows
2026-09-16 17:46:56 | DEBUG    | save_data            | Writing to temporary file...
2026-09-16 17:47:04 | DEBUG    | save_data            | Data written to temp file: /home/runner/work/Thalorae-BackLioraen/Thalorae-BackLioraen/data/2026/09/tmpcnw0q1a7.xlsx
2026-09-16 17:47:04 | DEBUG    | save_data            | Temp file moved to final location
2026-09-16 17:47:04 | INFO     | save_data            | ✅ Data saved successfully (44813 total rows, 3,314,897 bytes)
2026-09-16 17:47:04 | INFO     | run                  | ======================================================================
2026-09-16 17:47:04 | INFO     | run                  | 📊 EXECUTION SUMMARY:
2026-09-16 17:47:04 | INFO     | run                  |    ✅ Status: SUCCESS
2026-09-16 17:47:04 | INFO     | run                  |    - Rows processed: 496
2026-09-16 17:47:04 | INFO     | run                  |    - Unique symbols: 496
2026-09-16 17:47:04 | INFO     | run                  |    - Timestamp: 2026-09-16 22:46:46
2026-09-16 17:47:04 | INFO     | run                  |    - File: data/2026/09/2026-09-16.xlsx
2026-09-16 17:47:04 | INFO     | run                  | ======================================================================
2026-09-16 17:47:04 | DEBUG    | run                  | Sample data (first row):
2026-09-16 17:47:04 | DEBUG    | run                  | {'SYMBOL': 'WTLNC', 'SECTOR': 828, 'LDCP': 1.06, 'OPEN': 1.05, 'HIGH': 1.1, 'LOW': 1.0, 'CURRENT': 1.02, 'CHANGE': -0.04, 'CHANGE (%)': nan, 'VOLUME': 40029812, 'YEAR': 2026, 'MONTH': 9, 'DAY': 16, 'HOUR': 22, 'MINUTE': 46, 'DATETIME': '2026-09-16 22:46'}
2026-09-16 17:47:04 | DEBUG    | close                | Session closed
2026-09-16 17:52:04 | INFO     | run                  | ======================================================================
2026-09-16 17:52:04 | INFO     | run                  | 🚀 MARKET DATA SCRAPER - SINGLE EXECUTION
2026-09-16 17:52:04 | INFO     | run                  | ======================================================================
2026-09-16 17:52:04 | INFO     | run                  | Execution Time: 2026-09-16 22:52:04 PKT
2026-09-16 17:52:04 | INFO     | run                  | Configuration:
2026-09-16 17:52:04 | INFO     | run                  |    - Timezone: Asia/Karachi
2026-09-16 17:52:04 | INFO     | run                  |    - Data directory: data
2026-09-16 17:52:04 | INFO     | run                  |    - Log directory: logs
2026-09-16 17:52:04 | INFO     | run                  |    - Excluded symbols: {'XR', 'XD', 'XT', 'XS'}
2026-09-16 17:52:04 | INFO     | run                  | ======================================================================
2026-09-16 17:52:04 | INFO     | fetch_data           | Fetching data (Attempt 1/3)...
2026-09-16 17:52:04 | DEBUG    | fetch_data           | Establishing session with https://dps.psx.com.pk/
2026-09-16 17:52:07 | DEBUG    | fetch_data           | Requesting data from https://dps.psx.com.pk/market-watch
2026-09-16 17:52:09 | DEBUG    | fetch_data           | Response status: 200
2026-09-16 17:52:09 | DEBUG    | fetch_data           | Response content type: text/html; charset=utf-8
2026-09-16 17:52:09 | DEBUG    | fetch_data           | Response size: 475060 bytes
2026-09-16 17:52:09 | INFO     | fetch_data           | ✅ Data fetched successfully (Status: 200)
2026-09-16 17:52:09 | DEBUG    | parse_json           | Attempting JSON parsing...
2026-09-16 17:52:09 | DEBUG    | parse_json           | Response preview: <table class="tbl" data-page-length="25"><thead class="tbl__head"><!-- tr--><!--   th(colspan="11")--><!--   th.center(colspan="2", style="width: 110px;") TOTAL BUY ORDERS--><!--   th.center(colspan="2", style="width: 110px;") TOTAL SELL ORDERS--><tr><th data-name="symbol">SYMBOL</th><th data-name="sector">SECTOR</th><th data-name="listed">LISTED IN</th><th class="right" data-name="ldcp">LDCP</th><th class="right" data-name="open">OPEN</th><th class="right" data-name="high">HIGH</th><th class="r
2026-09-16 17:52:09 | WARNING  | parse_json           | ⚠️ JSON parsing failed: Expecting value: line 1 column 1 (char 0)
2026-09-16 17:52:09 | INFO     | run                  | JSON parsing failed, trying HTML fallback...
2026-09-16 17:52:09 | INFO     | parse_html           | Attempting HTML fallback parsing...
2026-09-16 17:52:09 | DEBUG    | parse_html           | Found 1 table(s) in HTML
2026-09-16 17:52:09 | DEBUG    | parse_html           | Table columns: ['SYMBOL', 'SECTOR', 'LISTED IN', 'LDCP', 'OPEN', 'HIGH', 'LOW', 'CURRENT', 'CHANGE', 'CHANGE (%)', 'VOLUME']
2026-09-16 17:52:09 | DEBUG    | parse_html           | Table shape: (496, 11)
2026-09-16 17:52:09 | INFO     | parse_html           | ✅ HTML parsed successfully (496 rows)
2026-09-16 17:52:09 | INFO     | clean_data           | Cleaning data...
2026-09-16 17:52:09 | DEBUG    | clean_data           | Initial shape: (496, 11)
2026-09-16 17:52:09 | DEBUG    | clean_data           | Initial columns: ['SYMBOL', 'SECTOR', 'LISTED IN', 'LDCP', 'OPEN', 'HIGH', 'LOW', 'CURRENT', 'CHANGE', 'CHANGE (%)', 'VOLUME']
2026-09-16 17:52:09 | DEBUG    | clean_data           | Removed 'LISTED IN' column
2026-09-16 17:52:09 | DEBUG    | clean_data           | Converted LDCP from float64 to numeric
2026-09-16 17:52:09 | DEBUG    | clean_data           | Converted OPEN from float64 to numeric
2026-09-16 17:52:09 | DEBUG    | clean_data           | Converted HIGH from float64 to numeric
2026-09-16 17:52:09 | DEBUG    | clean_data           | Converted LOW from float64 to numeric
2026-09-16 17:52:09 | DEBUG    | clean_data           | Converted CURRENT from float64 to numeric
2026-09-16 17:52:09 | DEBUG    | clean_data           | Converted CHANGE from float64 to numeric
2026-09-16 17:52:09 | WARNING  | clean_data           | Column CHANGE (%): 496 values could not be converted to numeric
2026-09-16 17:52:09 | DEBUG    | clean_data           | Converted CHANGE (%) from str to numeric
2026-09-16 17:52:09 | DEBUG    | clean_data           | Converted VOLUME from int64 to numeric
2026-09-16 17:52:09 | INFO     | clean_data           | ✅ Data cleaned (496 rows, 16 columns)
2026-09-16 17:52:09 | DEBUG    | clean_data           | Final columns: ['SYMBOL', 'SECTOR', 'LDCP', 'OPEN', 'HIGH', 'LOW', 'CURRENT', 'CHANGE', 'CHANGE (%)', 'VOLUME', 'YEAR', 'MONTH', 'DAY', 'HOUR', 'MINUTE', 'DATETIME']
2026-09-16 17:52:09 | DEBUG    | get_file_path        | Generated file path: data/2026/09/2026-09-16.xlsx
2026-09-16 17:52:09 | INFO     | save_data            | Saving data to: data/2026/09/2026-09-16.xlsx
2026-09-16 17:52:09 | DEBUG    | _create_backup       | Backup created: data/2026/09/backups/2026-09-16_backup_20260916_175209.xlsx
2026-09-16 17:52:09 | DEBUG    | _cleanup_old_backups | Removed old backup: 2026-09-16_backup_20260916_172535.xlsx
2026-09-16 17:52:09 | DEBUG    | save_data            | Existing file found, merging data...
2026-09-16 17:52:14 | DEBUG    | save_data            | Loaded 44813 existing rows
2026-09-16 17:52:14 | DEBUG    | save_data            | Combined to 45309 rows
2026-09-16 17:52:14 | DEBUG    | save_data            | Writing to temporary file...
2026-09-16 17:52:22 | DEBUG    | save_data            | Data written to temp file: /home/runner/work/Thalorae-BackLioraen/Thalorae-BackLioraen/data/2026/09/tmpypwn021t.xlsx
2026-09-16 17:52:22 | DEBUG    | save_data            | Temp file moved to final location
2026-09-16 17:52:22 | INFO     | save_data            | ✅ Data saved successfully (45309 total rows, 3,352,008 bytes)
2026-09-16 17:52:22 | INFO     | run                  | ======================================================================
2026-09-16 17:52:22 | INFO     | run                  | 📊 EXECUTION SUMMARY:
2026-09-16 17:52:22 | INFO     | run                  |    ✅ Status: SUCCESS
2026-09-16 17:52:22 | INFO     | run                  |    - Rows processed: 496
2026-09-16 17:52:22 | INFO     | run                  |    - Unique symbols: 496
2026-09-16 17:52:22 | INFO     | run                  |    - Timestamp: 2026-09-16 22:52:04
2026-09-16 17:52:22 | INFO     | run                  |    - File: data/2026/09/2026-09-16.xlsx
2026-09-16 17:52:22 | INFO     | run                  | ======================================================================
2026-09-16 17:52:22 | DEBUG    | run                  | Sample data (first row):
2026-09-16 17:52:22 | DEBUG    | run                  | {'SYMBOL': 'WTLNC', 'SECTOR': 828, 'LDCP': 1.06, 'OPEN': 1.05, 'HIGH': 1.1, 'LOW': 1.0, 'CURRENT': 1.02, 'CHANGE': -0.04, 'CHANGE (%)': nan, 'VOLUME': 40029812, 'YEAR': 2026, 'MONTH': 9, 'DAY': 16, 'HOUR': 22, 'MINUTE': 52, 'DATETIME': '2026-09-16 22:52'}
2026-09-16 17:52:22 | DEBUG    | close                | Session closed
2026-09-16 17:57:23 | INFO     | run                  | ======================================================================
2026-09-16 17:57:23 | INFO     | run                  | 🚀 MARKET DATA SCRAPER - SINGLE EXECUTION
2026-09-16 17:57:23 | INFO     | run                  | ======================================================================
2026-09-16 17:57:23 | INFO     | run                  | Execution Time: 2026-09-16 22:57:23 PKT
2026-09-16 17:57:23 | INFO     | run                  | Configuration:
2026-09-16 17:57:23 | INFO     | run                  |    - Timezone: Asia/Karachi
2026-09-16 17:57:23 | INFO     | run                  |    - Data directory: data
2026-09-16 17:57:23 | INFO     | run                  |    - Log directory: logs
2026-09-16 17:57:23 | INFO     | run                  |    - Excluded symbols: {'XR', 'XT', 'XD', 'XS'}
2026-09-16 17:57:23 | INFO     | run                  | ======================================================================
2026-09-16 17:57:23 | INFO     | fetch_data           | Fetching data (Attempt 1/3)...
2026-09-16 17:57:23 | DEBUG    | fetch_data           | Establishing session with https://dps.psx.com.pk/
2026-09-16 17:57:26 | DEBUG    | fetch_data           | Requesting data from https://dps.psx.com.pk/market-watch
2026-09-16 17:57:27 | DEBUG    | fetch_data           | Response status: 200
2026-09-16 17:57:27 | DEBUG    | fetch_data           | Response content type: text/html; charset=utf-8
2026-09-16 17:57:27 | DEBUG    | fetch_data           | Response size: 475060 bytes
2026-09-16 17:57:27 | INFO     | fetch_data           | ✅ Data fetched successfully (Status: 200)
2026-09-16 17:57:27 | DEBUG    | parse_json           | Attempting JSON parsing...
2026-09-16 17:57:27 | DEBUG    | parse_json           | Response preview: <table class="tbl" data-page-length="25"><thead class="tbl__head"><!-- tr--><!--   th(colspan="11")--><!--   th.center(colspan="2", style="width: 110px;") TOTAL BUY ORDERS--><!--   th.center(colspan="2", style="width: 110px;") TOTAL SELL ORDERS--><tr><th data-name="symbol">SYMBOL</th><th data-name="sector">SECTOR</th><th data-name="listed">LISTED IN</th><th class="right" data-name="ldcp">LDCP</th><th class="right" data-name="open">OPEN</th><th class="right" data-name="high">HIGH</th><th class="r
2026-09-16 17:57:27 | WARNING  | parse_json           | ⚠️ JSON parsing failed: Expecting value: line 1 column 1 (char 0)
2026-09-16 17:57:27 | INFO     | run                  | JSON parsing failed, trying HTML fallback...
2026-09-16 17:57:27 | INFO     | parse_html           | Attempting HTML fallback parsing...
2026-09-16 17:57:27 | DEBUG    | parse_html           | Found 1 table(s) in HTML
2026-09-16 17:57:27 | DEBUG    | parse_html           | Table columns: ['SYMBOL', 'SECTOR', 'LISTED IN', 'LDCP', 'OPEN', 'HIGH', 'LOW', 'CURRENT', 'CHANGE', 'CHANGE (%)', 'VOLUME']
2026-09-16 17:57:27 | DEBUG    | parse_html           | Table shape: (496, 11)
2026-09-16 17:57:27 | INFO     | parse_html           | ✅ HTML parsed successfully (496 rows)
2026-09-16 17:57:27 | INFO     | clean_data           | Cleaning data...
2026-09-16 17:57:27 | DEBUG    | clean_data           | Initial shape: (496, 11)
2026-09-16 17:57:27 | DEBUG    | clean_data           | Initial columns: ['SYMBOL', 'SECTOR', 'LISTED IN', 'LDCP', 'OPEN', 'HIGH', 'LOW', 'CURRENT', 'CHANGE', 'CHANGE (%)', 'VOLUME']
2026-09-16 17:57:27 | DEBUG    | clean_data           | Removed 'LISTED IN' column
2026-09-16 17:57:27 | DEBUG    | clean_data           | Converted LDCP from float64 to numeric
2026-09-16 17:57:27 | DEBUG    | clean_data           | Converted OPEN from float64 to numeric
2026-09-16 17:57:27 | DEBUG    | clean_data           | Converted HIGH from float64 to numeric
2026-09-16 17:57:27 | DEBUG    | clean_data           | Converted LOW from float64 to numeric
2026-09-16 17:57:27 | DEBUG    | clean_data           | Converted CURRENT from float64 to numeric
2026-09-16 17:57:27 | DEBUG    | clean_data           | Converted CHANGE from float64 to numeric
2026-09-16 17:57:27 | WARNING  | clean_data           | Column CHANGE (%): 496 values could not be converted to numeric
2026-09-16 17:57:27 | DEBUG    | clean_data           | Converted CHANGE (%) from str to numeric
2026-09-16 17:57:27 | DEBUG    | clean_data           | Converted VOLUME from int64 to numeric
2026-09-16 17:57:27 | INFO     | clean_data           | ✅ Data cleaned (496 rows, 16 columns)
2026-09-16 17:57:27 | DEBUG    | clean_data           | Final columns: ['SYMBOL', 'SECTOR', 'LDCP', 'OPEN', 'HIGH', 'LOW', 'CURRENT', 'CHANGE', 'CHANGE (%)', 'VOLUME', 'YEAR', 'MONTH', 'DAY', 'HOUR', 'MINUTE', 'DATETIME']
2026-09-16 17:57:27 | DEBUG    | get_file_path        | Generated file path: data/2026/09/2026-09-16.xlsx
2026-09-16 17:57:27 | INFO     | save_data            | Saving data to: data/2026/09/2026-09-16.xlsx
2026-09-16 17:57:27 | DEBUG    | _create_backup       | Backup created: data/2026/09/backups/2026-09-16_backup_20260916_175727.xlsx
2026-09-16 17:57:27 | DEBUG    | _cleanup_old_backups | Removed old backup: 2026-09-16_backup_20260916_173054.xlsx
2026-09-16 17:57:27 | DEBUG    | save_data            | Existing file found, merging data...
2026-09-16 17:57:32 | DEBUG    | save_data            | Loaded 45309 existing rows
2026-09-16 17:57:32 | DEBUG    | save_data            | Combined to 45805 rows
2026-09-16 17:57:32 | DEBUG    | save_data            | Writing to temporary file...
2026-09-16 17:57:41 | DEBUG    | save_data            | Data written to temp file: /home/runner/work/Thalorae-BackLioraen/Thalorae-BackLioraen/data/2026/09/tmpe24vt0gv.xlsx
2026-09-16 17:57:41 | DEBUG    | save_data            | Temp file moved to final location
2026-09-16 17:57:41 | INFO     | save_data            | ✅ Data saved successfully (45805 total rows, 3,389,115 bytes)
2026-09-16 17:57:41 | INFO     | run                  | ======================================================================
2026-09-16 17:57:41 | INFO     | run                  | 📊 EXECUTION SUMMARY:
2026-09-16 17:57:41 | INFO     | run                  |    ✅ Status: SUCCESS
2026-09-16 17:57:41 | INFO     | run                  |    - Rows processed: 496
2026-09-16 17:57:41 | INFO     | run                  |    - Unique symbols: 496
2026-09-16 17:57:41 | INFO     | run                  |    - Timestamp: 2026-09-16 22:57:23
2026-09-16 17:57:41 | INFO     | run                  |    - File: data/2026/09/2026-09-16.xlsx
2026-09-16 17:57:41 | INFO     | run                  | ======================================================================
2026-09-16 17:57:41 | DEBUG    | run                  | Sample data (first row):
2026-09-16 17:57:41 | DEBUG    | run                  | {'SYMBOL': 'WTLNC', 'SECTOR': 828, 'LDCP': 1.06, 'OPEN': 1.05, 'HIGH': 1.1, 'LOW': 1.0, 'CURRENT': 1.02, 'CHANGE': -0.04, 'CHANGE (%)': nan, 'VOLUME': 40029812, 'YEAR': 2026, 'MONTH': 9, 'DAY': 16, 'HOUR': 22, 'MINUTE': 57, 'DATETIME': '2026-09-16 22:57'}
2026-09-16 17:57:41 | DEBUG    | close                | Session closed
2026-09-16 18:02:41 | INFO     | run                  | ======================================================================
2026-09-16 18:02:41 | INFO     | run                  | 🚀 MARKET DATA SCRAPER - SINGLE EXECUTION
2026-09-16 18:02:41 | INFO     | run                  | ======================================================================
2026-09-16 18:02:41 | INFO     | run                  | Execution Time: 2026-09-16 23:02:41 PKT
2026-09-16 18:02:41 | INFO     | run                  | Configuration:
2026-09-16 18:02:41 | INFO     | run                  |    - Timezone: Asia/Karachi
2026-09-16 18:02:41 | INFO     | run                  |    - Data directory: data
2026-09-16 18:02:41 | INFO     | run                  |    - Log directory: logs
2026-09-16 18:02:41 | INFO     | run                  |    - Excluded symbols: {'XT', 'XD', 'XR', 'XS'}
2026-09-16 18:02:41 | INFO     | run                  | ======================================================================
2026-09-16 18:02:41 | INFO     | fetch_data           | Fetching data (Attempt 1/3)...
2026-09-16 18:02:41 | DEBUG    | fetch_data           | Establishing session with https://dps.psx.com.pk/
2026-09-16 18:02:45 | DEBUG    | fetch_data           | Requesting data from https://dps.psx.com.pk/market-watch
2026-09-16 18:02:46 | DEBUG    | fetch_data           | Response status: 200
2026-09-16 18:02:46 | DEBUG    | fetch_data           | Response content type: text/html; charset=utf-8
2026-09-16 18:02:46 | DEBUG    | fetch_data           | Response size: 475060 bytes
2026-09-16 18:02:46 | INFO     | fetch_data           | ✅ Data fetched successfully (Status: 200)
2026-09-16 18:02:46 | DEBUG    | parse_json           | Attempting JSON parsing...
2026-09-16 18:02:46 | DEBUG    | parse_json           | Response preview: <table class="tbl" data-page-length="25"><thead class="tbl__head"><!-- tr--><!--   th(colspan="11")--><!--   th.center(colspan="2", style="width: 110px;") TOTAL BUY ORDERS--><!--   th.center(colspan="2", style="width: 110px;") TOTAL SELL ORDERS--><tr><th data-name="symbol">SYMBOL</th><th data-name="sector">SECTOR</th><th data-name="listed">LISTED IN</th><th class="right" data-name="ldcp">LDCP</th><th class="right" data-name="open">OPEN</th><th class="right" data-name="high">HIGH</th><th class="r
2026-09-16 18:02:46 | WARNING  | parse_json           | ⚠️ JSON parsing failed: Expecting value: line 1 column 1 (char 0)
2026-09-16 18:02:46 | INFO     | run                  | JSON parsing failed, trying HTML fallback...
2026-09-16 18:02:46 | INFO     | parse_html           | Attempting HTML fallback parsing...
2026-09-16 18:02:46 | DEBUG    | parse_html           | Found 1 table(s) in HTML
2026-09-16 18:02:46 | DEBUG    | parse_html           | Table columns: ['SYMBOL', 'SECTOR', 'LISTED IN', 'LDCP', 'OPEN', 'HIGH', 'LOW', 'CURRENT', 'CHANGE', 'CHANGE (%)', 'VOLUME']
2026-09-16 18:02:46 | DEBUG    | parse_html           | Table shape: (496, 11)
2026-09-16 18:02:46 | INFO     | parse_html           | ✅ HTML parsed successfully (496 rows)
2026-09-16 18:02:46 | INFO     | clean_data           | Cleaning data...
2026-09-16 18:02:46 | DEBUG    | clean_data           | Initial shape: (496, 11)
2026-09-16 18:02:46 | DEBUG    | clean_data           | Initial columns: ['SYMBOL', 'SECTOR', 'LISTED IN', 'LDCP', 'OPEN', 'HIGH', 'LOW', 'CURRENT', 'CHANGE', 'CHANGE (%)', 'VOLUME']
2026-09-16 18:02:46 | DEBUG    | clean_data           | Removed 'LISTED IN' column
2026-09-16 18:02:46 | DEBUG    | clean_data           | Converted LDCP from float64 to numeric
2026-09-16 18:02:46 | DEBUG    | clean_data           | Converted OPEN from float64 to numeric
2026-09-16 18:02:46 | DEBUG    | clean_data           | Converted HIGH from float64 to numeric
2026-09-16 18:02:46 | DEBUG    | clean_data           | Converted LOW from float64 to numeric
2026-09-16 18:02:46 | DEBUG    | clean_data           | Converted CURRENT from float64 to numeric
2026-09-16 18:02:46 | DEBUG    | clean_data           | Converted CHANGE from float64 to numeric
2026-09-16 18:02:46 | WARNING  | clean_data           | Column CHANGE (%): 496 values could not be converted to numeric
2026-09-16 18:02:46 | DEBUG    | clean_data           | Converted CHANGE (%) from str to numeric
2026-09-16 18:02:46 | DEBUG    | clean_data           | Converted VOLUME from int64 to numeric
2026-09-16 18:02:46 | INFO     | clean_data           | ✅ Data cleaned (496 rows, 16 columns)
2026-09-16 18:02:46 | DEBUG    | clean_data           | Final columns: ['SYMBOL', 'SECTOR', 'LDCP', 'OPEN', 'HIGH', 'LOW', 'CURRENT', 'CHANGE', 'CHANGE (%)', 'VOLUME', 'YEAR', 'MONTH', 'DAY', 'HOUR', 'MINUTE', 'DATETIME']
2026-09-16 18:02:46 | DEBUG    | get_file_path        | Generated file path: data/2026/09/2026-09-16.xlsx
2026-09-16 18:02:46 | INFO     | save_data            | Saving data to: data/2026/09/2026-09-16.xlsx
2026-09-16 18:02:46 | DEBUG    | _create_backup       | Backup created: data/2026/09/backups/2026-09-16_backup_20260916_180246.xlsx
2026-09-16 18:02:46 | DEBUG    | _cleanup_old_backups | Removed old backup: 2026-09-16_backup_20260916_173612.xlsx
2026-09-16 18:02:46 | DEBUG    | save_data            | Existing file found, merging data...
2026-09-16 18:02:51 | DEBUG    | save_data            | Loaded 45805 existing rows
2026-09-16 18:02:51 | DEBUG    | save_data            | Combined to 46301 rows
2026-09-16 18:02:51 | DEBUG    | save_data            | Writing to temporary file...
2026-09-16 18:03:00 | DEBUG    | save_data            | Data written to temp file: /home/runner/work/Thalorae-BackLioraen/Thalorae-BackLioraen/data/2026/09/tmpw_0lfimb.xlsx
2026-09-16 18:03:00 | DEBUG    | save_data            | Temp file moved to final location
2026-09-16 18:03:00 | INFO     | save_data            | ✅ Data saved successfully (46301 total rows, 3,426,261 bytes)
2026-09-16 18:03:00 | INFO     | run                  | ======================================================================
2026-09-16 18:03:00 | INFO     | run                  | 📊 EXECUTION SUMMARY:
2026-09-16 18:03:00 | INFO     | run                  |    ✅ Status: SUCCESS
2026-09-16 18:03:00 | INFO     | run                  |    - Rows processed: 496
2026-09-16 18:03:00 | INFO     | run                  |    - Unique symbols: 496
2026-09-16 18:03:00 | INFO     | run                  |    - Timestamp: 2026-09-16 23:02:41
2026-09-16 18:03:00 | INFO     | run                  |    - File: data/2026/09/2026-09-16.xlsx
2026-09-16 18:03:00 | INFO     | run                  | ======================================================================
2026-09-16 18:03:00 | DEBUG    | run                  | Sample data (first row):
2026-09-16 18:03:00 | DEBUG    | run                  | {'SYMBOL': 'WTLNC', 'SECTOR': 828, 'LDCP': 1.06, 'OPEN': 1.05, 'HIGH': 1.1, 'LOW': 1.0, 'CURRENT': 1.02, 'CHANGE': -0.04, 'CHANGE (%)': nan, 'VOLUME': 40029812, 'YEAR': 2026, 'MONTH': 9, 'DAY': 16, 'HOUR': 23, 'MINUTE': 2, 'DATETIME': '2026-09-16 23:02'}
2026-09-16 18:03:00 | DEBUG    | close                | Session closed
2026-09-16 18:08:00 | INFO     | run                  | ======================================================================
2026-09-16 18:08:00 | INFO     | run                  | 🚀 MARKET DATA SCRAPER - SINGLE EXECUTION
2026-09-16 18:08:00 | INFO     | run                  | ======================================================================
2026-09-16 18:08:00 | INFO     | run                  | Execution Time: 2026-09-16 23:08:00 PKT
2026-09-16 18:08:00 | INFO     | run                  | Configuration:
2026-09-16 18:08:00 | INFO     | run                  |    - Timezone: Asia/Karachi
2026-09-16 18:08:00 | INFO     | run                  |    - Data directory: data
2026-09-16 18:08:00 | INFO     | run                  |    - Log directory: logs
2026-09-16 18:08:00 | INFO     | run                  |    - Excluded symbols: {'XT', 'XD', 'XS', 'XR'}
2026-09-16 18:08:00 | INFO     | run                  | ======================================================================
2026-09-16 18:08:00 | INFO     | fetch_data           | Fetching data (Attempt 1/3)...
2026-09-16 18:08:00 | DEBUG    | fetch_data           | Establishing session with https://dps.psx.com.pk/
2026-09-16 18:08:03 | DEBUG    | fetch_data           | Requesting data from https://dps.psx.com.pk/market-watch
2026-09-16 18:08:05 | DEBUG    | fetch_data           | Response status: 200
2026-09-16 18:08:05 | DEBUG    | fetch_data           | Response content type: text/html; charset=utf-8
2026-09-16 18:08:05 | DEBUG    | fetch_data           | Response size: 475060 bytes
2026-09-16 18:08:05 | INFO     | fetch_data           | ✅ Data fetched successfully (Status: 200)
2026-09-16 18:08:05 | DEBUG    | parse_json           | Attempting JSON parsing...
2026-09-16 18:08:05 | DEBUG    | parse_json           | Response preview: <table class="tbl" data-page-length="25"><thead class="tbl__head"><!-- tr--><!--   th(colspan="11")--><!--   th.center(colspan="2", style="width: 110px;") TOTAL BUY ORDERS--><!--   th.center(colspan="2", style="width: 110px;") TOTAL SELL ORDERS--><tr><th data-name="symbol">SYMBOL</th><th data-name="sector">SECTOR</th><th data-name="listed">LISTED IN</th><th class="right" data-name="ldcp">LDCP</th><th class="right" data-name="open">OPEN</th><th class="right" data-name="high">HIGH</th><th class="r
2026-09-16 18:08:05 | WARNING  | parse_json           | ⚠️ JSON parsing failed: Expecting value: line 1 column 1 (char 0)
2026-09-16 18:08:05 | INFO     | run                  | JSON parsing failed, trying HTML fallback...
2026-09-16 18:08:05 | INFO     | parse_html           | Attempting HTML fallback parsing...
2026-09-16 18:08:05 | DEBUG    | parse_html           | Found 1 table(s) in HTML
2026-09-16 18:08:05 | DEBUG    | parse_html           | Table columns: ['SYMBOL', 'SECTOR', 'LISTED IN', 'LDCP', 'OPEN', 'HIGH', 'LOW', 'CURRENT', 'CHANGE', 'CHANGE (%)', 'VOLUME']
2026-09-16 18:08:05 | DEBUG    | parse_html           | Table shape: (496, 11)
2026-09-16 18:08:05 | INFO     | parse_html           | ✅ HTML parsed successfully (496 rows)
2026-09-16 18:08:05 | INFO     | clean_data           | Cleaning data...
2026-09-16 18:08:05 | DEBUG    | clean_data           | Initial shape: (496, 11)
2026-09-16 18:08:05 | DEBUG    | clean_data           | Initial columns: ['SYMBOL', 'SECTOR', 'LISTED IN', 'LDCP', 'OPEN', 'HIGH', 'LOW', 'CURRENT', 'CHANGE', 'CHANGE (%)', 'VOLUME']
2026-09-16 18:08:05 | DEBUG    | clean_data           | Removed 'LISTED IN' column
2026-09-16 18:08:05 | DEBUG    | clean_data           | Converted LDCP from float64 to numeric
2026-09-16 18:08:05 | DEBUG    | clean_data           | Converted OPEN from float64 to numeric
2026-09-16 18:08:05 | DEBUG    | clean_data           | Converted HIGH from float64 to numeric
2026-09-16 18:08:05 | DEBUG    | clean_data           | Converted LOW from float64 to numeric
2026-09-16 18:08:05 | DEBUG    | clean_data           | Converted CURRENT from float64 to numeric
2026-09-16 18:08:05 | DEBUG    | clean_data           | Converted CHANGE from float64 to numeric
2026-09-16 18:08:05 | WARNING  | clean_data           | Column CHANGE (%): 496 values could not be converted to numeric
2026-09-16 18:08:05 | DEBUG    | clean_data           | Converted CHANGE (%) from str to numeric
2026-09-16 18:08:05 | DEBUG    | clean_data           | Converted VOLUME from int64 to numeric
2026-09-16 18:08:05 | INFO     | clean_data           | ✅ Data cleaned (496 rows, 16 columns)
2026-09-16 18:08:05 | DEBUG    | clean_data           | Final columns: ['SYMBOL', 'SECTOR', 'LDCP', 'OPEN', 'HIGH', 'LOW', 'CURRENT', 'CHANGE', 'CHANGE (%)', 'VOLUME', 'YEAR', 'MONTH', 'DAY', 'HOUR', 'MINUTE', 'DATETIME']
2026-09-16 18:08:05 | DEBUG    | get_file_path        | Generated file path: data/2026/09/2026-09-16.xlsx
2026-09-16 18:08:05 | INFO     | save_data            | Saving data to: data/2026/09/2026-09-16.xlsx
2026-09-16 18:08:05 | DEBUG    | _create_backup       | Backup created: data/2026/09/backups/2026-09-16_backup_20260916_180805.xlsx
2026-09-16 18:08:05 | DEBUG    | _cleanup_old_backups | Removed old backup: 2026-09-16_backup_20260916_174132.xlsx
2026-09-16 18:08:05 | DEBUG    | save_data            | Existing file found, merging data...
2026-09-16 18:08:11 | DEBUG    | save_data            | Loaded 46301 existing rows
2026-09-16 18:08:11 | DEBUG    | save_data            | Combined to 46797 rows
2026-09-16 18:08:11 | DEBUG    | save_data            | Writing to temporary file...
2026-09-16 18:08:19 | DEBUG    | save_data            | Data written to temp file: /home/runner/work/Thalorae-BackLioraen/Thalorae-BackLioraen/data/2026/09/tmp7sdiylxw.xlsx
2026-09-16 18:08:19 | DEBUG    | save_data            | Temp file moved to final location
2026-09-16 18:08:19 | INFO     | save_data            | ✅ Data saved successfully (46797 total rows, 3,463,374 bytes)
2026-09-16 18:08:19 | INFO     | run                  | ======================================================================
2026-09-16 18:08:19 | INFO     | run                  | 📊 EXECUTION SUMMARY:
2026-09-16 18:08:19 | INFO     | run                  |    ✅ Status: SUCCESS
2026-09-16 18:08:19 | INFO     | run                  |    - Rows processed: 496
2026-09-16 18:08:19 | INFO     | run                  |    - Unique symbols: 496
2026-09-16 18:08:19 | INFO     | run                  |    - Timestamp: 2026-09-16 23:08:00
2026-09-16 18:08:19 | INFO     | run                  |    - File: data/2026/09/2026-09-16.xlsx
2026-09-16 18:08:19 | INFO     | run                  | ======================================================================
2026-09-16 18:08:19 | DEBUG    | run                  | Sample data (first row):
2026-09-16 18:08:19 | DEBUG    | run                  | {'SYMBOL': 'WTLNC', 'SECTOR': 828, 'LDCP': 1.06, 'OPEN': 1.05, 'HIGH': 1.1, 'LOW': 1.0, 'CURRENT': 1.02, 'CHANGE': -0.04, 'CHANGE (%)': nan, 'VOLUME': 40029812, 'YEAR': 2026, 'MONTH': 9, 'DAY': 16, 'HOUR': 23, 'MINUTE': 8, 'DATETIME': '2026-09-16 23:08'}
2026-09-16 18:08:19 | DEBUG    | close                | Session closed
2026-09-16 18:13:20 | INFO     | run                  | ======================================================================
2026-09-16 18:13:20 | INFO     | run                  | 🚀 MARKET DATA SCRAPER - SINGLE EXECUTION
2026-09-16 18:13:20 | INFO     | run                  | ======================================================================
2026-09-16 18:13:20 | INFO     | run                  | Execution Time: 2026-09-16 23:13:20 PKT
2026-09-16 18:13:20 | INFO     | run                  | Configuration:
2026-09-16 18:13:20 | INFO     | run                  |    - Timezone: Asia/Karachi
2026-09-16 18:13:20 | INFO     | run                  |    - Data directory: data
2026-09-16 18:13:20 | INFO     | run                  |    - Log directory: logs
2026-09-16 18:13:20 | INFO     | run                  |    - Excluded symbols: {'XR', 'XD', 'XS', 'XT'}
2026-09-16 18:13:20 | INFO     | run                  | ======================================================================
2026-09-16 18:13:20 | INFO     | fetch_data           | Fetching data (Attempt 1/3)...
2026-09-16 18:13:20 | DEBUG    | fetch_data           | Establishing session with https://dps.psx.com.pk/
2026-09-16 18:13:22 | DEBUG    | fetch_data           | Requesting data from https://dps.psx.com.pk/market-watch
2026-09-16 18:13:24 | DEBUG    | fetch_data           | Response status: 200
2026-09-16 18:13:24 | DEBUG    | fetch_data           | Response content type: text/html; charset=utf-8
2026-09-16 18:13:24 | DEBUG    | fetch_data           | Response size: 475060 bytes
2026-09-16 18:13:24 | INFO     | fetch_data           | ✅ Data fetched successfully (Status: 200)
2026-09-16 18:13:24 | DEBUG    | parse_json           | Attempting JSON parsing...
2026-09-16 18:13:24 | DEBUG    | parse_json           | Response preview: <table class="tbl" data-page-length="25"><thead class="tbl__head"><!-- tr--><!--   th(colspan="11")--><!--   th.center(colspan="2", style="width: 110px;") TOTAL BUY ORDERS--><!--   th.center(colspan="2", style="width: 110px;") TOTAL SELL ORDERS--><tr><th data-name="symbol">SYMBOL</th><th data-name="sector">SECTOR</th><th data-name="listed">LISTED IN</th><th class="right" data-name="ldcp">LDCP</th><th class="right" data-name="open">OPEN</th><th class="right" data-name="high">HIGH</th><th class="r
2026-09-16 18:13:24 | WARNING  | parse_json           | ⚠️ JSON parsing failed: Expecting value: line 1 column 1 (char 0)
2026-09-16 18:13:24 | INFO     | run                  | JSON parsing failed, trying HTML fallback...
2026-09-16 18:13:24 | INFO     | parse_html           | Attempting HTML fallback parsing...
2026-09-16 18:13:24 | DEBUG    | parse_html           | Found 1 table(s) in HTML
2026-09-16 18:13:24 | DEBUG    | parse_html           | Table columns: ['SYMBOL', 'SECTOR', 'LISTED IN', 'LDCP', 'OPEN', 'HIGH', 'LOW', 'CURRENT', 'CHANGE', 'CHANGE (%)', 'VOLUME']
2026-09-16 18:13:24 | DEBUG    | parse_html           | Table shape: (496, 11)
2026-09-16 18:13:24 | INFO     | parse_html           | ✅ HTML parsed successfully (496 rows)
2026-09-16 18:13:24 | INFO     | clean_data           | Cleaning data...
2026-09-16 18:13:24 | DEBUG    | clean_data           | Initial shape: (496, 11)
2026-09-16 18:13:24 | DEBUG    | clean_data           | Initial columns: ['SYMBOL', 'SECTOR', 'LISTED IN', 'LDCP', 'OPEN', 'HIGH', 'LOW', 'CURRENT', 'CHANGE', 'CHANGE (%)', 'VOLUME']
2026-09-16 18:13:24 | DEBUG    | clean_data           | Removed 'LISTED IN' column
2026-09-16 18:13:24 | DEBUG    | clean_data           | Converted LDCP from float64 to numeric
2026-09-16 18:13:24 | DEBUG    | clean_data           | Converted OPEN from float64 to numeric
2026-09-16 18:13:24 | DEBUG    | clean_data           | Converted HIGH from float64 to numeric
2026-09-16 18:13:24 | DEBUG    | clean_data           | Converted LOW from float64 to numeric
2026-09-16 18:13:24 | DEBUG    | clean_data           | Converted CURRENT from float64 to numeric
2026-09-16 18:13:24 | DEBUG    | clean_data           | Converted CHANGE from float64 to numeric
2026-09-16 18:13:24 | WARNING  | clean_data           | Column CHANGE (%): 496 values could not be converted to numeric
2026-09-16 18:13:24 | DEBUG    | clean_data           | Converted CHANGE (%) from str to numeric
2026-09-16 18:13:24 | DEBUG    | clean_data           | Converted VOLUME from int64 to numeric
2026-09-16 18:13:24 | INFO     | clean_data           | ✅ Data cleaned (496 rows, 16 columns)
2026-09-16 18:13:24 | DEBUG    | clean_data           | Final columns: ['SYMBOL', 'SECTOR', 'LDCP', 'OPEN', 'HIGH', 'LOW', 'CURRENT', 'CHANGE', 'CHANGE (%)', 'VOLUME', 'YEAR', 'MONTH', 'DAY', 'HOUR', 'MINUTE', 'DATETIME']
2026-09-16 18:13:24 | DEBUG    | get_file_path        | Generated file path: data/2026/09/2026-09-16.xlsx
2026-09-16 18:13:24 | INFO     | save_data            | Saving data to: data/2026/09/2026-09-16.xlsx
2026-09-16 18:13:24 | DEBUG    | _create_backup       | Backup created: data/2026/09/backups/2026-09-16_backup_20260916_181324.xlsx
2026-09-16 18:13:24 | DEBUG    | _cleanup_old_backups | Removed old backup: 2026-09-16_backup_20260916_174651.xlsx
2026-09-16 18:13:24 | DEBUG    | save_data            | Existing file found, merging data...
2026-09-16 18:13:29 | DEBUG    | save_data            | Loaded 46797 existing rows
2026-09-16 18:13:29 | DEBUG    | save_data            | Combined to 47293 rows
2026-09-16 18:13:29 | DEBUG    | save_data            | Writing to temporary file...
2026-09-16 18:13:38 | DEBUG    | save_data            | Data written to temp file: /home/runner/work/Thalorae-BackLioraen/Thalorae-BackLioraen/data/2026/09/tmpws1355y9.xlsx
2026-09-16 18:13:38 | DEBUG    | save_data            | Temp file moved to final location
2026-09-16 18:13:38 | INFO     | save_data            | ✅ Data saved successfully (47293 total rows, 3,500,560 bytes)
2026-09-16 18:13:38 | INFO     | run                  | ======================================================================
2026-09-16 18:13:38 | INFO     | run                  | 📊 EXECUTION SUMMARY:
2026-09-16 18:13:38 | INFO     | run                  |    ✅ Status: SUCCESS
2026-09-16 18:13:38 | INFO     | run                  |    - Rows processed: 496
2026-09-16 18:13:38 | INFO     | run                  |    - Unique symbols: 496
2026-09-16 18:13:38 | INFO     | run                  |    - Timestamp: 2026-09-16 23:13:20
2026-09-16 18:13:38 | INFO     | run                  |    - File: data/2026/09/2026-09-16.xlsx
2026-09-16 18:13:38 | INFO     | run                  | ======================================================================
2026-09-16 18:13:38 | DEBUG    | run                  | Sample data (first row):
2026-09-16 18:13:38 | DEBUG    | run                  | {'SYMBOL': 'WTLNC', 'SECTOR': 828, 'LDCP': 1.06, 'OPEN': 1.05, 'HIGH': 1.1, 'LOW': 1.0, 'CURRENT': 1.02, 'CHANGE': -0.04, 'CHANGE (%)': nan, 'VOLUME': 40029812, 'YEAR': 2026, 'MONTH': 9, 'DAY': 16, 'HOUR': 23, 'MINUTE': 13, 'DATETIME': '2026-09-16 23:13'}
2026-09-16 18:13:38 | DEBUG    | close                | Session closed
2026-09-16 18:18:38 | INFO     | run                  | ======================================================================
2026-09-16 18:18:38 | INFO     | run                  | 🚀 MARKET DATA SCRAPER - SINGLE EXECUTION
2026-09-16 18:18:38 | INFO     | run                  | ======================================================================
2026-09-16 18:18:38 | INFO     | run                  | Execution Time: 2026-09-16 23:18:38 PKT
2026-09-16 18:18:38 | INFO     | run                  | Configuration:
2026-09-16 18:18:38 | INFO     | run                  |    - Timezone: Asia/Karachi
2026-09-16 18:18:38 | INFO     | run                  |    - Data directory: data
2026-09-16 18:18:38 | INFO     | run                  |    - Log directory: logs
2026-09-16 18:18:38 | INFO     | run                  |    - Excluded symbols: {'XT', 'XR', 'XD', 'XS'}
2026-09-16 18:18:38 | INFO     | run                  | ======================================================================
2026-09-16 18:18:38 | INFO     | fetch_data           | Fetching data (Attempt 1/3)...
2026-09-16 18:18:38 | DEBUG    | fetch_data           | Establishing session with https://dps.psx.com.pk/
2026-09-16 18:18:42 | DEBUG    | fetch_data           | Requesting data from https://dps.psx.com.pk/market-watch
2026-09-16 18:18:44 | DEBUG    | fetch_data           | Response status: 200
2026-09-16 18:18:44 | DEBUG    | fetch_data           | Response content type: text/html; charset=utf-8
2026-09-16 18:18:44 | DEBUG    | fetch_data           | Response size: 475060 bytes
2026-09-16 18:18:44 | INFO     | fetch_data           | ✅ Data fetched successfully (Status: 200)
2026-09-16 18:18:44 | DEBUG    | parse_json           | Attempting JSON parsing...
2026-09-16 18:18:44 | DEBUG    | parse_json           | Response preview: <table class="tbl" data-page-length="25"><thead class="tbl__head"><!-- tr--><!--   th(colspan="11")--><!--   th.center(colspan="2", style="width: 110px;") TOTAL BUY ORDERS--><!--   th.center(colspan="2", style="width: 110px;") TOTAL SELL ORDERS--><tr><th data-name="symbol">SYMBOL</th><th data-name="sector">SECTOR</th><th data-name="listed">LISTED IN</th><th class="right" data-name="ldcp">LDCP</th><th class="right" data-name="open">OPEN</th><th class="right" data-name="high">HIGH</th><th class="r
2026-09-16 18:18:44 | WARNING  | parse_json           | ⚠️ JSON parsing failed: Expecting value: line 1 column 1 (char 0)
2026-09-16 18:18:44 | INFO     | run                  | JSON parsing failed, trying HTML fallback...
2026-09-16 18:18:44 | INFO     | parse_html           | Attempting HTML fallback parsing...
2026-09-16 18:18:44 | DEBUG    | parse_html           | Found 1 table(s) in HTML
2026-09-16 18:18:44 | DEBUG    | parse_html           | Table columns: ['SYMBOL', 'SECTOR', 'LISTED IN', 'LDCP', 'OPEN', 'HIGH', 'LOW', 'CURRENT', 'CHANGE', 'CHANGE (%)', 'VOLUME']
2026-09-16 18:18:44 | DEBUG    | parse_html           | Table shape: (496, 11)
2026-09-16 18:18:44 | INFO     | parse_html           | ✅ HTML parsed successfully (496 rows)
2026-09-16 18:18:44 | INFO     | clean_data           | Cleaning data...
2026-09-16 18:18:44 | DEBUG    | clean_data           | Initial shape: (496, 11)
2026-09-16 18:18:44 | DEBUG    | clean_data           | Initial columns: ['SYMBOL', 'SECTOR', 'LISTED IN', 'LDCP', 'OPEN', 'HIGH', 'LOW', 'CURRENT', 'CHANGE', 'CHANGE (%)', 'VOLUME']
2026-09-16 18:18:44 | DEBUG    | clean_data           | Removed 'LISTED IN' column
2026-09-16 18:18:44 | DEBUG    | clean_data           | Converted LDCP from float64 to numeric
2026-09-16 18:18:44 | DEBUG    | clean_data           | Converted OPEN from float64 to numeric
2026-09-16 18:18:44 | DEBUG    | clean_data           | Converted HIGH from float64 to numeric
2026-09-16 18:18:44 | DEBUG    | clean_data           | Converted LOW from float64 to numeric
2026-09-16 18:18:44 | DEBUG    | clean_data           | Converted CURRENT from float64 to numeric
2026-09-16 18:18:44 | DEBUG    | clean_data           | Converted CHANGE from float64 to numeric
2026-09-16 18:18:44 | WARNING  | clean_data           | Column CHANGE (%): 496 values could not be converted to numeric
2026-09-16 18:18:44 | DEBUG    | clean_data           | Converted CHANGE (%) from str to numeric
2026-09-16 18:18:44 | DEBUG    | clean_data           | Converted VOLUME from int64 to numeric
2026-09-16 18:18:44 | INFO     | clean_data           | ✅ Data cleaned (496 rows, 16 columns)
2026-09-16 18:18:44 | DEBUG    | clean_data           | Final columns: ['SYMBOL', 'SECTOR', 'LDCP', 'OPEN', 'HIGH', 'LOW', 'CURRENT', 'CHANGE', 'CHANGE (%)', 'VOLUME', 'YEAR', 'MONTH', 'DAY', 'HOUR', 'MINUTE', 'DATETIME']
2026-09-16 18:18:44 | DEBUG    | get_file_path        | Generated file path: data/2026/09/2026-09-16.xlsx
2026-09-16 18:18:44 | INFO     | save_data            | Saving data to: data/2026/09/2026-09-16.xlsx
2026-09-16 18:18:44 | DEBUG    | _create_backup       | Backup created: data/2026/09/backups/2026-09-16_backup_20260916_181844.xlsx
2026-09-16 18:18:44 | DEBUG    | _cleanup_old_backups | Removed old backup: 2026-09-16_backup_20260916_175209.xlsx
2026-09-16 18:18:44 | DEBUG    | save_data            | Existing file found, merging data...
2026-09-16 18:18:49 | DEBUG    | save_data            | Loaded 47293 existing rows
2026-09-16 18:18:49 | DEBUG    | save_data            | Combined to 47789 rows
2026-09-16 18:18:49 | DEBUG    | save_data            | Writing to temporary file...
2026-09-16 18:18:58 | DEBUG    | save_data            | Data written to temp file: /home/runner/work/Thalorae-BackLioraen/Thalorae-BackLioraen/data/2026/09/tmp8j6iaqfx.xlsx
2026-09-16 18:18:58 | DEBUG    | save_data            | Temp file moved to final location
2026-09-16 18:18:58 | INFO     | save_data            | ✅ Data saved successfully (47789 total rows, 3,537,719 bytes)
2026-09-16 18:18:58 | INFO     | run                  | ======================================================================
2026-09-16 18:18:58 | INFO     | run                  | 📊 EXECUTION SUMMARY:
2026-09-16 18:18:58 | INFO     | run                  |    ✅ Status: SUCCESS
2026-09-16 18:18:58 | INFO     | run                  |    - Rows processed: 496
2026-09-16 18:18:58 | INFO     | run                  |    - Unique symbols: 496
2026-09-16 18:18:58 | INFO     | run                  |    - Timestamp: 2026-09-16 23:18:38
2026-09-16 18:18:58 | INFO     | run                  |    - File: data/2026/09/2026-09-16.xlsx
2026-09-16 18:18:58 | INFO     | run                  | ======================================================================
2026-09-16 18:18:58 | DEBUG    | run                  | Sample data (first row):
2026-09-16 18:18:58 | DEBUG    | run                  | {'SYMBOL': 'WTLNC', 'SECTOR': 828, 'LDCP': 1.06, 'OPEN': 1.05, 'HIGH': 1.1, 'LOW': 1.0, 'CURRENT': 1.02, 'CHANGE': -0.04, 'CHANGE (%)': nan, 'VOLUME': 40029812, 'YEAR': 2026, 'MONTH': 9, 'DAY': 16, 'HOUR': 23, 'MINUTE': 18, 'DATETIME': '2026-09-16 23:18'}
2026-09-16 18:18:58 | DEBUG    | close                | Session closed
2026-09-16 18:23:58 | INFO     | run                  | ======================================================================
2026-09-16 18:23:58 | INFO     | run                  | 🚀 MARKET DATA SCRAPER - SINGLE EXECUTION
2026-09-16 18:23:58 | INFO     | run                  | ======================================================================
2026-09-16 18:23:58 | INFO     | run                  | Execution Time: 2026-09-16 23:23:58 PKT
2026-09-16 18:23:58 | INFO     | run                  | Configuration:
2026-09-16 18:23:58 | INFO     | run                  |    - Timezone: Asia/Karachi
2026-09-16 18:23:58 | INFO     | run                  |    - Data directory: data
2026-09-16 18:23:58 | INFO     | run                  |    - Log directory: logs
2026-09-16 18:23:58 | INFO     | run                  |    - Excluded symbols: {'XD', 'XS', 'XT', 'XR'}
2026-09-16 18:23:58 | INFO     | run                  | ======================================================================
2026-09-16 18:23:58 | INFO     | fetch_data           | Fetching data (Attempt 1/3)...
2026-09-16 18:23:58 | DEBUG    | fetch_data           | Establishing session with https://dps.psx.com.pk/
2026-09-16 18:24:01 | DEBUG    | fetch_data           | Requesting data from https://dps.psx.com.pk/market-watch
2026-09-16 18:24:03 | DEBUG    | fetch_data           | Response status: 200
2026-09-16 18:24:03 | DEBUG    | fetch_data           | Response content type: text/html; charset=utf-8
2026-09-16 18:24:03 | DEBUG    | fetch_data           | Response size: 475060 bytes
2026-09-16 18:24:03 | INFO     | fetch_data           | ✅ Data fetched successfully (Status: 200)
2026-09-16 18:24:03 | DEBUG    | parse_json           | Attempting JSON parsing...
2026-09-16 18:24:03 | DEBUG    | parse_json           | Response preview: <table class="tbl" data-page-length="25"><thead class="tbl__head"><!-- tr--><!--   th(colspan="11")--><!--   th.center(colspan="2", style="width: 110px;") TOTAL BUY ORDERS--><!--   th.center(colspan="2", style="width: 110px;") TOTAL SELL ORDERS--><tr><th data-name="symbol">SYMBOL</th><th data-name="sector">SECTOR</th><th data-name="listed">LISTED IN</th><th class="right" data-name="ldcp">LDCP</th><th class="right" data-name="open">OPEN</th><th class="right" data-name="high">HIGH</th><th class="r
2026-09-16 18:24:03 | WARNING  | parse_json           | ⚠️ JSON parsing failed: Expecting value: line 1 column 1 (char 0)
2026-09-16 18:24:03 | INFO     | run                  | JSON parsing failed, trying HTML fallback...
2026-09-16 18:24:03 | INFO     | parse_html           | Attempting HTML fallback parsing...
2026-09-16 18:24:03 | DEBUG    | parse_html           | Found 1 table(s) in HTML
2026-09-16 18:24:03 | DEBUG    | parse_html           | Table columns: ['SYMBOL', 'SECTOR', 'LISTED IN', 'LDCP', 'OPEN', 'HIGH', 'LOW', 'CURRENT', 'CHANGE', 'CHANGE (%)', 'VOLUME']
2026-09-16 18:24:03 | DEBUG    | parse_html           | Table shape: (496, 11)
2026-09-16 18:24:03 | INFO     | parse_html           | ✅ HTML parsed successfully (496 rows)
2026-09-16 18:24:03 | INFO     | clean_data           | Cleaning data...
2026-09-16 18:24:03 | DEBUG    | clean_data           | Initial shape: (496, 11)
2026-09-16 18:24:03 | DEBUG    | clean_data           | Initial columns: ['SYMBOL', 'SECTOR', 'LISTED IN', 'LDCP', 'OPEN', 'HIGH', 'LOW', 'CURRENT', 'CHANGE', 'CHANGE (%)', 'VOLUME']
2026-09-16 18:24:03 | DEBUG    | clean_data           | Removed 'LISTED IN' column
2026-09-16 18:24:03 | DEBUG    | clean_data           | Converted LDCP from float64 to numeric
2026-09-16 18:24:03 | DEBUG    | clean_data           | Converted OPEN from float64 to numeric
2026-09-16 18:24:03 | DEBUG    | clean_data           | Converted HIGH from float64 to numeric
2026-09-16 18:24:03 | DEBUG    | clean_data           | Converted LOW from float64 to numeric
2026-09-16 18:24:03 | DEBUG    | clean_data           | Converted CURRENT from float64 to numeric
2026-09-16 18:24:03 | DEBUG    | clean_data           | Converted CHANGE from float64 to numeric
2026-09-16 18:24:03 | WARNING  | clean_data           | Column CHANGE (%): 496 values could not be converted to numeric
2026-09-16 18:24:03 | DEBUG    | clean_data           | Converted CHANGE (%) from str to numeric
2026-09-16 18:24:03 | DEBUG    | clean_data           | Converted VOLUME from int64 to numeric
2026-09-16 18:24:03 | INFO     | clean_data           | ✅ Data cleaned (496 rows, 16 columns)
2026-09-16 18:24:03 | DEBUG    | clean_data           | Final columns: ['SYMBOL', 'SECTOR', 'LDCP', 'OPEN', 'HIGH', 'LOW', 'CURRENT', 'CHANGE', 'CHANGE (%)', 'VOLUME', 'YEAR', 'MONTH', 'DAY', 'HOUR', 'MINUTE', 'DATETIME']
2026-09-16 18:24:03 | DEBUG    | get_file_path        | Generated file path: data/2026/09/2026-09-16.xlsx
2026-09-16 18:24:03 | INFO     | save_data            | Saving data to: data/2026/09/2026-09-16.xlsx
2026-09-16 18:24:03 | DEBUG    | _create_backup       | Backup created: data/2026/09/backups/2026-09-16_backup_20260916_182403.xlsx
2026-09-16 18:24:03 | DEBUG    | _cleanup_old_backups | Removed old backup: 2026-09-16_backup_20260916_175727.xlsx
2026-09-16 18:24:03 | DEBUG    | save_data            | Existing file found, merging data...
2026-09-16 18:24:08 | DEBUG    | save_data            | Loaded 47789 existing rows
2026-09-16 18:24:08 | DEBUG    | save_data            | Combined to 48285 rows
2026-09-16 18:24:08 | DEBUG    | save_data            | Writing to temporary file...
2026-09-16 18:24:17 | DEBUG    | save_data            | Data written to temp file: /home/runner/work/Thalorae-BackLioraen/Thalorae-BackLioraen/data/2026/09/tmp8kpznrvp.xlsx
2026-09-16 18:24:17 | DEBUG    | save_data            | Temp file moved to final location
2026-09-16 18:24:17 | INFO     | save_data            | ✅ Data saved successfully (48285 total rows, 3,574,648 bytes)
2026-09-16 18:24:17 | INFO     | run                  | ======================================================================
2026-09-16 18:24:17 | INFO     | run                  | 📊 EXECUTION SUMMARY:
2026-09-16 18:24:17 | INFO     | run                  |    ✅ Status: SUCCESS
2026-09-16 18:24:17 | INFO     | run                  |    - Rows processed: 496
2026-09-16 18:24:17 | INFO     | run                  |    - Unique symbols: 496
2026-09-16 18:24:17 | INFO     | run                  |    - Timestamp: 2026-09-16 23:23:58
2026-09-16 18:24:17 | INFO     | run                  |    - File: data/2026/09/2026-09-16.xlsx
2026-09-16 18:24:17 | INFO     | run                  | ======================================================================
2026-09-16 18:24:17 | DEBUG    | run                  | Sample data (first row):
2026-09-16 18:24:17 | DEBUG    | run                  | {'SYMBOL': 'WTLNC', 'SECTOR': 828, 'LDCP': 1.06, 'OPEN': 1.05, 'HIGH': 1.1, 'LOW': 1.0, 'CURRENT': 1.02, 'CHANGE': -0.04, 'CHANGE (%)': nan, 'VOLUME': 40029812, 'YEAR': 2026, 'MONTH': 9, 'DAY': 16, 'HOUR': 23, 'MINUTE': 23, 'DATETIME': '2026-09-16 23:23'}
2026-09-16 18:24:17 | DEBUG    | close                | Session closed
2026-09-16 18:29:18 | INFO     | run                  | ======================================================================
2026-09-16 18:29:18 | INFO     | run                  | 🚀 MARKET DATA SCRAPER - SINGLE EXECUTION
2026-09-16 18:29:18 | INFO     | run                  | ======================================================================
2026-09-16 18:29:18 | INFO     | run                  | Execution Time: 2026-09-16 23:29:18 PKT
2026-09-16 18:29:18 | INFO     | run                  | Configuration:
2026-09-16 18:29:18 | INFO     | run                  |    - Timezone: Asia/Karachi
2026-09-16 18:29:18 | INFO     | run                  |    - Data directory: data
2026-09-16 18:29:18 | INFO     | run                  |    - Log directory: logs
2026-09-16 18:29:18 | INFO     | run                  |    - Excluded symbols: {'XR', 'XS', 'XD', 'XT'}
2026-09-16 18:29:18 | INFO     | run                  | ======================================================================
2026-09-16 18:29:18 | INFO     | fetch_data           | Fetching data (Attempt 1/3)...
2026-09-16 18:29:18 | DEBUG    | fetch_data           | Establishing session with https://dps.psx.com.pk/
2026-09-16 18:29:21 | DEBUG    | fetch_data           | Requesting data from https://dps.psx.com.pk/market-watch
2026-09-16 18:29:22 | DEBUG    | fetch_data           | Response status: 200
2026-09-16 18:29:22 | DEBUG    | fetch_data           | Response content type: text/html; charset=utf-8
2026-09-16 18:29:22 | DEBUG    | fetch_data           | Response size: 475060 bytes
2026-09-16 18:29:22 | INFO     | fetch_data           | ✅ Data fetched successfully (Status: 200)
2026-09-16 18:29:22 | DEBUG    | parse_json           | Attempting JSON parsing...
2026-09-16 18:29:22 | DEBUG    | parse_json           | Response preview: <table class="tbl" data-page-length="25"><thead class="tbl__head"><!-- tr--><!--   th(colspan="11")--><!--   th.center(colspan="2", style="width: 110px;") TOTAL BUY ORDERS--><!--   th.center(colspan="2", style="width: 110px;") TOTAL SELL ORDERS--><tr><th data-name="symbol">SYMBOL</th><th data-name="sector">SECTOR</th><th data-name="listed">LISTED IN</th><th class="right" data-name="ldcp">LDCP</th><th class="right" data-name="open">OPEN</th><th class="right" data-name="high">HIGH</th><th class="r
2026-09-16 18:29:22 | WARNING  | parse_json           | ⚠️ JSON parsing failed: Expecting value: line 1 column 1 (char 0)
2026-09-16 18:29:22 | INFO     | run                  | JSON parsing failed, trying HTML fallback...
2026-09-16 18:29:22 | INFO     | parse_html           | Attempting HTML fallback parsing...
2026-09-16 18:29:22 | DEBUG    | parse_html           | Found 1 table(s) in HTML
2026-09-16 18:29:22 | DEBUG    | parse_html           | Table columns: ['SYMBOL', 'SECTOR', 'LISTED IN', 'LDCP', 'OPEN', 'HIGH', 'LOW', 'CURRENT', 'CHANGE', 'CHANGE (%)', 'VOLUME']
2026-09-16 18:29:22 | DEBUG    | parse_html           | Table shape: (496, 11)
2026-09-16 18:29:22 | INFO     | parse_html           | ✅ HTML parsed successfully (496 rows)
2026-09-16 18:29:22 | INFO     | clean_data           | Cleaning data...
2026-09-16 18:29:22 | DEBUG    | clean_data           | Initial shape: (496, 11)
2026-09-16 18:29:22 | DEBUG    | clean_data           | Initial columns: ['SYMBOL', 'SECTOR', 'LISTED IN', 'LDCP', 'OPEN', 'HIGH', 'LOW', 'CURRENT', 'CHANGE', 'CHANGE (%)', 'VOLUME']
2026-09-16 18:29:22 | DEBUG    | clean_data           | Removed 'LISTED IN' column
2026-09-16 18:29:22 | DEBUG    | clean_data           | Converted LDCP from float64 to numeric
2026-09-16 18:29:22 | DEBUG    | clean_data           | Converted OPEN from float64 to numeric
2026-09-16 18:29:22 | DEBUG    | clean_data           | Converted HIGH from float64 to numeric
2026-09-16 18:29:22 | DEBUG    | clean_data           | Converted LOW from float64 to numeric
2026-09-16 18:29:22 | DEBUG    | clean_data           | Converted CURRENT from float64 to numeric
2026-09-16 18:29:22 | DEBUG    | clean_data           | Converted CHANGE from float64 to numeric
2026-09-16 18:29:22 | WARNING  | clean_data           | Column CHANGE (%): 496 values could not be converted to numeric
2026-09-16 18:29:22 | DEBUG    | clean_data           | Converted CHANGE (%) from str to numeric
2026-09-16 18:29:22 | DEBUG    | clean_data           | Converted VOLUME from int64 to numeric
2026-09-16 18:29:22 | INFO     | clean_data           | ✅ Data cleaned (496 rows, 16 columns)
2026-09-16 18:29:22 | DEBUG    | clean_data           | Final columns: ['SYMBOL', 'SECTOR', 'LDCP', 'OPEN', 'HIGH', 'LOW', 'CURRENT', 'CHANGE', 'CHANGE (%)', 'VOLUME', 'YEAR', 'MONTH', 'DAY', 'HOUR', 'MINUTE', 'DATETIME']
2026-09-16 18:29:22 | DEBUG    | get_file_path        | Generated file path: data/2026/09/2026-09-16.xlsx
2026-09-16 18:29:22 | INFO     | save_data            | Saving data to: data/2026/09/2026-09-16.xlsx
2026-09-16 18:29:22 | DEBUG    | _create_backup       | Backup created: data/2026/09/backups/2026-09-16_backup_20260916_182922.xlsx
2026-09-16 18:29:22 | DEBUG    | _cleanup_old_backups | Removed old backup: 2026-09-16_backup_20260916_180246.xlsx
2026-09-16 18:29:22 | DEBUG    | save_data            | Existing file found, merging data...
2026-09-16 18:29:28 | DEBUG    | save_data            | Loaded 48285 existing rows
2026-09-16 18:29:28 | DEBUG    | save_data            | Combined to 48781 rows
2026-09-16 18:29:28 | DEBUG    | save_data            | Writing to temporary file...
2026-09-16 18:29:36 | DEBUG    | save_data            | Data written to temp file: /home/runner/work/Thalorae-BackLioraen/Thalorae-BackLioraen/data/2026/09/tmps6m618yh.xlsx
2026-09-16 18:29:36 | DEBUG    | save_data            | Temp file moved to final location
2026-09-16 18:29:36 | INFO     | save_data            | ✅ Data saved successfully (48781 total rows, 3,611,838 bytes)
2026-09-16 18:29:36 | INFO     | run                  | ======================================================================
2026-09-16 18:29:36 | INFO     | run                  | 📊 EXECUTION SUMMARY:
2026-09-16 18:29:36 | INFO     | run                  |    ✅ Status: SUCCESS
2026-09-16 18:29:36 | INFO     | run                  |    - Rows processed: 496
2026-09-16 18:29:36 | INFO     | run                  |    - Unique symbols: 496
2026-09-16 18:29:36 | INFO     | run                  |    - Timestamp: 2026-09-16 23:29:18
2026-09-16 18:29:36 | INFO     | run                  |    - File: data/2026/09/2026-09-16.xlsx
2026-09-16 18:29:36 | INFO     | run                  | ======================================================================
2026-09-16 18:29:36 | DEBUG    | run                  | Sample data (first row):
2026-09-16 18:29:36 | DEBUG    | run                  | {'SYMBOL': 'WTLNC', 'SECTOR': 828, 'LDCP': 1.06, 'OPEN': 1.05, 'HIGH': 1.1, 'LOW': 1.0, 'CURRENT': 1.02, 'CHANGE': -0.04, 'CHANGE (%)': nan, 'VOLUME': 40029812, 'YEAR': 2026, 'MONTH': 9, 'DAY': 16, 'HOUR': 23, 'MINUTE': 29, 'DATETIME': '2026-09-16 23:29'}
2026-09-16 18:29:36 | DEBUG    | close                | Session closed
2026-09-16 18:34:37 | INFO     | run                  | ======================================================================
2026-09-16 18:34:37 | INFO     | run                  | 🚀 MARKET DATA SCRAPER - SINGLE EXECUTION
2026-09-16 18:34:37 | INFO     | run                  | ======================================================================
2026-09-16 18:34:37 | INFO     | run                  | Execution Time: 2026-09-16 23:34:37 PKT
2026-09-16 18:34:37 | INFO     | run                  | Configuration:
2026-09-16 18:34:37 | INFO     | run                  |    - Timezone: Asia/Karachi
2026-09-16 18:34:37 | INFO     | run                  |    - Data directory: data
2026-09-16 18:34:37 | INFO     | run                  |    - Log directory: logs
2026-09-16 18:34:37 | INFO     | run                  |    - Excluded symbols: {'XT', 'XS', 'XD', 'XR'}
2026-09-16 18:34:37 | INFO     | run                  | ======================================================================
2026-09-16 18:34:37 | INFO     | fetch_data           | Fetching data (Attempt 1/3)...
2026-09-16 18:34:37 | DEBUG    | fetch_data           | Establishing session with https://dps.psx.com.pk/
2026-09-16 18:34:40 | DEBUG    | fetch_data           | Requesting data from https://dps.psx.com.pk/market-watch
2026-09-16 18:34:42 | DEBUG    | fetch_data           | Response status: 200
2026-09-16 18:34:42 | DEBUG    | fetch_data           | Response content type: text/html; charset=utf-8
2026-09-16 18:34:42 | DEBUG    | fetch_data           | Response size: 475060 bytes
2026-09-16 18:34:42 | INFO     | fetch_data           | ✅ Data fetched successfully (Status: 200)
2026-09-16 18:34:42 | DEBUG    | parse_json           | Attempting JSON parsing...
2026-09-16 18:34:42 | DEBUG    | parse_json           | Response preview: <table class="tbl" data-page-length="25"><thead class="tbl__head"><!-- tr--><!--   th(colspan="11")--><!--   th.center(colspan="2", style="width: 110px;") TOTAL BUY ORDERS--><!--   th.center(colspan="2", style="width: 110px;") TOTAL SELL ORDERS--><tr><th data-name="symbol">SYMBOL</th><th data-name="sector">SECTOR</th><th data-name="listed">LISTED IN</th><th class="right" data-name="ldcp">LDCP</th><th class="right" data-name="open">OPEN</th><th class="right" data-name="high">HIGH</th><th class="r
2026-09-16 18:34:42 | WARNING  | parse_json           | ⚠️ JSON parsing failed: Expecting value: line 1 column 1 (char 0)
2026-09-16 18:34:42 | INFO     | run                  | JSON parsing failed, trying HTML fallback...
2026-09-16 18:34:42 | INFO     | parse_html           | Attempting HTML fallback parsing...
2026-09-16 18:34:42 | DEBUG    | parse_html           | Found 1 table(s) in HTML
2026-09-16 18:34:42 | DEBUG    | parse_html           | Table columns: ['SYMBOL', 'SECTOR', 'LISTED IN', 'LDCP', 'OPEN', 'HIGH', 'LOW', 'CURRENT', 'CHANGE', 'CHANGE (%)', 'VOLUME']
2026-09-16 18:34:42 | DEBUG    | parse_html           | Table shape: (496, 11)
2026-09-16 18:34:42 | INFO     | parse_html           | ✅ HTML parsed successfully (496 rows)
2026-09-16 18:34:42 | INFO     | clean_data           | Cleaning data...
2026-09-16 18:34:42 | DEBUG    | clean_data           | Initial shape: (496, 11)
2026-09-16 18:34:42 | DEBUG    | clean_data           | Initial columns: ['SYMBOL', 'SECTOR', 'LISTED IN', 'LDCP', 'OPEN', 'HIGH', 'LOW', 'CURRENT', 'CHANGE', 'CHANGE (%)', 'VOLUME']
2026-09-16 18:34:42 | DEBUG    | clean_data           | Removed 'LISTED IN' column
2026-09-16 18:34:42 | DEBUG    | clean_data           | Converted LDCP from float64 to numeric
2026-09-16 18:34:42 | DEBUG    | clean_data           | Converted OPEN from float64 to numeric
2026-09-16 18:34:42 | DEBUG    | clean_data           | Converted HIGH from float64 to numeric
2026-09-16 18:34:42 | DEBUG    | clean_data           | Converted LOW from float64 to numeric
2026-09-16 18:34:42 | DEBUG    | clean_data           | Converted CURRENT from float64 to numeric
2026-09-16 18:34:42 | DEBUG    | clean_data           | Converted CHANGE from float64 to numeric
2026-09-16 18:34:42 | WARNING  | clean_data           | Column CHANGE (%): 496 values could not be converted to numeric
2026-09-16 18:34:42 | DEBUG    | clean_data           | Converted CHANGE (%) from str to numeric
2026-09-16 18:34:42 | DEBUG    | clean_data           | Converted VOLUME from int64 to numeric
2026-09-16 18:34:42 | INFO     | clean_data           | ✅ Data cleaned (496 rows, 16 columns)
2026-09-16 18:34:42 | DEBUG    | clean_data           | Final columns: ['SYMBOL', 'SECTOR', 'LDCP', 'OPEN', 'HIGH', 'LOW', 'CURRENT', 'CHANGE', 'CHANGE (%)', 'VOLUME', 'YEAR', 'MONTH', 'DAY', 'HOUR', 'MINUTE', 'DATETIME']
2026-09-16 18:34:42 | DEBUG    | get_file_path        | Generated file path: data/2026/09/2026-09-16.xlsx
2026-09-16 18:34:42 | INFO     | save_data            | Saving data to: data/2026/09/2026-09-16.xlsx
2026-09-16 18:34:42 | DEBUG    | _create_backup       | Backup created: data/2026/09/backups/2026-09-16_backup_20260916_183442.xlsx
2026-09-16 18:34:42 | DEBUG    | _cleanup_old_backups | Removed old backup: 2026-09-16_backup_20260916_180805.xlsx
2026-09-16 18:34:42 | DEBUG    | save_data            | Existing file found, merging data...
2026-09-16 18:34:47 | DEBUG    | save_data            | Loaded 48781 existing rows
2026-09-16 18:34:47 | DEBUG    | save_data            | Combined to 49277 rows
2026-09-16 18:34:47 | DEBUG    | save_data            | Writing to temporary file...
2026-09-16 18:34:56 | DEBUG    | save_data            | Data written to temp file: /home/runner/work/Thalorae-BackLioraen/Thalorae-BackLioraen/data/2026/09/tmpsgvzv30_.xlsx
2026-09-16 18:34:56 | DEBUG    | save_data            | Temp file moved to final location
2026-09-16 18:34:56 | INFO     | save_data            | ✅ Data saved successfully (49277 total rows, 3,649,006 bytes)
2026-09-16 18:34:56 | INFO     | run                  | ======================================================================
2026-09-16 18:34:56 | INFO     | run                  | 📊 EXECUTION SUMMARY:
2026-09-16 18:34:56 | INFO     | run                  |    ✅ Status: SUCCESS
2026-09-16 18:34:56 | INFO     | run                  |    - Rows processed: 496
2026-09-16 18:34:56 | INFO     | run                  |    - Unique symbols: 496
2026-09-16 18:34:56 | INFO     | run                  |    - Timestamp: 2026-09-16 23:34:37
2026-09-16 18:34:56 | INFO     | run                  |    - File: data/2026/09/2026-09-16.xlsx
2026-09-16 18:34:56 | INFO     | run                  | ======================================================================
2026-09-16 18:34:56 | DEBUG    | run                  | Sample data (first row):
2026-09-16 18:34:56 | DEBUG    | run                  | {'SYMBOL': 'WTLNC', 'SECTOR': 828, 'LDCP': 1.06, 'OPEN': 1.05, 'HIGH': 1.1, 'LOW': 1.0, 'CURRENT': 1.02, 'CHANGE': -0.04, 'CHANGE (%)': nan, 'VOLUME': 40029812, 'YEAR': 2026, 'MONTH': 9, 'DAY': 16, 'HOUR': 23, 'MINUTE': 34, 'DATETIME': '2026-09-16 23:34'}
2026-09-16 18:34:56 | DEBUG    | close                | Session closed
2026-09-16 18:39:57 | INFO     | run                  | ======================================================================
2026-09-16 18:39:57 | INFO     | run                  | 🚀 MARKET DATA SCRAPER - SINGLE EXECUTION
2026-09-16 18:39:57 | INFO     | run                  | ======================================================================
2026-09-16 18:39:57 | INFO     | run                  | Execution Time: 2026-09-16 23:39:57 PKT
2026-09-16 18:39:57 | INFO     | run                  | Configuration:
2026-09-16 18:39:57 | INFO     | run                  |    - Timezone: Asia/Karachi
2026-09-16 18:39:57 | INFO     | run                  |    - Data directory: data
2026-09-16 18:39:57 | INFO     | run                  |    - Log directory: logs
2026-09-16 18:39:57 | INFO     | run                  |    - Excluded symbols: {'XD', 'XS', 'XT', 'XR'}
2026-09-16 18:39:57 | INFO     | run                  | ======================================================================
2026-09-16 18:39:57 | INFO     | fetch_data           | Fetching data (Attempt 1/3)...
2026-09-16 18:39:57 | DEBUG    | fetch_data           | Establishing session with https://dps.psx.com.pk/
2026-09-16 18:40:01 | DEBUG    | fetch_data           | Requesting data from https://dps.psx.com.pk/market-watch
2026-09-16 18:40:03 | DEBUG    | fetch_data           | Response status: 200
2026-09-16 18:40:03 | DEBUG    | fetch_data           | Response content type: text/html; charset=utf-8
2026-09-16 18:40:03 | DEBUG    | fetch_data           | Response size: 475060 bytes
2026-09-16 18:40:03 | INFO     | fetch_data           | ✅ Data fetched successfully (Status: 200)
2026-09-16 18:40:03 | DEBUG    | parse_json           | Attempting JSON parsing...
2026-09-16 18:40:03 | DEBUG    | parse_json           | Response preview: <table class="tbl" data-page-length="25"><thead class="tbl__head"><!-- tr--><!--   th(colspan="11")--><!--   th.center(colspan="2", style="width: 110px;") TOTAL BUY ORDERS--><!--   th.center(colspan="2", style="width: 110px;") TOTAL SELL ORDERS--><tr><th data-name="symbol">SYMBOL</th><th data-name="sector">SECTOR</th><th data-name="listed">LISTED IN</th><th class="right" data-name="ldcp">LDCP</th><th class="right" data-name="open">OPEN</th><th class="right" data-name="high">HIGH</th><th class="r
2026-09-16 18:40:03 | WARNING  | parse_json           | ⚠️ JSON parsing failed: Expecting value: line 1 column 1 (char 0)
2026-09-16 18:40:03 | INFO     | run                  | JSON parsing failed, trying HTML fallback...
2026-09-16 18:40:03 | INFO     | parse_html           | Attempting HTML fallback parsing...
2026-09-16 18:40:03 | DEBUG    | parse_html           | Found 1 table(s) in HTML
2026-09-16 18:40:03 | DEBUG    | parse_html           | Table columns: ['SYMBOL', 'SECTOR', 'LISTED IN', 'LDCP', 'OPEN', 'HIGH', 'LOW', 'CURRENT', 'CHANGE', 'CHANGE (%)', 'VOLUME']
2026-09-16 18:40:03 | DEBUG    | parse_html           | Table shape: (496, 11)
2026-09-16 18:40:03 | INFO     | parse_html           | ✅ HTML parsed successfully (496 rows)
2026-09-16 18:40:03 | INFO     | clean_data           | Cleaning data...
2026-09-16 18:40:03 | DEBUG    | clean_data           | Initial shape: (496, 11)
2026-09-16 18:40:03 | DEBUG    | clean_data           | Initial columns: ['SYMBOL', 'SECTOR', 'LISTED IN', 'LDCP', 'OPEN', 'HIGH', 'LOW', 'CURRENT', 'CHANGE', 'CHANGE (%)', 'VOLUME']
2026-09-16 18:40:03 | DEBUG    | clean_data           | Removed 'LISTED IN' column
2026-09-16 18:40:03 | DEBUG    | clean_data           | Converted LDCP from float64 to numeric
2026-09-16 18:40:03 | DEBUG    | clean_data           | Converted OPEN from float64 to numeric
2026-09-16 18:40:03 | DEBUG    | clean_data           | Converted HIGH from float64 to numeric
2026-09-16 18:40:03 | DEBUG    | clean_data           | Converted LOW from float64 to numeric
2026-09-16 18:40:03 | DEBUG    | clean_data           | Converted CURRENT from float64 to numeric
2026-09-16 18:40:03 | DEBUG    | clean_data           | Converted CHANGE from float64 to numeric
2026-09-16 18:40:03 | WARNING  | clean_data           | Column CHANGE (%): 496 values could not be converted to numeric
2026-09-16 18:40:03 | DEBUG    | clean_data           | Converted CHANGE (%) from str to numeric
2026-09-16 18:40:03 | DEBUG    | clean_data           | Converted VOLUME from int64 to numeric
2026-09-16 18:40:03 | INFO     | clean_data           | ✅ Data cleaned (496 rows, 16 columns)
2026-09-16 18:40:03 | DEBUG    | clean_data           | Final columns: ['SYMBOL', 'SECTOR', 'LDCP', 'OPEN', 'HIGH', 'LOW', 'CURRENT', 'CHANGE', 'CHANGE (%)', 'VOLUME', 'YEAR', 'MONTH', 'DAY', 'HOUR', 'MINUTE', 'DATETIME']
2026-09-16 18:40:03 | DEBUG    | get_file_path        | Generated file path: data/2026/09/2026-09-16.xlsx
2026-09-16 18:40:03 | INFO     | save_data            | Saving data to: data/2026/09/2026-09-16.xlsx
2026-09-16 18:40:03 | DEBUG    | _create_backup       | Backup created: data/2026/09/backups/2026-09-16_backup_20260916_184003.xlsx
2026-09-16 18:40:03 | DEBUG    | _cleanup_old_backups | Removed old backup: 2026-09-16_backup_20260916_181324.xlsx
2026-09-16 18:40:03 | DEBUG    | save_data            | Existing file found, merging data...
2026-09-16 18:40:09 | DEBUG    | save_data            | Loaded 49277 existing rows
2026-09-16 18:40:09 | DEBUG    | save_data            | Combined to 49773 rows
2026-09-16 18:40:09 | DEBUG    | save_data            | Writing to temporary file...
2026-09-16 18:40:18 | DEBUG    | save_data            | Data written to temp file: /home/runner/work/Thalorae-BackLioraen/Thalorae-BackLioraen/data/2026/09/tmpp12nci1q.xlsx
2026-09-16 18:40:18 | DEBUG    | save_data            | Temp file moved to final location
2026-09-16 18:40:18 | INFO     | save_data            | ✅ Data saved successfully (49773 total rows, 3,686,116 bytes)
2026-09-16 18:40:18 | INFO     | run                  | ======================================================================
2026-09-16 18:40:18 | INFO     | run                  | 📊 EXECUTION SUMMARY:
2026-09-16 18:40:18 | INFO     | run                  |    ✅ Status: SUCCESS
2026-09-16 18:40:18 | INFO     | run                  |    - Rows processed: 496
2026-09-16 18:40:18 | INFO     | run                  |    - Unique symbols: 496
2026-09-16 18:40:18 | INFO     | run                  |    - Timestamp: 2026-09-16 23:39:57
2026-09-16 18:40:18 | INFO     | run                  |    - File: data/2026/09/2026-09-16.xlsx
2026-09-16 18:40:18 | INFO     | run                  | ======================================================================
2026-09-16 18:40:18 | DEBUG    | run                  | Sample data (first row):
2026-09-16 18:40:18 | DEBUG    | run                  | {'SYMBOL': 'WTLNC', 'SECTOR': 828, 'LDCP': 1.06, 'OPEN': 1.05, 'HIGH': 1.1, 'LOW': 1.0, 'CURRENT': 1.02, 'CHANGE': -0.04, 'CHANGE (%)': nan, 'VOLUME': 40029812, 'YEAR': 2026, 'MONTH': 9, 'DAY': 16, 'HOUR': 23, 'MINUTE': 39, 'DATETIME': '2026-09-16 23:39'}
2026-09-16 18:40:18 | DEBUG    | close                | Session closed
2026-09-16 18:45:19 | INFO     | run                  | ======================================================================
2026-09-16 18:45:19 | INFO     | run                  | 🚀 MARKET DATA SCRAPER - SINGLE EXECUTION
2026-09-16 18:45:19 | INFO     | run                  | ======================================================================
2026-09-16 18:45:19 | INFO     | run                  | Execution Time: 2026-09-16 23:45:19 PKT
2026-09-16 18:45:19 | INFO     | run                  | Configuration:
2026-09-16 18:45:19 | INFO     | run                  |    - Timezone: Asia/Karachi
2026-09-16 18:45:19 | INFO     | run                  |    - Data directory: data
2026-09-16 18:45:19 | INFO     | run                  |    - Log directory: logs
2026-09-16 18:45:19 | INFO     | run                  |    - Excluded symbols: {'XT', 'XD', 'XR', 'XS'}
2026-09-16 18:45:19 | INFO     | run                  | ======================================================================
2026-09-16 18:45:19 | INFO     | fetch_data           | Fetching data (Attempt 1/3)...
2026-09-16 18:45:19 | DEBUG    | fetch_data           | Establishing session with https://dps.psx.com.pk/
2026-09-16 18:45:21 | DEBUG    | fetch_data           | Requesting data from https://dps.psx.com.pk/market-watch
2026-09-16 18:45:23 | DEBUG    | fetch_data           | Response status: 200
2026-09-16 18:45:23 | DEBUG    | fetch_data           | Response content type: text/html; charset=utf-8
2026-09-16 18:45:23 | DEBUG    | fetch_data           | Response size: 475060 bytes
2026-09-16 18:45:23 | INFO     | fetch_data           | ✅ Data fetched successfully (Status: 200)
2026-09-16 18:45:23 | DEBUG    | parse_json           | Attempting JSON parsing...
2026-09-16 18:45:23 | DEBUG    | parse_json           | Response preview: <table class="tbl" data-page-length="25"><thead class="tbl__head"><!-- tr--><!--   th(colspan="11")--><!--   th.center(colspan="2", style="width: 110px;") TOTAL BUY ORDERS--><!--   th.center(colspan="2", style="width: 110px;") TOTAL SELL ORDERS--><tr><th data-name="symbol">SYMBOL</th><th data-name="sector">SECTOR</th><th data-name="listed">LISTED IN</th><th class="right" data-name="ldcp">LDCP</th><th class="right" data-name="open">OPEN</th><th class="right" data-name="high">HIGH</th><th class="r
2026-09-16 18:45:23 | WARNING  | parse_json           | ⚠️ JSON parsing failed: Expecting value: line 1 column 1 (char 0)
2026-09-16 18:45:23 | INFO     | run                  | JSON parsing failed, trying HTML fallback...
2026-09-16 18:45:23 | INFO     | parse_html           | Attempting HTML fallback parsing...
2026-09-16 18:45:23 | DEBUG    | parse_html           | Found 1 table(s) in HTML
2026-09-16 18:45:23 | DEBUG    | parse_html           | Table columns: ['SYMBOL', 'SECTOR', 'LISTED IN', 'LDCP', 'OPEN', 'HIGH', 'LOW', 'CURRENT', 'CHANGE', 'CHANGE (%)', 'VOLUME']
2026-09-16 18:45:23 | DEBUG    | parse_html           | Table shape: (496, 11)
2026-09-16 18:45:23 | INFO     | parse_html           | ✅ HTML parsed successfully (496 rows)
2026-09-16 18:45:23 | INFO     | clean_data           | Cleaning data...
2026-09-16 18:45:23 | DEBUG    | clean_data           | Initial shape: (496, 11)
2026-09-16 18:45:23 | DEBUG    | clean_data           | Initial columns: ['SYMBOL', 'SECTOR', 'LISTED IN', 'LDCP', 'OPEN', 'HIGH', 'LOW', 'CURRENT', 'CHANGE', 'CHANGE (%)', 'VOLUME']
2026-09-16 18:45:23 | DEBUG    | clean_data           | Removed 'LISTED IN' column
2026-09-16 18:45:23 | DEBUG    | clean_data           | Converted LDCP from float64 to numeric
2026-09-16 18:45:23 | DEBUG    | clean_data           | Converted OPEN from float64 to numeric
2026-09-16 18:45:23 | DEBUG    | clean_data           | Converted HIGH from float64 to numeric
2026-09-16 18:45:23 | DEBUG    | clean_data           | Converted LOW from float64 to numeric
2026-09-16 18:45:23 | DEBUG    | clean_data           | Converted CURRENT from float64 to numeric
2026-09-16 18:45:23 | DEBUG    | clean_data           | Converted CHANGE from float64 to numeric
2026-09-16 18:45:23 | WARNING  | clean_data           | Column CHANGE (%): 496 values could not be converted to numeric
2026-09-16 18:45:23 | DEBUG    | clean_data           | Converted CHANGE (%) from str to numeric
2026-09-16 18:45:23 | DEBUG    | clean_data           | Converted VOLUME from int64 to numeric
2026-09-16 18:45:23 | INFO     | clean_data           | ✅ Data cleaned (496 rows, 16 columns)
2026-09-16 18:45:23 | DEBUG    | clean_data           | Final columns: ['SYMBOL', 'SECTOR', 'LDCP', 'OPEN', 'HIGH', 'LOW', 'CURRENT', 'CHANGE', 'CHANGE (%)', 'VOLUME', 'YEAR', 'MONTH', 'DAY', 'HOUR', 'MINUTE', 'DATETIME']
2026-09-16 18:45:23 | DEBUG    | get_file_path        | Generated file path: data/2026/09/2026-09-16.xlsx
2026-09-16 18:45:23 | INFO     | save_data            | Saving data to: data/2026/09/2026-09-16.xlsx
2026-09-16 18:45:23 | DEBUG    | _create_backup       | Backup created: data/2026/09/backups/2026-09-16_backup_20260916_184523.xlsx
2026-09-16 18:45:23 | DEBUG    | _cleanup_old_backups | Removed old backup: 2026-09-16_backup_20260916_181844.xlsx
2026-09-16 18:45:23 | DEBUG    | save_data            | Existing file found, merging data...
2026-09-16 18:45:29 | DEBUG    | save_data            | Loaded 49773 existing rows
2026-09-16 18:45:29 | DEBUG    | save_data            | Combined to 50269 rows
2026-09-16 18:45:29 | DEBUG    | save_data            | Writing to temporary file...
2026-09-16 18:45:38 | DEBUG    | save_data            | Data written to temp file: /home/runner/work/Thalorae-BackLioraen/Thalorae-BackLioraen/data/2026/09/tmpb_srlf2d.xlsx
2026-09-16 18:45:38 | DEBUG    | save_data            | Temp file moved to final location
2026-09-16 18:45:38 | INFO     | save_data            | ✅ Data saved successfully (50269 total rows, 3,723,314 bytes)
2026-09-16 18:45:38 | INFO     | run                  | ======================================================================
2026-09-16 18:45:38 | INFO     | run                  | 📊 EXECUTION SUMMARY:
2026-09-16 18:45:38 | INFO     | run                  |    ✅ Status: SUCCESS
2026-09-16 18:45:38 | INFO     | run                  |    - Rows processed: 496
2026-09-16 18:45:38 | INFO     | run                  |    - Unique symbols: 496
2026-09-16 18:45:38 | INFO     | run                  |    - Timestamp: 2026-09-16 23:45:19
2026-09-16 18:45:38 | INFO     | run                  |    - File: data/2026/09/2026-09-16.xlsx
2026-09-16 18:45:38 | INFO     | run                  | ======================================================================
2026-09-16 18:45:38 | DEBUG    | run                  | Sample data (first row):
2026-09-16 18:45:38 | DEBUG    | run                  | {'SYMBOL': 'WTLNC', 'SECTOR': 828, 'LDCP': 1.06, 'OPEN': 1.05, 'HIGH': 1.1, 'LOW': 1.0, 'CURRENT': 1.02, 'CHANGE': -0.04, 'CHANGE (%)': nan, 'VOLUME': 40029812, 'YEAR': 2026, 'MONTH': 9, 'DAY': 16, 'HOUR': 23, 'MINUTE': 45, 'DATETIME': '2026-09-16 23:45'}
2026-09-16 18:45:38 | DEBUG    | close                | Session closed
2026-09-16 18:50:39 | INFO     | run                  | ======================================================================
2026-09-16 18:50:39 | INFO     | run                  | 🚀 MARKET DATA SCRAPER - SINGLE EXECUTION
2026-09-16 18:50:39 | INFO     | run                  | ======================================================================
2026-09-16 18:50:39 | INFO     | run                  | Execution Time: 2026-09-16 23:50:39 PKT
2026-09-16 18:50:39 | INFO     | run                  | Configuration:
2026-09-16 18:50:39 | INFO     | run                  |    - Timezone: Asia/Karachi
2026-09-16 18:50:39 | INFO     | run                  |    - Data directory: data
2026-09-16 18:50:39 | INFO     | run                  |    - Log directory: logs
2026-09-16 18:50:39 | INFO     | run                  |    - Excluded symbols: {'XR', 'XT', 'XS', 'XD'}
2026-09-16 18:50:39 | INFO     | run                  | ======================================================================
2026-09-16 18:50:39 | INFO     | fetch_data           | Fetching data (Attempt 1/3)...
2026-09-16 18:50:39 | DEBUG    | fetch_data           | Establishing session with https://dps.psx.com.pk/
2026-09-16 18:50:42 | DEBUG    | fetch_data           | Requesting data from https://dps.psx.com.pk/market-watch
2026-09-16 18:50:44 | DEBUG    | fetch_data           | Response status: 200
2026-09-16 18:50:44 | DEBUG    | fetch_data           | Response content type: text/html; charset=utf-8
2026-09-16 18:50:44 | DEBUG    | fetch_data           | Response size: 475060 bytes
2026-09-16 18:50:44 | INFO     | fetch_data           | ✅ Data fetched successfully (Status: 200)
2026-09-16 18:50:44 | DEBUG    | parse_json           | Attempting JSON parsing...
2026-09-16 18:50:44 | DEBUG    | parse_json           | Response preview: <table class="tbl" data-page-length="25"><thead class="tbl__head"><!-- tr--><!--   th(colspan="11")--><!--   th.center(colspan="2", style="width: 110px;") TOTAL BUY ORDERS--><!--   th.center(colspan="2", style="width: 110px;") TOTAL SELL ORDERS--><tr><th data-name="symbol">SYMBOL</th><th data-name="sector">SECTOR</th><th data-name="listed">LISTED IN</th><th class="right" data-name="ldcp">LDCP</th><th class="right" data-name="open">OPEN</th><th class="right" data-name="high">HIGH</th><th class="r
2026-09-16 18:50:44 | WARNING  | parse_json           | ⚠️ JSON parsing failed: Expecting value: line 1 column 1 (char 0)
2026-09-16 18:50:44 | INFO     | run                  | JSON parsing failed, trying HTML fallback...
2026-09-16 18:50:44 | INFO     | parse_html           | Attempting HTML fallback parsing...
2026-09-16 18:50:44 | DEBUG    | parse_html           | Found 1 table(s) in HTML
2026-09-16 18:50:44 | DEBUG    | parse_html           | Table columns: ['SYMBOL', 'SECTOR', 'LISTED IN', 'LDCP', 'OPEN', 'HIGH', 'LOW', 'CURRENT', 'CHANGE', 'CHANGE (%)', 'VOLUME']
2026-09-16 18:50:44 | DEBUG    | parse_html           | Table shape: (496, 11)
2026-09-16 18:50:44 | INFO     | parse_html           | ✅ HTML parsed successfully (496 rows)
2026-09-16 18:50:44 | INFO     | clean_data           | Cleaning data...
2026-09-16 18:50:44 | DEBUG    | clean_data           | Initial shape: (496, 11)
2026-09-16 18:50:44 | DEBUG    | clean_data           | Initial columns: ['SYMBOL', 'SECTOR', 'LISTED IN', 'LDCP', 'OPEN', 'HIGH', 'LOW', 'CURRENT', 'CHANGE', 'CHANGE (%)', 'VOLUME']
2026-09-16 18:50:44 | DEBUG    | clean_data           | Removed 'LISTED IN' column
2026-09-16 18:50:44 | DEBUG    | clean_data           | Converted LDCP from float64 to numeric
2026-09-16 18:50:44 | DEBUG    | clean_data           | Converted OPEN from float64 to numeric
2026-09-16 18:50:44 | DEBUG    | clean_data           | Converted HIGH from float64 to numeric
2026-09-16 18:50:44 | DEBUG    | clean_data           | Converted LOW from float64 to numeric
2026-09-16 18:50:44 | DEBUG    | clean_data           | Converted CURRENT from float64 to numeric
2026-09-16 18:50:44 | DEBUG    | clean_data           | Converted CHANGE from float64 to numeric
2026-09-16 18:50:44 | WARNING  | clean_data           | Column CHANGE (%): 496 values could not be converted to numeric
2026-09-16 18:50:44 | DEBUG    | clean_data           | Converted CHANGE (%) from str to numeric
2026-09-16 18:50:44 | DEBUG    | clean_data           | Converted VOLUME from int64 to numeric
2026-09-16 18:50:44 | INFO     | clean_data           | ✅ Data cleaned (496 rows, 16 columns)
2026-09-16 18:50:44 | DEBUG    | clean_data           | Final columns: ['SYMBOL', 'SECTOR', 'LDCP', 'OPEN', 'HIGH', 'LOW', 'CURRENT', 'CHANGE', 'CHANGE (%)', 'VOLUME', 'YEAR', 'MONTH', 'DAY', 'HOUR', 'MINUTE', 'DATETIME']
2026-09-16 18:50:44 | DEBUG    | get_file_path        | Generated file path: data/2026/09/2026-09-16.xlsx
2026-09-16 18:50:44 | INFO     | save_data            | Saving data to: data/2026/09/2026-09-16.xlsx
2026-09-16 18:50:44 | DEBUG    | _create_backup       | Backup created: data/2026/09/backups/2026-09-16_backup_20260916_185044.xlsx
2026-09-16 18:50:44 | DEBUG    | _cleanup_old_backups | Removed old backup: 2026-09-16_backup_20260916_182403.xlsx
2026-09-16 18:50:44 | DEBUG    | save_data            | Existing file found, merging data...
2026-09-16 18:50:50 | DEBUG    | save_data            | Loaded 50269 existing rows
2026-09-16 18:50:50 | DEBUG    | save_data            | Combined to 50765 rows
2026-09-16 18:50:50 | DEBUG    | save_data            | Writing to temporary file...
2026-09-16 18:50:59 | DEBUG    | save_data            | Data written to temp file: /home/runner/work/Thalorae-BackLioraen/Thalorae-BackLioraen/data/2026/09/tmpkg_jxyz5.xlsx
2026-09-16 18:50:59 | DEBUG    | save_data            | Temp file moved to final location
2026-09-16 18:50:59 | INFO     | save_data            | ✅ Data saved successfully (50765 total rows, 3,760,413 bytes)
2026-09-16 18:50:59 | INFO     | run                  | ======================================================================
2026-09-16 18:50:59 | INFO     | run                  | 📊 EXECUTION SUMMARY:
2026-09-16 18:50:59 | INFO     | run                  |    ✅ Status: SUCCESS
2026-09-16 18:50:59 | INFO     | run                  |    - Rows processed: 496
2026-09-16 18:50:59 | INFO     | run                  |    - Unique symbols: 496
2026-09-16 18:50:59 | INFO     | run                  |    - Timestamp: 2026-09-16 23:50:39
2026-09-16 18:50:59 | INFO     | run                  |    - File: data/2026/09/2026-09-16.xlsx
2026-09-16 18:50:59 | INFO     | run                  | ======================================================================
2026-09-16 18:50:59 | DEBUG    | run                  | Sample data (first row):
2026-09-16 18:50:59 | DEBUG    | run                  | {'SYMBOL': 'WTLNC', 'SECTOR': 828, 'LDCP': 1.06, 'OPEN': 1.05, 'HIGH': 1.1, 'LOW': 1.0, 'CURRENT': 1.02, 'CHANGE': -0.04, 'CHANGE (%)': nan, 'VOLUME': 40029812, 'YEAR': 2026, 'MONTH': 9, 'DAY': 16, 'HOUR': 23, 'MINUTE': 50, 'DATETIME': '2026-09-16 23:50'}
2026-09-16 18:50:59 | DEBUG    | close                | Session closed
2026-09-16 18:56:00 | INFO     | run                  | ======================================================================
2026-09-16 18:56:00 | INFO     | run                  | 🚀 MARKET DATA SCRAPER - SINGLE EXECUTION
2026-09-16 18:56:00 | INFO     | run                  | ======================================================================
2026-09-16 18:56:00 | INFO     | run                  | Execution Time: 2026-09-16 23:56:00 PKT
2026-09-16 18:56:00 | INFO     | run                  | Configuration:
2026-09-16 18:56:00 | INFO     | run                  |    - Timezone: Asia/Karachi
2026-09-16 18:56:00 | INFO     | run                  |    - Data directory: data
2026-09-16 18:56:00 | INFO     | run                  |    - Log directory: logs
2026-09-16 18:56:00 | INFO     | run                  |    - Excluded symbols: {'XD', 'XS', 'XT', 'XR'}
2026-09-16 18:56:00 | INFO     | run                  | ======================================================================
2026-09-16 18:56:00 | INFO     | fetch_data           | Fetching data (Attempt 1/3)...
2026-09-16 18:56:00 | DEBUG    | fetch_data           | Establishing session with https://dps.psx.com.pk/
2026-09-16 18:56:03 | DEBUG    | fetch_data           | Requesting data from https://dps.psx.com.pk/market-watch
2026-09-16 18:56:04 | DEBUG    | fetch_data           | Response status: 200
2026-09-16 18:56:04 | DEBUG    | fetch_data           | Response content type: text/html; charset=utf-8
2026-09-16 18:56:04 | DEBUG    | fetch_data           | Response size: 475060 bytes
2026-09-16 18:56:04 | INFO     | fetch_data           | ✅ Data fetched successfully (Status: 200)
2026-09-16 18:56:04 | DEBUG    | parse_json           | Attempting JSON parsing...
2026-09-16 18:56:04 | DEBUG    | parse_json           | Response preview: <table class="tbl" data-page-length="25"><thead class="tbl__head"><!-- tr--><!--   th(colspan="11")--><!--   th.center(colspan="2", style="width: 110px;") TOTAL BUY ORDERS--><!--   th.center(colspan="2", style="width: 110px;") TOTAL SELL ORDERS--><tr><th data-name="symbol">SYMBOL</th><th data-name="sector">SECTOR</th><th data-name="listed">LISTED IN</th><th class="right" data-name="ldcp">LDCP</th><th class="right" data-name="open">OPEN</th><th class="right" data-name="high">HIGH</th><th class="r
2026-09-16 18:56:04 | WARNING  | parse_json           | ⚠️ JSON parsing failed: Expecting value: line 1 column 1 (char 0)
2026-09-16 18:56:04 | INFO     | run                  | JSON parsing failed, trying HTML fallback...
2026-09-16 18:56:04 | INFO     | parse_html           | Attempting HTML fallback parsing...
2026-09-16 18:56:04 | DEBUG    | parse_html           | Found 1 table(s) in HTML
2026-09-16 18:56:04 | DEBUG    | parse_html           | Table columns: ['SYMBOL', 'SECTOR', 'LISTED IN', 'LDCP', 'OPEN', 'HIGH', 'LOW', 'CURRENT', 'CHANGE', 'CHANGE (%)', 'VOLUME']
2026-09-16 18:56:04 | DEBUG    | parse_html           | Table shape: (496, 11)
2026-09-16 18:56:04 | INFO     | parse_html           | ✅ HTML parsed successfully (496 rows)
2026-09-16 18:56:04 | INFO     | clean_data           | Cleaning data...
2026-09-16 18:56:04 | DEBUG    | clean_data           | Initial shape: (496, 11)
2026-09-16 18:56:04 | DEBUG    | clean_data           | Initial columns: ['SYMBOL', 'SECTOR', 'LISTED IN', 'LDCP', 'OPEN', 'HIGH', 'LOW', 'CURRENT', 'CHANGE', 'CHANGE (%)', 'VOLUME']
2026-09-16 18:56:04 | DEBUG    | clean_data           | Removed 'LISTED IN' column
2026-09-16 18:56:04 | DEBUG    | clean_data           | Converted LDCP from float64 to numeric
2026-09-16 18:56:04 | DEBUG    | clean_data           | Converted OPEN from float64 to numeric
2026-09-16 18:56:04 | DEBUG    | clean_data           | Converted HIGH from float64 to numeric
2026-09-16 18:56:04 | DEBUG    | clean_data           | Converted LOW from float64 to numeric
2026-09-16 18:56:04 | DEBUG    | clean_data           | Converted CURRENT from float64 to numeric
2026-09-16 18:56:04 | DEBUG    | clean_data           | Converted CHANGE from float64 to numeric
2026-09-16 18:56:04 | WARNING  | clean_data           | Column CHANGE (%): 496 values could not be converted to numeric
2026-09-16 18:56:04 | DEBUG    | clean_data           | Converted CHANGE (%) from str to numeric
2026-09-16 18:56:04 | DEBUG    | clean_data           | Converted VOLUME from int64 to numeric
2026-09-16 18:56:04 | INFO     | clean_data           | ✅ Data cleaned (496 rows, 16 columns)
2026-09-16 18:56:04 | DEBUG    | clean_data           | Final columns: ['SYMBOL', 'SECTOR', 'LDCP', 'OPEN', 'HIGH', 'LOW', 'CURRENT', 'CHANGE', 'CHANGE (%)', 'VOLUME', 'YEAR', 'MONTH', 'DAY', 'HOUR', 'MINUTE', 'DATETIME']
2026-09-16 18:56:04 | DEBUG    | get_file_path        | Generated file path: data/2026/09/2026-09-16.xlsx
2026-09-16 18:56:04 | INFO     | save_data            | Saving data to: data/2026/09/2026-09-16.xlsx
2026-09-16 18:56:04 | DEBUG    | _create_backup       | Backup created: data/2026/09/backups/2026-09-16_backup_20260916_185604.xlsx
2026-09-16 18:56:04 | DEBUG    | _cleanup_old_backups | Removed old backup: 2026-09-16_backup_20260916_182922.xlsx
2026-09-16 18:56:04 | DEBUG    | save_data            | Existing file found, merging data...
2026-09-16 18:56:09 | DEBUG    | save_data            | Loaded 50765 existing rows
2026-09-16 18:56:09 | DEBUG    | save_data            | Combined to 51261 rows
2026-09-16 18:56:10 | DEBUG    | save_data            | Writing to temporary file...
2026-09-16 18:56:19 | DEBUG    | save_data            | Data written to temp file: /home/runner/work/Thalorae-BackLioraen/Thalorae-BackLioraen/data/2026/09/tmp2kmy7yjb.xlsx
2026-09-16 18:56:19 | DEBUG    | save_data            | Temp file moved to final location
2026-09-16 18:56:19 | INFO     | save_data            | ✅ Data saved successfully (51261 total rows, 3,797,541 bytes)
2026-09-16 18:56:19 | INFO     | run                  | ======================================================================
2026-09-16 18:56:19 | INFO     | run                  | 📊 EXECUTION SUMMARY:
2026-09-16 18:56:19 | INFO     | run                  |    ✅ Status: SUCCESS
2026-09-16 18:56:19 | INFO     | run                  |    - Rows processed: 496
2026-09-16 18:56:19 | INFO     | run                  |    - Unique symbols: 496
2026-09-16 18:56:19 | INFO     | run                  |    - Timestamp: 2026-09-16 23:56:00
2026-09-16 18:56:19 | INFO     | run                  |    - File: data/2026/09/2026-09-16.xlsx
2026-09-16 18:56:19 | INFO     | run                  | ======================================================================
2026-09-16 18:56:19 | DEBUG    | run                  | Sample data (first row):
2026-09-16 18:56:19 | DEBUG    | run                  | {'SYMBOL': 'WTLNC', 'SECTOR': 828, 'LDCP': 1.06, 'OPEN': 1.05, 'HIGH': 1.1, 'LOW': 1.0, 'CURRENT': 1.02, 'CHANGE': -0.04, 'CHANGE (%)': nan, 'VOLUME': 40029812, 'YEAR': 2026, 'MONTH': 9, 'DAY': 16, 'HOUR': 23, 'MINUTE': 56, 'DATETIME': '2026-09-16 23:56'}
2026-09-16 18:56:19 | DEBUG    | close                | Session closed
