2026-07-06 02:58:10 | INFO     | run                  | ======================================================================
2026-07-06 02:58:10 | INFO     | run                  | 🚀 MARKET DATA SCRAPER - SINGLE EXECUTION
2026-07-06 02:58:10 | INFO     | run                  | ======================================================================
2026-07-06 02:58:10 | INFO     | run                  | Execution Time: 2026-07-06 07:58:10 PKT
2026-07-06 02:58:10 | INFO     | run                  | Configuration:
2026-07-06 02:58:10 | INFO     | run                  |    - Timezone: Asia/Karachi
2026-07-06 02:58:10 | INFO     | run                  |    - Data directory: data
2026-07-06 02:58:10 | INFO     | run                  |    - Log directory: logs
2026-07-06 02:58:10 | INFO     | run                  |    - Excluded symbols: {'XR', 'XD', 'XS', 'XT'}
2026-07-06 02:58:10 | INFO     | run                  | ======================================================================
2026-07-06 02:58:10 | INFO     | fetch_data           | Fetching data (Attempt 1/3)...
2026-07-06 02:58:10 | DEBUG    | fetch_data           | Establishing session with https://dps.psx.com.pk/
2026-07-06 02:58:13 | DEBUG    | fetch_data           | Requesting data from https://dps.psx.com.pk/market-watch
2026-07-06 02:58:15 | DEBUG    | fetch_data           | Response status: 200
2026-07-06 02:58:15 | DEBUG    | fetch_data           | Response content type: text/html; charset=utf-8
2026-07-06 02:58:15 | DEBUG    | fetch_data           | Response size: 474164 bytes
2026-07-06 02:58:15 | INFO     | fetch_data           | ✅ Data fetched successfully (Status: 200)
2026-07-06 02:58:15 | DEBUG    | parse_json           | Attempting JSON parsing...
2026-07-06 02:58:15 | DEBUG    | parse_json           | Response preview: <table class="tbl" data-page-length="25"><thead class="tbl__head"><!-- tr--><!--   th(colspan="11")--><!--   th.center(colspan="2", style="width: 110px;") TOTAL BUY ORDERS--><!--   th.center(colspan="2", style="width: 110px;") TOTAL SELL ORDERS--><tr><th data-name="symbol">SYMBOL</th><th data-name="sector">SECTOR</th><th data-name="listed">LISTED IN</th><th class="right" data-name="ldcp">LDCP</th><th class="right" data-name="open">OPEN</th><th class="right" data-name="high">HIGH</th><th class="r
2026-07-06 02:58:15 | WARNING  | parse_json           | ⚠️ JSON parsing failed: Expecting value: line 1 column 1 (char 0)
2026-07-06 02:58:15 | INFO     | run                  | JSON parsing failed, trying HTML fallback...
2026-07-06 02:58:15 | INFO     | parse_html           | Attempting HTML fallback parsing...
2026-07-06 02:58:15 | DEBUG    | parse_html           | Found 1 table(s) in HTML
2026-07-06 02:58:15 | DEBUG    | parse_html           | Table columns: ['SYMBOL', 'SECTOR', 'LISTED IN', 'LDCP', 'OPEN', 'HIGH', 'LOW', 'CURRENT', 'CHANGE', 'CHANGE (%)', 'VOLUME']
2026-07-06 02:58:15 | DEBUG    | parse_html           | Table shape: (494, 11)
2026-07-06 02:58:15 | INFO     | parse_html           | ✅ HTML parsed successfully (494 rows)
2026-07-06 02:58:15 | INFO     | clean_data           | Cleaning data...
2026-07-06 02:58:15 | DEBUG    | clean_data           | Initial shape: (494, 11)
2026-07-06 02:58:15 | DEBUG    | clean_data           | Initial columns: ['SYMBOL', 'SECTOR', 'LISTED IN', 'LDCP', 'OPEN', 'HIGH', 'LOW', 'CURRENT', 'CHANGE', 'CHANGE (%)', 'VOLUME']
2026-07-06 02:58:15 | DEBUG    | clean_data           | Removed 'LISTED IN' column
2026-07-06 02:58:15 | DEBUG    | clean_data           | Converted LDCP from float64 to numeric
2026-07-06 02:58:15 | DEBUG    | clean_data           | Converted OPEN from float64 to numeric
2026-07-06 02:58:15 | DEBUG    | clean_data           | Converted HIGH from float64 to numeric
2026-07-06 02:58:15 | DEBUG    | clean_data           | Converted LOW from float64 to numeric
2026-07-06 02:58:15 | DEBUG    | clean_data           | Converted CURRENT from float64 to numeric
2026-07-06 02:58:15 | DEBUG    | clean_data           | Converted CHANGE from float64 to numeric
2026-07-06 02:58:15 | WARNING  | clean_data           | Column CHANGE (%): 494 values could not be converted to numeric
2026-07-06 02:58:15 | DEBUG    | clean_data           | Converted CHANGE (%) from str to numeric
2026-07-06 02:58:15 | DEBUG    | clean_data           | Converted VOLUME from int64 to numeric
2026-07-06 02:58:15 | INFO     | clean_data           | ✅ Data cleaned (494 rows, 16 columns)
2026-07-06 02:58:15 | DEBUG    | clean_data           | Final columns: ['SYMBOL', 'SECTOR', 'LDCP', 'OPEN', 'HIGH', 'LOW', 'CURRENT', 'CHANGE', 'CHANGE (%)', 'VOLUME', 'YEAR', 'MONTH', 'DAY', 'HOUR', 'MINUTE', 'DATETIME']
2026-07-06 02:58:15 | DEBUG    | get_file_path        | Generated file path: data/2026/07/2026-07-06.xlsx
2026-07-06 02:58:15 | INFO     | save_data            | Saving data to: data/2026/07/2026-07-06.xlsx
2026-07-06 02:58:15 | DEBUG    | save_data            | Writing to temporary file...
2026-07-06 02:58:15 | DEBUG    | save_data            | Data written to temp file: /home/runner/work/Thalorae-BackLioraen/Thalorae-BackLioraen/data/2026/07/tmppv5yz7ib.xlsx
2026-07-06 02:58:15 | DEBUG    | save_data            | Temp file moved to final location
2026-07-06 02:58:15 | INFO     | save_data            | ✅ Data saved successfully (494 total rows, 41,868 bytes)
2026-07-06 02:58:15 | INFO     | run                  | ======================================================================
2026-07-06 02:58:15 | INFO     | run                  | 📊 EXECUTION SUMMARY:
2026-07-06 02:58:15 | INFO     | run                  |    ✅ Status: SUCCESS
2026-07-06 02:58:15 | INFO     | run                  |    - Rows processed: 494
2026-07-06 02:58:15 | INFO     | run                  |    - Unique symbols: 494
2026-07-06 02:58:15 | INFO     | run                  |    - Timestamp: 2026-07-06 07:58:10
2026-07-06 02:58:15 | INFO     | run                  |    - File: data/2026/07/2026-07-06.xlsx
2026-07-06 02:58:15 | INFO     | run                  | ======================================================================
2026-07-06 02:58:15 | DEBUG    | run                  | Sample data (first row):
2026-07-06 02:58:15 | DEBUG    | run                  | {'SYMBOL': 'TPLRF1', 'SECTOR': 836, 'LDCP': 10.6, 'OPEN': 10.7, 'HIGH': 11.13, 'LOW': 10.38, 'CURRENT': 10.6, 'CHANGE': -0.04, 'CHANGE (%)': nan, 'VOLUME': 72948993, 'YEAR': 2026, 'MONTH': 7, 'DAY': 6, 'HOUR': 7, 'MINUTE': 58, 'DATETIME': '2026-07-06 07:58'}
2026-07-06 02:58:15 | DEBUG    | close                | Session closed
2026-07-06 03:03:15 | INFO     | run                  | ======================================================================
2026-07-06 03:03:15 | INFO     | run                  | 🚀 MARKET DATA SCRAPER - SINGLE EXECUTION
2026-07-06 03:03:15 | INFO     | run                  | ======================================================================
2026-07-06 03:03:15 | INFO     | run                  | Execution Time: 2026-07-06 08:03:15 PKT
2026-07-06 03:03:15 | INFO     | run                  | Configuration:
2026-07-06 03:03:15 | INFO     | run                  |    - Timezone: Asia/Karachi
2026-07-06 03:03:15 | INFO     | run                  |    - Data directory: data
2026-07-06 03:03:15 | INFO     | run                  |    - Log directory: logs
2026-07-06 03:03:15 | INFO     | run                  |    - Excluded symbols: {'XT', 'XS', 'XD', 'XR'}
2026-07-06 03:03:15 | INFO     | run                  | ======================================================================
2026-07-06 03:03:15 | INFO     | fetch_data           | Fetching data (Attempt 1/3)...
2026-07-06 03:03:15 | DEBUG    | fetch_data           | Establishing session with https://dps.psx.com.pk/
2026-07-06 03:03:18 | DEBUG    | fetch_data           | Requesting data from https://dps.psx.com.pk/market-watch
2026-07-06 03:03:21 | DEBUG    | fetch_data           | Response status: 200
2026-07-06 03:03:21 | DEBUG    | fetch_data           | Response content type: text/html; charset=utf-8
2026-07-06 03:03:21 | DEBUG    | fetch_data           | Response size: 474164 bytes
2026-07-06 03:03:21 | INFO     | fetch_data           | ✅ Data fetched successfully (Status: 200)
2026-07-06 03:03:21 | DEBUG    | parse_json           | Attempting JSON parsing...
2026-07-06 03:03:21 | DEBUG    | parse_json           | Response preview: <table class="tbl" data-page-length="25"><thead class="tbl__head"><!-- tr--><!--   th(colspan="11")--><!--   th.center(colspan="2", style="width: 110px;") TOTAL BUY ORDERS--><!--   th.center(colspan="2", style="width: 110px;") TOTAL SELL ORDERS--><tr><th data-name="symbol">SYMBOL</th><th data-name="sector">SECTOR</th><th data-name="listed">LISTED IN</th><th class="right" data-name="ldcp">LDCP</th><th class="right" data-name="open">OPEN</th><th class="right" data-name="high">HIGH</th><th class="r
2026-07-06 03:03:21 | WARNING  | parse_json           | ⚠️ JSON parsing failed: Expecting value: line 1 column 1 (char 0)
2026-07-06 03:03:21 | INFO     | run                  | JSON parsing failed, trying HTML fallback...
2026-07-06 03:03:21 | INFO     | parse_html           | Attempting HTML fallback parsing...
2026-07-06 03:03:21 | DEBUG    | parse_html           | Found 1 table(s) in HTML
2026-07-06 03:03:21 | DEBUG    | parse_html           | Table columns: ['SYMBOL', 'SECTOR', 'LISTED IN', 'LDCP', 'OPEN', 'HIGH', 'LOW', 'CURRENT', 'CHANGE', 'CHANGE (%)', 'VOLUME']
2026-07-06 03:03:21 | DEBUG    | parse_html           | Table shape: (494, 11)
2026-07-06 03:03:21 | INFO     | parse_html           | ✅ HTML parsed successfully (494 rows)
2026-07-06 03:03:21 | INFO     | clean_data           | Cleaning data...
2026-07-06 03:03:21 | DEBUG    | clean_data           | Initial shape: (494, 11)
2026-07-06 03:03:21 | DEBUG    | clean_data           | Initial columns: ['SYMBOL', 'SECTOR', 'LISTED IN', 'LDCP', 'OPEN', 'HIGH', 'LOW', 'CURRENT', 'CHANGE', 'CHANGE (%)', 'VOLUME']
2026-07-06 03:03:21 | DEBUG    | clean_data           | Removed 'LISTED IN' column
2026-07-06 03:03:21 | DEBUG    | clean_data           | Converted LDCP from float64 to numeric
2026-07-06 03:03:21 | DEBUG    | clean_data           | Converted OPEN from float64 to numeric
2026-07-06 03:03:21 | DEBUG    | clean_data           | Converted HIGH from float64 to numeric
2026-07-06 03:03:21 | DEBUG    | clean_data           | Converted LOW from float64 to numeric
2026-07-06 03:03:21 | DEBUG    | clean_data           | Converted CURRENT from float64 to numeric
2026-07-06 03:03:21 | DEBUG    | clean_data           | Converted CHANGE from float64 to numeric
2026-07-06 03:03:21 | WARNING  | clean_data           | Column CHANGE (%): 494 values could not be converted to numeric
2026-07-06 03:03:21 | DEBUG    | clean_data           | Converted CHANGE (%) from str to numeric
2026-07-06 03:03:21 | DEBUG    | clean_data           | Converted VOLUME from int64 to numeric
2026-07-06 03:03:21 | INFO     | clean_data           | ✅ Data cleaned (494 rows, 16 columns)
2026-07-06 03:03:21 | DEBUG    | clean_data           | Final columns: ['SYMBOL', 'SECTOR', 'LDCP', 'OPEN', 'HIGH', 'LOW', 'CURRENT', 'CHANGE', 'CHANGE (%)', 'VOLUME', 'YEAR', 'MONTH', 'DAY', 'HOUR', 'MINUTE', 'DATETIME']
2026-07-06 03:03:21 | DEBUG    | get_file_path        | Generated file path: data/2026/07/2026-07-06.xlsx
2026-07-06 03:03:21 | INFO     | save_data            | Saving data to: data/2026/07/2026-07-06.xlsx
2026-07-06 03:03:21 | DEBUG    | _create_backup       | Backup created: data/2026/07/backups/2026-07-06_backup_20260706_030321.xlsx
2026-07-06 03:03:21 | DEBUG    | save_data            | Existing file found, merging data...
2026-07-06 03:03:21 | DEBUG    | save_data            | Loaded 494 existing rows
2026-07-06 03:03:21 | DEBUG    | save_data            | Combined to 988 rows
2026-07-06 03:03:21 | DEBUG    | save_data            | Writing to temporary file...
2026-07-06 03:03:21 | DEBUG    | save_data            | Data written to temp file: /home/runner/work/Thalorae-BackLioraen/Thalorae-BackLioraen/data/2026/07/tmp32_1ng72.xlsx
2026-07-06 03:03:21 | DEBUG    | save_data            | Temp file moved to final location
2026-07-06 03:03:21 | INFO     | save_data            | ✅ Data saved successfully (988 total rows, 78,804 bytes)
2026-07-06 03:03:21 | INFO     | run                  | ======================================================================
2026-07-06 03:03:21 | INFO     | run                  | 📊 EXECUTION SUMMARY:
2026-07-06 03:03:21 | INFO     | run                  |    ✅ Status: SUCCESS
2026-07-06 03:03:21 | INFO     | run                  |    - Rows processed: 494
2026-07-06 03:03:21 | INFO     | run                  |    - Unique symbols: 494
2026-07-06 03:03:21 | INFO     | run                  |    - Timestamp: 2026-07-06 08:03:15
2026-07-06 03:03:21 | INFO     | run                  |    - File: data/2026/07/2026-07-06.xlsx
2026-07-06 03:03:21 | INFO     | run                  | ======================================================================
2026-07-06 03:03:21 | DEBUG    | run                  | Sample data (first row):
2026-07-06 03:03:21 | DEBUG    | run                  | {'SYMBOL': 'TPLRF1', 'SECTOR': 836, 'LDCP': 10.6, 'OPEN': 10.7, 'HIGH': 11.13, 'LOW': 10.38, 'CURRENT': 10.6, 'CHANGE': -0.04, 'CHANGE (%)': nan, 'VOLUME': 72948993, 'YEAR': 2026, 'MONTH': 7, 'DAY': 6, 'HOUR': 8, 'MINUTE': 3, 'DATETIME': '2026-07-06 08:03'}
2026-07-06 03:03:21 | DEBUG    | close                | Session closed
2026-07-06 03:08:22 | INFO     | run                  | ======================================================================
2026-07-06 03:08:22 | INFO     | run                  | 🚀 MARKET DATA SCRAPER - SINGLE EXECUTION
2026-07-06 03:08:22 | INFO     | run                  | ======================================================================
2026-07-06 03:08:22 | INFO     | run                  | Execution Time: 2026-07-06 08:08:22 PKT
2026-07-06 03:08:22 | INFO     | run                  | Configuration:
2026-07-06 03:08:22 | INFO     | run                  |    - Timezone: Asia/Karachi
2026-07-06 03:08:22 | INFO     | run                  |    - Data directory: data
2026-07-06 03:08:22 | INFO     | run                  |    - Log directory: logs
2026-07-06 03:08:22 | INFO     | run                  |    - Excluded symbols: {'XR', 'XT', 'XS', 'XD'}
2026-07-06 03:08:22 | INFO     | run                  | ======================================================================
2026-07-06 03:08:22 | INFO     | fetch_data           | Fetching data (Attempt 1/3)...
2026-07-06 03:08:22 | DEBUG    | fetch_data           | Establishing session with https://dps.psx.com.pk/
2026-07-06 03:08:25 | DEBUG    | fetch_data           | Requesting data from https://dps.psx.com.pk/market-watch
2026-07-06 03:08:26 | DEBUG    | fetch_data           | Response status: 200
2026-07-06 03:08:26 | DEBUG    | fetch_data           | Response content type: text/html; charset=utf-8
2026-07-06 03:08:26 | DEBUG    | fetch_data           | Response size: 474164 bytes
2026-07-06 03:08:26 | INFO     | fetch_data           | ✅ Data fetched successfully (Status: 200)
2026-07-06 03:08:26 | DEBUG    | parse_json           | Attempting JSON parsing...
2026-07-06 03:08:26 | DEBUG    | parse_json           | Response preview: <table class="tbl" data-page-length="25"><thead class="tbl__head"><!-- tr--><!--   th(colspan="11")--><!--   th.center(colspan="2", style="width: 110px;") TOTAL BUY ORDERS--><!--   th.center(colspan="2", style="width: 110px;") TOTAL SELL ORDERS--><tr><th data-name="symbol">SYMBOL</th><th data-name="sector">SECTOR</th><th data-name="listed">LISTED IN</th><th class="right" data-name="ldcp">LDCP</th><th class="right" data-name="open">OPEN</th><th class="right" data-name="high">HIGH</th><th class="r
2026-07-06 03:08:26 | WARNING  | parse_json           | ⚠️ JSON parsing failed: Expecting value: line 1 column 1 (char 0)
2026-07-06 03:08:26 | INFO     | run                  | JSON parsing failed, trying HTML fallback...
2026-07-06 03:08:26 | INFO     | parse_html           | Attempting HTML fallback parsing...
2026-07-06 03:08:26 | DEBUG    | parse_html           | Found 1 table(s) in HTML
2026-07-06 03:08:26 | DEBUG    | parse_html           | Table columns: ['SYMBOL', 'SECTOR', 'LISTED IN', 'LDCP', 'OPEN', 'HIGH', 'LOW', 'CURRENT', 'CHANGE', 'CHANGE (%)', 'VOLUME']
2026-07-06 03:08:26 | DEBUG    | parse_html           | Table shape: (494, 11)
2026-07-06 03:08:26 | INFO     | parse_html           | ✅ HTML parsed successfully (494 rows)
2026-07-06 03:08:26 | INFO     | clean_data           | Cleaning data...
2026-07-06 03:08:26 | DEBUG    | clean_data           | Initial shape: (494, 11)
2026-07-06 03:08:26 | DEBUG    | clean_data           | Initial columns: ['SYMBOL', 'SECTOR', 'LISTED IN', 'LDCP', 'OPEN', 'HIGH', 'LOW', 'CURRENT', 'CHANGE', 'CHANGE (%)', 'VOLUME']
2026-07-06 03:08:26 | DEBUG    | clean_data           | Removed 'LISTED IN' column
2026-07-06 03:08:26 | DEBUG    | clean_data           | Converted LDCP from float64 to numeric
2026-07-06 03:08:26 | DEBUG    | clean_data           | Converted OPEN from float64 to numeric
2026-07-06 03:08:26 | DEBUG    | clean_data           | Converted HIGH from float64 to numeric
2026-07-06 03:08:26 | DEBUG    | clean_data           | Converted LOW from float64 to numeric
2026-07-06 03:08:26 | DEBUG    | clean_data           | Converted CURRENT from float64 to numeric
2026-07-06 03:08:26 | DEBUG    | clean_data           | Converted CHANGE from float64 to numeric
2026-07-06 03:08:26 | WARNING  | clean_data           | Column CHANGE (%): 494 values could not be converted to numeric
2026-07-06 03:08:26 | DEBUG    | clean_data           | Converted CHANGE (%) from str to numeric
2026-07-06 03:08:26 | DEBUG    | clean_data           | Converted VOLUME from int64 to numeric
2026-07-06 03:08:26 | INFO     | clean_data           | ✅ Data cleaned (494 rows, 16 columns)
2026-07-06 03:08:26 | DEBUG    | clean_data           | Final columns: ['SYMBOL', 'SECTOR', 'LDCP', 'OPEN', 'HIGH', 'LOW', 'CURRENT', 'CHANGE', 'CHANGE (%)', 'VOLUME', 'YEAR', 'MONTH', 'DAY', 'HOUR', 'MINUTE', 'DATETIME']
2026-07-06 03:08:26 | DEBUG    | get_file_path        | Generated file path: data/2026/07/2026-07-06.xlsx
2026-07-06 03:08:26 | INFO     | save_data            | Saving data to: data/2026/07/2026-07-06.xlsx
2026-07-06 03:08:26 | DEBUG    | _create_backup       | Backup created: data/2026/07/backups/2026-07-06_backup_20260706_030826.xlsx
2026-07-06 03:08:26 | DEBUG    | save_data            | Existing file found, merging data...
2026-07-06 03:08:27 | DEBUG    | save_data            | Loaded 988 existing rows
2026-07-06 03:08:27 | DEBUG    | save_data            | Combined to 1482 rows
2026-07-06 03:08:27 | DEBUG    | save_data            | Writing to temporary file...
2026-07-06 03:08:27 | DEBUG    | save_data            | Data written to temp file: /home/runner/work/Thalorae-BackLioraen/Thalorae-BackLioraen/data/2026/07/tmp0gksbfag.xlsx
2026-07-06 03:08:27 | DEBUG    | save_data            | Temp file moved to final location
2026-07-06 03:08:27 | INFO     | save_data            | ✅ Data saved successfully (1482 total rows, 115,371 bytes)
2026-07-06 03:08:27 | INFO     | run                  | ======================================================================
2026-07-06 03:08:27 | INFO     | run                  | 📊 EXECUTION SUMMARY:
2026-07-06 03:08:27 | INFO     | run                  |    ✅ Status: SUCCESS
2026-07-06 03:08:27 | INFO     | run                  |    - Rows processed: 494
2026-07-06 03:08:27 | INFO     | run                  |    - Unique symbols: 494
2026-07-06 03:08:27 | INFO     | run                  |    - Timestamp: 2026-07-06 08:08:22
2026-07-06 03:08:27 | INFO     | run                  |    - File: data/2026/07/2026-07-06.xlsx
2026-07-06 03:08:27 | INFO     | run                  | ======================================================================
2026-07-06 03:08:27 | DEBUG    | run                  | Sample data (first row):
2026-07-06 03:08:27 | DEBUG    | run                  | {'SYMBOL': 'TPLRF1', 'SECTOR': 836, 'LDCP': 10.6, 'OPEN': 10.7, 'HIGH': 11.13, 'LOW': 10.38, 'CURRENT': 10.6, 'CHANGE': -0.04, 'CHANGE (%)': nan, 'VOLUME': 72948993, 'YEAR': 2026, 'MONTH': 7, 'DAY': 6, 'HOUR': 8, 'MINUTE': 8, 'DATETIME': '2026-07-06 08:08'}
2026-07-06 03:08:27 | DEBUG    | close                | Session closed
2026-07-06 03:13:27 | INFO     | run                  | ======================================================================
2026-07-06 03:13:27 | INFO     | run                  | 🚀 MARKET DATA SCRAPER - SINGLE EXECUTION
2026-07-06 03:13:27 | INFO     | run                  | ======================================================================
2026-07-06 03:13:27 | INFO     | run                  | Execution Time: 2026-07-06 08:13:27 PKT
2026-07-06 03:13:27 | INFO     | run                  | Configuration:
2026-07-06 03:13:27 | INFO     | run                  |    - Timezone: Asia/Karachi
2026-07-06 03:13:27 | INFO     | run                  |    - Data directory: data
2026-07-06 03:13:27 | INFO     | run                  |    - Log directory: logs
2026-07-06 03:13:27 | INFO     | run                  |    - Excluded symbols: {'XT', 'XD', 'XS', 'XR'}
2026-07-06 03:13:27 | INFO     | run                  | ======================================================================
2026-07-06 03:13:27 | INFO     | fetch_data           | Fetching data (Attempt 1/3)...
2026-07-06 03:13:27 | DEBUG    | fetch_data           | Establishing session with https://dps.psx.com.pk/
2026-07-06 03:13:32 | DEBUG    | fetch_data           | Requesting data from https://dps.psx.com.pk/market-watch
2026-07-06 03:13:35 | DEBUG    | fetch_data           | Response status: 200
2026-07-06 03:13:35 | DEBUG    | fetch_data           | Response content type: text/html; charset=utf-8
2026-07-06 03:13:35 | DEBUG    | fetch_data           | Response size: 474164 bytes
2026-07-06 03:13:35 | INFO     | fetch_data           | ✅ Data fetched successfully (Status: 200)
2026-07-06 03:13:35 | DEBUG    | parse_json           | Attempting JSON parsing...
2026-07-06 03:13:35 | DEBUG    | parse_json           | Response preview: <table class="tbl" data-page-length="25"><thead class="tbl__head"><!-- tr--><!--   th(colspan="11")--><!--   th.center(colspan="2", style="width: 110px;") TOTAL BUY ORDERS--><!--   th.center(colspan="2", style="width: 110px;") TOTAL SELL ORDERS--><tr><th data-name="symbol">SYMBOL</th><th data-name="sector">SECTOR</th><th data-name="listed">LISTED IN</th><th class="right" data-name="ldcp">LDCP</th><th class="right" data-name="open">OPEN</th><th class="right" data-name="high">HIGH</th><th class="r
2026-07-06 03:13:35 | WARNING  | parse_json           | ⚠️ JSON parsing failed: Expecting value: line 1 column 1 (char 0)
2026-07-06 03:13:35 | INFO     | run                  | JSON parsing failed, trying HTML fallback...
2026-07-06 03:13:35 | INFO     | parse_html           | Attempting HTML fallback parsing...
2026-07-06 03:13:35 | DEBUG    | parse_html           | Found 1 table(s) in HTML
2026-07-06 03:13:35 | DEBUG    | parse_html           | Table columns: ['SYMBOL', 'SECTOR', 'LISTED IN', 'LDCP', 'OPEN', 'HIGH', 'LOW', 'CURRENT', 'CHANGE', 'CHANGE (%)', 'VOLUME']
2026-07-06 03:13:35 | DEBUG    | parse_html           | Table shape: (494, 11)
2026-07-06 03:13:35 | INFO     | parse_html           | ✅ HTML parsed successfully (494 rows)
2026-07-06 03:13:35 | INFO     | clean_data           | Cleaning data...
2026-07-06 03:13:35 | DEBUG    | clean_data           | Initial shape: (494, 11)
2026-07-06 03:13:35 | DEBUG    | clean_data           | Initial columns: ['SYMBOL', 'SECTOR', 'LISTED IN', 'LDCP', 'OPEN', 'HIGH', 'LOW', 'CURRENT', 'CHANGE', 'CHANGE (%)', 'VOLUME']
2026-07-06 03:13:35 | DEBUG    | clean_data           | Removed 'LISTED IN' column
2026-07-06 03:13:35 | DEBUG    | clean_data           | Converted LDCP from float64 to numeric
2026-07-06 03:13:35 | DEBUG    | clean_data           | Converted OPEN from float64 to numeric
2026-07-06 03:13:35 | DEBUG    | clean_data           | Converted HIGH from float64 to numeric
2026-07-06 03:13:35 | DEBUG    | clean_data           | Converted LOW from float64 to numeric
2026-07-06 03:13:35 | DEBUG    | clean_data           | Converted CURRENT from float64 to numeric
2026-07-06 03:13:35 | DEBUG    | clean_data           | Converted CHANGE from float64 to numeric
2026-07-06 03:13:35 | WARNING  | clean_data           | Column CHANGE (%): 494 values could not be converted to numeric
2026-07-06 03:13:35 | DEBUG    | clean_data           | Converted CHANGE (%) from str to numeric
2026-07-06 03:13:35 | DEBUG    | clean_data           | Converted VOLUME from int64 to numeric
2026-07-06 03:13:35 | INFO     | clean_data           | ✅ Data cleaned (494 rows, 16 columns)
2026-07-06 03:13:35 | DEBUG    | clean_data           | Final columns: ['SYMBOL', 'SECTOR', 'LDCP', 'OPEN', 'HIGH', 'LOW', 'CURRENT', 'CHANGE', 'CHANGE (%)', 'VOLUME', 'YEAR', 'MONTH', 'DAY', 'HOUR', 'MINUTE', 'DATETIME']
2026-07-06 03:13:35 | DEBUG    | get_file_path        | Generated file path: data/2026/07/2026-07-06.xlsx
2026-07-06 03:13:35 | INFO     | save_data            | Saving data to: data/2026/07/2026-07-06.xlsx
2026-07-06 03:13:35 | DEBUG    | _create_backup       | Backup created: data/2026/07/backups/2026-07-06_backup_20260706_031335.xlsx
2026-07-06 03:13:35 | DEBUG    | save_data            | Existing file found, merging data...
2026-07-06 03:13:35 | DEBUG    | save_data            | Loaded 1482 existing rows
2026-07-06 03:13:35 | DEBUG    | save_data            | Combined to 1976 rows
2026-07-06 03:13:35 | DEBUG    | save_data            | Writing to temporary file...
2026-07-06 03:13:35 | DEBUG    | save_data            | Data written to temp file: /home/runner/work/Thalorae-BackLioraen/Thalorae-BackLioraen/data/2026/07/tmpssvp3m9f.xlsx
2026-07-06 03:13:35 | DEBUG    | save_data            | Temp file moved to final location
2026-07-06 03:13:35 | INFO     | save_data            | ✅ Data saved successfully (1976 total rows, 152,373 bytes)
2026-07-06 03:13:35 | INFO     | run                  | ======================================================================
2026-07-06 03:13:35 | INFO     | run                  | 📊 EXECUTION SUMMARY:
2026-07-06 03:13:35 | INFO     | run                  |    ✅ Status: SUCCESS
2026-07-06 03:13:35 | INFO     | run                  |    - Rows processed: 494
2026-07-06 03:13:35 | INFO     | run                  |    - Unique symbols: 494
2026-07-06 03:13:35 | INFO     | run                  |    - Timestamp: 2026-07-06 08:13:27
2026-07-06 03:13:35 | INFO     | run                  |    - File: data/2026/07/2026-07-06.xlsx
2026-07-06 03:13:35 | INFO     | run                  | ======================================================================
2026-07-06 03:13:35 | DEBUG    | run                  | Sample data (first row):
2026-07-06 03:13:35 | DEBUG    | run                  | {'SYMBOL': 'TPLRF1', 'SECTOR': 836, 'LDCP': 10.6, 'OPEN': 10.7, 'HIGH': 11.13, 'LOW': 10.38, 'CURRENT': 10.6, 'CHANGE': -0.04, 'CHANGE (%)': nan, 'VOLUME': 72948993, 'YEAR': 2026, 'MONTH': 7, 'DAY': 6, 'HOUR': 8, 'MINUTE': 13, 'DATETIME': '2026-07-06 08:13'}
2026-07-06 03:13:35 | DEBUG    | close                | Session closed
2026-07-06 03:18:36 | INFO     | run                  | ======================================================================
2026-07-06 03:18:36 | INFO     | run                  | 🚀 MARKET DATA SCRAPER - SINGLE EXECUTION
2026-07-06 03:18:36 | INFO     | run                  | ======================================================================
2026-07-06 03:18:36 | INFO     | run                  | Execution Time: 2026-07-06 08:18:36 PKT
2026-07-06 03:18:36 | INFO     | run                  | Configuration:
2026-07-06 03:18:36 | INFO     | run                  |    - Timezone: Asia/Karachi
2026-07-06 03:18:36 | INFO     | run                  |    - Data directory: data
2026-07-06 03:18:36 | INFO     | run                  |    - Log directory: logs
2026-07-06 03:18:36 | INFO     | run                  |    - Excluded symbols: {'XS', 'XR', 'XT', 'XD'}
2026-07-06 03:18:36 | INFO     | run                  | ======================================================================
2026-07-06 03:18:36 | INFO     | fetch_data           | Fetching data (Attempt 1/3)...
2026-07-06 03:18:36 | DEBUG    | fetch_data           | Establishing session with https://dps.psx.com.pk/
2026-07-06 03:18:40 | DEBUG    | fetch_data           | Requesting data from https://dps.psx.com.pk/market-watch
2026-07-06 03:18:41 | DEBUG    | fetch_data           | Response status: 200
2026-07-06 03:18:41 | DEBUG    | fetch_data           | Response content type: text/html; charset=utf-8
2026-07-06 03:18:41 | DEBUG    | fetch_data           | Response size: 474164 bytes
2026-07-06 03:18:41 | INFO     | fetch_data           | ✅ Data fetched successfully (Status: 200)
2026-07-06 03:18:41 | DEBUG    | parse_json           | Attempting JSON parsing...
2026-07-06 03:18:41 | DEBUG    | parse_json           | Response preview: <table class="tbl" data-page-length="25"><thead class="tbl__head"><!-- tr--><!--   th(colspan="11")--><!--   th.center(colspan="2", style="width: 110px;") TOTAL BUY ORDERS--><!--   th.center(colspan="2", style="width: 110px;") TOTAL SELL ORDERS--><tr><th data-name="symbol">SYMBOL</th><th data-name="sector">SECTOR</th><th data-name="listed">LISTED IN</th><th class="right" data-name="ldcp">LDCP</th><th class="right" data-name="open">OPEN</th><th class="right" data-name="high">HIGH</th><th class="r
2026-07-06 03:18:41 | WARNING  | parse_json           | ⚠️ JSON parsing failed: Expecting value: line 1 column 1 (char 0)
2026-07-06 03:18:41 | INFO     | run                  | JSON parsing failed, trying HTML fallback...
2026-07-06 03:18:41 | INFO     | parse_html           | Attempting HTML fallback parsing...
2026-07-06 03:18:41 | DEBUG    | parse_html           | Found 1 table(s) in HTML
2026-07-06 03:18:41 | DEBUG    | parse_html           | Table columns: ['SYMBOL', 'SECTOR', 'LISTED IN', 'LDCP', 'OPEN', 'HIGH', 'LOW', 'CURRENT', 'CHANGE', 'CHANGE (%)', 'VOLUME']
2026-07-06 03:18:41 | DEBUG    | parse_html           | Table shape: (494, 11)
2026-07-06 03:18:41 | INFO     | parse_html           | ✅ HTML parsed successfully (494 rows)
2026-07-06 03:18:41 | INFO     | clean_data           | Cleaning data...
2026-07-06 03:18:41 | DEBUG    | clean_data           | Initial shape: (494, 11)
2026-07-06 03:18:41 | DEBUG    | clean_data           | Initial columns: ['SYMBOL', 'SECTOR', 'LISTED IN', 'LDCP', 'OPEN', 'HIGH', 'LOW', 'CURRENT', 'CHANGE', 'CHANGE (%)', 'VOLUME']
2026-07-06 03:18:41 | DEBUG    | clean_data           | Removed 'LISTED IN' column
2026-07-06 03:18:41 | DEBUG    | clean_data           | Converted LDCP from float64 to numeric
2026-07-06 03:18:41 | DEBUG    | clean_data           | Converted OPEN from float64 to numeric
2026-07-06 03:18:41 | DEBUG    | clean_data           | Converted HIGH from float64 to numeric
2026-07-06 03:18:41 | DEBUG    | clean_data           | Converted LOW from float64 to numeric
2026-07-06 03:18:41 | DEBUG    | clean_data           | Converted CURRENT from float64 to numeric
2026-07-06 03:18:41 | DEBUG    | clean_data           | Converted CHANGE from float64 to numeric
2026-07-06 03:18:41 | WARNING  | clean_data           | Column CHANGE (%): 494 values could not be converted to numeric
2026-07-06 03:18:41 | DEBUG    | clean_data           | Converted CHANGE (%) from str to numeric
2026-07-06 03:18:41 | DEBUG    | clean_data           | Converted VOLUME from int64 to numeric
2026-07-06 03:18:41 | INFO     | clean_data           | ✅ Data cleaned (494 rows, 16 columns)
2026-07-06 03:18:41 | DEBUG    | clean_data           | Final columns: ['SYMBOL', 'SECTOR', 'LDCP', 'OPEN', 'HIGH', 'LOW', 'CURRENT', 'CHANGE', 'CHANGE (%)', 'VOLUME', 'YEAR', 'MONTH', 'DAY', 'HOUR', 'MINUTE', 'DATETIME']
2026-07-06 03:18:41 | DEBUG    | get_file_path        | Generated file path: data/2026/07/2026-07-06.xlsx
2026-07-06 03:18:41 | INFO     | save_data            | Saving data to: data/2026/07/2026-07-06.xlsx
2026-07-06 03:18:41 | DEBUG    | _create_backup       | Backup created: data/2026/07/backups/2026-07-06_backup_20260706_031841.xlsx
2026-07-06 03:18:41 | DEBUG    | save_data            | Existing file found, merging data...
2026-07-06 03:18:42 | DEBUG    | save_data            | Loaded 1976 existing rows
2026-07-06 03:18:42 | DEBUG    | save_data            | Combined to 2470 rows
2026-07-06 03:18:42 | DEBUG    | save_data            | Writing to temporary file...
2026-07-06 03:18:42 | DEBUG    | save_data            | Data written to temp file: /home/runner/work/Thalorae-BackLioraen/Thalorae-BackLioraen/data/2026/07/tmpo3vv0ntt.xlsx
2026-07-06 03:18:42 | DEBUG    | save_data            | Temp file moved to final location
2026-07-06 03:18:42 | INFO     | save_data            | ✅ Data saved successfully (2470 total rows, 189,325 bytes)
2026-07-06 03:18:42 | INFO     | run                  | ======================================================================
2026-07-06 03:18:42 | INFO     | run                  | 📊 EXECUTION SUMMARY:
2026-07-06 03:18:42 | INFO     | run                  |    ✅ Status: SUCCESS
2026-07-06 03:18:42 | INFO     | run                  |    - Rows processed: 494
2026-07-06 03:18:42 | INFO     | run                  |    - Unique symbols: 494
2026-07-06 03:18:42 | INFO     | run                  |    - Timestamp: 2026-07-06 08:18:36
2026-07-06 03:18:42 | INFO     | run                  |    - File: data/2026/07/2026-07-06.xlsx
2026-07-06 03:18:42 | INFO     | run                  | ======================================================================
2026-07-06 03:18:42 | DEBUG    | run                  | Sample data (first row):
2026-07-06 03:18:42 | DEBUG    | run                  | {'SYMBOL': 'TPLRF1', 'SECTOR': 836, 'LDCP': 10.6, 'OPEN': 10.7, 'HIGH': 11.13, 'LOW': 10.38, 'CURRENT': 10.6, 'CHANGE': -0.04, 'CHANGE (%)': nan, 'VOLUME': 72948993, 'YEAR': 2026, 'MONTH': 7, 'DAY': 6, 'HOUR': 8, 'MINUTE': 18, 'DATETIME': '2026-07-06 08:18'}
2026-07-06 03:18:42 | DEBUG    | close                | Session closed
2026-07-06 03:23:42 | INFO     | run                  | ======================================================================
2026-07-06 03:23:42 | INFO     | run                  | 🚀 MARKET DATA SCRAPER - SINGLE EXECUTION
2026-07-06 03:23:42 | INFO     | run                  | ======================================================================
2026-07-06 03:23:42 | INFO     | run                  | Execution Time: 2026-07-06 08:23:42 PKT
2026-07-06 03:23:42 | INFO     | run                  | Configuration:
2026-07-06 03:23:42 | INFO     | run                  |    - Timezone: Asia/Karachi
2026-07-06 03:23:42 | INFO     | run                  |    - Data directory: data
2026-07-06 03:23:42 | INFO     | run                  |    - Log directory: logs
2026-07-06 03:23:42 | INFO     | run                  |    - Excluded symbols: {'XT', 'XD', 'XR', 'XS'}
2026-07-06 03:23:42 | INFO     | run                  | ======================================================================
2026-07-06 03:23:42 | INFO     | fetch_data           | Fetching data (Attempt 1/3)...
2026-07-06 03:23:42 | DEBUG    | fetch_data           | Establishing session with https://dps.psx.com.pk/
2026-07-06 03:23:45 | DEBUG    | fetch_data           | Requesting data from https://dps.psx.com.pk/market-watch
2026-07-06 03:23:47 | DEBUG    | fetch_data           | Response status: 200
2026-07-06 03:23:47 | DEBUG    | fetch_data           | Response content type: text/html; charset=utf-8
2026-07-06 03:23:47 | DEBUG    | fetch_data           | Response size: 474164 bytes
2026-07-06 03:23:47 | INFO     | fetch_data           | ✅ Data fetched successfully (Status: 200)
2026-07-06 03:23:47 | DEBUG    | parse_json           | Attempting JSON parsing...
2026-07-06 03:23:47 | DEBUG    | parse_json           | Response preview: <table class="tbl" data-page-length="25"><thead class="tbl__head"><!-- tr--><!--   th(colspan="11")--><!--   th.center(colspan="2", style="width: 110px;") TOTAL BUY ORDERS--><!--   th.center(colspan="2", style="width: 110px;") TOTAL SELL ORDERS--><tr><th data-name="symbol">SYMBOL</th><th data-name="sector">SECTOR</th><th data-name="listed">LISTED IN</th><th class="right" data-name="ldcp">LDCP</th><th class="right" data-name="open">OPEN</th><th class="right" data-name="high">HIGH</th><th class="r
2026-07-06 03:23:47 | WARNING  | parse_json           | ⚠️ JSON parsing failed: Expecting value: line 1 column 1 (char 0)
2026-07-06 03:23:47 | INFO     | run                  | JSON parsing failed, trying HTML fallback...
2026-07-06 03:23:47 | INFO     | parse_html           | Attempting HTML fallback parsing...
2026-07-06 03:23:47 | DEBUG    | parse_html           | Found 1 table(s) in HTML
2026-07-06 03:23:47 | DEBUG    | parse_html           | Table columns: ['SYMBOL', 'SECTOR', 'LISTED IN', 'LDCP', 'OPEN', 'HIGH', 'LOW', 'CURRENT', 'CHANGE', 'CHANGE (%)', 'VOLUME']
2026-07-06 03:23:47 | DEBUG    | parse_html           | Table shape: (494, 11)
2026-07-06 03:23:47 | INFO     | parse_html           | ✅ HTML parsed successfully (494 rows)
2026-07-06 03:23:47 | INFO     | clean_data           | Cleaning data...
2026-07-06 03:23:47 | DEBUG    | clean_data           | Initial shape: (494, 11)
2026-07-06 03:23:47 | DEBUG    | clean_data           | Initial columns: ['SYMBOL', 'SECTOR', 'LISTED IN', 'LDCP', 'OPEN', 'HIGH', 'LOW', 'CURRENT', 'CHANGE', 'CHANGE (%)', 'VOLUME']
2026-07-06 03:23:47 | DEBUG    | clean_data           | Removed 'LISTED IN' column
2026-07-06 03:23:47 | DEBUG    | clean_data           | Converted LDCP from float64 to numeric
2026-07-06 03:23:47 | DEBUG    | clean_data           | Converted OPEN from float64 to numeric
2026-07-06 03:23:47 | DEBUG    | clean_data           | Converted HIGH from float64 to numeric
2026-07-06 03:23:47 | DEBUG    | clean_data           | Converted LOW from float64 to numeric
2026-07-06 03:23:47 | DEBUG    | clean_data           | Converted CURRENT from float64 to numeric
2026-07-06 03:23:47 | DEBUG    | clean_data           | Converted CHANGE from float64 to numeric
2026-07-06 03:23:47 | WARNING  | clean_data           | Column CHANGE (%): 494 values could not be converted to numeric
2026-07-06 03:23:47 | DEBUG    | clean_data           | Converted CHANGE (%) from str to numeric
2026-07-06 03:23:47 | DEBUG    | clean_data           | Converted VOLUME from int64 to numeric
2026-07-06 03:23:47 | INFO     | clean_data           | ✅ Data cleaned (494 rows, 16 columns)
2026-07-06 03:23:47 | DEBUG    | clean_data           | Final columns: ['SYMBOL', 'SECTOR', 'LDCP', 'OPEN', 'HIGH', 'LOW', 'CURRENT', 'CHANGE', 'CHANGE (%)', 'VOLUME', 'YEAR', 'MONTH', 'DAY', 'HOUR', 'MINUTE', 'DATETIME']
2026-07-06 03:23:47 | DEBUG    | get_file_path        | Generated file path: data/2026/07/2026-07-06.xlsx
2026-07-06 03:23:47 | INFO     | save_data            | Saving data to: data/2026/07/2026-07-06.xlsx
2026-07-06 03:23:47 | DEBUG    | _create_backup       | Backup created: data/2026/07/backups/2026-07-06_backup_20260706_032347.xlsx
2026-07-06 03:23:47 | DEBUG    | save_data            | Existing file found, merging data...
2026-07-06 03:23:47 | DEBUG    | save_data            | Loaded 2470 existing rows
2026-07-06 03:23:47 | DEBUG    | save_data            | Combined to 2964 rows
2026-07-06 03:23:47 | DEBUG    | save_data            | Writing to temporary file...
2026-07-06 03:23:48 | DEBUG    | save_data            | Data written to temp file: /home/runner/work/Thalorae-BackLioraen/Thalorae-BackLioraen/data/2026/07/tmpsoqixqcj.xlsx
2026-07-06 03:23:48 | DEBUG    | save_data            | Temp file moved to final location
2026-07-06 03:23:48 | INFO     | save_data            | ✅ Data saved successfully (2964 total rows, 226,273 bytes)
2026-07-06 03:23:48 | INFO     | run                  | ======================================================================
2026-07-06 03:23:48 | INFO     | run                  | 📊 EXECUTION SUMMARY:
2026-07-06 03:23:48 | INFO     | run                  |    ✅ Status: SUCCESS
2026-07-06 03:23:48 | INFO     | run                  |    - Rows processed: 494
2026-07-06 03:23:48 | INFO     | run                  |    - Unique symbols: 494
2026-07-06 03:23:48 | INFO     | run                  |    - Timestamp: 2026-07-06 08:23:42
2026-07-06 03:23:48 | INFO     | run                  |    - File: data/2026/07/2026-07-06.xlsx
2026-07-06 03:23:48 | INFO     | run                  | ======================================================================
2026-07-06 03:23:48 | DEBUG    | run                  | Sample data (first row):
2026-07-06 03:23:48 | DEBUG    | run                  | {'SYMBOL': 'TPLRF1', 'SECTOR': 836, 'LDCP': 10.6, 'OPEN': 10.7, 'HIGH': 11.13, 'LOW': 10.38, 'CURRENT': 10.6, 'CHANGE': -0.04, 'CHANGE (%)': nan, 'VOLUME': 72948993, 'YEAR': 2026, 'MONTH': 7, 'DAY': 6, 'HOUR': 8, 'MINUTE': 23, 'DATETIME': '2026-07-06 08:23'}
2026-07-06 03:23:48 | DEBUG    | close                | Session closed
2026-07-06 03:28:48 | INFO     | run                  | ======================================================================
2026-07-06 03:28:48 | INFO     | run                  | 🚀 MARKET DATA SCRAPER - SINGLE EXECUTION
2026-07-06 03:28:48 | INFO     | run                  | ======================================================================
2026-07-06 03:28:48 | INFO     | run                  | Execution Time: 2026-07-06 08:28:48 PKT
2026-07-06 03:28:48 | INFO     | run                  | Configuration:
2026-07-06 03:28:48 | INFO     | run                  |    - Timezone: Asia/Karachi
2026-07-06 03:28:48 | INFO     | run                  |    - Data directory: data
2026-07-06 03:28:48 | INFO     | run                  |    - Log directory: logs
2026-07-06 03:28:48 | INFO     | run                  |    - Excluded symbols: {'XS', 'XT', 'XD', 'XR'}
2026-07-06 03:28:48 | INFO     | run                  | ======================================================================
2026-07-06 03:28:48 | INFO     | fetch_data           | Fetching data (Attempt 1/3)...
2026-07-06 03:28:48 | DEBUG    | fetch_data           | Establishing session with https://dps.psx.com.pk/
2026-07-06 03:28:52 | DEBUG    | fetch_data           | Requesting data from https://dps.psx.com.pk/market-watch
2026-07-06 03:28:54 | DEBUG    | fetch_data           | Response status: 200
2026-07-06 03:28:54 | DEBUG    | fetch_data           | Response content type: text/html; charset=utf-8
2026-07-06 03:28:54 | DEBUG    | fetch_data           | Response size: 474164 bytes
2026-07-06 03:28:54 | INFO     | fetch_data           | ✅ Data fetched successfully (Status: 200)
2026-07-06 03:28:54 | DEBUG    | parse_json           | Attempting JSON parsing...
2026-07-06 03:28:54 | DEBUG    | parse_json           | Response preview: <table class="tbl" data-page-length="25"><thead class="tbl__head"><!-- tr--><!--   th(colspan="11")--><!--   th.center(colspan="2", style="width: 110px;") TOTAL BUY ORDERS--><!--   th.center(colspan="2", style="width: 110px;") TOTAL SELL ORDERS--><tr><th data-name="symbol">SYMBOL</th><th data-name="sector">SECTOR</th><th data-name="listed">LISTED IN</th><th class="right" data-name="ldcp">LDCP</th><th class="right" data-name="open">OPEN</th><th class="right" data-name="high">HIGH</th><th class="r
2026-07-06 03:28:54 | WARNING  | parse_json           | ⚠️ JSON parsing failed: Expecting value: line 1 column 1 (char 0)
2026-07-06 03:28:54 | INFO     | run                  | JSON parsing failed, trying HTML fallback...
2026-07-06 03:28:54 | INFO     | parse_html           | Attempting HTML fallback parsing...
2026-07-06 03:28:54 | DEBUG    | parse_html           | Found 1 table(s) in HTML
2026-07-06 03:28:54 | DEBUG    | parse_html           | Table columns: ['SYMBOL', 'SECTOR', 'LISTED IN', 'LDCP', 'OPEN', 'HIGH', 'LOW', 'CURRENT', 'CHANGE', 'CHANGE (%)', 'VOLUME']
2026-07-06 03:28:54 | DEBUG    | parse_html           | Table shape: (494, 11)
2026-07-06 03:28:54 | INFO     | parse_html           | ✅ HTML parsed successfully (494 rows)
2026-07-06 03:28:54 | INFO     | clean_data           | Cleaning data...
2026-07-06 03:28:54 | DEBUG    | clean_data           | Initial shape: (494, 11)
2026-07-06 03:28:54 | DEBUG    | clean_data           | Initial columns: ['SYMBOL', 'SECTOR', 'LISTED IN', 'LDCP', 'OPEN', 'HIGH', 'LOW', 'CURRENT', 'CHANGE', 'CHANGE (%)', 'VOLUME']
2026-07-06 03:28:54 | DEBUG    | clean_data           | Removed 'LISTED IN' column
2026-07-06 03:28:54 | DEBUG    | clean_data           | Converted LDCP from float64 to numeric
2026-07-06 03:28:54 | DEBUG    | clean_data           | Converted OPEN from float64 to numeric
2026-07-06 03:28:54 | DEBUG    | clean_data           | Converted HIGH from float64 to numeric
2026-07-06 03:28:54 | DEBUG    | clean_data           | Converted LOW from float64 to numeric
2026-07-06 03:28:54 | DEBUG    | clean_data           | Converted CURRENT from float64 to numeric
2026-07-06 03:28:54 | DEBUG    | clean_data           | Converted CHANGE from float64 to numeric
2026-07-06 03:28:54 | WARNING  | clean_data           | Column CHANGE (%): 494 values could not be converted to numeric
2026-07-06 03:28:54 | DEBUG    | clean_data           | Converted CHANGE (%) from str to numeric
2026-07-06 03:28:54 | DEBUG    | clean_data           | Converted VOLUME from int64 to numeric
2026-07-06 03:28:54 | INFO     | clean_data           | ✅ Data cleaned (494 rows, 16 columns)
2026-07-06 03:28:54 | DEBUG    | clean_data           | Final columns: ['SYMBOL', 'SECTOR', 'LDCP', 'OPEN', 'HIGH', 'LOW', 'CURRENT', 'CHANGE', 'CHANGE (%)', 'VOLUME', 'YEAR', 'MONTH', 'DAY', 'HOUR', 'MINUTE', 'DATETIME']
2026-07-06 03:28:54 | DEBUG    | get_file_path        | Generated file path: data/2026/07/2026-07-06.xlsx
2026-07-06 03:28:54 | INFO     | save_data            | Saving data to: data/2026/07/2026-07-06.xlsx
2026-07-06 03:28:54 | DEBUG    | _create_backup       | Backup created: data/2026/07/backups/2026-07-06_backup_20260706_032854.xlsx
2026-07-06 03:28:54 | DEBUG    | _cleanup_old_backups | Removed old backup: 2026-07-06_backup_20260706_030321.xlsx
2026-07-06 03:28:54 | DEBUG    | save_data            | Existing file found, merging data...
2026-07-06 03:28:54 | DEBUG    | save_data            | Loaded 2964 existing rows
2026-07-06 03:28:54 | DEBUG    | save_data            | Combined to 3458 rows
2026-07-06 03:28:54 | DEBUG    | save_data            | Writing to temporary file...
2026-07-06 03:28:55 | DEBUG    | save_data            | Data written to temp file: /home/runner/work/Thalorae-BackLioraen/Thalorae-BackLioraen/data/2026/07/tmptwmcxkkb.xlsx
2026-07-06 03:28:55 | DEBUG    | save_data            | Temp file moved to final location
2026-07-06 03:28:55 | INFO     | save_data            | ✅ Data saved successfully (3458 total rows, 263,247 bytes)
2026-07-06 03:28:55 | INFO     | run                  | ======================================================================
2026-07-06 03:28:55 | INFO     | run                  | 📊 EXECUTION SUMMARY:
2026-07-06 03:28:55 | INFO     | run                  |    ✅ Status: SUCCESS
2026-07-06 03:28:55 | INFO     | run                  |    - Rows processed: 494
2026-07-06 03:28:55 | INFO     | run                  |    - Unique symbols: 494
2026-07-06 03:28:55 | INFO     | run                  |    - Timestamp: 2026-07-06 08:28:48
2026-07-06 03:28:55 | INFO     | run                  |    - File: data/2026/07/2026-07-06.xlsx
2026-07-06 03:28:55 | INFO     | run                  | ======================================================================
2026-07-06 03:28:55 | DEBUG    | run                  | Sample data (first row):
2026-07-06 03:28:55 | DEBUG    | run                  | {'SYMBOL': 'TPLRF1', 'SECTOR': 836, 'LDCP': 10.6, 'OPEN': 10.7, 'HIGH': 11.13, 'LOW': 10.38, 'CURRENT': 10.6, 'CHANGE': -0.04, 'CHANGE (%)': nan, 'VOLUME': 72948993, 'YEAR': 2026, 'MONTH': 7, 'DAY': 6, 'HOUR': 8, 'MINUTE': 28, 'DATETIME': '2026-07-06 08:28'}
2026-07-06 03:28:55 | DEBUG    | close                | Session closed
2026-07-06 03:33:55 | INFO     | run                  | ======================================================================
2026-07-06 03:33:55 | INFO     | run                  | 🚀 MARKET DATA SCRAPER - SINGLE EXECUTION
2026-07-06 03:33:55 | INFO     | run                  | ======================================================================
2026-07-06 03:33:55 | INFO     | run                  | Execution Time: 2026-07-06 08:33:55 PKT
2026-07-06 03:33:55 | INFO     | run                  | Configuration:
2026-07-06 03:33:55 | INFO     | run                  |    - Timezone: Asia/Karachi
2026-07-06 03:33:55 | INFO     | run                  |    - Data directory: data
2026-07-06 03:33:55 | INFO     | run                  |    - Log directory: logs
2026-07-06 03:33:55 | INFO     | run                  |    - Excluded symbols: {'XS', 'XT', 'XR', 'XD'}
2026-07-06 03:33:55 | INFO     | run                  | ======================================================================
2026-07-06 03:33:55 | INFO     | fetch_data           | Fetching data (Attempt 1/3)...
2026-07-06 03:33:55 | DEBUG    | fetch_data           | Establishing session with https://dps.psx.com.pk/
2026-07-06 03:33:59 | DEBUG    | fetch_data           | Requesting data from https://dps.psx.com.pk/market-watch
2026-07-06 03:34:01 | DEBUG    | fetch_data           | Response status: 200
2026-07-06 03:34:01 | DEBUG    | fetch_data           | Response content type: text/html; charset=utf-8
2026-07-06 03:34:01 | DEBUG    | fetch_data           | Response size: 474164 bytes
2026-07-06 03:34:01 | INFO     | fetch_data           | ✅ Data fetched successfully (Status: 200)
2026-07-06 03:34:01 | DEBUG    | parse_json           | Attempting JSON parsing...
2026-07-06 03:34:01 | DEBUG    | parse_json           | Response preview: <table class="tbl" data-page-length="25"><thead class="tbl__head"><!-- tr--><!--   th(colspan="11")--><!--   th.center(colspan="2", style="width: 110px;") TOTAL BUY ORDERS--><!--   th.center(colspan="2", style="width: 110px;") TOTAL SELL ORDERS--><tr><th data-name="symbol">SYMBOL</th><th data-name="sector">SECTOR</th><th data-name="listed">LISTED IN</th><th class="right" data-name="ldcp">LDCP</th><th class="right" data-name="open">OPEN</th><th class="right" data-name="high">HIGH</th><th class="r
2026-07-06 03:34:01 | WARNING  | parse_json           | ⚠️ JSON parsing failed: Expecting value: line 1 column 1 (char 0)
2026-07-06 03:34:01 | INFO     | run                  | JSON parsing failed, trying HTML fallback...
2026-07-06 03:34:01 | INFO     | parse_html           | Attempting HTML fallback parsing...
2026-07-06 03:34:01 | DEBUG    | parse_html           | Found 1 table(s) in HTML
2026-07-06 03:34:01 | DEBUG    | parse_html           | Table columns: ['SYMBOL', 'SECTOR', 'LISTED IN', 'LDCP', 'OPEN', 'HIGH', 'LOW', 'CURRENT', 'CHANGE', 'CHANGE (%)', 'VOLUME']
2026-07-06 03:34:01 | DEBUG    | parse_html           | Table shape: (494, 11)
2026-07-06 03:34:01 | INFO     | parse_html           | ✅ HTML parsed successfully (494 rows)
2026-07-06 03:34:01 | INFO     | clean_data           | Cleaning data...
2026-07-06 03:34:01 | DEBUG    | clean_data           | Initial shape: (494, 11)
2026-07-06 03:34:01 | DEBUG    | clean_data           | Initial columns: ['SYMBOL', 'SECTOR', 'LISTED IN', 'LDCP', 'OPEN', 'HIGH', 'LOW', 'CURRENT', 'CHANGE', 'CHANGE (%)', 'VOLUME']
2026-07-06 03:34:01 | DEBUG    | clean_data           | Removed 'LISTED IN' column
2026-07-06 03:34:01 | DEBUG    | clean_data           | Converted LDCP from float64 to numeric
2026-07-06 03:34:01 | DEBUG    | clean_data           | Converted OPEN from float64 to numeric
2026-07-06 03:34:01 | DEBUG    | clean_data           | Converted HIGH from float64 to numeric
2026-07-06 03:34:01 | DEBUG    | clean_data           | Converted LOW from float64 to numeric
2026-07-06 03:34:01 | DEBUG    | clean_data           | Converted CURRENT from float64 to numeric
2026-07-06 03:34:01 | DEBUG    | clean_data           | Converted CHANGE from float64 to numeric
2026-07-06 03:34:01 | WARNING  | clean_data           | Column CHANGE (%): 494 values could not be converted to numeric
2026-07-06 03:34:01 | DEBUG    | clean_data           | Converted CHANGE (%) from str to numeric
2026-07-06 03:34:01 | DEBUG    | clean_data           | Converted VOLUME from int64 to numeric
2026-07-06 03:34:01 | INFO     | clean_data           | ✅ Data cleaned (494 rows, 16 columns)
2026-07-06 03:34:01 | DEBUG    | clean_data           | Final columns: ['SYMBOL', 'SECTOR', 'LDCP', 'OPEN', 'HIGH', 'LOW', 'CURRENT', 'CHANGE', 'CHANGE (%)', 'VOLUME', 'YEAR', 'MONTH', 'DAY', 'HOUR', 'MINUTE', 'DATETIME']
2026-07-06 03:34:01 | DEBUG    | get_file_path        | Generated file path: data/2026/07/2026-07-06.xlsx
2026-07-06 03:34:01 | INFO     | save_data            | Saving data to: data/2026/07/2026-07-06.xlsx
2026-07-06 03:34:01 | DEBUG    | _create_backup       | Backup created: data/2026/07/backups/2026-07-06_backup_20260706_033401.xlsx
2026-07-06 03:34:01 | DEBUG    | _cleanup_old_backups | Removed old backup: 2026-07-06_backup_20260706_030826.xlsx
2026-07-06 03:34:01 | DEBUG    | save_data            | Existing file found, merging data...
2026-07-06 03:34:02 | DEBUG    | save_data            | Loaded 3458 existing rows
2026-07-06 03:34:02 | DEBUG    | save_data            | Combined to 3952 rows
2026-07-06 03:34:02 | DEBUG    | save_data            | Writing to temporary file...
2026-07-06 03:34:02 | DEBUG    | save_data            | Data written to temp file: /home/runner/work/Thalorae-BackLioraen/Thalorae-BackLioraen/data/2026/07/tmppbcc6l42.xlsx
2026-07-06 03:34:02 | DEBUG    | save_data            | Temp file moved to final location
2026-07-06 03:34:02 | INFO     | save_data            | ✅ Data saved successfully (3952 total rows, 300,187 bytes)
2026-07-06 03:34:02 | INFO     | run                  | ======================================================================
2026-07-06 03:34:02 | INFO     | run                  | 📊 EXECUTION SUMMARY:
2026-07-06 03:34:02 | INFO     | run                  |    ✅ Status: SUCCESS
2026-07-06 03:34:02 | INFO     | run                  |    - Rows processed: 494
2026-07-06 03:34:02 | INFO     | run                  |    - Unique symbols: 494
2026-07-06 03:34:02 | INFO     | run                  |    - Timestamp: 2026-07-06 08:33:55
2026-07-06 03:34:02 | INFO     | run                  |    - File: data/2026/07/2026-07-06.xlsx
2026-07-06 03:34:02 | INFO     | run                  | ======================================================================
2026-07-06 03:34:02 | DEBUG    | run                  | Sample data (first row):
2026-07-06 03:34:02 | DEBUG    | run                  | {'SYMBOL': 'TPLRF1', 'SECTOR': 836, 'LDCP': 10.6, 'OPEN': 10.7, 'HIGH': 11.13, 'LOW': 10.38, 'CURRENT': 10.6, 'CHANGE': -0.04, 'CHANGE (%)': nan, 'VOLUME': 72948993, 'YEAR': 2026, 'MONTH': 7, 'DAY': 6, 'HOUR': 8, 'MINUTE': 33, 'DATETIME': '2026-07-06 08:33'}
2026-07-06 03:34:02 | DEBUG    | close                | Session closed
2026-07-06 03:39:03 | INFO     | run                  | ======================================================================
2026-07-06 03:39:03 | INFO     | run                  | 🚀 MARKET DATA SCRAPER - SINGLE EXECUTION
2026-07-06 03:39:03 | INFO     | run                  | ======================================================================
2026-07-06 03:39:03 | INFO     | run                  | Execution Time: 2026-07-06 08:39:03 PKT
2026-07-06 03:39:03 | INFO     | run                  | Configuration:
2026-07-06 03:39:03 | INFO     | run                  |    - Timezone: Asia/Karachi
2026-07-06 03:39:03 | INFO     | run                  |    - Data directory: data
2026-07-06 03:39:03 | INFO     | run                  |    - Log directory: logs
2026-07-06 03:39:03 | INFO     | run                  |    - Excluded symbols: {'XD', 'XS', 'XT', 'XR'}
2026-07-06 03:39:03 | INFO     | run                  | ======================================================================
2026-07-06 03:39:03 | INFO     | fetch_data           | Fetching data (Attempt 1/3)...
2026-07-06 03:39:03 | DEBUG    | fetch_data           | Establishing session with https://dps.psx.com.pk/
2026-07-06 03:39:06 | DEBUG    | fetch_data           | Requesting data from https://dps.psx.com.pk/market-watch
2026-07-06 03:39:07 | DEBUG    | fetch_data           | Response status: 200
2026-07-06 03:39:07 | DEBUG    | fetch_data           | Response content type: text/html; charset=utf-8
2026-07-06 03:39:07 | DEBUG    | fetch_data           | Response size: 474250 bytes
2026-07-06 03:39:07 | INFO     | fetch_data           | ✅ Data fetched successfully (Status: 200)
2026-07-06 03:39:07 | DEBUG    | parse_json           | Attempting JSON parsing...
2026-07-06 03:39:07 | DEBUG    | parse_json           | Response preview: <table class="tbl" data-page-length="25"><thead class="tbl__head"><!-- tr--><!--   th(colspan="11")--><!--   th.center(colspan="2", style="width: 110px;") TOTAL BUY ORDERS--><!--   th.center(colspan="2", style="width: 110px;") TOTAL SELL ORDERS--><tr><th data-name="symbol">SYMBOL</th><th data-name="sector">SECTOR</th><th data-name="listed">LISTED IN</th><th class="right" data-name="ldcp">LDCP</th><th class="right" data-name="open">OPEN</th><th class="right" data-name="high">HIGH</th><th class="r
2026-07-06 03:39:07 | WARNING  | parse_json           | ⚠️ JSON parsing failed: Expecting value: line 1 column 1 (char 0)
2026-07-06 03:39:07 | INFO     | run                  | JSON parsing failed, trying HTML fallback...
2026-07-06 03:39:07 | INFO     | parse_html           | Attempting HTML fallback parsing...
2026-07-06 03:39:07 | DEBUG    | parse_html           | Found 1 table(s) in HTML
2026-07-06 03:39:07 | DEBUG    | parse_html           | Table columns: ['SYMBOL', 'SECTOR', 'LISTED IN', 'LDCP', 'OPEN', 'HIGH', 'LOW', 'CURRENT', 'CHANGE', 'CHANGE (%)', 'VOLUME']
2026-07-06 03:39:07 | DEBUG    | parse_html           | Table shape: (494, 11)
2026-07-06 03:39:07 | INFO     | parse_html           | ✅ HTML parsed successfully (494 rows)
2026-07-06 03:39:07 | INFO     | clean_data           | Cleaning data...
2026-07-06 03:39:07 | DEBUG    | clean_data           | Initial shape: (494, 11)
2026-07-06 03:39:07 | DEBUG    | clean_data           | Initial columns: ['SYMBOL', 'SECTOR', 'LISTED IN', 'LDCP', 'OPEN', 'HIGH', 'LOW', 'CURRENT', 'CHANGE', 'CHANGE (%)', 'VOLUME']
2026-07-06 03:39:07 | DEBUG    | clean_data           | Removed 'LISTED IN' column
2026-07-06 03:39:07 | DEBUG    | clean_data           | Converted LDCP from float64 to numeric
2026-07-06 03:39:07 | DEBUG    | clean_data           | Converted OPEN from float64 to numeric
2026-07-06 03:39:07 | DEBUG    | clean_data           | Converted HIGH from float64 to numeric
2026-07-06 03:39:07 | DEBUG    | clean_data           | Converted LOW from float64 to numeric
2026-07-06 03:39:07 | DEBUG    | clean_data           | Converted CURRENT from float64 to numeric
2026-07-06 03:39:07 | DEBUG    | clean_data           | Converted CHANGE from float64 to numeric
2026-07-06 03:39:07 | WARNING  | clean_data           | Column CHANGE (%): 494 values could not be converted to numeric
2026-07-06 03:39:07 | DEBUG    | clean_data           | Converted CHANGE (%) from str to numeric
2026-07-06 03:39:07 | DEBUG    | clean_data           | Converted VOLUME from int64 to numeric
2026-07-06 03:39:07 | INFO     | clean_data           | ✅ Data cleaned (494 rows, 16 columns)
2026-07-06 03:39:07 | DEBUG    | clean_data           | Final columns: ['SYMBOL', 'SECTOR', 'LDCP', 'OPEN', 'HIGH', 'LOW', 'CURRENT', 'CHANGE', 'CHANGE (%)', 'VOLUME', 'YEAR', 'MONTH', 'DAY', 'HOUR', 'MINUTE', 'DATETIME']
2026-07-06 03:39:07 | DEBUG    | get_file_path        | Generated file path: data/2026/07/2026-07-06.xlsx
2026-07-06 03:39:07 | INFO     | save_data            | Saving data to: data/2026/07/2026-07-06.xlsx
2026-07-06 03:39:07 | DEBUG    | _create_backup       | Backup created: data/2026/07/backups/2026-07-06_backup_20260706_033907.xlsx
2026-07-06 03:39:07 | DEBUG    | _cleanup_old_backups | Removed old backup: 2026-07-06_backup_20260706_031335.xlsx
2026-07-06 03:39:07 | DEBUG    | save_data            | Existing file found, merging data...
2026-07-06 03:39:08 | DEBUG    | save_data            | Loaded 3952 existing rows
2026-07-06 03:39:08 | DEBUG    | save_data            | Combined to 4446 rows
2026-07-06 03:39:08 | DEBUG    | save_data            | Writing to temporary file...
2026-07-06 03:39:08 | DEBUG    | save_data            | Data written to temp file: /home/runner/work/Thalorae-BackLioraen/Thalorae-BackLioraen/data/2026/07/tmpjh2tocxa.xlsx
2026-07-06 03:39:08 | DEBUG    | save_data            | Temp file moved to final location
2026-07-06 03:39:08 | INFO     | save_data            | ✅ Data saved successfully (4446 total rows, 337,121 bytes)
2026-07-06 03:39:08 | INFO     | run                  | ======================================================================
2026-07-06 03:39:08 | INFO     | run                  | 📊 EXECUTION SUMMARY:
2026-07-06 03:39:08 | INFO     | run                  |    ✅ Status: SUCCESS
2026-07-06 03:39:08 | INFO     | run                  |    - Rows processed: 494
2026-07-06 03:39:08 | INFO     | run                  |    - Unique symbols: 494
2026-07-06 03:39:08 | INFO     | run                  |    - Timestamp: 2026-07-06 08:39:03
2026-07-06 03:39:08 | INFO     | run                  |    - File: data/2026/07/2026-07-06.xlsx
2026-07-06 03:39:08 | INFO     | run                  | ======================================================================
2026-07-06 03:39:08 | DEBUG    | run                  | Sample data (first row):
2026-07-06 03:39:08 | DEBUG    | run                  | {'SYMBOL': 'TPLRF1', 'SECTOR': 836, 'LDCP': 10.6, 'OPEN': 10.7, 'HIGH': 11.13, 'LOW': 10.38, 'CURRENT': 10.6, 'CHANGE': -0.04, 'CHANGE (%)': nan, 'VOLUME': 72948993, 'YEAR': 2026, 'MONTH': 7, 'DAY': 6, 'HOUR': 8, 'MINUTE': 39, 'DATETIME': '2026-07-06 08:39'}
2026-07-06 03:39:08 | DEBUG    | close                | Session closed
2026-07-06 03:44:09 | INFO     | run                  | ======================================================================
2026-07-06 03:44:09 | INFO     | run                  | 🚀 MARKET DATA SCRAPER - SINGLE EXECUTION
2026-07-06 03:44:09 | INFO     | run                  | ======================================================================
2026-07-06 03:44:09 | INFO     | run                  | Execution Time: 2026-07-06 08:44:09 PKT
2026-07-06 03:44:09 | INFO     | run                  | Configuration:
2026-07-06 03:44:09 | INFO     | run                  |    - Timezone: Asia/Karachi
2026-07-06 03:44:09 | INFO     | run                  |    - Data directory: data
2026-07-06 03:44:09 | INFO     | run                  |    - Log directory: logs
2026-07-06 03:44:09 | INFO     | run                  |    - Excluded symbols: {'XR', 'XS', 'XT', 'XD'}
2026-07-06 03:44:09 | INFO     | run                  | ======================================================================
2026-07-06 03:44:09 | INFO     | fetch_data           | Fetching data (Attempt 1/3)...
2026-07-06 03:44:09 | DEBUG    | fetch_data           | Establishing session with https://dps.psx.com.pk/
2026-07-06 03:44:12 | DEBUG    | fetch_data           | Requesting data from https://dps.psx.com.pk/market-watch
2026-07-06 03:44:13 | DEBUG    | fetch_data           | Response status: 200
2026-07-06 03:44:13 | DEBUG    | fetch_data           | Response content type: text/html; charset=utf-8
2026-07-06 03:44:13 | DEBUG    | fetch_data           | Response size: 474250 bytes
2026-07-06 03:44:13 | INFO     | fetch_data           | ✅ Data fetched successfully (Status: 200)
2026-07-06 03:44:13 | DEBUG    | parse_json           | Attempting JSON parsing...
2026-07-06 03:44:13 | DEBUG    | parse_json           | Response preview: <table class="tbl" data-page-length="25"><thead class="tbl__head"><!-- tr--><!--   th(colspan="11")--><!--   th.center(colspan="2", style="width: 110px;") TOTAL BUY ORDERS--><!--   th.center(colspan="2", style="width: 110px;") TOTAL SELL ORDERS--><tr><th data-name="symbol">SYMBOL</th><th data-name="sector">SECTOR</th><th data-name="listed">LISTED IN</th><th class="right" data-name="ldcp">LDCP</th><th class="right" data-name="open">OPEN</th><th class="right" data-name="high">HIGH</th><th class="r
2026-07-06 03:44:13 | WARNING  | parse_json           | ⚠️ JSON parsing failed: Expecting value: line 1 column 1 (char 0)
2026-07-06 03:44:13 | INFO     | run                  | JSON parsing failed, trying HTML fallback...
2026-07-06 03:44:13 | INFO     | parse_html           | Attempting HTML fallback parsing...
2026-07-06 03:44:13 | DEBUG    | parse_html           | Found 1 table(s) in HTML
2026-07-06 03:44:13 | DEBUG    | parse_html           | Table columns: ['SYMBOL', 'SECTOR', 'LISTED IN', 'LDCP', 'OPEN', 'HIGH', 'LOW', 'CURRENT', 'CHANGE', 'CHANGE (%)', 'VOLUME']
2026-07-06 03:44:13 | DEBUG    | parse_html           | Table shape: (494, 11)
2026-07-06 03:44:13 | INFO     | parse_html           | ✅ HTML parsed successfully (494 rows)
2026-07-06 03:44:13 | INFO     | clean_data           | Cleaning data...
2026-07-06 03:44:13 | DEBUG    | clean_data           | Initial shape: (494, 11)
2026-07-06 03:44:13 | DEBUG    | clean_data           | Initial columns: ['SYMBOL', 'SECTOR', 'LISTED IN', 'LDCP', 'OPEN', 'HIGH', 'LOW', 'CURRENT', 'CHANGE', 'CHANGE (%)', 'VOLUME']
2026-07-06 03:44:13 | DEBUG    | clean_data           | Removed 'LISTED IN' column
2026-07-06 03:44:13 | DEBUG    | clean_data           | Converted LDCP from float64 to numeric
2026-07-06 03:44:13 | DEBUG    | clean_data           | Converted OPEN from float64 to numeric
2026-07-06 03:44:13 | DEBUG    | clean_data           | Converted HIGH from float64 to numeric
2026-07-06 03:44:13 | DEBUG    | clean_data           | Converted LOW from float64 to numeric
2026-07-06 03:44:13 | DEBUG    | clean_data           | Converted CURRENT from float64 to numeric
2026-07-06 03:44:13 | DEBUG    | clean_data           | Converted CHANGE from float64 to numeric
2026-07-06 03:44:13 | WARNING  | clean_data           | Column CHANGE (%): 494 values could not be converted to numeric
2026-07-06 03:44:13 | DEBUG    | clean_data           | Converted CHANGE (%) from str to numeric
2026-07-06 03:44:13 | DEBUG    | clean_data           | Converted VOLUME from int64 to numeric
2026-07-06 03:44:13 | INFO     | clean_data           | ✅ Data cleaned (494 rows, 16 columns)
2026-07-06 03:44:13 | DEBUG    | clean_data           | Final columns: ['SYMBOL', 'SECTOR', 'LDCP', 'OPEN', 'HIGH', 'LOW', 'CURRENT', 'CHANGE', 'CHANGE (%)', 'VOLUME', 'YEAR', 'MONTH', 'DAY', 'HOUR', 'MINUTE', 'DATETIME']
2026-07-06 03:44:13 | DEBUG    | get_file_path        | Generated file path: data/2026/07/2026-07-06.xlsx
2026-07-06 03:44:13 | INFO     | save_data            | Saving data to: data/2026/07/2026-07-06.xlsx
2026-07-06 03:44:13 | DEBUG    | _create_backup       | Backup created: data/2026/07/backups/2026-07-06_backup_20260706_034413.xlsx
2026-07-06 03:44:13 | DEBUG    | _cleanup_old_backups | Removed old backup: 2026-07-06_backup_20260706_031841.xlsx
2026-07-06 03:44:13 | DEBUG    | save_data            | Existing file found, merging data...
2026-07-06 03:44:14 | DEBUG    | save_data            | Loaded 4446 existing rows
2026-07-06 03:44:14 | DEBUG    | save_data            | Combined to 4940 rows
2026-07-06 03:44:14 | DEBUG    | save_data            | Writing to temporary file...
2026-07-06 03:44:15 | DEBUG    | save_data            | Data written to temp file: /home/runner/work/Thalorae-BackLioraen/Thalorae-BackLioraen/data/2026/07/tmpqtgpwwos.xlsx
2026-07-06 03:44:15 | DEBUG    | save_data            | Temp file moved to final location
2026-07-06 03:44:15 | INFO     | save_data            | ✅ Data saved successfully (4940 total rows, 374,070 bytes)
2026-07-06 03:44:15 | INFO     | run                  | ======================================================================
2026-07-06 03:44:15 | INFO     | run                  | 📊 EXECUTION SUMMARY:
2026-07-06 03:44:15 | INFO     | run                  |    ✅ Status: SUCCESS
2026-07-06 03:44:15 | INFO     | run                  |    - Rows processed: 494
2026-07-06 03:44:15 | INFO     | run                  |    - Unique symbols: 494
2026-07-06 03:44:15 | INFO     | run                  |    - Timestamp: 2026-07-06 08:44:09
2026-07-06 03:44:15 | INFO     | run                  |    - File: data/2026/07/2026-07-06.xlsx
2026-07-06 03:44:15 | INFO     | run                  | ======================================================================
2026-07-06 03:44:15 | DEBUG    | run                  | Sample data (first row):
2026-07-06 03:44:15 | DEBUG    | run                  | {'SYMBOL': 'TPLRF1', 'SECTOR': 836, 'LDCP': 10.6, 'OPEN': 10.7, 'HIGH': 11.13, 'LOW': 10.38, 'CURRENT': 10.6, 'CHANGE': -0.04, 'CHANGE (%)': nan, 'VOLUME': 72948993, 'YEAR': 2026, 'MONTH': 7, 'DAY': 6, 'HOUR': 8, 'MINUTE': 44, 'DATETIME': '2026-07-06 08:44'}
2026-07-06 03:44:15 | DEBUG    | close                | Session closed
2026-07-06 03:49:15 | INFO     | run                  | ======================================================================
2026-07-06 03:49:15 | INFO     | run                  | 🚀 MARKET DATA SCRAPER - SINGLE EXECUTION
2026-07-06 03:49:15 | INFO     | run                  | ======================================================================
2026-07-06 03:49:15 | INFO     | run                  | Execution Time: 2026-07-06 08:49:15 PKT
2026-07-06 03:49:15 | INFO     | run                  | Configuration:
2026-07-06 03:49:15 | INFO     | run                  |    - Timezone: Asia/Karachi
2026-07-06 03:49:15 | INFO     | run                  |    - Data directory: data
2026-07-06 03:49:15 | INFO     | run                  |    - Log directory: logs
2026-07-06 03:49:15 | INFO     | run                  |    - Excluded symbols: {'XD', 'XT', 'XS', 'XR'}
2026-07-06 03:49:15 | INFO     | run                  | ======================================================================
2026-07-06 03:49:15 | INFO     | fetch_data           | Fetching data (Attempt 1/3)...
2026-07-06 03:49:15 | DEBUG    | fetch_data           | Establishing session with https://dps.psx.com.pk/
2026-07-06 03:49:18 | DEBUG    | fetch_data           | Requesting data from https://dps.psx.com.pk/market-watch
2026-07-06 03:49:20 | DEBUG    | fetch_data           | Response status: 200
2026-07-06 03:49:20 | DEBUG    | fetch_data           | Response content type: text/html; charset=utf-8
2026-07-06 03:49:20 | DEBUG    | fetch_data           | Response size: 474250 bytes
2026-07-06 03:49:20 | INFO     | fetch_data           | ✅ Data fetched successfully (Status: 200)
2026-07-06 03:49:20 | DEBUG    | parse_json           | Attempting JSON parsing...
2026-07-06 03:49:20 | DEBUG    | parse_json           | Response preview: <table class="tbl" data-page-length="25"><thead class="tbl__head"><!-- tr--><!--   th(colspan="11")--><!--   th.center(colspan="2", style="width: 110px;") TOTAL BUY ORDERS--><!--   th.center(colspan="2", style="width: 110px;") TOTAL SELL ORDERS--><tr><th data-name="symbol">SYMBOL</th><th data-name="sector">SECTOR</th><th data-name="listed">LISTED IN</th><th class="right" data-name="ldcp">LDCP</th><th class="right" data-name="open">OPEN</th><th class="right" data-name="high">HIGH</th><th class="r
2026-07-06 03:49:20 | WARNING  | parse_json           | ⚠️ JSON parsing failed: Expecting value: line 1 column 1 (char 0)
2026-07-06 03:49:20 | INFO     | run                  | JSON parsing failed, trying HTML fallback...
2026-07-06 03:49:20 | INFO     | parse_html           | Attempting HTML fallback parsing...
2026-07-06 03:49:20 | DEBUG    | parse_html           | Found 1 table(s) in HTML
2026-07-06 03:49:20 | DEBUG    | parse_html           | Table columns: ['SYMBOL', 'SECTOR', 'LISTED IN', 'LDCP', 'OPEN', 'HIGH', 'LOW', 'CURRENT', 'CHANGE', 'CHANGE (%)', 'VOLUME']
2026-07-06 03:49:20 | DEBUG    | parse_html           | Table shape: (494, 11)
2026-07-06 03:49:20 | INFO     | parse_html           | ✅ HTML parsed successfully (494 rows)
2026-07-06 03:49:20 | INFO     | clean_data           | Cleaning data...
2026-07-06 03:49:20 | DEBUG    | clean_data           | Initial shape: (494, 11)
2026-07-06 03:49:20 | DEBUG    | clean_data           | Initial columns: ['SYMBOL', 'SECTOR', 'LISTED IN', 'LDCP', 'OPEN', 'HIGH', 'LOW', 'CURRENT', 'CHANGE', 'CHANGE (%)', 'VOLUME']
2026-07-06 03:49:20 | DEBUG    | clean_data           | Removed 'LISTED IN' column
2026-07-06 03:49:20 | DEBUG    | clean_data           | Converted LDCP from float64 to numeric
2026-07-06 03:49:20 | DEBUG    | clean_data           | Converted OPEN from float64 to numeric
2026-07-06 03:49:20 | DEBUG    | clean_data           | Converted HIGH from float64 to numeric
2026-07-06 03:49:20 | DEBUG    | clean_data           | Converted LOW from float64 to numeric
2026-07-06 03:49:20 | DEBUG    | clean_data           | Converted CURRENT from float64 to numeric
2026-07-06 03:49:20 | DEBUG    | clean_data           | Converted CHANGE from float64 to numeric
2026-07-06 03:49:20 | WARNING  | clean_data           | Column CHANGE (%): 494 values could not be converted to numeric
2026-07-06 03:49:20 | DEBUG    | clean_data           | Converted CHANGE (%) from str to numeric
2026-07-06 03:49:20 | DEBUG    | clean_data           | Converted VOLUME from int64 to numeric
2026-07-06 03:49:20 | INFO     | clean_data           | ✅ Data cleaned (494 rows, 16 columns)
2026-07-06 03:49:20 | DEBUG    | clean_data           | Final columns: ['SYMBOL', 'SECTOR', 'LDCP', 'OPEN', 'HIGH', 'LOW', 'CURRENT', 'CHANGE', 'CHANGE (%)', 'VOLUME', 'YEAR', 'MONTH', 'DAY', 'HOUR', 'MINUTE', 'DATETIME']
2026-07-06 03:49:20 | DEBUG    | get_file_path        | Generated file path: data/2026/07/2026-07-06.xlsx
2026-07-06 03:49:20 | INFO     | save_data            | Saving data to: data/2026/07/2026-07-06.xlsx
2026-07-06 03:49:20 | DEBUG    | _create_backup       | Backup created: data/2026/07/backups/2026-07-06_backup_20260706_034920.xlsx
2026-07-06 03:49:20 | DEBUG    | _cleanup_old_backups | Removed old backup: 2026-07-06_backup_20260706_032347.xlsx
2026-07-06 03:49:20 | DEBUG    | save_data            | Existing file found, merging data...
2026-07-06 03:49:20 | DEBUG    | save_data            | Loaded 4940 existing rows
2026-07-06 03:49:20 | DEBUG    | save_data            | Combined to 5434 rows
2026-07-06 03:49:20 | DEBUG    | save_data            | Writing to temporary file...
2026-07-06 03:49:21 | DEBUG    | save_data            | Data written to temp file: /home/runner/work/Thalorae-BackLioraen/Thalorae-BackLioraen/data/2026/07/tmpamababu7.xlsx
2026-07-06 03:49:21 | DEBUG    | save_data            | Temp file moved to final location
2026-07-06 03:49:21 | INFO     | save_data            | ✅ Data saved successfully (5434 total rows, 410,999 bytes)
2026-07-06 03:49:21 | INFO     | run                  | ======================================================================
2026-07-06 03:49:21 | INFO     | run                  | 📊 EXECUTION SUMMARY:
2026-07-06 03:49:21 | INFO     | run                  |    ✅ Status: SUCCESS
2026-07-06 03:49:21 | INFO     | run                  |    - Rows processed: 494
2026-07-06 03:49:21 | INFO     | run                  |    - Unique symbols: 494
2026-07-06 03:49:21 | INFO     | run                  |    - Timestamp: 2026-07-06 08:49:15
2026-07-06 03:49:21 | INFO     | run                  |    - File: data/2026/07/2026-07-06.xlsx
2026-07-06 03:49:21 | INFO     | run                  | ======================================================================
2026-07-06 03:49:21 | DEBUG    | run                  | Sample data (first row):
2026-07-06 03:49:21 | DEBUG    | run                  | {'SYMBOL': 'TPLRF1', 'SECTOR': 836, 'LDCP': 10.6, 'OPEN': 10.7, 'HIGH': 11.13, 'LOW': 10.38, 'CURRENT': 10.6, 'CHANGE': -0.04, 'CHANGE (%)': nan, 'VOLUME': 72948993, 'YEAR': 2026, 'MONTH': 7, 'DAY': 6, 'HOUR': 8, 'MINUTE': 49, 'DATETIME': '2026-07-06 08:49'}
2026-07-06 03:49:21 | DEBUG    | close                | Session closed
2026-07-06 03:54:22 | INFO     | run                  | ======================================================================
2026-07-06 03:54:22 | INFO     | run                  | 🚀 MARKET DATA SCRAPER - SINGLE EXECUTION
2026-07-06 03:54:22 | INFO     | run                  | ======================================================================
2026-07-06 03:54:22 | INFO     | run                  | Execution Time: 2026-07-06 08:54:22 PKT
2026-07-06 03:54:22 | INFO     | run                  | Configuration:
2026-07-06 03:54:22 | INFO     | run                  |    - Timezone: Asia/Karachi
2026-07-06 03:54:22 | INFO     | run                  |    - Data directory: data
2026-07-06 03:54:22 | INFO     | run                  |    - Log directory: logs
2026-07-06 03:54:22 | INFO     | run                  |    - Excluded symbols: {'XS', 'XT', 'XD', 'XR'}
2026-07-06 03:54:22 | INFO     | run                  | ======================================================================
2026-07-06 03:54:22 | INFO     | fetch_data           | Fetching data (Attempt 1/3)...
2026-07-06 03:54:22 | DEBUG    | fetch_data           | Establishing session with https://dps.psx.com.pk/
2026-07-06 03:54:25 | DEBUG    | fetch_data           | Requesting data from https://dps.psx.com.pk/market-watch
2026-07-06 03:54:27 | DEBUG    | fetch_data           | Response status: 200
2026-07-06 03:54:27 | DEBUG    | fetch_data           | Response content type: text/html; charset=utf-8
2026-07-06 03:54:27 | DEBUG    | fetch_data           | Response size: 474248 bytes
2026-07-06 03:54:27 | INFO     | fetch_data           | ✅ Data fetched successfully (Status: 200)
2026-07-06 03:54:27 | DEBUG    | parse_json           | Attempting JSON parsing...
2026-07-06 03:54:27 | DEBUG    | parse_json           | Response preview: <table class="tbl" data-page-length="25"><thead class="tbl__head"><!-- tr--><!--   th(colspan="11")--><!--   th.center(colspan="2", style="width: 110px;") TOTAL BUY ORDERS--><!--   th.center(colspan="2", style="width: 110px;") TOTAL SELL ORDERS--><tr><th data-name="symbol">SYMBOL</th><th data-name="sector">SECTOR</th><th data-name="listed">LISTED IN</th><th class="right" data-name="ldcp">LDCP</th><th class="right" data-name="open">OPEN</th><th class="right" data-name="high">HIGH</th><th class="r
2026-07-06 03:54:27 | WARNING  | parse_json           | ⚠️ JSON parsing failed: Expecting value: line 1 column 1 (char 0)
2026-07-06 03:54:27 | INFO     | run                  | JSON parsing failed, trying HTML fallback...
2026-07-06 03:54:27 | INFO     | parse_html           | Attempting HTML fallback parsing...
2026-07-06 03:54:27 | DEBUG    | parse_html           | Found 1 table(s) in HTML
2026-07-06 03:54:27 | DEBUG    | parse_html           | Table columns: ['SYMBOL', 'SECTOR', 'LISTED IN', 'LDCP', 'OPEN', 'HIGH', 'LOW', 'CURRENT', 'CHANGE', 'CHANGE (%)', 'VOLUME']
2026-07-06 03:54:27 | DEBUG    | parse_html           | Table shape: (494, 11)
2026-07-06 03:54:27 | INFO     | parse_html           | ✅ HTML parsed successfully (494 rows)
2026-07-06 03:54:27 | INFO     | clean_data           | Cleaning data...
2026-07-06 03:54:27 | DEBUG    | clean_data           | Initial shape: (494, 11)
2026-07-06 03:54:27 | DEBUG    | clean_data           | Initial columns: ['SYMBOL', 'SECTOR', 'LISTED IN', 'LDCP', 'OPEN', 'HIGH', 'LOW', 'CURRENT', 'CHANGE', 'CHANGE (%)', 'VOLUME']
2026-07-06 03:54:27 | DEBUG    | clean_data           | Removed 'LISTED IN' column
2026-07-06 03:54:27 | DEBUG    | clean_data           | Converted LDCP from float64 to numeric
2026-07-06 03:54:27 | DEBUG    | clean_data           | Converted OPEN from float64 to numeric
2026-07-06 03:54:27 | DEBUG    | clean_data           | Converted HIGH from float64 to numeric
2026-07-06 03:54:27 | DEBUG    | clean_data           | Converted LOW from float64 to numeric
2026-07-06 03:54:27 | DEBUG    | clean_data           | Converted CURRENT from float64 to numeric
2026-07-06 03:54:27 | DEBUG    | clean_data           | Converted CHANGE from float64 to numeric
2026-07-06 03:54:27 | WARNING  | clean_data           | Column CHANGE (%): 494 values could not be converted to numeric
2026-07-06 03:54:27 | DEBUG    | clean_data           | Converted CHANGE (%) from str to numeric
2026-07-06 03:54:27 | DEBUG    | clean_data           | Converted VOLUME from int64 to numeric
2026-07-06 03:54:27 | INFO     | clean_data           | ✅ Data cleaned (494 rows, 16 columns)
2026-07-06 03:54:27 | DEBUG    | clean_data           | Final columns: ['SYMBOL', 'SECTOR', 'LDCP', 'OPEN', 'HIGH', 'LOW', 'CURRENT', 'CHANGE', 'CHANGE (%)', 'VOLUME', 'YEAR', 'MONTH', 'DAY', 'HOUR', 'MINUTE', 'DATETIME']
2026-07-06 03:54:27 | DEBUG    | get_file_path        | Generated file path: data/2026/07/2026-07-06.xlsx
2026-07-06 03:54:27 | INFO     | save_data            | Saving data to: data/2026/07/2026-07-06.xlsx
2026-07-06 03:54:27 | DEBUG    | _create_backup       | Backup created: data/2026/07/backups/2026-07-06_backup_20260706_035427.xlsx
2026-07-06 03:54:27 | DEBUG    | _cleanup_old_backups | Removed old backup: 2026-07-06_backup_20260706_032854.xlsx
2026-07-06 03:54:27 | DEBUG    | save_data            | Existing file found, merging data...
2026-07-06 03:54:28 | DEBUG    | save_data            | Loaded 5434 existing rows
2026-07-06 03:54:28 | DEBUG    | save_data            | Combined to 5928 rows
2026-07-06 03:54:28 | DEBUG    | save_data            | Writing to temporary file...
2026-07-06 03:54:29 | DEBUG    | save_data            | Data written to temp file: /home/runner/work/Thalorae-BackLioraen/Thalorae-BackLioraen/data/2026/07/tmpf5o1d_cg.xlsx
2026-07-06 03:54:29 | DEBUG    | save_data            | Temp file moved to final location
2026-07-06 03:54:29 | INFO     | save_data            | ✅ Data saved successfully (5928 total rows, 447,900 bytes)
2026-07-06 03:54:29 | INFO     | run                  | ======================================================================
2026-07-06 03:54:29 | INFO     | run                  | 📊 EXECUTION SUMMARY:
2026-07-06 03:54:29 | INFO     | run                  |    ✅ Status: SUCCESS
2026-07-06 03:54:29 | INFO     | run                  |    - Rows processed: 494
2026-07-06 03:54:29 | INFO     | run                  |    - Unique symbols: 494
2026-07-06 03:54:29 | INFO     | run                  |    - Timestamp: 2026-07-06 08:54:22
2026-07-06 03:54:29 | INFO     | run                  |    - File: data/2026/07/2026-07-06.xlsx
2026-07-06 03:54:29 | INFO     | run                  | ======================================================================
2026-07-06 03:54:29 | DEBUG    | run                  | Sample data (first row):
2026-07-06 03:54:29 | DEBUG    | run                  | {'SYMBOL': 'TPLRF1', 'SECTOR': 836, 'LDCP': 10.6, 'OPEN': 10.7, 'HIGH': 11.13, 'LOW': 10.38, 'CURRENT': 10.6, 'CHANGE': -0.04, 'CHANGE (%)': nan, 'VOLUME': 72948993, 'YEAR': 2026, 'MONTH': 7, 'DAY': 6, 'HOUR': 8, 'MINUTE': 54, 'DATETIME': '2026-07-06 08:54'}
2026-07-06 03:54:29 | DEBUG    | close                | Session closed
2026-07-06 03:59:30 | INFO     | run                  | ======================================================================
2026-07-06 03:59:30 | INFO     | run                  | 🚀 MARKET DATA SCRAPER - SINGLE EXECUTION
2026-07-06 03:59:30 | INFO     | run                  | ======================================================================
2026-07-06 03:59:30 | INFO     | run                  | Execution Time: 2026-07-06 08:59:30 PKT
2026-07-06 03:59:30 | INFO     | run                  | Configuration:
2026-07-06 03:59:30 | INFO     | run                  |    - Timezone: Asia/Karachi
2026-07-06 03:59:30 | INFO     | run                  |    - Data directory: data
2026-07-06 03:59:30 | INFO     | run                  |    - Log directory: logs
2026-07-06 03:59:30 | INFO     | run                  |    - Excluded symbols: {'XD', 'XT', 'XS', 'XR'}
2026-07-06 03:59:30 | INFO     | run                  | ======================================================================
2026-07-06 03:59:30 | INFO     | fetch_data           | Fetching data (Attempt 1/3)...
2026-07-06 03:59:30 | DEBUG    | fetch_data           | Establishing session with https://dps.psx.com.pk/
2026-07-06 03:59:33 | DEBUG    | fetch_data           | Requesting data from https://dps.psx.com.pk/market-watch
2026-07-06 03:59:34 | DEBUG    | fetch_data           | Response status: 200
2026-07-06 03:59:34 | DEBUG    | fetch_data           | Response content type: text/html; charset=utf-8
2026-07-06 03:59:34 | DEBUG    | fetch_data           | Response size: 474248 bytes
2026-07-06 03:59:34 | INFO     | fetch_data           | ✅ Data fetched successfully (Status: 200)
2026-07-06 03:59:34 | DEBUG    | parse_json           | Attempting JSON parsing...
2026-07-06 03:59:34 | DEBUG    | parse_json           | Response preview: <table class="tbl" data-page-length="25"><thead class="tbl__head"><!-- tr--><!--   th(colspan="11")--><!--   th.center(colspan="2", style="width: 110px;") TOTAL BUY ORDERS--><!--   th.center(colspan="2", style="width: 110px;") TOTAL SELL ORDERS--><tr><th data-name="symbol">SYMBOL</th><th data-name="sector">SECTOR</th><th data-name="listed">LISTED IN</th><th class="right" data-name="ldcp">LDCP</th><th class="right" data-name="open">OPEN</th><th class="right" data-name="high">HIGH</th><th class="r
2026-07-06 03:59:34 | WARNING  | parse_json           | ⚠️ JSON parsing failed: Expecting value: line 1 column 1 (char 0)
2026-07-06 03:59:34 | INFO     | run                  | JSON parsing failed, trying HTML fallback...
2026-07-06 03:59:34 | INFO     | parse_html           | Attempting HTML fallback parsing...
2026-07-06 03:59:34 | DEBUG    | parse_html           | Found 1 table(s) in HTML
2026-07-06 03:59:34 | DEBUG    | parse_html           | Table columns: ['SYMBOL', 'SECTOR', 'LISTED IN', 'LDCP', 'OPEN', 'HIGH', 'LOW', 'CURRENT', 'CHANGE', 'CHANGE (%)', 'VOLUME']
2026-07-06 03:59:34 | DEBUG    | parse_html           | Table shape: (494, 11)
2026-07-06 03:59:34 | INFO     | parse_html           | ✅ HTML parsed successfully (494 rows)
2026-07-06 03:59:34 | INFO     | clean_data           | Cleaning data...
2026-07-06 03:59:34 | DEBUG    | clean_data           | Initial shape: (494, 11)
2026-07-06 03:59:34 | DEBUG    | clean_data           | Initial columns: ['SYMBOL', 'SECTOR', 'LISTED IN', 'LDCP', 'OPEN', 'HIGH', 'LOW', 'CURRENT', 'CHANGE', 'CHANGE (%)', 'VOLUME']
2026-07-06 03:59:34 | DEBUG    | clean_data           | Removed 'LISTED IN' column
2026-07-06 03:59:34 | DEBUG    | clean_data           | Converted LDCP from float64 to numeric
2026-07-06 03:59:34 | DEBUG    | clean_data           | Converted OPEN from float64 to numeric
2026-07-06 03:59:34 | DEBUG    | clean_data           | Converted HIGH from float64 to numeric
2026-07-06 03:59:34 | DEBUG    | clean_data           | Converted LOW from float64 to numeric
2026-07-06 03:59:34 | DEBUG    | clean_data           | Converted CURRENT from float64 to numeric
2026-07-06 03:59:34 | DEBUG    | clean_data           | Converted CHANGE from float64 to numeric
2026-07-06 03:59:34 | WARNING  | clean_data           | Column CHANGE (%): 494 values could not be converted to numeric
2026-07-06 03:59:34 | DEBUG    | clean_data           | Converted CHANGE (%) from str to numeric
2026-07-06 03:59:34 | DEBUG    | clean_data           | Converted VOLUME from int64 to numeric
2026-07-06 03:59:34 | INFO     | clean_data           | ✅ Data cleaned (494 rows, 16 columns)
2026-07-06 03:59:34 | DEBUG    | clean_data           | Final columns: ['SYMBOL', 'SECTOR', 'LDCP', 'OPEN', 'HIGH', 'LOW', 'CURRENT', 'CHANGE', 'CHANGE (%)', 'VOLUME', 'YEAR', 'MONTH', 'DAY', 'HOUR', 'MINUTE', 'DATETIME']
2026-07-06 03:59:34 | DEBUG    | get_file_path        | Generated file path: data/2026/07/2026-07-06.xlsx
2026-07-06 03:59:34 | INFO     | save_data            | Saving data to: data/2026/07/2026-07-06.xlsx
2026-07-06 03:59:34 | DEBUG    | _create_backup       | Backup created: data/2026/07/backups/2026-07-06_backup_20260706_035934.xlsx
2026-07-06 03:59:34 | DEBUG    | _cleanup_old_backups | Removed old backup: 2026-07-06_backup_20260706_033401.xlsx
2026-07-06 03:59:34 | DEBUG    | save_data            | Existing file found, merging data...
2026-07-06 03:59:35 | DEBUG    | save_data            | Loaded 5928 existing rows
2026-07-06 03:59:35 | DEBUG    | save_data            | Combined to 6422 rows
2026-07-06 03:59:35 | DEBUG    | save_data            | Writing to temporary file...
2026-07-06 03:59:36 | DEBUG    | save_data            | Data written to temp file: /home/runner/work/Thalorae-BackLioraen/Thalorae-BackLioraen/data/2026/07/tmpk_lpsvex.xlsx
2026-07-06 03:59:36 | DEBUG    | save_data            | Temp file moved to final location
2026-07-06 03:59:36 | INFO     | save_data            | ✅ Data saved successfully (6422 total rows, 484,848 bytes)
2026-07-06 03:59:36 | INFO     | run                  | ======================================================================
2026-07-06 03:59:36 | INFO     | run                  | 📊 EXECUTION SUMMARY:
2026-07-06 03:59:36 | INFO     | run                  |    ✅ Status: SUCCESS
2026-07-06 03:59:36 | INFO     | run                  |    - Rows processed: 494
2026-07-06 03:59:36 | INFO     | run                  |    - Unique symbols: 494
2026-07-06 03:59:36 | INFO     | run                  |    - Timestamp: 2026-07-06 08:59:30
2026-07-06 03:59:36 | INFO     | run                  |    - File: data/2026/07/2026-07-06.xlsx
2026-07-06 03:59:36 | INFO     | run                  | ======================================================================
2026-07-06 03:59:36 | DEBUG    | run                  | Sample data (first row):
2026-07-06 03:59:36 | DEBUG    | run                  | {'SYMBOL': 'TPLRF1', 'SECTOR': 836, 'LDCP': 10.6, 'OPEN': 10.7, 'HIGH': 11.13, 'LOW': 10.38, 'CURRENT': 10.6, 'CHANGE': -0.04, 'CHANGE (%)': nan, 'VOLUME': 72948993, 'YEAR': 2026, 'MONTH': 7, 'DAY': 6, 'HOUR': 8, 'MINUTE': 59, 'DATETIME': '2026-07-06 08:59'}
2026-07-06 03:59:36 | DEBUG    | close                | Session closed
2026-07-06 04:04:37 | INFO     | run                  | ======================================================================
2026-07-06 04:04:37 | INFO     | run                  | 🚀 MARKET DATA SCRAPER - SINGLE EXECUTION
2026-07-06 04:04:37 | INFO     | run                  | ======================================================================
2026-07-06 04:04:37 | INFO     | run                  | Execution Time: 2026-07-06 09:04:37 PKT
2026-07-06 04:04:37 | INFO     | run                  | Configuration:
2026-07-06 04:04:37 | INFO     | run                  |    - Timezone: Asia/Karachi
2026-07-06 04:04:37 | INFO     | run                  |    - Data directory: data
2026-07-06 04:04:37 | INFO     | run                  |    - Log directory: logs
2026-07-06 04:04:37 | INFO     | run                  |    - Excluded symbols: {'XR', 'XT', 'XS', 'XD'}
2026-07-06 04:04:37 | INFO     | run                  | ======================================================================
2026-07-06 04:04:37 | INFO     | fetch_data           | Fetching data (Attempt 1/3)...
2026-07-06 04:04:37 | DEBUG    | fetch_data           | Establishing session with https://dps.psx.com.pk/
2026-07-06 04:04:40 | DEBUG    | fetch_data           | Requesting data from https://dps.psx.com.pk/market-watch
2026-07-06 04:04:42 | DEBUG    | fetch_data           | Response status: 200
2026-07-06 04:04:42 | DEBUG    | fetch_data           | Response content type: text/html; charset=utf-8
2026-07-06 04:04:42 | DEBUG    | fetch_data           | Response size: 474248 bytes
2026-07-06 04:04:42 | INFO     | fetch_data           | ✅ Data fetched successfully (Status: 200)
2026-07-06 04:04:42 | DEBUG    | parse_json           | Attempting JSON parsing...
2026-07-06 04:04:42 | DEBUG    | parse_json           | Response preview: <table class="tbl" data-page-length="25"><thead class="tbl__head"><!-- tr--><!--   th(colspan="11")--><!--   th.center(colspan="2", style="width: 110px;") TOTAL BUY ORDERS--><!--   th.center(colspan="2", style="width: 110px;") TOTAL SELL ORDERS--><tr><th data-name="symbol">SYMBOL</th><th data-name="sector">SECTOR</th><th data-name="listed">LISTED IN</th><th class="right" data-name="ldcp">LDCP</th><th class="right" data-name="open">OPEN</th><th class="right" data-name="high">HIGH</th><th class="r
2026-07-06 04:04:42 | WARNING  | parse_json           | ⚠️ JSON parsing failed: Expecting value: line 1 column 1 (char 0)
2026-07-06 04:04:42 | INFO     | run                  | JSON parsing failed, trying HTML fallback...
2026-07-06 04:04:42 | INFO     | parse_html           | Attempting HTML fallback parsing...
2026-07-06 04:04:42 | DEBUG    | parse_html           | Found 1 table(s) in HTML
2026-07-06 04:04:42 | DEBUG    | parse_html           | Table columns: ['SYMBOL', 'SECTOR', 'LISTED IN', 'LDCP', 'OPEN', 'HIGH', 'LOW', 'CURRENT', 'CHANGE', 'CHANGE (%)', 'VOLUME']
2026-07-06 04:04:42 | DEBUG    | parse_html           | Table shape: (494, 11)
2026-07-06 04:04:42 | INFO     | parse_html           | ✅ HTML parsed successfully (494 rows)
2026-07-06 04:04:42 | INFO     | clean_data           | Cleaning data...
2026-07-06 04:04:42 | DEBUG    | clean_data           | Initial shape: (494, 11)
2026-07-06 04:04:42 | DEBUG    | clean_data           | Initial columns: ['SYMBOL', 'SECTOR', 'LISTED IN', 'LDCP', 'OPEN', 'HIGH', 'LOW', 'CURRENT', 'CHANGE', 'CHANGE (%)', 'VOLUME']
2026-07-06 04:04:42 | DEBUG    | clean_data           | Removed 'LISTED IN' column
2026-07-06 04:04:42 | DEBUG    | clean_data           | Converted LDCP from float64 to numeric
2026-07-06 04:04:42 | DEBUG    | clean_data           | Converted OPEN from float64 to numeric
2026-07-06 04:04:42 | DEBUG    | clean_data           | Converted HIGH from float64 to numeric
2026-07-06 04:04:42 | DEBUG    | clean_data           | Converted LOW from float64 to numeric
2026-07-06 04:04:42 | DEBUG    | clean_data           | Converted CURRENT from float64 to numeric
2026-07-06 04:04:42 | DEBUG    | clean_data           | Converted CHANGE from float64 to numeric
2026-07-06 04:04:42 | WARNING  | clean_data           | Column CHANGE (%): 494 values could not be converted to numeric
2026-07-06 04:04:42 | DEBUG    | clean_data           | Converted CHANGE (%) from str to numeric
2026-07-06 04:04:42 | DEBUG    | clean_data           | Converted VOLUME from int64 to numeric
2026-07-06 04:04:42 | INFO     | clean_data           | ✅ Data cleaned (494 rows, 16 columns)
2026-07-06 04:04:42 | DEBUG    | clean_data           | Final columns: ['SYMBOL', 'SECTOR', 'LDCP', 'OPEN', 'HIGH', 'LOW', 'CURRENT', 'CHANGE', 'CHANGE (%)', 'VOLUME', 'YEAR', 'MONTH', 'DAY', 'HOUR', 'MINUTE', 'DATETIME']
2026-07-06 04:04:42 | DEBUG    | get_file_path        | Generated file path: data/2026/07/2026-07-06.xlsx
2026-07-06 04:04:42 | INFO     | save_data            | Saving data to: data/2026/07/2026-07-06.xlsx
2026-07-06 04:04:42 | DEBUG    | _create_backup       | Backup created: data/2026/07/backups/2026-07-06_backup_20260706_040442.xlsx
2026-07-06 04:04:42 | DEBUG    | _cleanup_old_backups | Removed old backup: 2026-07-06_backup_20260706_033907.xlsx
2026-07-06 04:04:42 | DEBUG    | save_data            | Existing file found, merging data...
2026-07-06 04:04:43 | DEBUG    | save_data            | Loaded 6422 existing rows
2026-07-06 04:04:43 | DEBUG    | save_data            | Combined to 6916 rows
2026-07-06 04:04:43 | DEBUG    | save_data            | Writing to temporary file...
2026-07-06 04:04:44 | DEBUG    | save_data            | Data written to temp file: /home/runner/work/Thalorae-BackLioraen/Thalorae-BackLioraen/data/2026/07/tmp33ys9yym.xlsx
2026-07-06 04:04:44 | DEBUG    | save_data            | Temp file moved to final location
2026-07-06 04:04:44 | INFO     | save_data            | ✅ Data saved successfully (6916 total rows, 521,744 bytes)
2026-07-06 04:04:44 | INFO     | run                  | ======================================================================
2026-07-06 04:04:44 | INFO     | run                  | 📊 EXECUTION SUMMARY:
2026-07-06 04:04:44 | INFO     | run                  |    ✅ Status: SUCCESS
2026-07-06 04:04:44 | INFO     | run                  |    - Rows processed: 494
2026-07-06 04:04:44 | INFO     | run                  |    - Unique symbols: 494
2026-07-06 04:04:44 | INFO     | run                  |    - Timestamp: 2026-07-06 09:04:37
2026-07-06 04:04:44 | INFO     | run                  |    - File: data/2026/07/2026-07-06.xlsx
2026-07-06 04:04:44 | INFO     | run                  | ======================================================================
2026-07-06 04:04:44 | DEBUG    | run                  | Sample data (first row):
2026-07-06 04:04:44 | DEBUG    | run                  | {'SYMBOL': 'TPLRF1', 'SECTOR': 836, 'LDCP': 10.6, 'OPEN': 10.7, 'HIGH': 11.13, 'LOW': 10.38, 'CURRENT': 10.6, 'CHANGE': -0.04, 'CHANGE (%)': nan, 'VOLUME': 72948993, 'YEAR': 2026, 'MONTH': 7, 'DAY': 6, 'HOUR': 9, 'MINUTE': 4, 'DATETIME': '2026-07-06 09:04'}
2026-07-06 04:04:44 | DEBUG    | close                | Session closed
2026-07-06 04:09:44 | INFO     | run                  | ======================================================================
2026-07-06 04:09:44 | INFO     | run                  | 🚀 MARKET DATA SCRAPER - SINGLE EXECUTION
2026-07-06 04:09:44 | INFO     | run                  | ======================================================================
2026-07-06 04:09:44 | INFO     | run                  | Execution Time: 2026-07-06 09:09:44 PKT
2026-07-06 04:09:44 | INFO     | run                  | Configuration:
2026-07-06 04:09:44 | INFO     | run                  |    - Timezone: Asia/Karachi
2026-07-06 04:09:44 | INFO     | run                  |    - Data directory: data
2026-07-06 04:09:44 | INFO     | run                  |    - Log directory: logs
2026-07-06 04:09:44 | INFO     | run                  |    - Excluded symbols: {'XS', 'XT', 'XR', 'XD'}
2026-07-06 04:09:44 | INFO     | run                  | ======================================================================
2026-07-06 04:09:44 | INFO     | fetch_data           | Fetching data (Attempt 1/3)...
2026-07-06 04:09:44 | DEBUG    | fetch_data           | Establishing session with https://dps.psx.com.pk/
2026-07-06 04:09:47 | DEBUG    | fetch_data           | Requesting data from https://dps.psx.com.pk/market-watch
2026-07-06 04:09:49 | DEBUG    | fetch_data           | Response status: 200
2026-07-06 04:09:49 | DEBUG    | fetch_data           | Response content type: text/html; charset=utf-8
2026-07-06 04:09:49 | DEBUG    | fetch_data           | Response size: 474248 bytes
2026-07-06 04:09:49 | INFO     | fetch_data           | ✅ Data fetched successfully (Status: 200)
2026-07-06 04:09:49 | DEBUG    | parse_json           | Attempting JSON parsing...
2026-07-06 04:09:49 | DEBUG    | parse_json           | Response preview: <table class="tbl" data-page-length="25"><thead class="tbl__head"><!-- tr--><!--   th(colspan="11")--><!--   th.center(colspan="2", style="width: 110px;") TOTAL BUY ORDERS--><!--   th.center(colspan="2", style="width: 110px;") TOTAL SELL ORDERS--><tr><th data-name="symbol">SYMBOL</th><th data-name="sector">SECTOR</th><th data-name="listed">LISTED IN</th><th class="right" data-name="ldcp">LDCP</th><th class="right" data-name="open">OPEN</th><th class="right" data-name="high">HIGH</th><th class="r
2026-07-06 04:09:49 | WARNING  | parse_json           | ⚠️ JSON parsing failed: Expecting value: line 1 column 1 (char 0)
2026-07-06 04:09:49 | INFO     | run                  | JSON parsing failed, trying HTML fallback...
2026-07-06 04:09:49 | INFO     | parse_html           | Attempting HTML fallback parsing...
2026-07-06 04:09:49 | DEBUG    | parse_html           | Found 1 table(s) in HTML
2026-07-06 04:09:49 | DEBUG    | parse_html           | Table columns: ['SYMBOL', 'SECTOR', 'LISTED IN', 'LDCP', 'OPEN', 'HIGH', 'LOW', 'CURRENT', 'CHANGE', 'CHANGE (%)', 'VOLUME']
2026-07-06 04:09:49 | DEBUG    | parse_html           | Table shape: (494, 11)
2026-07-06 04:09:49 | INFO     | parse_html           | ✅ HTML parsed successfully (494 rows)
2026-07-06 04:09:49 | INFO     | clean_data           | Cleaning data...
2026-07-06 04:09:49 | DEBUG    | clean_data           | Initial shape: (494, 11)
2026-07-06 04:09:49 | DEBUG    | clean_data           | Initial columns: ['SYMBOL', 'SECTOR', 'LISTED IN', 'LDCP', 'OPEN', 'HIGH', 'LOW', 'CURRENT', 'CHANGE', 'CHANGE (%)', 'VOLUME']
2026-07-06 04:09:49 | DEBUG    | clean_data           | Removed 'LISTED IN' column
2026-07-06 04:09:49 | DEBUG    | clean_data           | Converted LDCP from float64 to numeric
2026-07-06 04:09:49 | DEBUG    | clean_data           | Converted OPEN from float64 to numeric
2026-07-06 04:09:49 | DEBUG    | clean_data           | Converted HIGH from float64 to numeric
2026-07-06 04:09:49 | DEBUG    | clean_data           | Converted LOW from float64 to numeric
2026-07-06 04:09:49 | DEBUG    | clean_data           | Converted CURRENT from float64 to numeric
2026-07-06 04:09:49 | DEBUG    | clean_data           | Converted CHANGE from float64 to numeric
2026-07-06 04:09:49 | WARNING  | clean_data           | Column CHANGE (%): 494 values could not be converted to numeric
2026-07-06 04:09:49 | DEBUG    | clean_data           | Converted CHANGE (%) from str to numeric
2026-07-06 04:09:49 | DEBUG    | clean_data           | Converted VOLUME from int64 to numeric
2026-07-06 04:09:49 | INFO     | clean_data           | ✅ Data cleaned (494 rows, 16 columns)
2026-07-06 04:09:49 | DEBUG    | clean_data           | Final columns: ['SYMBOL', 'SECTOR', 'LDCP', 'OPEN', 'HIGH', 'LOW', 'CURRENT', 'CHANGE', 'CHANGE (%)', 'VOLUME', 'YEAR', 'MONTH', 'DAY', 'HOUR', 'MINUTE', 'DATETIME']
2026-07-06 04:09:49 | DEBUG    | get_file_path        | Generated file path: data/2026/07/2026-07-06.xlsx
2026-07-06 04:09:49 | INFO     | save_data            | Saving data to: data/2026/07/2026-07-06.xlsx
2026-07-06 04:09:49 | DEBUG    | _create_backup       | Backup created: data/2026/07/backups/2026-07-06_backup_20260706_040949.xlsx
2026-07-06 04:09:49 | DEBUG    | _cleanup_old_backups | Removed old backup: 2026-07-06_backup_20260706_034413.xlsx
2026-07-06 04:09:49 | DEBUG    | save_data            | Existing file found, merging data...
2026-07-06 04:09:50 | DEBUG    | save_data            | Loaded 6916 existing rows
2026-07-06 04:09:50 | DEBUG    | save_data            | Combined to 7410 rows
2026-07-06 04:09:50 | DEBUG    | save_data            | Writing to temporary file...
2026-07-06 04:09:52 | DEBUG    | save_data            | Data written to temp file: /home/runner/work/Thalorae-BackLioraen/Thalorae-BackLioraen/data/2026/07/tmp0bjveyrm.xlsx
2026-07-06 04:09:52 | DEBUG    | save_data            | Temp file moved to final location
2026-07-06 04:09:52 | INFO     | save_data            | ✅ Data saved successfully (7410 total rows, 558,288 bytes)
2026-07-06 04:09:52 | INFO     | run                  | ======================================================================
2026-07-06 04:09:52 | INFO     | run                  | 📊 EXECUTION SUMMARY:
2026-07-06 04:09:52 | INFO     | run                  |    ✅ Status: SUCCESS
2026-07-06 04:09:52 | INFO     | run                  |    - Rows processed: 494
2026-07-06 04:09:52 | INFO     | run                  |    - Unique symbols: 494
2026-07-06 04:09:52 | INFO     | run                  |    - Timestamp: 2026-07-06 09:09:44
2026-07-06 04:09:52 | INFO     | run                  |    - File: data/2026/07/2026-07-06.xlsx
2026-07-06 04:09:52 | INFO     | run                  | ======================================================================
2026-07-06 04:09:52 | DEBUG    | run                  | Sample data (first row):
2026-07-06 04:09:52 | DEBUG    | run                  | {'SYMBOL': 'TPLRF1', 'SECTOR': 836, 'LDCP': 10.6, 'OPEN': 10.7, 'HIGH': 11.13, 'LOW': 10.38, 'CURRENT': 10.6, 'CHANGE': -0.04, 'CHANGE (%)': nan, 'VOLUME': 72948993, 'YEAR': 2026, 'MONTH': 7, 'DAY': 6, 'HOUR': 9, 'MINUTE': 9, 'DATETIME': '2026-07-06 09:09'}
2026-07-06 04:09:52 | DEBUG    | close                | Session closed
2026-07-06 04:14:52 | INFO     | run                  | ======================================================================
2026-07-06 04:14:52 | INFO     | run                  | 🚀 MARKET DATA SCRAPER - SINGLE EXECUTION
2026-07-06 04:14:52 | INFO     | run                  | ======================================================================
2026-07-06 04:14:52 | INFO     | run                  | Execution Time: 2026-07-06 09:14:52 PKT
2026-07-06 04:14:52 | INFO     | run                  | Configuration:
2026-07-06 04:14:52 | INFO     | run                  |    - Timezone: Asia/Karachi
2026-07-06 04:14:52 | INFO     | run                  |    - Data directory: data
2026-07-06 04:14:52 | INFO     | run                  |    - Log directory: logs
2026-07-06 04:14:52 | INFO     | run                  |    - Excluded symbols: {'XS', 'XR', 'XT', 'XD'}
2026-07-06 04:14:52 | INFO     | run                  | ======================================================================
2026-07-06 04:14:52 | INFO     | fetch_data           | Fetching data (Attempt 1/3)...
2026-07-06 04:14:52 | DEBUG    | fetch_data           | Establishing session with https://dps.psx.com.pk/
2026-07-06 04:14:55 | DEBUG    | fetch_data           | Requesting data from https://dps.psx.com.pk/market-watch
2026-07-06 04:14:58 | DEBUG    | fetch_data           | Response status: 200
2026-07-06 04:14:58 | DEBUG    | fetch_data           | Response content type: text/html; charset=utf-8
2026-07-06 04:14:58 | DEBUG    | fetch_data           | Response size: 474248 bytes
2026-07-06 04:14:58 | INFO     | fetch_data           | ✅ Data fetched successfully (Status: 200)
2026-07-06 04:14:58 | DEBUG    | parse_json           | Attempting JSON parsing...
2026-07-06 04:14:58 | DEBUG    | parse_json           | Response preview: <table class="tbl" data-page-length="25"><thead class="tbl__head"><!-- tr--><!--   th(colspan="11")--><!--   th.center(colspan="2", style="width: 110px;") TOTAL BUY ORDERS--><!--   th.center(colspan="2", style="width: 110px;") TOTAL SELL ORDERS--><tr><th data-name="symbol">SYMBOL</th><th data-name="sector">SECTOR</th><th data-name="listed">LISTED IN</th><th class="right" data-name="ldcp">LDCP</th><th class="right" data-name="open">OPEN</th><th class="right" data-name="high">HIGH</th><th class="r
2026-07-06 04:14:58 | WARNING  | parse_json           | ⚠️ JSON parsing failed: Expecting value: line 1 column 1 (char 0)
2026-07-06 04:14:58 | INFO     | run                  | JSON parsing failed, trying HTML fallback...
2026-07-06 04:14:58 | INFO     | parse_html           | Attempting HTML fallback parsing...
2026-07-06 04:14:58 | DEBUG    | parse_html           | Found 1 table(s) in HTML
2026-07-06 04:14:58 | DEBUG    | parse_html           | Table columns: ['SYMBOL', 'SECTOR', 'LISTED IN', 'LDCP', 'OPEN', 'HIGH', 'LOW', 'CURRENT', 'CHANGE', 'CHANGE (%)', 'VOLUME']
2026-07-06 04:14:58 | DEBUG    | parse_html           | Table shape: (494, 11)
2026-07-06 04:14:58 | INFO     | parse_html           | ✅ HTML parsed successfully (494 rows)
2026-07-06 04:14:58 | INFO     | clean_data           | Cleaning data...
2026-07-06 04:14:58 | DEBUG    | clean_data           | Initial shape: (494, 11)
2026-07-06 04:14:58 | DEBUG    | clean_data           | Initial columns: ['SYMBOL', 'SECTOR', 'LISTED IN', 'LDCP', 'OPEN', 'HIGH', 'LOW', 'CURRENT', 'CHANGE', 'CHANGE (%)', 'VOLUME']
2026-07-06 04:14:58 | DEBUG    | clean_data           | Removed 'LISTED IN' column
2026-07-06 04:14:58 | DEBUG    | clean_data           | Converted LDCP from float64 to numeric
2026-07-06 04:14:58 | DEBUG    | clean_data           | Converted OPEN from float64 to numeric
2026-07-06 04:14:58 | DEBUG    | clean_data           | Converted HIGH from float64 to numeric
2026-07-06 04:14:58 | DEBUG    | clean_data           | Converted LOW from float64 to numeric
2026-07-06 04:14:58 | DEBUG    | clean_data           | Converted CURRENT from float64 to numeric
2026-07-06 04:14:58 | DEBUG    | clean_data           | Converted CHANGE from float64 to numeric
2026-07-06 04:14:58 | WARNING  | clean_data           | Column CHANGE (%): 494 values could not be converted to numeric
2026-07-06 04:14:58 | DEBUG    | clean_data           | Converted CHANGE (%) from str to numeric
2026-07-06 04:14:58 | DEBUG    | clean_data           | Converted VOLUME from int64 to numeric
2026-07-06 04:14:58 | INFO     | clean_data           | ✅ Data cleaned (494 rows, 16 columns)
2026-07-06 04:14:58 | DEBUG    | clean_data           | Final columns: ['SYMBOL', 'SECTOR', 'LDCP', 'OPEN', 'HIGH', 'LOW', 'CURRENT', 'CHANGE', 'CHANGE (%)', 'VOLUME', 'YEAR', 'MONTH', 'DAY', 'HOUR', 'MINUTE', 'DATETIME']
2026-07-06 04:14:58 | DEBUG    | get_file_path        | Generated file path: data/2026/07/2026-07-06.xlsx
2026-07-06 04:14:58 | INFO     | save_data            | Saving data to: data/2026/07/2026-07-06.xlsx
2026-07-06 04:14:58 | DEBUG    | _create_backup       | Backup created: data/2026/07/backups/2026-07-06_backup_20260706_041458.xlsx
2026-07-06 04:14:58 | DEBUG    | _cleanup_old_backups | Removed old backup: 2026-07-06_backup_20260706_034920.xlsx
2026-07-06 04:14:58 | DEBUG    | save_data            | Existing file found, merging data...
2026-07-06 04:14:59 | DEBUG    | save_data            | Loaded 7410 existing rows
2026-07-06 04:14:59 | DEBUG    | save_data            | Combined to 7904 rows
2026-07-06 04:14:59 | DEBUG    | save_data            | Writing to temporary file...
2026-07-06 04:15:00 | DEBUG    | save_data            | Data written to temp file: /home/runner/work/Thalorae-BackLioraen/Thalorae-BackLioraen/data/2026/07/tmpzkiemy1d.xlsx
2026-07-06 04:15:00 | DEBUG    | save_data            | Temp file moved to final location
2026-07-06 04:15:00 | INFO     | save_data            | ✅ Data saved successfully (7904 total rows, 595,223 bytes)
2026-07-06 04:15:00 | INFO     | run                  | ======================================================================
2026-07-06 04:15:00 | INFO     | run                  | 📊 EXECUTION SUMMARY:
2026-07-06 04:15:00 | INFO     | run                  |    ✅ Status: SUCCESS
2026-07-06 04:15:00 | INFO     | run                  |    - Rows processed: 494
2026-07-06 04:15:00 | INFO     | run                  |    - Unique symbols: 494
2026-07-06 04:15:00 | INFO     | run                  |    - Timestamp: 2026-07-06 09:14:52
2026-07-06 04:15:00 | INFO     | run                  |    - File: data/2026/07/2026-07-06.xlsx
2026-07-06 04:15:00 | INFO     | run                  | ======================================================================
2026-07-06 04:15:00 | DEBUG    | run                  | Sample data (first row):
2026-07-06 04:15:00 | DEBUG    | run                  | {'SYMBOL': 'TPLRF1', 'SECTOR': 836, 'LDCP': 10.6, 'OPEN': 10.7, 'HIGH': 11.13, 'LOW': 10.38, 'CURRENT': 10.6, 'CHANGE': -0.04, 'CHANGE (%)': nan, 'VOLUME': 72948993, 'YEAR': 2026, 'MONTH': 7, 'DAY': 6, 'HOUR': 9, 'MINUTE': 14, 'DATETIME': '2026-07-06 09:14'}
2026-07-06 04:15:00 | DEBUG    | close                | Session closed
2026-07-06 04:20:01 | INFO     | run                  | ======================================================================
2026-07-06 04:20:01 | INFO     | run                  | 🚀 MARKET DATA SCRAPER - SINGLE EXECUTION
2026-07-06 04:20:01 | INFO     | run                  | ======================================================================
2026-07-06 04:20:01 | INFO     | run                  | Execution Time: 2026-07-06 09:20:01 PKT
2026-07-06 04:20:01 | INFO     | run                  | Configuration:
2026-07-06 04:20:01 | INFO     | run                  |    - Timezone: Asia/Karachi
2026-07-06 04:20:01 | INFO     | run                  |    - Data directory: data
2026-07-06 04:20:01 | INFO     | run                  |    - Log directory: logs
2026-07-06 04:20:01 | INFO     | run                  |    - Excluded symbols: {'XD', 'XR', 'XT', 'XS'}
2026-07-06 04:20:01 | INFO     | run                  | ======================================================================
2026-07-06 04:20:01 | INFO     | fetch_data           | Fetching data (Attempt 1/3)...
2026-07-06 04:20:01 | DEBUG    | fetch_data           | Establishing session with https://dps.psx.com.pk/
2026-07-06 04:20:05 | DEBUG    | fetch_data           | Requesting data from https://dps.psx.com.pk/market-watch
2026-07-06 04:20:07 | DEBUG    | fetch_data           | Response status: 200
2026-07-06 04:20:07 | DEBUG    | fetch_data           | Response content type: text/html; charset=utf-8
2026-07-06 04:20:07 | DEBUG    | fetch_data           | Response size: 474248 bytes
2026-07-06 04:20:07 | INFO     | fetch_data           | ✅ Data fetched successfully (Status: 200)
2026-07-06 04:20:07 | DEBUG    | parse_json           | Attempting JSON parsing...
2026-07-06 04:20:07 | DEBUG    | parse_json           | Response preview: <table class="tbl" data-page-length="25"><thead class="tbl__head"><!-- tr--><!--   th(colspan="11")--><!--   th.center(colspan="2", style="width: 110px;") TOTAL BUY ORDERS--><!--   th.center(colspan="2", style="width: 110px;") TOTAL SELL ORDERS--><tr><th data-name="symbol">SYMBOL</th><th data-name="sector">SECTOR</th><th data-name="listed">LISTED IN</th><th class="right" data-name="ldcp">LDCP</th><th class="right" data-name="open">OPEN</th><th class="right" data-name="high">HIGH</th><th class="r
2026-07-06 04:20:07 | WARNING  | parse_json           | ⚠️ JSON parsing failed: Expecting value: line 1 column 1 (char 0)
2026-07-06 04:20:07 | INFO     | run                  | JSON parsing failed, trying HTML fallback...
2026-07-06 04:20:07 | INFO     | parse_html           | Attempting HTML fallback parsing...
2026-07-06 04:20:07 | DEBUG    | parse_html           | Found 1 table(s) in HTML
2026-07-06 04:20:07 | DEBUG    | parse_html           | Table columns: ['SYMBOL', 'SECTOR', 'LISTED IN', 'LDCP', 'OPEN', 'HIGH', 'LOW', 'CURRENT', 'CHANGE', 'CHANGE (%)', 'VOLUME']
2026-07-06 04:20:07 | DEBUG    | parse_html           | Table shape: (494, 11)
2026-07-06 04:20:07 | INFO     | parse_html           | ✅ HTML parsed successfully (494 rows)
2026-07-06 04:20:07 | INFO     | clean_data           | Cleaning data...
2026-07-06 04:20:07 | DEBUG    | clean_data           | Initial shape: (494, 11)
2026-07-06 04:20:07 | DEBUG    | clean_data           | Initial columns: ['SYMBOL', 'SECTOR', 'LISTED IN', 'LDCP', 'OPEN', 'HIGH', 'LOW', 'CURRENT', 'CHANGE', 'CHANGE (%)', 'VOLUME']
2026-07-06 04:20:07 | DEBUG    | clean_data           | Removed 'LISTED IN' column
2026-07-06 04:20:07 | DEBUG    | clean_data           | Converted LDCP from float64 to numeric
2026-07-06 04:20:07 | DEBUG    | clean_data           | Converted OPEN from float64 to numeric
2026-07-06 04:20:07 | DEBUG    | clean_data           | Converted HIGH from float64 to numeric
2026-07-06 04:20:07 | DEBUG    | clean_data           | Converted LOW from float64 to numeric
2026-07-06 04:20:07 | DEBUG    | clean_data           | Converted CURRENT from float64 to numeric
2026-07-06 04:20:07 | DEBUG    | clean_data           | Converted CHANGE from float64 to numeric
2026-07-06 04:20:07 | WARNING  | clean_data           | Column CHANGE (%): 494 values could not be converted to numeric
2026-07-06 04:20:07 | DEBUG    | clean_data           | Converted CHANGE (%) from str to numeric
2026-07-06 04:20:07 | DEBUG    | clean_data           | Converted VOLUME from int64 to numeric
2026-07-06 04:20:07 | INFO     | clean_data           | ✅ Data cleaned (494 rows, 16 columns)
2026-07-06 04:20:07 | DEBUG    | clean_data           | Final columns: ['SYMBOL', 'SECTOR', 'LDCP', 'OPEN', 'HIGH', 'LOW', 'CURRENT', 'CHANGE', 'CHANGE (%)', 'VOLUME', 'YEAR', 'MONTH', 'DAY', 'HOUR', 'MINUTE', 'DATETIME']
2026-07-06 04:20:07 | DEBUG    | get_file_path        | Generated file path: data/2026/07/2026-07-06.xlsx
2026-07-06 04:20:07 | INFO     | save_data            | Saving data to: data/2026/07/2026-07-06.xlsx
2026-07-06 04:20:07 | DEBUG    | _create_backup       | Backup created: data/2026/07/backups/2026-07-06_backup_20260706_042007.xlsx
2026-07-06 04:20:07 | DEBUG    | _cleanup_old_backups | Removed old backup: 2026-07-06_backup_20260706_035427.xlsx
2026-07-06 04:20:07 | DEBUG    | save_data            | Existing file found, merging data...
2026-07-06 04:20:07 | DEBUG    | save_data            | Loaded 7904 existing rows
2026-07-06 04:20:07 | DEBUG    | save_data            | Combined to 8398 rows
2026-07-06 04:20:07 | DEBUG    | save_data            | Writing to temporary file...
2026-07-06 04:20:09 | DEBUG    | save_data            | Data written to temp file: /home/runner/work/Thalorae-BackLioraen/Thalorae-BackLioraen/data/2026/07/tmpf9b3r0zt.xlsx
2026-07-06 04:20:09 | DEBUG    | save_data            | Temp file moved to final location
2026-07-06 04:20:09 | INFO     | save_data            | ✅ Data saved successfully (8398 total rows, 632,119 bytes)
2026-07-06 04:20:09 | INFO     | run                  | ======================================================================
2026-07-06 04:20:09 | INFO     | run                  | 📊 EXECUTION SUMMARY:
2026-07-06 04:20:09 | INFO     | run                  |    ✅ Status: SUCCESS
2026-07-06 04:20:09 | INFO     | run                  |    - Rows processed: 494
2026-07-06 04:20:09 | INFO     | run                  |    - Unique symbols: 494
2026-07-06 04:20:09 | INFO     | run                  |    - Timestamp: 2026-07-06 09:20:01
2026-07-06 04:20:09 | INFO     | run                  |    - File: data/2026/07/2026-07-06.xlsx
2026-07-06 04:20:09 | INFO     | run                  | ======================================================================
2026-07-06 04:20:09 | DEBUG    | run                  | Sample data (first row):
2026-07-06 04:20:09 | DEBUG    | run                  | {'SYMBOL': 'TPLRF1', 'SECTOR': 836, 'LDCP': 10.6, 'OPEN': 10.7, 'HIGH': 11.13, 'LOW': 10.38, 'CURRENT': 10.6, 'CHANGE': -0.04, 'CHANGE (%)': nan, 'VOLUME': 72948993, 'YEAR': 2026, 'MONTH': 7, 'DAY': 6, 'HOUR': 9, 'MINUTE': 20, 'DATETIME': '2026-07-06 09:20'}
2026-07-06 04:20:09 | DEBUG    | close                | Session closed
2026-07-06 04:25:09 | INFO     | run                  | ======================================================================
2026-07-06 04:25:09 | INFO     | run                  | 🚀 MARKET DATA SCRAPER - SINGLE EXECUTION
2026-07-06 04:25:09 | INFO     | run                  | ======================================================================
2026-07-06 04:25:09 | INFO     | run                  | Execution Time: 2026-07-06 09:25:09 PKT
2026-07-06 04:25:09 | INFO     | run                  | Configuration:
2026-07-06 04:25:09 | INFO     | run                  |    - Timezone: Asia/Karachi
2026-07-06 04:25:09 | INFO     | run                  |    - Data directory: data
2026-07-06 04:25:09 | INFO     | run                  |    - Log directory: logs
2026-07-06 04:25:09 | INFO     | run                  |    - Excluded symbols: {'XT', 'XS', 'XD', 'XR'}
2026-07-06 04:25:09 | INFO     | run                  | ======================================================================
2026-07-06 04:25:09 | INFO     | fetch_data           | Fetching data (Attempt 1/3)...
2026-07-06 04:25:09 | DEBUG    | fetch_data           | Establishing session with https://dps.psx.com.pk/
2026-07-06 04:25:14 | DEBUG    | fetch_data           | Requesting data from https://dps.psx.com.pk/market-watch
2026-07-06 04:25:16 | DEBUG    | fetch_data           | Response status: 200
2026-07-06 04:25:16 | DEBUG    | fetch_data           | Response content type: text/html; charset=utf-8
2026-07-06 04:25:16 | DEBUG    | fetch_data           | Response size: 474248 bytes
2026-07-06 04:25:16 | INFO     | fetch_data           | ✅ Data fetched successfully (Status: 200)
2026-07-06 04:25:16 | DEBUG    | parse_json           | Attempting JSON parsing...
2026-07-06 04:25:16 | DEBUG    | parse_json           | Response preview: <table class="tbl" data-page-length="25"><thead class="tbl__head"><!-- tr--><!--   th(colspan="11")--><!--   th.center(colspan="2", style="width: 110px;") TOTAL BUY ORDERS--><!--   th.center(colspan="2", style="width: 110px;") TOTAL SELL ORDERS--><tr><th data-name="symbol">SYMBOL</th><th data-name="sector">SECTOR</th><th data-name="listed">LISTED IN</th><th class="right" data-name="ldcp">LDCP</th><th class="right" data-name="open">OPEN</th><th class="right" data-name="high">HIGH</th><th class="r
2026-07-06 04:25:16 | WARNING  | parse_json           | ⚠️ JSON parsing failed: Expecting value: line 1 column 1 (char 0)
2026-07-06 04:25:16 | INFO     | run                  | JSON parsing failed, trying HTML fallback...
2026-07-06 04:25:16 | INFO     | parse_html           | Attempting HTML fallback parsing...
2026-07-06 04:25:16 | DEBUG    | parse_html           | Found 1 table(s) in HTML
2026-07-06 04:25:16 | DEBUG    | parse_html           | Table columns: ['SYMBOL', 'SECTOR', 'LISTED IN', 'LDCP', 'OPEN', 'HIGH', 'LOW', 'CURRENT', 'CHANGE', 'CHANGE (%)', 'VOLUME']
2026-07-06 04:25:16 | DEBUG    | parse_html           | Table shape: (494, 11)
2026-07-06 04:25:16 | INFO     | parse_html           | ✅ HTML parsed successfully (494 rows)
2026-07-06 04:25:16 | INFO     | clean_data           | Cleaning data...
2026-07-06 04:25:16 | DEBUG    | clean_data           | Initial shape: (494, 11)
2026-07-06 04:25:16 | DEBUG    | clean_data           | Initial columns: ['SYMBOL', 'SECTOR', 'LISTED IN', 'LDCP', 'OPEN', 'HIGH', 'LOW', 'CURRENT', 'CHANGE', 'CHANGE (%)', 'VOLUME']
2026-07-06 04:25:16 | DEBUG    | clean_data           | Removed 'LISTED IN' column
2026-07-06 04:25:16 | DEBUG    | clean_data           | Converted LDCP from float64 to numeric
2026-07-06 04:25:16 | DEBUG    | clean_data           | Converted OPEN from float64 to numeric
2026-07-06 04:25:16 | DEBUG    | clean_data           | Converted HIGH from float64 to numeric
2026-07-06 04:25:16 | DEBUG    | clean_data           | Converted LOW from float64 to numeric
2026-07-06 04:25:16 | DEBUG    | clean_data           | Converted CURRENT from float64 to numeric
2026-07-06 04:25:16 | DEBUG    | clean_data           | Converted CHANGE from float64 to numeric
2026-07-06 04:25:16 | WARNING  | clean_data           | Column CHANGE (%): 494 values could not be converted to numeric
2026-07-06 04:25:16 | DEBUG    | clean_data           | Converted CHANGE (%) from str to numeric
2026-07-06 04:25:16 | DEBUG    | clean_data           | Converted VOLUME from int64 to numeric
2026-07-06 04:25:16 | INFO     | clean_data           | ✅ Data cleaned (494 rows, 16 columns)
2026-07-06 04:25:16 | DEBUG    | clean_data           | Final columns: ['SYMBOL', 'SECTOR', 'LDCP', 'OPEN', 'HIGH', 'LOW', 'CURRENT', 'CHANGE', 'CHANGE (%)', 'VOLUME', 'YEAR', 'MONTH', 'DAY', 'HOUR', 'MINUTE', 'DATETIME']
2026-07-06 04:25:16 | DEBUG    | get_file_path        | Generated file path: data/2026/07/2026-07-06.xlsx
2026-07-06 04:25:16 | INFO     | save_data            | Saving data to: data/2026/07/2026-07-06.xlsx
2026-07-06 04:25:16 | DEBUG    | _create_backup       | Backup created: data/2026/07/backups/2026-07-06_backup_20260706_042516.xlsx
2026-07-06 04:25:16 | DEBUG    | _cleanup_old_backups | Removed old backup: 2026-07-06_backup_20260706_035934.xlsx
2026-07-06 04:25:16 | DEBUG    | save_data            | Existing file found, merging data...
2026-07-06 04:25:17 | DEBUG    | save_data            | Loaded 8398 existing rows
2026-07-06 04:25:17 | DEBUG    | save_data            | Combined to 8892 rows
2026-07-06 04:25:17 | DEBUG    | save_data            | Writing to temporary file...
2026-07-06 04:25:18 | DEBUG    | save_data            | Data written to temp file: /home/runner/work/Thalorae-BackLioraen/Thalorae-BackLioraen/data/2026/07/tmp2yas3w4p.xlsx
2026-07-06 04:25:18 | DEBUG    | save_data            | Temp file moved to final location
2026-07-06 04:25:18 | INFO     | save_data            | ✅ Data saved successfully (8892 total rows, 669,029 bytes)
2026-07-06 04:25:18 | INFO     | run                  | ======================================================================
2026-07-06 04:25:18 | INFO     | run                  | 📊 EXECUTION SUMMARY:
2026-07-06 04:25:18 | INFO     | run                  |    ✅ Status: SUCCESS
2026-07-06 04:25:18 | INFO     | run                  |    - Rows processed: 494
2026-07-06 04:25:18 | INFO     | run                  |    - Unique symbols: 494
2026-07-06 04:25:18 | INFO     | run                  |    - Timestamp: 2026-07-06 09:25:09
2026-07-06 04:25:18 | INFO     | run                  |    - File: data/2026/07/2026-07-06.xlsx
2026-07-06 04:25:18 | INFO     | run                  | ======================================================================
2026-07-06 04:25:18 | DEBUG    | run                  | Sample data (first row):
2026-07-06 04:25:18 | DEBUG    | run                  | {'SYMBOL': 'TPLRF1', 'SECTOR': 836, 'LDCP': 10.6, 'OPEN': 10.7, 'HIGH': 11.13, 'LOW': 10.38, 'CURRENT': 10.6, 'CHANGE': -0.04, 'CHANGE (%)': nan, 'VOLUME': 72948993, 'YEAR': 2026, 'MONTH': 7, 'DAY': 6, 'HOUR': 9, 'MINUTE': 25, 'DATETIME': '2026-07-06 09:25'}
2026-07-06 04:25:18 | DEBUG    | close                | Session closed
2026-07-06 04:30:19 | INFO     | run                  | ======================================================================
2026-07-06 04:30:19 | INFO     | run                  | 🚀 MARKET DATA SCRAPER - SINGLE EXECUTION
2026-07-06 04:30:19 | INFO     | run                  | ======================================================================
2026-07-06 04:30:19 | INFO     | run                  | Execution Time: 2026-07-06 09:30:19 PKT
2026-07-06 04:30:19 | INFO     | run                  | Configuration:
2026-07-06 04:30:19 | INFO     | run                  |    - Timezone: Asia/Karachi
2026-07-06 04:30:19 | INFO     | run                  |    - Data directory: data
2026-07-06 04:30:19 | INFO     | run                  |    - Log directory: logs
2026-07-06 04:30:19 | INFO     | run                  |    - Excluded symbols: {'XT', 'XR', 'XD', 'XS'}
2026-07-06 04:30:19 | INFO     | run                  | ======================================================================
2026-07-06 04:30:19 | INFO     | fetch_data           | Fetching data (Attempt 1/3)...
2026-07-06 04:30:19 | DEBUG    | fetch_data           | Establishing session with https://dps.psx.com.pk/
2026-07-06 04:30:22 | DEBUG    | fetch_data           | Requesting data from https://dps.psx.com.pk/market-watch
2026-07-06 04:30:23 | DEBUG    | fetch_data           | Response status: 200
2026-07-06 04:30:23 | DEBUG    | fetch_data           | Response content type: text/html; charset=utf-8
2026-07-06 04:30:23 | DEBUG    | fetch_data           | Response size: 474248 bytes
2026-07-06 04:30:23 | INFO     | fetch_data           | ✅ Data fetched successfully (Status: 200)
2026-07-06 04:30:23 | DEBUG    | parse_json           | Attempting JSON parsing...
2026-07-06 04:30:23 | DEBUG    | parse_json           | Response preview: <table class="tbl" data-page-length="25"><thead class="tbl__head"><!-- tr--><!--   th(colspan="11")--><!--   th.center(colspan="2", style="width: 110px;") TOTAL BUY ORDERS--><!--   th.center(colspan="2", style="width: 110px;") TOTAL SELL ORDERS--><tr><th data-name="symbol">SYMBOL</th><th data-name="sector">SECTOR</th><th data-name="listed">LISTED IN</th><th class="right" data-name="ldcp">LDCP</th><th class="right" data-name="open">OPEN</th><th class="right" data-name="high">HIGH</th><th class="r
2026-07-06 04:30:23 | WARNING  | parse_json           | ⚠️ JSON parsing failed: Expecting value: line 1 column 1 (char 0)
2026-07-06 04:30:23 | INFO     | run                  | JSON parsing failed, trying HTML fallback...
2026-07-06 04:30:23 | INFO     | parse_html           | Attempting HTML fallback parsing...
2026-07-06 04:30:23 | DEBUG    | parse_html           | Found 1 table(s) in HTML
2026-07-06 04:30:23 | DEBUG    | parse_html           | Table columns: ['SYMBOL', 'SECTOR', 'LISTED IN', 'LDCP', 'OPEN', 'HIGH', 'LOW', 'CURRENT', 'CHANGE', 'CHANGE (%)', 'VOLUME']
2026-07-06 04:30:23 | DEBUG    | parse_html           | Table shape: (494, 11)
2026-07-06 04:30:23 | INFO     | parse_html           | ✅ HTML parsed successfully (494 rows)
2026-07-06 04:30:23 | INFO     | clean_data           | Cleaning data...
2026-07-06 04:30:23 | DEBUG    | clean_data           | Initial shape: (494, 11)
2026-07-06 04:30:23 | DEBUG    | clean_data           | Initial columns: ['SYMBOL', 'SECTOR', 'LISTED IN', 'LDCP', 'OPEN', 'HIGH', 'LOW', 'CURRENT', 'CHANGE', 'CHANGE (%)', 'VOLUME']
2026-07-06 04:30:23 | DEBUG    | clean_data           | Removed 'LISTED IN' column
2026-07-06 04:30:23 | DEBUG    | clean_data           | Converted LDCP from float64 to numeric
2026-07-06 04:30:23 | DEBUG    | clean_data           | Converted OPEN from float64 to numeric
2026-07-06 04:30:23 | DEBUG    | clean_data           | Converted HIGH from float64 to numeric
2026-07-06 04:30:23 | DEBUG    | clean_data           | Converted LOW from float64 to numeric
2026-07-06 04:30:23 | DEBUG    | clean_data           | Converted CURRENT from float64 to numeric
2026-07-06 04:30:23 | DEBUG    | clean_data           | Converted CHANGE from float64 to numeric
2026-07-06 04:30:23 | WARNING  | clean_data           | Column CHANGE (%): 494 values could not be converted to numeric
2026-07-06 04:30:23 | DEBUG    | clean_data           | Converted CHANGE (%) from str to numeric
2026-07-06 04:30:23 | DEBUG    | clean_data           | Converted VOLUME from int64 to numeric
2026-07-06 04:30:23 | INFO     | clean_data           | ✅ Data cleaned (494 rows, 16 columns)
2026-07-06 04:30:23 | DEBUG    | clean_data           | Final columns: ['SYMBOL', 'SECTOR', 'LDCP', 'OPEN', 'HIGH', 'LOW', 'CURRENT', 'CHANGE', 'CHANGE (%)', 'VOLUME', 'YEAR', 'MONTH', 'DAY', 'HOUR', 'MINUTE', 'DATETIME']
2026-07-06 04:30:23 | DEBUG    | get_file_path        | Generated file path: data/2026/07/2026-07-06.xlsx
2026-07-06 04:30:23 | INFO     | save_data            | Saving data to: data/2026/07/2026-07-06.xlsx
2026-07-06 04:30:23 | DEBUG    | _create_backup       | Backup created: data/2026/07/backups/2026-07-06_backup_20260706_043023.xlsx
2026-07-06 04:30:23 | DEBUG    | _cleanup_old_backups | Removed old backup: 2026-07-06_backup_20260706_040442.xlsx
2026-07-06 04:30:23 | DEBUG    | save_data            | Existing file found, merging data...
2026-07-06 04:30:24 | DEBUG    | save_data            | Loaded 8892 existing rows
2026-07-06 04:30:24 | DEBUG    | save_data            | Combined to 9386 rows
2026-07-06 04:30:24 | DEBUG    | save_data            | Writing to temporary file...
2026-07-06 04:30:26 | DEBUG    | save_data            | Data written to temp file: /home/runner/work/Thalorae-BackLioraen/Thalorae-BackLioraen/data/2026/07/tmpjq3_29hn.xlsx
2026-07-06 04:30:26 | DEBUG    | save_data            | Temp file moved to final location
2026-07-06 04:30:26 | INFO     | save_data            | ✅ Data saved successfully (9386 total rows, 705,973 bytes)
2026-07-06 04:30:26 | INFO     | run                  | ======================================================================
2026-07-06 04:30:26 | INFO     | run                  | 📊 EXECUTION SUMMARY:
2026-07-06 04:30:26 | INFO     | run                  |    ✅ Status: SUCCESS
2026-07-06 04:30:26 | INFO     | run                  |    - Rows processed: 494
2026-07-06 04:30:26 | INFO     | run                  |    - Unique symbols: 494
2026-07-06 04:30:26 | INFO     | run                  |    - Timestamp: 2026-07-06 09:30:19
2026-07-06 04:30:26 | INFO     | run                  |    - File: data/2026/07/2026-07-06.xlsx
2026-07-06 04:30:26 | INFO     | run                  | ======================================================================
2026-07-06 04:30:26 | DEBUG    | run                  | Sample data (first row):
2026-07-06 04:30:26 | DEBUG    | run                  | {'SYMBOL': 'TPLRF1', 'SECTOR': 836, 'LDCP': 10.6, 'OPEN': 10.7, 'HIGH': 11.13, 'LOW': 10.38, 'CURRENT': 10.6, 'CHANGE': -0.04, 'CHANGE (%)': nan, 'VOLUME': 72948993, 'YEAR': 2026, 'MONTH': 7, 'DAY': 6, 'HOUR': 9, 'MINUTE': 30, 'DATETIME': '2026-07-06 09:30'}
2026-07-06 04:30:26 | DEBUG    | close                | Session closed
2026-07-06 04:35:26 | INFO     | run                  | ======================================================================
2026-07-06 04:35:26 | INFO     | run                  | 🚀 MARKET DATA SCRAPER - SINGLE EXECUTION
2026-07-06 04:35:26 | INFO     | run                  | ======================================================================
2026-07-06 04:35:26 | INFO     | run                  | Execution Time: 2026-07-06 09:35:26 PKT
2026-07-06 04:35:26 | INFO     | run                  | Configuration:
2026-07-06 04:35:26 | INFO     | run                  |    - Timezone: Asia/Karachi
2026-07-06 04:35:26 | INFO     | run                  |    - Data directory: data
2026-07-06 04:35:26 | INFO     | run                  |    - Log directory: logs
2026-07-06 04:35:26 | INFO     | run                  |    - Excluded symbols: {'XT', 'XS', 'XR', 'XD'}
2026-07-06 04:35:26 | INFO     | run                  | ======================================================================
2026-07-06 04:35:26 | INFO     | fetch_data           | Fetching data (Attempt 1/3)...
2026-07-06 04:35:26 | DEBUG    | fetch_data           | Establishing session with https://dps.psx.com.pk/
2026-07-06 04:35:29 | DEBUG    | fetch_data           | Requesting data from https://dps.psx.com.pk/market-watch
2026-07-06 04:35:31 | DEBUG    | fetch_data           | Response status: 200
2026-07-06 04:35:31 | DEBUG    | fetch_data           | Response content type: text/html; charset=utf-8
2026-07-06 04:35:31 | DEBUG    | fetch_data           | Response size: 332996 bytes
2026-07-06 04:35:31 | INFO     | fetch_data           | ✅ Data fetched successfully (Status: 200)
2026-07-06 04:35:31 | DEBUG    | parse_json           | Attempting JSON parsing...
2026-07-06 04:35:31 | DEBUG    | parse_json           | Response preview: <table class="tbl" data-page-length="25"><thead class="tbl__head"><!-- tr--><!--   th(colspan="11")--><!--   th.center(colspan="2", style="width: 110px;") TOTAL BUY ORDERS--><!--   th.center(colspan="2", style="width: 110px;") TOTAL SELL ORDERS--><tr><th data-name="symbol">SYMBOL</th><th data-name="sector">SECTOR</th><th data-name="listed">LISTED IN</th><th class="right" data-name="ldcp">LDCP</th><th class="right" data-name="open">OPEN</th><th class="right" data-name="high">HIGH</th><th class="r
2026-07-06 04:35:31 | WARNING  | parse_json           | ⚠️ JSON parsing failed: Expecting value: line 1 column 1 (char 0)
2026-07-06 04:35:31 | INFO     | run                  | JSON parsing failed, trying HTML fallback...
2026-07-06 04:35:31 | INFO     | parse_html           | Attempting HTML fallback parsing...
2026-07-06 04:35:31 | DEBUG    | parse_html           | Found 1 table(s) in HTML
2026-07-06 04:35:31 | DEBUG    | parse_html           | Table columns: ['SYMBOL', 'SECTOR', 'LISTED IN', 'LDCP', 'OPEN', 'HIGH', 'LOW', 'CURRENT', 'CHANGE', 'CHANGE (%)', 'VOLUME']
2026-07-06 04:35:31 | DEBUG    | parse_html           | Table shape: (349, 11)
2026-07-06 04:35:31 | INFO     | parse_html           | ✅ HTML parsed successfully (349 rows)
2026-07-06 04:35:31 | INFO     | clean_data           | Cleaning data...
2026-07-06 04:35:31 | DEBUG    | clean_data           | Initial shape: (349, 11)
2026-07-06 04:35:31 | DEBUG    | clean_data           | Initial columns: ['SYMBOL', 'SECTOR', 'LISTED IN', 'LDCP', 'OPEN', 'HIGH', 'LOW', 'CURRENT', 'CHANGE', 'CHANGE (%)', 'VOLUME']
2026-07-06 04:35:31 | DEBUG    | clean_data           | Removed 'LISTED IN' column
2026-07-06 04:35:31 | DEBUG    | clean_data           | Converted LDCP from float64 to numeric
2026-07-06 04:35:31 | DEBUG    | clean_data           | Converted OPEN from float64 to numeric
2026-07-06 04:35:31 | DEBUG    | clean_data           | Converted HIGH from float64 to numeric
2026-07-06 04:35:31 | DEBUG    | clean_data           | Converted LOW from float64 to numeric
2026-07-06 04:35:31 | DEBUG    | clean_data           | Converted CURRENT from float64 to numeric
2026-07-06 04:35:31 | DEBUG    | clean_data           | Converted CHANGE from float64 to numeric
2026-07-06 04:35:31 | WARNING  | clean_data           | Column CHANGE (%): 349 values could not be converted to numeric
2026-07-06 04:35:31 | DEBUG    | clean_data           | Converted CHANGE (%) from str to numeric
2026-07-06 04:35:31 | DEBUG    | clean_data           | Converted VOLUME from int64 to numeric
2026-07-06 04:35:31 | INFO     | clean_data           | ✅ Data cleaned (349 rows, 16 columns)
2026-07-06 04:35:31 | DEBUG    | clean_data           | Final columns: ['SYMBOL', 'SECTOR', 'LDCP', 'OPEN', 'HIGH', 'LOW', 'CURRENT', 'CHANGE', 'CHANGE (%)', 'VOLUME', 'YEAR', 'MONTH', 'DAY', 'HOUR', 'MINUTE', 'DATETIME']
2026-07-06 04:35:31 | DEBUG    | get_file_path        | Generated file path: data/2026/07/2026-07-06.xlsx
2026-07-06 04:35:31 | INFO     | save_data            | Saving data to: data/2026/07/2026-07-06.xlsx
2026-07-06 04:35:31 | DEBUG    | _create_backup       | Backup created: data/2026/07/backups/2026-07-06_backup_20260706_043531.xlsx
2026-07-06 04:35:31 | DEBUG    | _cleanup_old_backups | Removed old backup: 2026-07-06_backup_20260706_040949.xlsx
2026-07-06 04:35:31 | DEBUG    | save_data            | Existing file found, merging data...
2026-07-06 04:35:32 | DEBUG    | save_data            | Loaded 9386 existing rows
2026-07-06 04:35:32 | DEBUG    | save_data            | Combined to 9735 rows
2026-07-06 04:35:32 | DEBUG    | save_data            | Writing to temporary file...
2026-07-06 04:35:34 | DEBUG    | save_data            | Data written to temp file: /home/runner/work/Thalorae-BackLioraen/Thalorae-BackLioraen/data/2026/07/tmpdy0ka1kz.xlsx
2026-07-06 04:35:34 | DEBUG    | save_data            | Temp file moved to final location
2026-07-06 04:35:34 | INFO     | save_data            | ✅ Data saved successfully (9735 total rows, 730,552 bytes)
2026-07-06 04:35:34 | INFO     | run                  | ======================================================================
2026-07-06 04:35:34 | INFO     | run                  | 📊 EXECUTION SUMMARY:
2026-07-06 04:35:34 | INFO     | run                  |    ✅ Status: SUCCESS
2026-07-06 04:35:34 | INFO     | run                  |    - Rows processed: 349
2026-07-06 04:35:34 | INFO     | run                  |    - Unique symbols: 349
2026-07-06 04:35:34 | INFO     | run                  |    - Timestamp: 2026-07-06 09:35:26
2026-07-06 04:35:34 | INFO     | run                  |    - File: data/2026/07/2026-07-06.xlsx
2026-07-06 04:35:34 | INFO     | run                  | ======================================================================
2026-07-06 04:35:34 | DEBUG    | run                  | Sample data (first row):
2026-07-06 04:35:34 | DEBUG    | run                  | {'SYMBOL': 'TPLP', 'SECTOR': 838, 'LDCP': 11.64, 'OPEN': 11.87, 'HIGH': 12.15, 'LOW': 11.87, 'CURRENT': 11.96, 'CHANGE': 0.32, 'CHANGE (%)': nan, 'VOLUME': 5654533, 'YEAR': 2026, 'MONTH': 7, 'DAY': 6, 'HOUR': 9, 'MINUTE': 35, 'DATETIME': '2026-07-06 09:35'}
2026-07-06 04:35:34 | DEBUG    | close                | Session closed
2026-07-06 04:40:35 | INFO     | run                  | ======================================================================
2026-07-06 04:40:35 | INFO     | run                  | 🚀 MARKET DATA SCRAPER - SINGLE EXECUTION
2026-07-06 04:40:35 | INFO     | run                  | ======================================================================
2026-07-06 04:40:35 | INFO     | run                  | Execution Time: 2026-07-06 09:40:35 PKT
2026-07-06 04:40:35 | INFO     | run                  | Configuration:
2026-07-06 04:40:35 | INFO     | run                  |    - Timezone: Asia/Karachi
2026-07-06 04:40:35 | INFO     | run                  |    - Data directory: data
2026-07-06 04:40:35 | INFO     | run                  |    - Log directory: logs
2026-07-06 04:40:35 | INFO     | run                  |    - Excluded symbols: {'XD', 'XS', 'XT', 'XR'}
2026-07-06 04:40:35 | INFO     | run                  | ======================================================================
2026-07-06 04:40:35 | INFO     | fetch_data           | Fetching data (Attempt 1/3)...
2026-07-06 04:40:35 | DEBUG    | fetch_data           | Establishing session with https://dps.psx.com.pk/
2026-07-06 04:40:38 | DEBUG    | fetch_data           | Requesting data from https://dps.psx.com.pk/market-watch
2026-07-06 04:40:39 | DEBUG    | fetch_data           | Response status: 200
2026-07-06 04:40:39 | DEBUG    | fetch_data           | Response content type: text/html; charset=utf-8
2026-07-06 04:40:39 | DEBUG    | fetch_data           | Response size: 366033 bytes
2026-07-06 04:40:39 | INFO     | fetch_data           | ✅ Data fetched successfully (Status: 200)
2026-07-06 04:40:39 | DEBUG    | parse_json           | Attempting JSON parsing...
2026-07-06 04:40:39 | DEBUG    | parse_json           | Response preview: <table class="tbl" data-page-length="25"><thead class="tbl__head"><!-- tr--><!--   th(colspan="11")--><!--   th.center(colspan="2", style="width: 110px;") TOTAL BUY ORDERS--><!--   th.center(colspan="2", style="width: 110px;") TOTAL SELL ORDERS--><tr><th data-name="symbol">SYMBOL</th><th data-name="sector">SECTOR</th><th data-name="listed">LISTED IN</th><th class="right" data-name="ldcp">LDCP</th><th class="right" data-name="open">OPEN</th><th class="right" data-name="high">HIGH</th><th class="r
2026-07-06 04:40:39 | WARNING  | parse_json           | ⚠️ JSON parsing failed: Expecting value: line 1 column 1 (char 0)
2026-07-06 04:40:39 | INFO     | run                  | JSON parsing failed, trying HTML fallback...
2026-07-06 04:40:39 | INFO     | parse_html           | Attempting HTML fallback parsing...
2026-07-06 04:40:39 | DEBUG    | parse_html           | Found 1 table(s) in HTML
2026-07-06 04:40:39 | DEBUG    | parse_html           | Table columns: ['SYMBOL', 'SECTOR', 'LISTED IN', 'LDCP', 'OPEN', 'HIGH', 'LOW', 'CURRENT', 'CHANGE', 'CHANGE (%)', 'VOLUME']
2026-07-06 04:40:39 | DEBUG    | parse_html           | Table shape: (383, 11)
2026-07-06 04:40:39 | INFO     | parse_html           | ✅ HTML parsed successfully (383 rows)
2026-07-06 04:40:39 | INFO     | clean_data           | Cleaning data...
2026-07-06 04:40:39 | DEBUG    | clean_data           | Initial shape: (383, 11)
2026-07-06 04:40:39 | DEBUG    | clean_data           | Initial columns: ['SYMBOL', 'SECTOR', 'LISTED IN', 'LDCP', 'OPEN', 'HIGH', 'LOW', 'CURRENT', 'CHANGE', 'CHANGE (%)', 'VOLUME']
2026-07-06 04:40:39 | DEBUG    | clean_data           | Removed 'LISTED IN' column
2026-07-06 04:40:39 | DEBUG    | clean_data           | Converted LDCP from float64 to numeric
2026-07-06 04:40:39 | DEBUG    | clean_data           | Converted OPEN from float64 to numeric
2026-07-06 04:40:39 | DEBUG    | clean_data           | Converted HIGH from float64 to numeric
2026-07-06 04:40:39 | DEBUG    | clean_data           | Converted LOW from float64 to numeric
2026-07-06 04:40:39 | DEBUG    | clean_data           | Converted CURRENT from float64 to numeric
2026-07-06 04:40:39 | DEBUG    | clean_data           | Converted CHANGE from float64 to numeric
2026-07-06 04:40:39 | WARNING  | clean_data           | Column CHANGE (%): 383 values could not be converted to numeric
2026-07-06 04:40:39 | DEBUG    | clean_data           | Converted CHANGE (%) from str to numeric
2026-07-06 04:40:39 | DEBUG    | clean_data           | Converted VOLUME from int64 to numeric
2026-07-06 04:40:39 | INFO     | clean_data           | ✅ Data cleaned (383 rows, 16 columns)
2026-07-06 04:40:39 | DEBUG    | clean_data           | Final columns: ['SYMBOL', 'SECTOR', 'LDCP', 'OPEN', 'HIGH', 'LOW', 'CURRENT', 'CHANGE', 'CHANGE (%)', 'VOLUME', 'YEAR', 'MONTH', 'DAY', 'HOUR', 'MINUTE', 'DATETIME']
2026-07-06 04:40:39 | DEBUG    | get_file_path        | Generated file path: data/2026/07/2026-07-06.xlsx
2026-07-06 04:40:39 | INFO     | save_data            | Saving data to: data/2026/07/2026-07-06.xlsx
2026-07-06 04:40:39 | DEBUG    | _create_backup       | Backup created: data/2026/07/backups/2026-07-06_backup_20260706_044039.xlsx
2026-07-06 04:40:39 | DEBUG    | _cleanup_old_backups | Removed old backup: 2026-07-06_backup_20260706_041458.xlsx
2026-07-06 04:40:39 | DEBUG    | save_data            | Existing file found, merging data...
2026-07-06 04:40:40 | DEBUG    | save_data            | Loaded 9735 existing rows
2026-07-06 04:40:40 | DEBUG    | save_data            | Combined to 10118 rows
2026-07-06 04:40:40 | DEBUG    | save_data            | Writing to temporary file...
2026-07-06 04:40:42 | DEBUG    | save_data            | Data written to temp file: /home/runner/work/Thalorae-BackLioraen/Thalorae-BackLioraen/data/2026/07/tmpmjsja_hn.xlsx
2026-07-06 04:40:42 | DEBUG    | save_data            | Temp file moved to final location
2026-07-06 04:40:42 | INFO     | save_data            | ✅ Data saved successfully (10118 total rows, 758,156 bytes)
2026-07-06 04:40:42 | INFO     | run                  | ======================================================================
2026-07-06 04:40:42 | INFO     | run                  | 📊 EXECUTION SUMMARY:
2026-07-06 04:40:42 | INFO     | run                  |    ✅ Status: SUCCESS
2026-07-06 04:40:42 | INFO     | run                  |    - Rows processed: 383
2026-07-06 04:40:42 | INFO     | run                  |    - Unique symbols: 383
2026-07-06 04:40:42 | INFO     | run                  |    - Timestamp: 2026-07-06 09:40:35
2026-07-06 04:40:42 | INFO     | run                  |    - File: data/2026/07/2026-07-06.xlsx
2026-07-06 04:40:42 | INFO     | run                  | ======================================================================
2026-07-06 04:40:42 | DEBUG    | run                  | Sample data (first row):
2026-07-06 04:40:42 | DEBUG    | run                  | {'SYMBOL': 'TPLP', 'SECTOR': 838, 'LDCP': 11.64, 'OPEN': 11.87, 'HIGH': 12.15, 'LOW': 11.87, 'CURRENT': 12.02, 'CHANGE': 0.38, 'CHANGE (%)': nan, 'VOLUME': 7866785, 'YEAR': 2026, 'MONTH': 7, 'DAY': 6, 'HOUR': 9, 'MINUTE': 40, 'DATETIME': '2026-07-06 09:40'}
2026-07-06 04:40:42 | DEBUG    | close                | Session closed
2026-07-06 04:45:42 | INFO     | run                  | ======================================================================
2026-07-06 04:45:42 | INFO     | run                  | 🚀 MARKET DATA SCRAPER - SINGLE EXECUTION
2026-07-06 04:45:42 | INFO     | run                  | ======================================================================
2026-07-06 04:45:42 | INFO     | run                  | Execution Time: 2026-07-06 09:45:42 PKT
2026-07-06 04:45:42 | INFO     | run                  | Configuration:
2026-07-06 04:45:42 | INFO     | run                  |    - Timezone: Asia/Karachi
2026-07-06 04:45:42 | INFO     | run                  |    - Data directory: data
2026-07-06 04:45:42 | INFO     | run                  |    - Log directory: logs
2026-07-06 04:45:42 | INFO     | run                  |    - Excluded symbols: {'XT', 'XS', 'XD', 'XR'}
2026-07-06 04:45:42 | INFO     | run                  | ======================================================================
2026-07-06 04:45:42 | INFO     | fetch_data           | Fetching data (Attempt 1/3)...
2026-07-06 04:45:42 | DEBUG    | fetch_data           | Establishing session with https://dps.psx.com.pk/
2026-07-06 04:45:46 | DEBUG    | fetch_data           | Requesting data from https://dps.psx.com.pk/market-watch
2026-07-06 04:45:48 | DEBUG    | fetch_data           | Response status: 200
2026-07-06 04:45:48 | DEBUG    | fetch_data           | Response content type: text/html; charset=utf-8
2026-07-06 04:45:48 | DEBUG    | fetch_data           | Response size: 390175 bytes
2026-07-06 04:45:48 | INFO     | fetch_data           | ✅ Data fetched successfully (Status: 200)
2026-07-06 04:45:48 | DEBUG    | parse_json           | Attempting JSON parsing...
2026-07-06 04:45:48 | DEBUG    | parse_json           | Response preview: <table class="tbl" data-page-length="25"><thead class="tbl__head"><!-- tr--><!--   th(colspan="11")--><!--   th.center(colspan="2", style="width: 110px;") TOTAL BUY ORDERS--><!--   th.center(colspan="2", style="width: 110px;") TOTAL SELL ORDERS--><tr><th data-name="symbol">SYMBOL</th><th data-name="sector">SECTOR</th><th data-name="listed">LISTED IN</th><th class="right" data-name="ldcp">LDCP</th><th class="right" data-name="open">OPEN</th><th class="right" data-name="high">HIGH</th><th class="r
2026-07-06 04:45:48 | WARNING  | parse_json           | ⚠️ JSON parsing failed: Expecting value: line 1 column 1 (char 0)
2026-07-06 04:45:48 | INFO     | run                  | JSON parsing failed, trying HTML fallback...
2026-07-06 04:45:48 | INFO     | parse_html           | Attempting HTML fallback parsing...
2026-07-06 04:45:48 | DEBUG    | parse_html           | Found 1 table(s) in HTML
2026-07-06 04:45:48 | DEBUG    | parse_html           | Table columns: ['SYMBOL', 'SECTOR', 'LISTED IN', 'LDCP', 'OPEN', 'HIGH', 'LOW', 'CURRENT', 'CHANGE', 'CHANGE (%)', 'VOLUME']
2026-07-06 04:45:48 | DEBUG    | parse_html           | Table shape: (408, 11)
2026-07-06 04:45:48 | INFO     | parse_html           | ✅ HTML parsed successfully (408 rows)
2026-07-06 04:45:48 | INFO     | clean_data           | Cleaning data...
2026-07-06 04:45:48 | DEBUG    | clean_data           | Initial shape: (408, 11)
2026-07-06 04:45:48 | DEBUG    | clean_data           | Initial columns: ['SYMBOL', 'SECTOR', 'LISTED IN', 'LDCP', 'OPEN', 'HIGH', 'LOW', 'CURRENT', 'CHANGE', 'CHANGE (%)', 'VOLUME']
2026-07-06 04:45:48 | DEBUG    | clean_data           | Removed 'LISTED IN' column
2026-07-06 04:45:48 | DEBUG    | clean_data           | Converted LDCP from float64 to numeric
2026-07-06 04:45:48 | DEBUG    | clean_data           | Converted OPEN from float64 to numeric
2026-07-06 04:45:48 | DEBUG    | clean_data           | Converted HIGH from float64 to numeric
2026-07-06 04:45:48 | DEBUG    | clean_data           | Converted LOW from float64 to numeric
2026-07-06 04:45:48 | DEBUG    | clean_data           | Converted CURRENT from float64 to numeric
2026-07-06 04:45:48 | DEBUG    | clean_data           | Converted CHANGE from float64 to numeric
2026-07-06 04:45:48 | WARNING  | clean_data           | Column CHANGE (%): 408 values could not be converted to numeric
2026-07-06 04:45:48 | DEBUG    | clean_data           | Converted CHANGE (%) from str to numeric
2026-07-06 04:45:48 | DEBUG    | clean_data           | Converted VOLUME from int64 to numeric
2026-07-06 04:45:48 | INFO     | clean_data           | ✅ Data cleaned (408 rows, 16 columns)
2026-07-06 04:45:48 | DEBUG    | clean_data           | Final columns: ['SYMBOL', 'SECTOR', 'LDCP', 'OPEN', 'HIGH', 'LOW', 'CURRENT', 'CHANGE', 'CHANGE (%)', 'VOLUME', 'YEAR', 'MONTH', 'DAY', 'HOUR', 'MINUTE', 'DATETIME']
2026-07-06 04:45:48 | DEBUG    | get_file_path        | Generated file path: data/2026/07/2026-07-06.xlsx
2026-07-06 04:45:48 | INFO     | save_data            | Saving data to: data/2026/07/2026-07-06.xlsx
2026-07-06 04:45:48 | DEBUG    | _create_backup       | Backup created: data/2026/07/backups/2026-07-06_backup_20260706_044548.xlsx
2026-07-06 04:45:48 | DEBUG    | _cleanup_old_backups | Removed old backup: 2026-07-06_backup_20260706_042007.xlsx
2026-07-06 04:45:48 | DEBUG    | save_data            | Existing file found, merging data...
2026-07-06 04:45:49 | DEBUG    | save_data            | Loaded 10118 existing rows
2026-07-06 04:45:49 | DEBUG    | save_data            | Combined to 10526 rows
2026-07-06 04:45:49 | DEBUG    | save_data            | Writing to temporary file...
2026-07-06 04:45:51 | DEBUG    | save_data            | Data written to temp file: /home/runner/work/Thalorae-BackLioraen/Thalorae-BackLioraen/data/2026/07/tmp7lqx5taq.xlsx
2026-07-06 04:45:51 | DEBUG    | save_data            | Temp file moved to final location
2026-07-06 04:45:51 | INFO     | save_data            | ✅ Data saved successfully (10526 total rows, 787,669 bytes)
2026-07-06 04:45:51 | INFO     | run                  | ======================================================================
2026-07-06 04:45:51 | INFO     | run                  | 📊 EXECUTION SUMMARY:
2026-07-06 04:45:51 | INFO     | run                  |    ✅ Status: SUCCESS
2026-07-06 04:45:51 | INFO     | run                  |    - Rows processed: 408
2026-07-06 04:45:51 | INFO     | run                  |    - Unique symbols: 408
2026-07-06 04:45:51 | INFO     | run                  |    - Timestamp: 2026-07-06 09:45:42
2026-07-06 04:45:51 | INFO     | run                  |    - File: data/2026/07/2026-07-06.xlsx
2026-07-06 04:45:51 | INFO     | run                  | ======================================================================
2026-07-06 04:45:51 | DEBUG    | run                  | Sample data (first row):
2026-07-06 04:45:51 | DEBUG    | run                  | {'SYMBOL': 'TPLP', 'SECTOR': 838, 'LDCP': 11.64, 'OPEN': 11.87, 'HIGH': 12.15, 'LOW': 11.87, 'CURRENT': 12.02, 'CHANGE': 0.38, 'CHANGE (%)': nan, 'VOLUME': 8746643, 'YEAR': 2026, 'MONTH': 7, 'DAY': 6, 'HOUR': 9, 'MINUTE': 45, 'DATETIME': '2026-07-06 09:45'}
2026-07-06 04:45:51 | DEBUG    | close                | Session closed
2026-07-06 04:50:51 | INFO     | run                  | ======================================================================
2026-07-06 04:50:51 | INFO     | run                  | 🚀 MARKET DATA SCRAPER - SINGLE EXECUTION
2026-07-06 04:50:51 | INFO     | run                  | ======================================================================
2026-07-06 04:50:51 | INFO     | run                  | Execution Time: 2026-07-06 09:50:51 PKT
2026-07-06 04:50:51 | INFO     | run                  | Configuration:
2026-07-06 04:50:51 | INFO     | run                  |    - Timezone: Asia/Karachi
2026-07-06 04:50:51 | INFO     | run                  |    - Data directory: data
2026-07-06 04:50:51 | INFO     | run                  |    - Log directory: logs
2026-07-06 04:50:51 | INFO     | run                  |    - Excluded symbols: {'XR', 'XS', 'XD', 'XT'}
2026-07-06 04:50:51 | INFO     | run                  | ======================================================================
2026-07-06 04:50:51 | INFO     | fetch_data           | Fetching data (Attempt 1/3)...
2026-07-06 04:50:51 | DEBUG    | fetch_data           | Establishing session with https://dps.psx.com.pk/
2026-07-06 04:50:56 | DEBUG    | fetch_data           | Requesting data from https://dps.psx.com.pk/market-watch
2026-07-06 04:50:57 | DEBUG    | fetch_data           | Response status: 200
2026-07-06 04:50:57 | DEBUG    | fetch_data           | Response content type: text/html; charset=utf-8
2026-07-06 04:50:57 | DEBUG    | fetch_data           | Response size: 406522 bytes
2026-07-06 04:50:57 | INFO     | fetch_data           | ✅ Data fetched successfully (Status: 200)
2026-07-06 04:50:57 | DEBUG    | parse_json           | Attempting JSON parsing...
2026-07-06 04:50:57 | DEBUG    | parse_json           | Response preview: <table class="tbl" data-page-length="25"><thead class="tbl__head"><!-- tr--><!--   th(colspan="11")--><!--   th.center(colspan="2", style="width: 110px;") TOTAL BUY ORDERS--><!--   th.center(colspan="2", style="width: 110px;") TOTAL SELL ORDERS--><tr><th data-name="symbol">SYMBOL</th><th data-name="sector">SECTOR</th><th data-name="listed">LISTED IN</th><th class="right" data-name="ldcp">LDCP</th><th class="right" data-name="open">OPEN</th><th class="right" data-name="high">HIGH</th><th class="r
2026-07-06 04:50:57 | WARNING  | parse_json           | ⚠️ JSON parsing failed: Expecting value: line 1 column 1 (char 0)
2026-07-06 04:50:57 | INFO     | run                  | JSON parsing failed, trying HTML fallback...
2026-07-06 04:50:57 | INFO     | parse_html           | Attempting HTML fallback parsing...
2026-07-06 04:50:57 | DEBUG    | parse_html           | Found 1 table(s) in HTML
2026-07-06 04:50:57 | DEBUG    | parse_html           | Table columns: ['SYMBOL', 'SECTOR', 'LISTED IN', 'LDCP', 'OPEN', 'HIGH', 'LOW', 'CURRENT', 'CHANGE', 'CHANGE (%)', 'VOLUME']
2026-07-06 04:50:57 | DEBUG    | parse_html           | Table shape: (425, 11)
2026-07-06 04:50:57 | INFO     | parse_html           | ✅ HTML parsed successfully (425 rows)
2026-07-06 04:50:57 | INFO     | clean_data           | Cleaning data...
2026-07-06 04:50:57 | DEBUG    | clean_data           | Initial shape: (425, 11)
2026-07-06 04:50:57 | DEBUG    | clean_data           | Initial columns: ['SYMBOL', 'SECTOR', 'LISTED IN', 'LDCP', 'OPEN', 'HIGH', 'LOW', 'CURRENT', 'CHANGE', 'CHANGE (%)', 'VOLUME']
2026-07-06 04:50:57 | DEBUG    | clean_data           | Removed 'LISTED IN' column
2026-07-06 04:50:57 | DEBUG    | clean_data           | Converted LDCP from float64 to numeric
2026-07-06 04:50:57 | DEBUG    | clean_data           | Converted OPEN from float64 to numeric
2026-07-06 04:50:57 | DEBUG    | clean_data           | Converted HIGH from float64 to numeric
2026-07-06 04:50:57 | DEBUG    | clean_data           | Converted LOW from float64 to numeric
2026-07-06 04:50:57 | DEBUG    | clean_data           | Converted CURRENT from float64 to numeric
2026-07-06 04:50:57 | DEBUG    | clean_data           | Converted CHANGE from float64 to numeric
2026-07-06 04:50:57 | WARNING  | clean_data           | Column CHANGE (%): 425 values could not be converted to numeric
2026-07-06 04:50:57 | DEBUG    | clean_data           | Converted CHANGE (%) from str to numeric
2026-07-06 04:50:57 | DEBUG    | clean_data           | Converted VOLUME from int64 to numeric
2026-07-06 04:50:57 | INFO     | clean_data           | ✅ Data cleaned (425 rows, 16 columns)
2026-07-06 04:50:57 | DEBUG    | clean_data           | Final columns: ['SYMBOL', 'SECTOR', 'LDCP', 'OPEN', 'HIGH', 'LOW', 'CURRENT', 'CHANGE', 'CHANGE (%)', 'VOLUME', 'YEAR', 'MONTH', 'DAY', 'HOUR', 'MINUTE', 'DATETIME']
2026-07-06 04:50:57 | DEBUG    | get_file_path        | Generated file path: data/2026/07/2026-07-06.xlsx
2026-07-06 04:50:57 | INFO     | save_data            | Saving data to: data/2026/07/2026-07-06.xlsx
2026-07-06 04:50:57 | DEBUG    | _create_backup       | Backup created: data/2026/07/backups/2026-07-06_backup_20260706_045057.xlsx
2026-07-06 04:50:57 | DEBUG    | _cleanup_old_backups | Removed old backup: 2026-07-06_backup_20260706_042516.xlsx
2026-07-06 04:50:57 | DEBUG    | save_data            | Existing file found, merging data...
2026-07-06 04:50:58 | DEBUG    | save_data            | Loaded 10526 existing rows
2026-07-06 04:50:58 | DEBUG    | save_data            | Combined to 10951 rows
2026-07-06 04:50:58 | DEBUG    | save_data            | Writing to temporary file...
2026-07-06 04:51:00 | DEBUG    | save_data            | Data written to temp file: /home/runner/work/Thalorae-BackLioraen/Thalorae-BackLioraen/data/2026/07/tmp3x2qaonm.xlsx
2026-07-06 04:51:00 | DEBUG    | save_data            | Temp file moved to final location
2026-07-06 04:51:00 | INFO     | save_data            | ✅ Data saved successfully (10951 total rows, 818,514 bytes)
2026-07-06 04:51:00 | INFO     | run                  | ======================================================================
2026-07-06 04:51:00 | INFO     | run                  | 📊 EXECUTION SUMMARY:
2026-07-06 04:51:00 | INFO     | run                  |    ✅ Status: SUCCESS
2026-07-06 04:51:00 | INFO     | run                  |    - Rows processed: 425
2026-07-06 04:51:00 | INFO     | run                  |    - Unique symbols: 425
2026-07-06 04:51:00 | INFO     | run                  |    - Timestamp: 2026-07-06 09:50:51
2026-07-06 04:51:00 | INFO     | run                  |    - File: data/2026/07/2026-07-06.xlsx
2026-07-06 04:51:00 | INFO     | run                  | ======================================================================
2026-07-06 04:51:00 | DEBUG    | run                  | Sample data (first row):
2026-07-06 04:51:00 | DEBUG    | run                  | {'SYMBOL': 'TPLP', 'SECTOR': 838, 'LDCP': 11.64, 'OPEN': 11.87, 'HIGH': 12.34, 'LOW': 11.87, 'CURRENT': 12.25, 'CHANGE': 0.61, 'CHANGE (%)': nan, 'VOLUME': 15486788, 'YEAR': 2026, 'MONTH': 7, 'DAY': 6, 'HOUR': 9, 'MINUTE': 50, 'DATETIME': '2026-07-06 09:50'}
2026-07-06 04:51:00 | DEBUG    | close                | Session closed
2026-07-06 04:56:01 | INFO     | run                  | ======================================================================
2026-07-06 04:56:01 | INFO     | run                  | 🚀 MARKET DATA SCRAPER - SINGLE EXECUTION
2026-07-06 04:56:01 | INFO     | run                  | ======================================================================
2026-07-06 04:56:01 | INFO     | run                  | Execution Time: 2026-07-06 09:56:01 PKT
2026-07-06 04:56:01 | INFO     | run                  | Configuration:
2026-07-06 04:56:01 | INFO     | run                  |    - Timezone: Asia/Karachi
2026-07-06 04:56:01 | INFO     | run                  |    - Data directory: data
2026-07-06 04:56:01 | INFO     | run                  |    - Log directory: logs
2026-07-06 04:56:01 | INFO     | run                  |    - Excluded symbols: {'XD', 'XR', 'XS', 'XT'}
2026-07-06 04:56:01 | INFO     | run                  | ======================================================================
2026-07-06 04:56:01 | INFO     | fetch_data           | Fetching data (Attempt 1/3)...
2026-07-06 04:56:01 | DEBUG    | fetch_data           | Establishing session with https://dps.psx.com.pk/
2026-07-06 04:56:04 | DEBUG    | fetch_data           | Requesting data from https://dps.psx.com.pk/market-watch
2026-07-06 04:56:05 | DEBUG    | fetch_data           | Response status: 200
2026-07-06 04:56:05 | DEBUG    | fetch_data           | Response content type: text/html; charset=utf-8
2026-07-06 04:56:05 | DEBUG    | fetch_data           | Response size: 414277 bytes
2026-07-06 04:56:05 | INFO     | fetch_data           | ✅ Data fetched successfully (Status: 200)
2026-07-06 04:56:05 | DEBUG    | parse_json           | Attempting JSON parsing...
2026-07-06 04:56:05 | DEBUG    | parse_json           | Response preview: <table class="tbl" data-page-length="25"><thead class="tbl__head"><!-- tr--><!--   th(colspan="11")--><!--   th.center(colspan="2", style="width: 110px;") TOTAL BUY ORDERS--><!--   th.center(colspan="2", style="width: 110px;") TOTAL SELL ORDERS--><tr><th data-name="symbol">SYMBOL</th><th data-name="sector">SECTOR</th><th data-name="listed">LISTED IN</th><th class="right" data-name="ldcp">LDCP</th><th class="right" data-name="open">OPEN</th><th class="right" data-name="high">HIGH</th><th class="r
2026-07-06 04:56:05 | WARNING  | parse_json           | ⚠️ JSON parsing failed: Expecting value: line 1 column 1 (char 0)
2026-07-06 04:56:05 | INFO     | run                  | JSON parsing failed, trying HTML fallback...
2026-07-06 04:56:05 | INFO     | parse_html           | Attempting HTML fallback parsing...
2026-07-06 04:56:05 | DEBUG    | parse_html           | Found 1 table(s) in HTML
2026-07-06 04:56:05 | DEBUG    | parse_html           | Table columns: ['SYMBOL', 'SECTOR', 'LISTED IN', 'LDCP', 'OPEN', 'HIGH', 'LOW', 'CURRENT', 'CHANGE', 'CHANGE (%)', 'VOLUME']
2026-07-06 04:56:05 | DEBUG    | parse_html           | Table shape: (433, 11)
2026-07-06 04:56:05 | INFO     | parse_html           | ✅ HTML parsed successfully (433 rows)
2026-07-06 04:56:05 | INFO     | clean_data           | Cleaning data...
2026-07-06 04:56:05 | DEBUG    | clean_data           | Initial shape: (433, 11)
2026-07-06 04:56:05 | DEBUG    | clean_data           | Initial columns: ['SYMBOL', 'SECTOR', 'LISTED IN', 'LDCP', 'OPEN', 'HIGH', 'LOW', 'CURRENT', 'CHANGE', 'CHANGE (%)', 'VOLUME']
2026-07-06 04:56:05 | DEBUG    | clean_data           | Removed 'LISTED IN' column
2026-07-06 04:56:05 | DEBUG    | clean_data           | Converted LDCP from float64 to numeric
2026-07-06 04:56:05 | DEBUG    | clean_data           | Converted OPEN from float64 to numeric
2026-07-06 04:56:05 | DEBUG    | clean_data           | Converted HIGH from float64 to numeric
2026-07-06 04:56:05 | DEBUG    | clean_data           | Converted LOW from float64 to numeric
2026-07-06 04:56:05 | DEBUG    | clean_data           | Converted CURRENT from float64 to numeric
2026-07-06 04:56:05 | DEBUG    | clean_data           | Converted CHANGE from float64 to numeric
2026-07-06 04:56:05 | WARNING  | clean_data           | Column CHANGE (%): 433 values could not be converted to numeric
2026-07-06 04:56:05 | DEBUG    | clean_data           | Converted CHANGE (%) from str to numeric
2026-07-06 04:56:05 | DEBUG    | clean_data           | Converted VOLUME from int64 to numeric
2026-07-06 04:56:05 | INFO     | clean_data           | ✅ Data cleaned (433 rows, 16 columns)
2026-07-06 04:56:05 | DEBUG    | clean_data           | Final columns: ['SYMBOL', 'SECTOR', 'LDCP', 'OPEN', 'HIGH', 'LOW', 'CURRENT', 'CHANGE', 'CHANGE (%)', 'VOLUME', 'YEAR', 'MONTH', 'DAY', 'HOUR', 'MINUTE', 'DATETIME']
2026-07-06 04:56:05 | DEBUG    | get_file_path        | Generated file path: data/2026/07/2026-07-06.xlsx
2026-07-06 04:56:05 | INFO     | save_data            | Saving data to: data/2026/07/2026-07-06.xlsx
2026-07-06 04:56:05 | DEBUG    | _create_backup       | Backup created: data/2026/07/backups/2026-07-06_backup_20260706_045605.xlsx
2026-07-06 04:56:05 | DEBUG    | _cleanup_old_backups | Removed old backup: 2026-07-06_backup_20260706_043023.xlsx
2026-07-06 04:56:05 | DEBUG    | save_data            | Existing file found, merging data...
2026-07-06 04:56:06 | DEBUG    | save_data            | Loaded 10951 existing rows
2026-07-06 04:56:06 | DEBUG    | save_data            | Combined to 11384 rows
2026-07-06 04:56:06 | DEBUG    | save_data            | Writing to temporary file...
2026-07-06 04:56:09 | DEBUG    | save_data            | Data written to temp file: /home/runner/work/Thalorae-BackLioraen/Thalorae-BackLioraen/data/2026/07/tmp_vjc7_i0.xlsx
2026-07-06 04:56:09 | DEBUG    | save_data            | Temp file moved to final location
2026-07-06 04:56:09 | INFO     | save_data            | ✅ Data saved successfully (11384 total rows, 850,142 bytes)
2026-07-06 04:56:09 | INFO     | run                  | ======================================================================
2026-07-06 04:56:09 | INFO     | run                  | 📊 EXECUTION SUMMARY:
2026-07-06 04:56:09 | INFO     | run                  |    ✅ Status: SUCCESS
2026-07-06 04:56:09 | INFO     | run                  |    - Rows processed: 433
2026-07-06 04:56:09 | INFO     | run                  |    - Unique symbols: 433
2026-07-06 04:56:09 | INFO     | run                  |    - Timestamp: 2026-07-06 09:56:01
2026-07-06 04:56:09 | INFO     | run                  |    - File: data/2026/07/2026-07-06.xlsx
2026-07-06 04:56:09 | INFO     | run                  | ======================================================================
2026-07-06 04:56:09 | DEBUG    | run                  | Sample data (first row):
2026-07-06 04:56:09 | DEBUG    | run                  | {'SYMBOL': 'TPLP', 'SECTOR': 838, 'LDCP': 11.64, 'OPEN': 11.87, 'HIGH': 12.5, 'LOW': 11.87, 'CURRENT': 12.27, 'CHANGE': 0.63, 'CHANGE (%)': nan, 'VOLUME': 23924642, 'YEAR': 2026, 'MONTH': 7, 'DAY': 6, 'HOUR': 9, 'MINUTE': 56, 'DATETIME': '2026-07-06 09:56'}
2026-07-06 04:56:09 | DEBUG    | close                | Session closed
2026-07-06 05:01:09 | INFO     | run                  | ======================================================================
2026-07-06 05:01:09 | INFO     | run                  | 🚀 MARKET DATA SCRAPER - SINGLE EXECUTION
2026-07-06 05:01:09 | INFO     | run                  | ======================================================================
2026-07-06 05:01:09 | INFO     | run                  | Execution Time: 2026-07-06 10:01:09 PKT
2026-07-06 05:01:09 | INFO     | run                  | Configuration:
2026-07-06 05:01:09 | INFO     | run                  |    - Timezone: Asia/Karachi
2026-07-06 05:01:09 | INFO     | run                  |    - Data directory: data
2026-07-06 05:01:09 | INFO     | run                  |    - Log directory: logs
2026-07-06 05:01:09 | INFO     | run                  |    - Excluded symbols: {'XS', 'XR', 'XD', 'XT'}
2026-07-06 05:01:09 | INFO     | run                  | ======================================================================
2026-07-06 05:01:09 | INFO     | fetch_data           | Fetching data (Attempt 1/3)...
2026-07-06 05:01:09 | DEBUG    | fetch_data           | Establishing session with https://dps.psx.com.pk/
2026-07-06 05:01:12 | DEBUG    | fetch_data           | Requesting data from https://dps.psx.com.pk/market-watch
2026-07-06 05:01:15 | DEBUG    | fetch_data           | Response status: 200
2026-07-06 05:01:15 | DEBUG    | fetch_data           | Response content type: text/html; charset=utf-8
2026-07-06 05:01:15 | DEBUG    | fetch_data           | Response size: 418164 bytes
2026-07-06 05:01:15 | INFO     | fetch_data           | ✅ Data fetched successfully (Status: 200)
2026-07-06 05:01:15 | DEBUG    | parse_json           | Attempting JSON parsing...
2026-07-06 05:01:15 | DEBUG    | parse_json           | Response preview: <table class="tbl" data-page-length="25"><thead class="tbl__head"><!-- tr--><!--   th(colspan="11")--><!--   th.center(colspan="2", style="width: 110px;") TOTAL BUY ORDERS--><!--   th.center(colspan="2", style="width: 110px;") TOTAL SELL ORDERS--><tr><th data-name="symbol">SYMBOL</th><th data-name="sector">SECTOR</th><th data-name="listed">LISTED IN</th><th class="right" data-name="ldcp">LDCP</th><th class="right" data-name="open">OPEN</th><th class="right" data-name="high">HIGH</th><th class="r
2026-07-06 05:01:15 | WARNING  | parse_json           | ⚠️ JSON parsing failed: Expecting value: line 1 column 1 (char 0)
2026-07-06 05:01:15 | INFO     | run                  | JSON parsing failed, trying HTML fallback...
2026-07-06 05:01:15 | INFO     | parse_html           | Attempting HTML fallback parsing...
2026-07-06 05:01:15 | DEBUG    | parse_html           | Found 1 table(s) in HTML
2026-07-06 05:01:15 | DEBUG    | parse_html           | Table columns: ['SYMBOL', 'SECTOR', 'LISTED IN', 'LDCP', 'OPEN', 'HIGH', 'LOW', 'CURRENT', 'CHANGE', 'CHANGE (%)', 'VOLUME']
2026-07-06 05:01:15 | DEBUG    | parse_html           | Table shape: (437, 11)
2026-07-06 05:01:15 | INFO     | parse_html           | ✅ HTML parsed successfully (437 rows)
2026-07-06 05:01:15 | INFO     | clean_data           | Cleaning data...
2026-07-06 05:01:15 | DEBUG    | clean_data           | Initial shape: (437, 11)
2026-07-06 05:01:15 | DEBUG    | clean_data           | Initial columns: ['SYMBOL', 'SECTOR', 'LISTED IN', 'LDCP', 'OPEN', 'HIGH', 'LOW', 'CURRENT', 'CHANGE', 'CHANGE (%)', 'VOLUME']
2026-07-06 05:01:15 | DEBUG    | clean_data           | Removed 'LISTED IN' column
2026-07-06 05:01:15 | DEBUG    | clean_data           | Converted LDCP from float64 to numeric
2026-07-06 05:01:15 | DEBUG    | clean_data           | Converted OPEN from float64 to numeric
2026-07-06 05:01:15 | DEBUG    | clean_data           | Converted HIGH from float64 to numeric
2026-07-06 05:01:15 | DEBUG    | clean_data           | Converted LOW from float64 to numeric
2026-07-06 05:01:15 | DEBUG    | clean_data           | Converted CURRENT from float64 to numeric
2026-07-06 05:01:15 | DEBUG    | clean_data           | Converted CHANGE from float64 to numeric
2026-07-06 05:01:15 | WARNING  | clean_data           | Column CHANGE (%): 437 values could not be converted to numeric
2026-07-06 05:01:15 | DEBUG    | clean_data           | Converted CHANGE (%) from str to numeric
2026-07-06 05:01:15 | DEBUG    | clean_data           | Converted VOLUME from int64 to numeric
2026-07-06 05:01:15 | INFO     | clean_data           | ✅ Data cleaned (437 rows, 16 columns)
2026-07-06 05:01:15 | DEBUG    | clean_data           | Final columns: ['SYMBOL', 'SECTOR', 'LDCP', 'OPEN', 'HIGH', 'LOW', 'CURRENT', 'CHANGE', 'CHANGE (%)', 'VOLUME', 'YEAR', 'MONTH', 'DAY', 'HOUR', 'MINUTE', 'DATETIME']
2026-07-06 05:01:15 | DEBUG    | get_file_path        | Generated file path: data/2026/07/2026-07-06.xlsx
2026-07-06 05:01:15 | INFO     | save_data            | Saving data to: data/2026/07/2026-07-06.xlsx
2026-07-06 05:01:15 | DEBUG    | _create_backup       | Backup created: data/2026/07/backups/2026-07-06_backup_20260706_050115.xlsx
2026-07-06 05:01:15 | DEBUG    | _cleanup_old_backups | Removed old backup: 2026-07-06_backup_20260706_043531.xlsx
2026-07-06 05:01:15 | DEBUG    | save_data            | Existing file found, merging data...
2026-07-06 05:01:16 | DEBUG    | save_data            | Loaded 11384 existing rows
2026-07-06 05:01:16 | DEBUG    | save_data            | Combined to 11821 rows
2026-07-06 05:01:16 | DEBUG    | save_data            | Writing to temporary file...
2026-07-06 05:01:18 | DEBUG    | save_data            | Data written to temp file: /home/runner/work/Thalorae-BackLioraen/Thalorae-BackLioraen/data/2026/07/tmpl6j7kjml.xlsx
2026-07-06 05:01:18 | DEBUG    | save_data            | Temp file moved to final location
2026-07-06 05:01:18 | INFO     | save_data            | ✅ Data saved successfully (11821 total rows, 882,133 bytes)
2026-07-06 05:01:18 | INFO     | run                  | ======================================================================
2026-07-06 05:01:18 | INFO     | run                  | 📊 EXECUTION SUMMARY:
2026-07-06 05:01:18 | INFO     | run                  |    ✅ Status: SUCCESS
2026-07-06 05:01:18 | INFO     | run                  |    - Rows processed: 437
2026-07-06 05:01:18 | INFO     | run                  |    - Unique symbols: 437
2026-07-06 05:01:18 | INFO     | run                  |    - Timestamp: 2026-07-06 10:01:09
2026-07-06 05:01:18 | INFO     | run                  |    - File: data/2026/07/2026-07-06.xlsx
2026-07-06 05:01:18 | INFO     | run                  | ======================================================================
2026-07-06 05:01:18 | DEBUG    | run                  | Sample data (first row):
2026-07-06 05:01:18 | DEBUG    | run                  | {'SYMBOL': 'TPLP', 'SECTOR': 838, 'LDCP': 11.64, 'OPEN': 11.87, 'HIGH': 12.5, 'LOW': 11.87, 'CURRENT': 12.3, 'CHANGE': 0.66, 'CHANGE (%)': nan, 'VOLUME': 24573866, 'YEAR': 2026, 'MONTH': 7, 'DAY': 6, 'HOUR': 10, 'MINUTE': 1, 'DATETIME': '2026-07-06 10:01'}
2026-07-06 05:01:18 | DEBUG    | close                | Session closed
2026-07-06 05:06:19 | INFO     | run                  | ======================================================================
2026-07-06 05:06:19 | INFO     | run                  | 🚀 MARKET DATA SCRAPER - SINGLE EXECUTION
2026-07-06 05:06:19 | INFO     | run                  | ======================================================================
2026-07-06 05:06:19 | INFO     | run                  | Execution Time: 2026-07-06 10:06:19 PKT
2026-07-06 05:06:19 | INFO     | run                  | Configuration:
2026-07-06 05:06:19 | INFO     | run                  |    - Timezone: Asia/Karachi
2026-07-06 05:06:19 | INFO     | run                  |    - Data directory: data
2026-07-06 05:06:19 | INFO     | run                  |    - Log directory: logs
2026-07-06 05:06:19 | INFO     | run                  |    - Excluded symbols: {'XT', 'XD', 'XS', 'XR'}
2026-07-06 05:06:19 | INFO     | run                  | ======================================================================
2026-07-06 05:06:19 | INFO     | fetch_data           | Fetching data (Attempt 1/3)...
2026-07-06 05:06:19 | DEBUG    | fetch_data           | Establishing session with https://dps.psx.com.pk/
2026-07-06 05:06:23 | DEBUG    | fetch_data           | Requesting data from https://dps.psx.com.pk/market-watch
2026-07-06 05:06:24 | DEBUG    | fetch_data           | Response status: 200
2026-07-06 05:06:24 | DEBUG    | fetch_data           | Response content type: text/html; charset=utf-8
2026-07-06 05:06:24 | DEBUG    | fetch_data           | Response size: 428840 bytes
2026-07-06 05:06:24 | INFO     | fetch_data           | ✅ Data fetched successfully (Status: 200)
2026-07-06 05:06:24 | DEBUG    | parse_json           | Attempting JSON parsing...
2026-07-06 05:06:24 | DEBUG    | parse_json           | Response preview: <table class="tbl" data-page-length="25"><thead class="tbl__head"><!-- tr--><!--   th(colspan="11")--><!--   th.center(colspan="2", style="width: 110px;") TOTAL BUY ORDERS--><!--   th.center(colspan="2", style="width: 110px;") TOTAL SELL ORDERS--><tr><th data-name="symbol">SYMBOL</th><th data-name="sector">SECTOR</th><th data-name="listed">LISTED IN</th><th class="right" data-name="ldcp">LDCP</th><th class="right" data-name="open">OPEN</th><th class="right" data-name="high">HIGH</th><th class="r
2026-07-06 05:06:24 | WARNING  | parse_json           | ⚠️ JSON parsing failed: Expecting value: line 1 column 1 (char 0)
2026-07-06 05:06:24 | INFO     | run                  | JSON parsing failed, trying HTML fallback...
2026-07-06 05:06:24 | INFO     | parse_html           | Attempting HTML fallback parsing...
2026-07-06 05:06:24 | DEBUG    | parse_html           | Found 1 table(s) in HTML
2026-07-06 05:06:24 | DEBUG    | parse_html           | Table columns: ['SYMBOL', 'SECTOR', 'LISTED IN', 'LDCP', 'OPEN', 'HIGH', 'LOW', 'CURRENT', 'CHANGE', 'CHANGE (%)', 'VOLUME']
2026-07-06 05:06:24 | DEBUG    | parse_html           | Table shape: (448, 11)
2026-07-06 05:06:24 | INFO     | parse_html           | ✅ HTML parsed successfully (448 rows)
2026-07-06 05:06:24 | INFO     | clean_data           | Cleaning data...
2026-07-06 05:06:24 | DEBUG    | clean_data           | Initial shape: (448, 11)
2026-07-06 05:06:24 | DEBUG    | clean_data           | Initial columns: ['SYMBOL', 'SECTOR', 'LISTED IN', 'LDCP', 'OPEN', 'HIGH', 'LOW', 'CURRENT', 'CHANGE', 'CHANGE (%)', 'VOLUME']
2026-07-06 05:06:24 | DEBUG    | clean_data           | Removed 'LISTED IN' column
2026-07-06 05:06:24 | DEBUG    | clean_data           | Converted LDCP from float64 to numeric
2026-07-06 05:06:24 | DEBUG    | clean_data           | Converted OPEN from float64 to numeric
2026-07-06 05:06:24 | DEBUG    | clean_data           | Converted HIGH from float64 to numeric
2026-07-06 05:06:24 | DEBUG    | clean_data           | Converted LOW from float64 to numeric
2026-07-06 05:06:24 | DEBUG    | clean_data           | Converted CURRENT from float64 to numeric
2026-07-06 05:06:24 | DEBUG    | clean_data           | Converted CHANGE from float64 to numeric
2026-07-06 05:06:24 | WARNING  | clean_data           | Column CHANGE (%): 448 values could not be converted to numeric
2026-07-06 05:06:24 | DEBUG    | clean_data           | Converted CHANGE (%) from str to numeric
2026-07-06 05:06:24 | DEBUG    | clean_data           | Converted VOLUME from int64 to numeric
2026-07-06 05:06:24 | INFO     | clean_data           | ✅ Data cleaned (448 rows, 16 columns)
2026-07-06 05:06:24 | DEBUG    | clean_data           | Final columns: ['SYMBOL', 'SECTOR', 'LDCP', 'OPEN', 'HIGH', 'LOW', 'CURRENT', 'CHANGE', 'CHANGE (%)', 'VOLUME', 'YEAR', 'MONTH', 'DAY', 'HOUR', 'MINUTE', 'DATETIME']
2026-07-06 05:06:24 | DEBUG    | get_file_path        | Generated file path: data/2026/07/2026-07-06.xlsx
2026-07-06 05:06:24 | INFO     | save_data            | Saving data to: data/2026/07/2026-07-06.xlsx
2026-07-06 05:06:24 | DEBUG    | _create_backup       | Backup created: data/2026/07/backups/2026-07-06_backup_20260706_050624.xlsx
2026-07-06 05:06:24 | DEBUG    | _cleanup_old_backups | Removed old backup: 2026-07-06_backup_20260706_044039.xlsx
2026-07-06 05:06:24 | DEBUG    | save_data            | Existing file found, merging data...
2026-07-06 05:06:25 | DEBUG    | save_data            | Loaded 11821 existing rows
2026-07-06 05:06:25 | DEBUG    | save_data            | Combined to 12269 rows
2026-07-06 05:06:25 | DEBUG    | save_data            | Writing to temporary file...
2026-07-06 05:06:28 | DEBUG    | save_data            | Data written to temp file: /home/runner/work/Thalorae-BackLioraen/Thalorae-BackLioraen/data/2026/07/tmp0kubsvmf.xlsx
2026-07-06 05:06:28 | DEBUG    | save_data            | Temp file moved to final location
2026-07-06 05:06:28 | INFO     | save_data            | ✅ Data saved successfully (12269 total rows, 914,880 bytes)
2026-07-06 05:06:28 | INFO     | run                  | ======================================================================
2026-07-06 05:06:28 | INFO     | run                  | 📊 EXECUTION SUMMARY:
2026-07-06 05:06:28 | INFO     | run                  |    ✅ Status: SUCCESS
2026-07-06 05:06:28 | INFO     | run                  |    - Rows processed: 448
2026-07-06 05:06:28 | INFO     | run                  |    - Unique symbols: 448
2026-07-06 05:06:28 | INFO     | run                  |    - Timestamp: 2026-07-06 10:06:19
2026-07-06 05:06:28 | INFO     | run                  |    - File: data/2026/07/2026-07-06.xlsx
2026-07-06 05:06:28 | INFO     | run                  | ======================================================================
2026-07-06 05:06:28 | DEBUG    | run                  | Sample data (first row):
2026-07-06 05:06:28 | DEBUG    | run                  | {'SYMBOL': 'TPLP', 'SECTOR': 838, 'LDCP': 11.64, 'OPEN': 11.87, 'HIGH': 12.5, 'LOW': 11.87, 'CURRENT': 12.3, 'CHANGE': 0.66, 'CHANGE (%)': nan, 'VOLUME': 25449734, 'YEAR': 2026, 'MONTH': 7, 'DAY': 6, 'HOUR': 10, 'MINUTE': 6, 'DATETIME': '2026-07-06 10:06'}
2026-07-06 05:06:28 | DEBUG    | close                | Session closed
2026-07-06 05:11:28 | INFO     | run                  | ======================================================================
2026-07-06 05:11:28 | INFO     | run                  | 🚀 MARKET DATA SCRAPER - SINGLE EXECUTION
2026-07-06 05:11:28 | INFO     | run                  | ======================================================================
2026-07-06 05:11:28 | INFO     | run                  | Execution Time: 2026-07-06 10:11:28 PKT
2026-07-06 05:11:28 | INFO     | run                  | Configuration:
2026-07-06 05:11:28 | INFO     | run                  |    - Timezone: Asia/Karachi
2026-07-06 05:11:28 | INFO     | run                  |    - Data directory: data
2026-07-06 05:11:28 | INFO     | run                  |    - Log directory: logs
2026-07-06 05:11:28 | INFO     | run                  |    - Excluded symbols: {'XT', 'XS', 'XD', 'XR'}
2026-07-06 05:11:28 | INFO     | run                  | ======================================================================
2026-07-06 05:11:28 | INFO     | fetch_data           | Fetching data (Attempt 1/3)...
2026-07-06 05:11:28 | DEBUG    | fetch_data           | Establishing session with https://dps.psx.com.pk/
2026-07-06 05:11:31 | DEBUG    | fetch_data           | Requesting data from https://dps.psx.com.pk/market-watch
2026-07-06 05:11:33 | DEBUG    | fetch_data           | Response status: 200
2026-07-06 05:11:33 | DEBUG    | fetch_data           | Response content type: text/html; charset=utf-8
2026-07-06 05:11:33 | DEBUG    | fetch_data           | Response size: 436145 bytes
2026-07-06 05:11:33 | INFO     | fetch_data           | ✅ Data fetched successfully (Status: 200)
2026-07-06 05:11:33 | DEBUG    | parse_json           | Attempting JSON parsing...
2026-07-06 05:11:33 | DEBUG    | parse_json           | Response preview: <table class="tbl" data-page-length="25"><thead class="tbl__head"><!-- tr--><!--   th(colspan="11")--><!--   th.center(colspan="2", style="width: 110px;") TOTAL BUY ORDERS--><!--   th.center(colspan="2", style="width: 110px;") TOTAL SELL ORDERS--><tr><th data-name="symbol">SYMBOL</th><th data-name="sector">SECTOR</th><th data-name="listed">LISTED IN</th><th class="right" data-name="ldcp">LDCP</th><th class="right" data-name="open">OPEN</th><th class="right" data-name="high">HIGH</th><th class="r
2026-07-06 05:11:33 | WARNING  | parse_json           | ⚠️ JSON parsing failed: Expecting value: line 1 column 1 (char 0)
2026-07-06 05:11:33 | INFO     | run                  | JSON parsing failed, trying HTML fallback...
2026-07-06 05:11:33 | INFO     | parse_html           | Attempting HTML fallback parsing...
2026-07-06 05:11:33 | DEBUG    | parse_html           | Found 1 table(s) in HTML
2026-07-06 05:11:33 | DEBUG    | parse_html           | Table columns: ['SYMBOL', 'SECTOR', 'LISTED IN', 'LDCP', 'OPEN', 'HIGH', 'LOW', 'CURRENT', 'CHANGE', 'CHANGE (%)', 'VOLUME']
2026-07-06 05:11:33 | DEBUG    | parse_html           | Table shape: (456, 11)
2026-07-06 05:11:33 | INFO     | parse_html           | ✅ HTML parsed successfully (456 rows)
2026-07-06 05:11:33 | INFO     | clean_data           | Cleaning data...
2026-07-06 05:11:33 | DEBUG    | clean_data           | Initial shape: (456, 11)
2026-07-06 05:11:33 | DEBUG    | clean_data           | Initial columns: ['SYMBOL', 'SECTOR', 'LISTED IN', 'LDCP', 'OPEN', 'HIGH', 'LOW', 'CURRENT', 'CHANGE', 'CHANGE (%)', 'VOLUME']
2026-07-06 05:11:33 | DEBUG    | clean_data           | Removed 'LISTED IN' column
2026-07-06 05:11:33 | DEBUG    | clean_data           | Converted LDCP from float64 to numeric
2026-07-06 05:11:33 | DEBUG    | clean_data           | Converted OPEN from float64 to numeric
2026-07-06 05:11:33 | DEBUG    | clean_data           | Converted HIGH from float64 to numeric
2026-07-06 05:11:33 | DEBUG    | clean_data           | Converted LOW from float64 to numeric
2026-07-06 05:11:33 | DEBUG    | clean_data           | Converted CURRENT from float64 to numeric
2026-07-06 05:11:33 | DEBUG    | clean_data           | Converted CHANGE from float64 to numeric
2026-07-06 05:11:33 | WARNING  | clean_data           | Column CHANGE (%): 456 values could not be converted to numeric
2026-07-06 05:11:33 | DEBUG    | clean_data           | Converted CHANGE (%) from str to numeric
2026-07-06 05:11:33 | DEBUG    | clean_data           | Converted VOLUME from int64 to numeric
2026-07-06 05:11:33 | INFO     | clean_data           | ✅ Data cleaned (456 rows, 16 columns)
2026-07-06 05:11:33 | DEBUG    | clean_data           | Final columns: ['SYMBOL', 'SECTOR', 'LDCP', 'OPEN', 'HIGH', 'LOW', 'CURRENT', 'CHANGE', 'CHANGE (%)', 'VOLUME', 'YEAR', 'MONTH', 'DAY', 'HOUR', 'MINUTE', 'DATETIME']
2026-07-06 05:11:33 | DEBUG    | get_file_path        | Generated file path: data/2026/07/2026-07-06.xlsx
2026-07-06 05:11:33 | INFO     | save_data            | Saving data to: data/2026/07/2026-07-06.xlsx
2026-07-06 05:11:33 | DEBUG    | _create_backup       | Backup created: data/2026/07/backups/2026-07-06_backup_20260706_051133.xlsx
2026-07-06 05:11:33 | DEBUG    | _cleanup_old_backups | Removed old backup: 2026-07-06_backup_20260706_044548.xlsx
2026-07-06 05:11:33 | DEBUG    | save_data            | Existing file found, merging data...
2026-07-06 05:11:34 | DEBUG    | save_data            | Loaded 12269 existing rows
2026-07-06 05:11:34 | DEBUG    | save_data            | Combined to 12725 rows
2026-07-06 05:11:34 | DEBUG    | save_data            | Writing to temporary file...
2026-07-06 05:11:37 | DEBUG    | save_data            | Data written to temp file: /home/runner/work/Thalorae-BackLioraen/Thalorae-BackLioraen/data/2026/07/tmpc4uwne19.xlsx
2026-07-06 05:11:37 | DEBUG    | save_data            | Temp file moved to final location
2026-07-06 05:11:37 | INFO     | save_data            | ✅ Data saved successfully (12725 total rows, 948,384 bytes)
2026-07-06 05:11:37 | INFO     | run                  | ======================================================================
2026-07-06 05:11:37 | INFO     | run                  | 📊 EXECUTION SUMMARY:
2026-07-06 05:11:37 | INFO     | run                  |    ✅ Status: SUCCESS
2026-07-06 05:11:37 | INFO     | run                  |    - Rows processed: 456
2026-07-06 05:11:37 | INFO     | run                  |    - Unique symbols: 456
2026-07-06 05:11:37 | INFO     | run                  |    - Timestamp: 2026-07-06 10:11:28
2026-07-06 05:11:37 | INFO     | run                  |    - File: data/2026/07/2026-07-06.xlsx
2026-07-06 05:11:37 | INFO     | run                  | ======================================================================
2026-07-06 05:11:37 | DEBUG    | run                  | Sample data (first row):
2026-07-06 05:11:37 | DEBUG    | run                  | {'SYMBOL': 'TPLP', 'SECTOR': 838, 'LDCP': 11.64, 'OPEN': 11.87, 'HIGH': 12.5, 'LOW': 11.87, 'CURRENT': 12.23, 'CHANGE': 0.59, 'CHANGE (%)': nan, 'VOLUME': 26819387, 'YEAR': 2026, 'MONTH': 7, 'DAY': 6, 'HOUR': 10, 'MINUTE': 11, 'DATETIME': '2026-07-06 10:11'}
2026-07-06 05:11:37 | DEBUG    | close                | Session closed
2026-07-06 05:16:38 | INFO     | run                  | ======================================================================
2026-07-06 05:16:38 | INFO     | run                  | 🚀 MARKET DATA SCRAPER - SINGLE EXECUTION
2026-07-06 05:16:38 | INFO     | run                  | ======================================================================
2026-07-06 05:16:38 | INFO     | run                  | Execution Time: 2026-07-06 10:16:38 PKT
2026-07-06 05:16:38 | INFO     | run                  | Configuration:
2026-07-06 05:16:38 | INFO     | run                  |    - Timezone: Asia/Karachi
2026-07-06 05:16:38 | INFO     | run                  |    - Data directory: data
2026-07-06 05:16:38 | INFO     | run                  |    - Log directory: logs
2026-07-06 05:16:38 | INFO     | run                  |    - Excluded symbols: {'XS', 'XR', 'XD', 'XT'}
2026-07-06 05:16:38 | INFO     | run                  | ======================================================================
2026-07-06 05:16:38 | INFO     | fetch_data           | Fetching data (Attempt 1/3)...
2026-07-06 05:16:38 | DEBUG    | fetch_data           | Establishing session with https://dps.psx.com.pk/
2026-07-06 05:16:41 | DEBUG    | fetch_data           | Requesting data from https://dps.psx.com.pk/market-watch
2026-07-06 05:16:42 | DEBUG    | fetch_data           | Response status: 200
2026-07-06 05:16:42 | DEBUG    | fetch_data           | Response content type: text/html; charset=utf-8
2026-07-06 05:16:42 | DEBUG    | fetch_data           | Response size: 437239 bytes
2026-07-06 05:16:42 | INFO     | fetch_data           | ✅ Data fetched successfully (Status: 200)
2026-07-06 05:16:42 | DEBUG    | parse_json           | Attempting JSON parsing...
2026-07-06 05:16:42 | DEBUG    | parse_json           | Response preview: <table class="tbl" data-page-length="25"><thead class="tbl__head"><!-- tr--><!--   th(colspan="11")--><!--   th.center(colspan="2", style="width: 110px;") TOTAL BUY ORDERS--><!--   th.center(colspan="2", style="width: 110px;") TOTAL SELL ORDERS--><tr><th data-name="symbol">SYMBOL</th><th data-name="sector">SECTOR</th><th data-name="listed">LISTED IN</th><th class="right" data-name="ldcp">LDCP</th><th class="right" data-name="open">OPEN</th><th class="right" data-name="high">HIGH</th><th class="r
2026-07-06 05:16:42 | WARNING  | parse_json           | ⚠️ JSON parsing failed: Expecting value: line 1 column 1 (char 0)
2026-07-06 05:16:42 | INFO     | run                  | JSON parsing failed, trying HTML fallback...
2026-07-06 05:16:42 | INFO     | parse_html           | Attempting HTML fallback parsing...
2026-07-06 05:16:42 | DEBUG    | parse_html           | Found 1 table(s) in HTML
2026-07-06 05:16:42 | DEBUG    | parse_html           | Table columns: ['SYMBOL', 'SECTOR', 'LISTED IN', 'LDCP', 'OPEN', 'HIGH', 'LOW', 'CURRENT', 'CHANGE', 'CHANGE (%)', 'VOLUME']
2026-07-06 05:16:42 | DEBUG    | parse_html           | Table shape: (457, 11)
2026-07-06 05:16:42 | INFO     | parse_html           | ✅ HTML parsed successfully (457 rows)
2026-07-06 05:16:42 | INFO     | clean_data           | Cleaning data...
2026-07-06 05:16:42 | DEBUG    | clean_data           | Initial shape: (457, 11)
2026-07-06 05:16:42 | DEBUG    | clean_data           | Initial columns: ['SYMBOL', 'SECTOR', 'LISTED IN', 'LDCP', 'OPEN', 'HIGH', 'LOW', 'CURRENT', 'CHANGE', 'CHANGE (%)', 'VOLUME']
2026-07-06 05:16:42 | DEBUG    | clean_data           | Removed 'LISTED IN' column
2026-07-06 05:16:42 | DEBUG    | clean_data           | Converted LDCP from float64 to numeric
2026-07-06 05:16:42 | DEBUG    | clean_data           | Converted OPEN from float64 to numeric
2026-07-06 05:16:42 | DEBUG    | clean_data           | Converted HIGH from float64 to numeric
2026-07-06 05:16:42 | DEBUG    | clean_data           | Converted LOW from float64 to numeric
2026-07-06 05:16:42 | DEBUG    | clean_data           | Converted CURRENT from float64 to numeric
2026-07-06 05:16:42 | DEBUG    | clean_data           | Converted CHANGE from float64 to numeric
2026-07-06 05:16:42 | WARNING  | clean_data           | Column CHANGE (%): 457 values could not be converted to numeric
2026-07-06 05:16:42 | DEBUG    | clean_data           | Converted CHANGE (%) from str to numeric
2026-07-06 05:16:42 | DEBUG    | clean_data           | Converted VOLUME from int64 to numeric
2026-07-06 05:16:42 | INFO     | clean_data           | ✅ Data cleaned (457 rows, 16 columns)
2026-07-06 05:16:42 | DEBUG    | clean_data           | Final columns: ['SYMBOL', 'SECTOR', 'LDCP', 'OPEN', 'HIGH', 'LOW', 'CURRENT', 'CHANGE', 'CHANGE (%)', 'VOLUME', 'YEAR', 'MONTH', 'DAY', 'HOUR', 'MINUTE', 'DATETIME']
2026-07-06 05:16:42 | DEBUG    | get_file_path        | Generated file path: data/2026/07/2026-07-06.xlsx
2026-07-06 05:16:42 | INFO     | save_data            | Saving data to: data/2026/07/2026-07-06.xlsx
2026-07-06 05:16:42 | DEBUG    | _create_backup       | Backup created: data/2026/07/backups/2026-07-06_backup_20260706_051642.xlsx
2026-07-06 05:16:42 | DEBUG    | _cleanup_old_backups | Removed old backup: 2026-07-06_backup_20260706_045057.xlsx
2026-07-06 05:16:42 | DEBUG    | save_data            | Existing file found, merging data...
2026-07-06 05:16:43 | DEBUG    | save_data            | Loaded 12725 existing rows
2026-07-06 05:16:43 | DEBUG    | save_data            | Combined to 13182 rows
2026-07-06 05:16:43 | DEBUG    | save_data            | Writing to temporary file...
2026-07-06 05:16:46 | DEBUG    | save_data            | Data written to temp file: /home/runner/work/Thalorae-BackLioraen/Thalorae-BackLioraen/data/2026/07/tmpnfjt2w2c.xlsx
2026-07-06 05:16:46 | DEBUG    | save_data            | Temp file moved to final location
2026-07-06 05:16:46 | INFO     | save_data            | ✅ Data saved successfully (13182 total rows, 981,870 bytes)
2026-07-06 05:16:46 | INFO     | run                  | ======================================================================
2026-07-06 05:16:46 | INFO     | run                  | 📊 EXECUTION SUMMARY:
2026-07-06 05:16:46 | INFO     | run                  |    ✅ Status: SUCCESS
2026-07-06 05:16:46 | INFO     | run                  |    - Rows processed: 457
2026-07-06 05:16:46 | INFO     | run                  |    - Unique symbols: 457
2026-07-06 05:16:46 | INFO     | run                  |    - Timestamp: 2026-07-06 10:16:38
2026-07-06 05:16:46 | INFO     | run                  |    - File: data/2026/07/2026-07-06.xlsx
2026-07-06 05:16:46 | INFO     | run                  | ======================================================================
2026-07-06 05:16:46 | DEBUG    | run                  | Sample data (first row):
2026-07-06 05:16:46 | DEBUG    | run                  | {'SYMBOL': 'TPLP', 'SECTOR': 838, 'LDCP': 11.64, 'OPEN': 11.87, 'HIGH': 12.5, 'LOW': 11.87, 'CURRENT': 12.21, 'CHANGE': 0.57, 'CHANGE (%)': nan, 'VOLUME': 27263219, 'YEAR': 2026, 'MONTH': 7, 'DAY': 6, 'HOUR': 10, 'MINUTE': 16, 'DATETIME': '2026-07-06 10:16'}
2026-07-06 05:16:46 | DEBUG    | close                | Session closed
2026-07-06 05:21:46 | INFO     | run                  | ======================================================================
2026-07-06 05:21:46 | INFO     | run                  | 🚀 MARKET DATA SCRAPER - SINGLE EXECUTION
2026-07-06 05:21:46 | INFO     | run                  | ======================================================================
2026-07-06 05:21:46 | INFO     | run                  | Execution Time: 2026-07-06 10:21:46 PKT
2026-07-06 05:21:46 | INFO     | run                  | Configuration:
2026-07-06 05:21:46 | INFO     | run                  |    - Timezone: Asia/Karachi
2026-07-06 05:21:46 | INFO     | run                  |    - Data directory: data
2026-07-06 05:21:46 | INFO     | run                  |    - Log directory: logs
2026-07-06 05:21:46 | INFO     | run                  |    - Excluded symbols: {'XD', 'XR', 'XS', 'XT'}
2026-07-06 05:21:46 | INFO     | run                  | ======================================================================
2026-07-06 05:21:46 | INFO     | fetch_data           | Fetching data (Attempt 1/3)...
2026-07-06 05:21:46 | DEBUG    | fetch_data           | Establishing session with https://dps.psx.com.pk/
2026-07-06 05:21:50 | DEBUG    | fetch_data           | Requesting data from https://dps.psx.com.pk/market-watch
2026-07-06 05:21:51 | DEBUG    | fetch_data           | Response status: 200
2026-07-06 05:21:51 | DEBUG    | fetch_data           | Response content type: text/html; charset=utf-8
2026-07-06 05:21:51 | DEBUG    | fetch_data           | Response size: 441332 bytes
2026-07-06 05:21:51 | INFO     | fetch_data           | ✅ Data fetched successfully (Status: 200)
2026-07-06 05:21:51 | DEBUG    | parse_json           | Attempting JSON parsing...
2026-07-06 05:21:51 | DEBUG    | parse_json           | Response preview: <table class="tbl" data-page-length="25"><thead class="tbl__head"><!-- tr--><!--   th(colspan="11")--><!--   th.center(colspan="2", style="width: 110px;") TOTAL BUY ORDERS--><!--   th.center(colspan="2", style="width: 110px;") TOTAL SELL ORDERS--><tr><th data-name="symbol">SYMBOL</th><th data-name="sector">SECTOR</th><th data-name="listed">LISTED IN</th><th class="right" data-name="ldcp">LDCP</th><th class="right" data-name="open">OPEN</th><th class="right" data-name="high">HIGH</th><th class="r
2026-07-06 05:21:51 | WARNING  | parse_json           | ⚠️ JSON parsing failed: Expecting value: line 1 column 1 (char 0)
2026-07-06 05:21:51 | INFO     | run                  | JSON parsing failed, trying HTML fallback...
2026-07-06 05:21:51 | INFO     | parse_html           | Attempting HTML fallback parsing...
2026-07-06 05:21:51 | DEBUG    | parse_html           | Found 1 table(s) in HTML
2026-07-06 05:21:51 | DEBUG    | parse_html           | Table columns: ['SYMBOL', 'SECTOR', 'LISTED IN', 'LDCP', 'OPEN', 'HIGH', 'LOW', 'CURRENT', 'CHANGE', 'CHANGE (%)', 'VOLUME']
2026-07-06 05:21:51 | DEBUG    | parse_html           | Table shape: (461, 11)
2026-07-06 05:21:51 | INFO     | parse_html           | ✅ HTML parsed successfully (461 rows)
2026-07-06 05:21:51 | INFO     | clean_data           | Cleaning data...
2026-07-06 05:21:51 | DEBUG    | clean_data           | Initial shape: (461, 11)
2026-07-06 05:21:51 | DEBUG    | clean_data           | Initial columns: ['SYMBOL', 'SECTOR', 'LISTED IN', 'LDCP', 'OPEN', 'HIGH', 'LOW', 'CURRENT', 'CHANGE', 'CHANGE (%)', 'VOLUME']
2026-07-06 05:21:51 | DEBUG    | clean_data           | Removed 'LISTED IN' column
2026-07-06 05:21:51 | DEBUG    | clean_data           | Converted LDCP from float64 to numeric
2026-07-06 05:21:51 | DEBUG    | clean_data           | Converted OPEN from float64 to numeric
2026-07-06 05:21:51 | DEBUG    | clean_data           | Converted HIGH from float64 to numeric
2026-07-06 05:21:51 | DEBUG    | clean_data           | Converted LOW from float64 to numeric
2026-07-06 05:21:51 | DEBUG    | clean_data           | Converted CURRENT from float64 to numeric
2026-07-06 05:21:51 | DEBUG    | clean_data           | Converted CHANGE from float64 to numeric
2026-07-06 05:21:51 | WARNING  | clean_data           | Column CHANGE (%): 461 values could not be converted to numeric
2026-07-06 05:21:51 | DEBUG    | clean_data           | Converted CHANGE (%) from str to numeric
2026-07-06 05:21:51 | DEBUG    | clean_data           | Converted VOLUME from int64 to numeric
2026-07-06 05:21:51 | INFO     | clean_data           | ✅ Data cleaned (461 rows, 16 columns)
2026-07-06 05:21:51 | DEBUG    | clean_data           | Final columns: ['SYMBOL', 'SECTOR', 'LDCP', 'OPEN', 'HIGH', 'LOW', 'CURRENT', 'CHANGE', 'CHANGE (%)', 'VOLUME', 'YEAR', 'MONTH', 'DAY', 'HOUR', 'MINUTE', 'DATETIME']
2026-07-06 05:21:51 | DEBUG    | get_file_path        | Generated file path: data/2026/07/2026-07-06.xlsx
2026-07-06 05:21:51 | INFO     | save_data            | Saving data to: data/2026/07/2026-07-06.xlsx
2026-07-06 05:21:51 | DEBUG    | _create_backup       | Backup created: data/2026/07/backups/2026-07-06_backup_20260706_052151.xlsx
2026-07-06 05:21:51 | DEBUG    | _cleanup_old_backups | Removed old backup: 2026-07-06_backup_20260706_045605.xlsx
2026-07-06 05:21:51 | DEBUG    | save_data            | Existing file found, merging data...
2026-07-06 05:21:52 | DEBUG    | save_data            | Loaded 13182 existing rows
2026-07-06 05:21:52 | DEBUG    | save_data            | Combined to 13643 rows
2026-07-06 05:21:52 | DEBUG    | save_data            | Writing to temporary file...
2026-07-06 05:21:55 | DEBUG    | save_data            | Data written to temp file: /home/runner/work/Thalorae-BackLioraen/Thalorae-BackLioraen/data/2026/07/tmpzvcaxcb3.xlsx
2026-07-06 05:21:55 | DEBUG    | save_data            | Temp file moved to final location
2026-07-06 05:21:55 | INFO     | save_data            | ✅ Data saved successfully (13643 total rows, 1,015,823 bytes)
2026-07-06 05:21:55 | INFO     | run                  | ======================================================================
2026-07-06 05:21:55 | INFO     | run                  | 📊 EXECUTION SUMMARY:
2026-07-06 05:21:55 | INFO     | run                  |    ✅ Status: SUCCESS
2026-07-06 05:21:55 | INFO     | run                  |    - Rows processed: 461
2026-07-06 05:21:55 | INFO     | run                  |    - Unique symbols: 461
2026-07-06 05:21:55 | INFO     | run                  |    - Timestamp: 2026-07-06 10:21:46
2026-07-06 05:21:55 | INFO     | run                  |    - File: data/2026/07/2026-07-06.xlsx
2026-07-06 05:21:55 | INFO     | run                  | ======================================================================
2026-07-06 05:21:55 | DEBUG    | run                  | Sample data (first row):
2026-07-06 05:21:55 | DEBUG    | run                  | {'SYMBOL': 'TPLP', 'SECTOR': 838, 'LDCP': 11.64, 'OPEN': 11.87, 'HIGH': 12.5, 'LOW': 11.87, 'CURRENT': 12.23, 'CHANGE': 0.59, 'CHANGE (%)': nan, 'VOLUME': 27800521, 'YEAR': 2026, 'MONTH': 7, 'DAY': 6, 'HOUR': 10, 'MINUTE': 21, 'DATETIME': '2026-07-06 10:21'}
2026-07-06 05:21:55 | DEBUG    | close                | Session closed
2026-07-06 05:26:55 | INFO     | run                  | ======================================================================
2026-07-06 05:26:55 | INFO     | run                  | 🚀 MARKET DATA SCRAPER - SINGLE EXECUTION
2026-07-06 05:26:55 | INFO     | run                  | ======================================================================
2026-07-06 05:26:55 | INFO     | run                  | Execution Time: 2026-07-06 10:26:55 PKT
2026-07-06 05:26:55 | INFO     | run                  | Configuration:
2026-07-06 05:26:55 | INFO     | run                  |    - Timezone: Asia/Karachi
2026-07-06 05:26:55 | INFO     | run                  |    - Data directory: data
2026-07-06 05:26:55 | INFO     | run                  |    - Log directory: logs
2026-07-06 05:26:55 | INFO     | run                  |    - Excluded symbols: {'XD', 'XT', 'XR', 'XS'}
2026-07-06 05:26:55 | INFO     | run                  | ======================================================================
2026-07-06 05:26:55 | INFO     | fetch_data           | Fetching data (Attempt 1/3)...
2026-07-06 05:26:55 | DEBUG    | fetch_data           | Establishing session with https://dps.psx.com.pk/
2026-07-06 05:27:00 | DEBUG    | fetch_data           | Requesting data from https://dps.psx.com.pk/market-watch
2026-07-06 05:27:01 | DEBUG    | fetch_data           | Response status: 200
2026-07-06 05:27:01 | DEBUG    | fetch_data           | Response content type: text/html; charset=utf-8
2026-07-06 05:27:01 | DEBUG    | fetch_data           | Response size: 445339 bytes
2026-07-06 05:27:01 | INFO     | fetch_data           | ✅ Data fetched successfully (Status: 200)
2026-07-06 05:27:01 | DEBUG    | parse_json           | Attempting JSON parsing...
2026-07-06 05:27:01 | DEBUG    | parse_json           | Response preview: <table class="tbl" data-page-length="25"><thead class="tbl__head"><!-- tr--><!--   th(colspan="11")--><!--   th.center(colspan="2", style="width: 110px;") TOTAL BUY ORDERS--><!--   th.center(colspan="2", style="width: 110px;") TOTAL SELL ORDERS--><tr><th data-name="symbol">SYMBOL</th><th data-name="sector">SECTOR</th><th data-name="listed">LISTED IN</th><th class="right" data-name="ldcp">LDCP</th><th class="right" data-name="open">OPEN</th><th class="right" data-name="high">HIGH</th><th class="r
2026-07-06 05:27:01 | WARNING  | parse_json           | ⚠️ JSON parsing failed: Expecting value: line 1 column 1 (char 0)
2026-07-06 05:27:01 | INFO     | run                  | JSON parsing failed, trying HTML fallback...
2026-07-06 05:27:01 | INFO     | parse_html           | Attempting HTML fallback parsing...
2026-07-06 05:27:02 | DEBUG    | parse_html           | Found 1 table(s) in HTML
2026-07-06 05:27:02 | DEBUG    | parse_html           | Table columns: ['SYMBOL', 'SECTOR', 'LISTED IN', 'LDCP', 'OPEN', 'HIGH', 'LOW', 'CURRENT', 'CHANGE', 'CHANGE (%)', 'VOLUME']
2026-07-06 05:27:02 | DEBUG    | parse_html           | Table shape: (465, 11)
2026-07-06 05:27:02 | INFO     | parse_html           | ✅ HTML parsed successfully (465 rows)
2026-07-06 05:27:02 | INFO     | clean_data           | Cleaning data...
2026-07-06 05:27:02 | DEBUG    | clean_data           | Initial shape: (465, 11)
2026-07-06 05:27:02 | DEBUG    | clean_data           | Initial columns: ['SYMBOL', 'SECTOR', 'LISTED IN', 'LDCP', 'OPEN', 'HIGH', 'LOW', 'CURRENT', 'CHANGE', 'CHANGE (%)', 'VOLUME']
2026-07-06 05:27:02 | DEBUG    | clean_data           | Removed 'LISTED IN' column
2026-07-06 05:27:02 | DEBUG    | clean_data           | Converted LDCP from float64 to numeric
2026-07-06 05:27:02 | DEBUG    | clean_data           | Converted OPEN from float64 to numeric
2026-07-06 05:27:02 | DEBUG    | clean_data           | Converted HIGH from float64 to numeric
2026-07-06 05:27:02 | DEBUG    | clean_data           | Converted LOW from float64 to numeric
2026-07-06 05:27:02 | DEBUG    | clean_data           | Converted CURRENT from float64 to numeric
2026-07-06 05:27:02 | DEBUG    | clean_data           | Converted CHANGE from float64 to numeric
2026-07-06 05:27:02 | WARNING  | clean_data           | Column CHANGE (%): 465 values could not be converted to numeric
2026-07-06 05:27:02 | DEBUG    | clean_data           | Converted CHANGE (%) from str to numeric
2026-07-06 05:27:02 | DEBUG    | clean_data           | Converted VOLUME from int64 to numeric
2026-07-06 05:27:02 | INFO     | clean_data           | ✅ Data cleaned (465 rows, 16 columns)
2026-07-06 05:27:02 | DEBUG    | clean_data           | Final columns: ['SYMBOL', 'SECTOR', 'LDCP', 'OPEN', 'HIGH', 'LOW', 'CURRENT', 'CHANGE', 'CHANGE (%)', 'VOLUME', 'YEAR', 'MONTH', 'DAY', 'HOUR', 'MINUTE', 'DATETIME']
2026-07-06 05:27:02 | DEBUG    | get_file_path        | Generated file path: data/2026/07/2026-07-06.xlsx
2026-07-06 05:27:02 | INFO     | save_data            | Saving data to: data/2026/07/2026-07-06.xlsx
2026-07-06 05:27:02 | DEBUG    | _create_backup       | Backup created: data/2026/07/backups/2026-07-06_backup_20260706_052702.xlsx
2026-07-06 05:27:02 | DEBUG    | _cleanup_old_backups | Removed old backup: 2026-07-06_backup_20260706_050115.xlsx
2026-07-06 05:27:02 | DEBUG    | save_data            | Existing file found, merging data...
2026-07-06 05:27:03 | DEBUG    | save_data            | Loaded 13643 existing rows
2026-07-06 05:27:03 | DEBUG    | save_data            | Combined to 14108 rows
2026-07-06 05:27:03 | DEBUG    | save_data            | Writing to temporary file...
2026-07-06 05:27:05 | DEBUG    | save_data            | Data written to temp file: /home/runner/work/Thalorae-BackLioraen/Thalorae-BackLioraen/data/2026/07/tmp6olz9az6.xlsx
2026-07-06 05:27:05 | DEBUG    | save_data            | Temp file moved to final location
2026-07-06 05:27:05 | INFO     | save_data            | ✅ Data saved successfully (14108 total rows, 1,050,001 bytes)
2026-07-06 05:27:05 | INFO     | run                  | ======================================================================
2026-07-06 05:27:06 | INFO     | run                  | 📊 EXECUTION SUMMARY:
2026-07-06 05:27:06 | INFO     | run                  |    ✅ Status: SUCCESS
2026-07-06 05:27:06 | INFO     | run                  |    - Rows processed: 465
2026-07-06 05:27:06 | INFO     | run                  |    - Unique symbols: 465
2026-07-06 05:27:06 | INFO     | run                  |    - Timestamp: 2026-07-06 10:26:55
2026-07-06 05:27:06 | INFO     | run                  |    - File: data/2026/07/2026-07-06.xlsx
2026-07-06 05:27:06 | INFO     | run                  | ======================================================================
2026-07-06 05:27:06 | DEBUG    | run                  | Sample data (first row):
2026-07-06 05:27:06 | DEBUG    | run                  | {'SYMBOL': 'TPLP', 'SECTOR': 838, 'LDCP': 11.64, 'OPEN': 11.87, 'HIGH': 12.5, 'LOW': 11.87, 'CURRENT': 12.21, 'CHANGE': 0.57, 'CHANGE (%)': nan, 'VOLUME': 28168460, 'YEAR': 2026, 'MONTH': 7, 'DAY': 6, 'HOUR': 10, 'MINUTE': 26, 'DATETIME': '2026-07-06 10:26'}
2026-07-06 05:27:06 | DEBUG    | close                | Session closed
2026-07-06 05:32:06 | INFO     | run                  | ======================================================================
2026-07-06 05:32:06 | INFO     | run                  | 🚀 MARKET DATA SCRAPER - SINGLE EXECUTION
2026-07-06 05:32:06 | INFO     | run                  | ======================================================================
2026-07-06 05:32:06 | INFO     | run                  | Execution Time: 2026-07-06 10:32:06 PKT
2026-07-06 05:32:06 | INFO     | run                  | Configuration:
2026-07-06 05:32:06 | INFO     | run                  |    - Timezone: Asia/Karachi
2026-07-06 05:32:06 | INFO     | run                  |    - Data directory: data
2026-07-06 05:32:06 | INFO     | run                  |    - Log directory: logs
2026-07-06 05:32:06 | INFO     | run                  |    - Excluded symbols: {'XD', 'XS', 'XT', 'XR'}
2026-07-06 05:32:06 | INFO     | run                  | ======================================================================
2026-07-06 05:32:06 | INFO     | fetch_data           | Fetching data (Attempt 1/3)...
2026-07-06 05:32:06 | DEBUG    | fetch_data           | Establishing session with https://dps.psx.com.pk/
2026-07-06 05:32:09 | DEBUG    | fetch_data           | Requesting data from https://dps.psx.com.pk/market-watch
2026-07-06 05:32:12 | DEBUG    | fetch_data           | Response status: 200
2026-07-06 05:32:12 | DEBUG    | fetch_data           | Response content type: text/html; charset=utf-8
2026-07-06 05:32:12 | DEBUG    | fetch_data           | Response size: 448277 bytes
2026-07-06 05:32:12 | INFO     | fetch_data           | ✅ Data fetched successfully (Status: 200)
2026-07-06 05:32:12 | DEBUG    | parse_json           | Attempting JSON parsing...
2026-07-06 05:32:12 | DEBUG    | parse_json           | Response preview: <table class="tbl" data-page-length="25"><thead class="tbl__head"><!-- tr--><!--   th(colspan="11")--><!--   th.center(colspan="2", style="width: 110px;") TOTAL BUY ORDERS--><!--   th.center(colspan="2", style="width: 110px;") TOTAL SELL ORDERS--><tr><th data-name="symbol">SYMBOL</th><th data-name="sector">SECTOR</th><th data-name="listed">LISTED IN</th><th class="right" data-name="ldcp">LDCP</th><th class="right" data-name="open">OPEN</th><th class="right" data-name="high">HIGH</th><th class="r
2026-07-06 05:32:12 | WARNING  | parse_json           | ⚠️ JSON parsing failed: Expecting value: line 1 column 1 (char 0)
2026-07-06 05:32:12 | INFO     | run                  | JSON parsing failed, trying HTML fallback...
2026-07-06 05:32:12 | INFO     | parse_html           | Attempting HTML fallback parsing...
2026-07-06 05:32:12 | DEBUG    | parse_html           | Found 1 table(s) in HTML
2026-07-06 05:32:12 | DEBUG    | parse_html           | Table columns: ['SYMBOL', 'SECTOR', 'LISTED IN', 'LDCP', 'OPEN', 'HIGH', 'LOW', 'CURRENT', 'CHANGE', 'CHANGE (%)', 'VOLUME']
2026-07-06 05:32:12 | DEBUG    | parse_html           | Table shape: (468, 11)
2026-07-06 05:32:12 | INFO     | parse_html           | ✅ HTML parsed successfully (468 rows)
2026-07-06 05:32:12 | INFO     | clean_data           | Cleaning data...
2026-07-06 05:32:12 | DEBUG    | clean_data           | Initial shape: (468, 11)
2026-07-06 05:32:12 | DEBUG    | clean_data           | Initial columns: ['SYMBOL', 'SECTOR', 'LISTED IN', 'LDCP', 'OPEN', 'HIGH', 'LOW', 'CURRENT', 'CHANGE', 'CHANGE (%)', 'VOLUME']
2026-07-06 05:32:12 | DEBUG    | clean_data           | Removed 'LISTED IN' column
2026-07-06 05:32:12 | DEBUG    | clean_data           | Converted LDCP from float64 to numeric
2026-07-06 05:32:12 | DEBUG    | clean_data           | Converted OPEN from float64 to numeric
2026-07-06 05:32:12 | DEBUG    | clean_data           | Converted HIGH from float64 to numeric
2026-07-06 05:32:12 | DEBUG    | clean_data           | Converted LOW from float64 to numeric
2026-07-06 05:32:12 | DEBUG    | clean_data           | Converted CURRENT from float64 to numeric
2026-07-06 05:32:12 | DEBUG    | clean_data           | Converted CHANGE from float64 to numeric
2026-07-06 05:32:12 | WARNING  | clean_data           | Column CHANGE (%): 468 values could not be converted to numeric
2026-07-06 05:32:12 | DEBUG    | clean_data           | Converted CHANGE (%) from str to numeric
2026-07-06 05:32:12 | DEBUG    | clean_data           | Converted VOLUME from int64 to numeric
2026-07-06 05:32:12 | INFO     | clean_data           | ✅ Data cleaned (468 rows, 16 columns)
2026-07-06 05:32:12 | DEBUG    | clean_data           | Final columns: ['SYMBOL', 'SECTOR', 'LDCP', 'OPEN', 'HIGH', 'LOW', 'CURRENT', 'CHANGE', 'CHANGE (%)', 'VOLUME', 'YEAR', 'MONTH', 'DAY', 'HOUR', 'MINUTE', 'DATETIME']
2026-07-06 05:32:12 | DEBUG    | get_file_path        | Generated file path: data/2026/07/2026-07-06.xlsx
2026-07-06 05:32:12 | INFO     | save_data            | Saving data to: data/2026/07/2026-07-06.xlsx
2026-07-06 05:32:12 | DEBUG    | _create_backup       | Backup created: data/2026/07/backups/2026-07-06_backup_20260706_053212.xlsx
2026-07-06 05:32:12 | DEBUG    | _cleanup_old_backups | Removed old backup: 2026-07-06_backup_20260706_050624.xlsx
2026-07-06 05:32:12 | DEBUG    | save_data            | Existing file found, merging data...
2026-07-06 05:32:13 | DEBUG    | save_data            | Loaded 14108 existing rows
2026-07-06 05:32:13 | DEBUG    | save_data            | Combined to 14576 rows
2026-07-06 05:32:13 | DEBUG    | save_data            | Writing to temporary file...
2026-07-06 05:32:16 | DEBUG    | save_data            | Data written to temp file: /home/runner/work/Thalorae-BackLioraen/Thalorae-BackLioraen/data/2026/07/tmpiz7v4ji6.xlsx
2026-07-06 05:32:16 | DEBUG    | save_data            | Temp file moved to final location
2026-07-06 05:32:16 | INFO     | save_data            | ✅ Data saved successfully (14576 total rows, 1,084,451 bytes)
2026-07-06 05:32:16 | INFO     | run                  | ======================================================================
2026-07-06 05:32:16 | INFO     | run                  | 📊 EXECUTION SUMMARY:
2026-07-06 05:32:16 | INFO     | run                  |    ✅ Status: SUCCESS
2026-07-06 05:32:16 | INFO     | run                  |    - Rows processed: 468
2026-07-06 05:32:16 | INFO     | run                  |    - Unique symbols: 468
2026-07-06 05:32:16 | INFO     | run                  |    - Timestamp: 2026-07-06 10:32:06
2026-07-06 05:32:16 | INFO     | run                  |    - File: data/2026/07/2026-07-06.xlsx
2026-07-06 05:32:16 | INFO     | run                  | ======================================================================
2026-07-06 05:32:16 | DEBUG    | run                  | Sample data (first row):
2026-07-06 05:32:16 | DEBUG    | run                  | {'SYMBOL': 'TPLP', 'SECTOR': 838, 'LDCP': 11.64, 'OPEN': 11.87, 'HIGH': 12.5, 'LOW': 11.87, 'CURRENT': 12.21, 'CHANGE': 0.57, 'CHANGE (%)': nan, 'VOLUME': 28247837, 'YEAR': 2026, 'MONTH': 7, 'DAY': 6, 'HOUR': 10, 'MINUTE': 32, 'DATETIME': '2026-07-06 10:32'}
2026-07-06 05:32:16 | DEBUG    | close                | Session closed
2026-07-06 05:37:17 | INFO     | run                  | ======================================================================
2026-07-06 05:37:17 | INFO     | run                  | 🚀 MARKET DATA SCRAPER - SINGLE EXECUTION
2026-07-06 05:37:17 | INFO     | run                  | ======================================================================
2026-07-06 05:37:17 | INFO     | run                  | Execution Time: 2026-07-06 10:37:17 PKT
2026-07-06 05:37:17 | INFO     | run                  | Configuration:
2026-07-06 05:37:17 | INFO     | run                  |    - Timezone: Asia/Karachi
2026-07-06 05:37:17 | INFO     | run                  |    - Data directory: data
2026-07-06 05:37:17 | INFO     | run                  |    - Log directory: logs
2026-07-06 05:37:17 | INFO     | run                  |    - Excluded symbols: {'XT', 'XR', 'XS', 'XD'}
2026-07-06 05:37:17 | INFO     | run                  | ======================================================================
2026-07-06 05:37:17 | INFO     | fetch_data           | Fetching data (Attempt 1/3)...
2026-07-06 05:37:17 | DEBUG    | fetch_data           | Establishing session with https://dps.psx.com.pk/
2026-07-06 05:37:19 | DEBUG    | fetch_data           | Requesting data from https://dps.psx.com.pk/market-watch
2026-07-06 05:37:21 | DEBUG    | fetch_data           | Response status: 200
2026-07-06 05:37:21 | DEBUG    | fetch_data           | Response content type: text/html; charset=utf-8
2026-07-06 05:37:21 | DEBUG    | fetch_data           | Response size: 451191 bytes
2026-07-06 05:37:21 | INFO     | fetch_data           | ✅ Data fetched successfully (Status: 200)
2026-07-06 05:37:21 | DEBUG    | parse_json           | Attempting JSON parsing...
2026-07-06 05:37:21 | DEBUG    | parse_json           | Response preview: <table class="tbl" data-page-length="25"><thead class="tbl__head"><!-- tr--><!--   th(colspan="11")--><!--   th.center(colspan="2", style="width: 110px;") TOTAL BUY ORDERS--><!--   th.center(colspan="2", style="width: 110px;") TOTAL SELL ORDERS--><tr><th data-name="symbol">SYMBOL</th><th data-name="sector">SECTOR</th><th data-name="listed">LISTED IN</th><th class="right" data-name="ldcp">LDCP</th><th class="right" data-name="open">OPEN</th><th class="right" data-name="high">HIGH</th><th class="r
2026-07-06 05:37:21 | WARNING  | parse_json           | ⚠️ JSON parsing failed: Expecting value: line 1 column 1 (char 0)
2026-07-06 05:37:21 | INFO     | run                  | JSON parsing failed, trying HTML fallback...
2026-07-06 05:37:21 | INFO     | parse_html           | Attempting HTML fallback parsing...
2026-07-06 05:37:21 | DEBUG    | parse_html           | Found 1 table(s) in HTML
2026-07-06 05:37:21 | DEBUG    | parse_html           | Table columns: ['SYMBOL', 'SECTOR', 'LISTED IN', 'LDCP', 'OPEN', 'HIGH', 'LOW', 'CURRENT', 'CHANGE', 'CHANGE (%)', 'VOLUME']
2026-07-06 05:37:21 | DEBUG    | parse_html           | Table shape: (471, 11)
2026-07-06 05:37:21 | INFO     | parse_html           | ✅ HTML parsed successfully (471 rows)
2026-07-06 05:37:21 | INFO     | clean_data           | Cleaning data...
2026-07-06 05:37:21 | DEBUG    | clean_data           | Initial shape: (471, 11)
2026-07-06 05:37:21 | DEBUG    | clean_data           | Initial columns: ['SYMBOL', 'SECTOR', 'LISTED IN', 'LDCP', 'OPEN', 'HIGH', 'LOW', 'CURRENT', 'CHANGE', 'CHANGE (%)', 'VOLUME']
2026-07-06 05:37:21 | DEBUG    | clean_data           | Removed 'LISTED IN' column
2026-07-06 05:37:21 | DEBUG    | clean_data           | Converted LDCP from float64 to numeric
2026-07-06 05:37:21 | DEBUG    | clean_data           | Converted OPEN from float64 to numeric
2026-07-06 05:37:21 | DEBUG    | clean_data           | Converted HIGH from float64 to numeric
2026-07-06 05:37:21 | DEBUG    | clean_data           | Converted LOW from float64 to numeric
2026-07-06 05:37:21 | DEBUG    | clean_data           | Converted CURRENT from float64 to numeric
2026-07-06 05:37:21 | DEBUG    | clean_data           | Converted CHANGE from float64 to numeric
2026-07-06 05:37:21 | WARNING  | clean_data           | Column CHANGE (%): 471 values could not be converted to numeric
2026-07-06 05:37:21 | DEBUG    | clean_data           | Converted CHANGE (%) from str to numeric
2026-07-06 05:37:21 | DEBUG    | clean_data           | Converted VOLUME from int64 to numeric
2026-07-06 05:37:21 | INFO     | clean_data           | ✅ Data cleaned (471 rows, 16 columns)
2026-07-06 05:37:21 | DEBUG    | clean_data           | Final columns: ['SYMBOL', 'SECTOR', 'LDCP', 'OPEN', 'HIGH', 'LOW', 'CURRENT', 'CHANGE', 'CHANGE (%)', 'VOLUME', 'YEAR', 'MONTH', 'DAY', 'HOUR', 'MINUTE', 'DATETIME']
2026-07-06 05:37:21 | DEBUG    | get_file_path        | Generated file path: data/2026/07/2026-07-06.xlsx
2026-07-06 05:37:21 | INFO     | save_data            | Saving data to: data/2026/07/2026-07-06.xlsx
2026-07-06 05:37:21 | DEBUG    | _create_backup       | Backup created: data/2026/07/backups/2026-07-06_backup_20260706_053721.xlsx
2026-07-06 05:37:21 | DEBUG    | _cleanup_old_backups | Removed old backup: 2026-07-06_backup_20260706_051133.xlsx
2026-07-06 05:37:21 | DEBUG    | save_data            | Existing file found, merging data...
2026-07-06 05:37:23 | DEBUG    | save_data            | Loaded 14576 existing rows
2026-07-06 05:37:23 | DEBUG    | save_data            | Combined to 15047 rows
2026-07-06 05:37:23 | DEBUG    | save_data            | Writing to temporary file...
2026-07-06 05:37:25 | DEBUG    | save_data            | Data written to temp file: /home/runner/work/Thalorae-BackLioraen/Thalorae-BackLioraen/data/2026/07/tmplddt6np5.xlsx
2026-07-06 05:37:25 | DEBUG    | save_data            | Temp file moved to final location
2026-07-06 05:37:25 | INFO     | save_data            | ✅ Data saved successfully (15047 total rows, 1,119,216 bytes)
2026-07-06 05:37:25 | INFO     | run                  | ======================================================================
2026-07-06 05:37:25 | INFO     | run                  | 📊 EXECUTION SUMMARY:
2026-07-06 05:37:25 | INFO     | run                  |    ✅ Status: SUCCESS
2026-07-06 05:37:25 | INFO     | run                  |    - Rows processed: 471
2026-07-06 05:37:25 | INFO     | run                  |    - Unique symbols: 471
2026-07-06 05:37:25 | INFO     | run                  |    - Timestamp: 2026-07-06 10:37:17
2026-07-06 05:37:25 | INFO     | run                  |    - File: data/2026/07/2026-07-06.xlsx
2026-07-06 05:37:25 | INFO     | run                  | ======================================================================
2026-07-06 05:37:25 | DEBUG    | run                  | Sample data (first row):
2026-07-06 05:37:25 | DEBUG    | run                  | {'SYMBOL': 'TPLP', 'SECTOR': 838, 'LDCP': 11.64, 'OPEN': 11.87, 'HIGH': 12.5, 'LOW': 11.87, 'CURRENT': 12.19, 'CHANGE': 0.55, 'CHANGE (%)': nan, 'VOLUME': 28596691, 'YEAR': 2026, 'MONTH': 7, 'DAY': 6, 'HOUR': 10, 'MINUTE': 37, 'DATETIME': '2026-07-06 10:37'}
2026-07-06 05:37:25 | DEBUG    | close                | Session closed
2026-07-06 05:42:26 | INFO     | run                  | ======================================================================
2026-07-06 05:42:26 | INFO     | run                  | 🚀 MARKET DATA SCRAPER - SINGLE EXECUTION
2026-07-06 05:42:26 | INFO     | run                  | ======================================================================
2026-07-06 05:42:26 | INFO     | run                  | Execution Time: 2026-07-06 10:42:26 PKT
2026-07-06 05:42:26 | INFO     | run                  | Configuration:
2026-07-06 05:42:26 | INFO     | run                  |    - Timezone: Asia/Karachi
2026-07-06 05:42:26 | INFO     | run                  |    - Data directory: data
2026-07-06 05:42:26 | INFO     | run                  |    - Log directory: logs
2026-07-06 05:42:26 | INFO     | run                  |    - Excluded symbols: {'XT', 'XR', 'XS', 'XD'}
2026-07-06 05:42:26 | INFO     | run                  | ======================================================================
2026-07-06 05:42:26 | INFO     | fetch_data           | Fetching data (Attempt 1/3)...
2026-07-06 05:42:26 | DEBUG    | fetch_data           | Establishing session with https://dps.psx.com.pk/
2026-07-06 05:42:30 | DEBUG    | fetch_data           | Requesting data from https://dps.psx.com.pk/market-watch
2026-07-06 05:42:32 | DEBUG    | fetch_data           | Response status: 200
2026-07-06 05:42:32 | DEBUG    | fetch_data           | Response content type: text/html; charset=utf-8
2026-07-06 05:42:32 | DEBUG    | fetch_data           | Response size: 453091 bytes
2026-07-06 05:42:32 | INFO     | fetch_data           | ✅ Data fetched successfully (Status: 200)
2026-07-06 05:42:32 | DEBUG    | parse_json           | Attempting JSON parsing...
2026-07-06 05:42:32 | DEBUG    | parse_json           | Response preview: <table class="tbl" data-page-length="25"><thead class="tbl__head"><!-- tr--><!--   th(colspan="11")--><!--   th.center(colspan="2", style="width: 110px;") TOTAL BUY ORDERS--><!--   th.center(colspan="2", style="width: 110px;") TOTAL SELL ORDERS--><tr><th data-name="symbol">SYMBOL</th><th data-name="sector">SECTOR</th><th data-name="listed">LISTED IN</th><th class="right" data-name="ldcp">LDCP</th><th class="right" data-name="open">OPEN</th><th class="right" data-name="high">HIGH</th><th class="r
2026-07-06 05:42:32 | WARNING  | parse_json           | ⚠️ JSON parsing failed: Expecting value: line 1 column 1 (char 0)
2026-07-06 05:42:32 | INFO     | run                  | JSON parsing failed, trying HTML fallback...
2026-07-06 05:42:32 | INFO     | parse_html           | Attempting HTML fallback parsing...
2026-07-06 05:42:32 | DEBUG    | parse_html           | Found 1 table(s) in HTML
2026-07-06 05:42:32 | DEBUG    | parse_html           | Table columns: ['SYMBOL', 'SECTOR', 'LISTED IN', 'LDCP', 'OPEN', 'HIGH', 'LOW', 'CURRENT', 'CHANGE', 'CHANGE (%)', 'VOLUME']
2026-07-06 05:42:32 | DEBUG    | parse_html           | Table shape: (473, 11)
2026-07-06 05:42:32 | INFO     | parse_html           | ✅ HTML parsed successfully (473 rows)
2026-07-06 05:42:32 | INFO     | clean_data           | Cleaning data...
2026-07-06 05:42:32 | DEBUG    | clean_data           | Initial shape: (473, 11)
2026-07-06 05:42:32 | DEBUG    | clean_data           | Initial columns: ['SYMBOL', 'SECTOR', 'LISTED IN', 'LDCP', 'OPEN', 'HIGH', 'LOW', 'CURRENT', 'CHANGE', 'CHANGE (%)', 'VOLUME']
2026-07-06 05:42:32 | DEBUG    | clean_data           | Removed 'LISTED IN' column
2026-07-06 05:42:32 | DEBUG    | clean_data           | Converted LDCP from float64 to numeric
2026-07-06 05:42:32 | DEBUG    | clean_data           | Converted OPEN from float64 to numeric
2026-07-06 05:42:32 | DEBUG    | clean_data           | Converted HIGH from float64 to numeric
2026-07-06 05:42:32 | DEBUG    | clean_data           | Converted LOW from float64 to numeric
2026-07-06 05:42:32 | DEBUG    | clean_data           | Converted CURRENT from float64 to numeric
2026-07-06 05:42:32 | DEBUG    | clean_data           | Converted CHANGE from float64 to numeric
2026-07-06 05:42:32 | WARNING  | clean_data           | Column CHANGE (%): 473 values could not be converted to numeric
2026-07-06 05:42:32 | DEBUG    | clean_data           | Converted CHANGE (%) from str to numeric
2026-07-06 05:42:32 | DEBUG    | clean_data           | Converted VOLUME from int64 to numeric
2026-07-06 05:42:32 | INFO     | clean_data           | ✅ Data cleaned (473 rows, 16 columns)
2026-07-06 05:42:32 | DEBUG    | clean_data           | Final columns: ['SYMBOL', 'SECTOR', 'LDCP', 'OPEN', 'HIGH', 'LOW', 'CURRENT', 'CHANGE', 'CHANGE (%)', 'VOLUME', 'YEAR', 'MONTH', 'DAY', 'HOUR', 'MINUTE', 'DATETIME']
2026-07-06 05:42:32 | DEBUG    | get_file_path        | Generated file path: data/2026/07/2026-07-06.xlsx
2026-07-06 05:42:32 | INFO     | save_data            | Saving data to: data/2026/07/2026-07-06.xlsx
2026-07-06 05:42:32 | DEBUG    | _create_backup       | Backup created: data/2026/07/backups/2026-07-06_backup_20260706_054232.xlsx
2026-07-06 05:42:32 | DEBUG    | _cleanup_old_backups | Removed old backup: 2026-07-06_backup_20260706_051642.xlsx
2026-07-06 05:42:32 | DEBUG    | save_data            | Existing file found, merging data...
2026-07-06 05:42:33 | DEBUG    | save_data            | Loaded 15047 existing rows
2026-07-06 05:42:33 | DEBUG    | save_data            | Combined to 15520 rows
2026-07-06 05:42:33 | DEBUG    | save_data            | Writing to temporary file...
2026-07-06 05:42:36 | DEBUG    | save_data            | Data written to temp file: /home/runner/work/Thalorae-BackLioraen/Thalorae-BackLioraen/data/2026/07/tmpi8vpbys6.xlsx
2026-07-06 05:42:36 | DEBUG    | save_data            | Temp file moved to final location
2026-07-06 05:42:36 | INFO     | save_data            | ✅ Data saved successfully (15520 total rows, 1,154,099 bytes)
2026-07-06 05:42:36 | INFO     | run                  | ======================================================================
2026-07-06 05:42:36 | INFO     | run                  | 📊 EXECUTION SUMMARY:
2026-07-06 05:42:36 | INFO     | run                  |    ✅ Status: SUCCESS
2026-07-06 05:42:36 | INFO     | run                  |    - Rows processed: 473
2026-07-06 05:42:36 | INFO     | run                  |    - Unique symbols: 473
2026-07-06 05:42:36 | INFO     | run                  |    - Timestamp: 2026-07-06 10:42:26
2026-07-06 05:42:36 | INFO     | run                  |    - File: data/2026/07/2026-07-06.xlsx
2026-07-06 05:42:36 | INFO     | run                  | ======================================================================
2026-07-06 05:42:36 | DEBUG    | run                  | Sample data (first row):
2026-07-06 05:42:36 | DEBUG    | run                  | {'SYMBOL': 'TPLP', 'SECTOR': 838, 'LDCP': 11.64, 'OPEN': 11.87, 'HIGH': 12.5, 'LOW': 11.87, 'CURRENT': 12.15, 'CHANGE': 0.51, 'CHANGE (%)': nan, 'VOLUME': 29012991, 'YEAR': 2026, 'MONTH': 7, 'DAY': 6, 'HOUR': 10, 'MINUTE': 42, 'DATETIME': '2026-07-06 10:42'}
2026-07-06 05:42:36 | DEBUG    | close                | Session closed
2026-07-06 05:47:37 | INFO     | run                  | ======================================================================
2026-07-06 05:47:37 | INFO     | run                  | 🚀 MARKET DATA SCRAPER - SINGLE EXECUTION
2026-07-06 05:47:37 | INFO     | run                  | ======================================================================
2026-07-06 05:47:37 | INFO     | run                  | Execution Time: 2026-07-06 10:47:37 PKT
2026-07-06 05:47:37 | INFO     | run                  | Configuration:
2026-07-06 05:47:37 | INFO     | run                  |    - Timezone: Asia/Karachi
2026-07-06 05:47:37 | INFO     | run                  |    - Data directory: data
2026-07-06 05:47:37 | INFO     | run                  |    - Log directory: logs
2026-07-06 05:47:37 | INFO     | run                  |    - Excluded symbols: {'XD', 'XT', 'XS', 'XR'}
2026-07-06 05:47:37 | INFO     | run                  | ======================================================================
2026-07-06 05:47:37 | INFO     | fetch_data           | Fetching data (Attempt 1/3)...
2026-07-06 05:47:37 | DEBUG    | fetch_data           | Establishing session with https://dps.psx.com.pk/
2026-07-06 05:47:40 | DEBUG    | fetch_data           | Requesting data from https://dps.psx.com.pk/market-watch
2026-07-06 05:47:43 | DEBUG    | fetch_data           | Response status: 200
2026-07-06 05:47:43 | DEBUG    | fetch_data           | Response content type: text/html; charset=utf-8
2026-07-06 05:47:43 | DEBUG    | fetch_data           | Response size: 454943 bytes
2026-07-06 05:47:43 | INFO     | fetch_data           | ✅ Data fetched successfully (Status: 200)
2026-07-06 05:47:43 | DEBUG    | parse_json           | Attempting JSON parsing...
2026-07-06 05:47:43 | DEBUG    | parse_json           | Response preview: <table class="tbl" data-page-length="25"><thead class="tbl__head"><!-- tr--><!--   th(colspan="11")--><!--   th.center(colspan="2", style="width: 110px;") TOTAL BUY ORDERS--><!--   th.center(colspan="2", style="width: 110px;") TOTAL SELL ORDERS--><tr><th data-name="symbol">SYMBOL</th><th data-name="sector">SECTOR</th><th data-name="listed">LISTED IN</th><th class="right" data-name="ldcp">LDCP</th><th class="right" data-name="open">OPEN</th><th class="right" data-name="high">HIGH</th><th class="r
2026-07-06 05:47:43 | WARNING  | parse_json           | ⚠️ JSON parsing failed: Expecting value: line 1 column 1 (char 0)
2026-07-06 05:47:43 | INFO     | run                  | JSON parsing failed, trying HTML fallback...
2026-07-06 05:47:43 | INFO     | parse_html           | Attempting HTML fallback parsing...
2026-07-06 05:47:43 | DEBUG    | parse_html           | Found 1 table(s) in HTML
2026-07-06 05:47:43 | DEBUG    | parse_html           | Table columns: ['SYMBOL', 'SECTOR', 'LISTED IN', 'LDCP', 'OPEN', 'HIGH', 'LOW', 'CURRENT', 'CHANGE', 'CHANGE (%)', 'VOLUME']
2026-07-06 05:47:43 | DEBUG    | parse_html           | Table shape: (475, 11)
2026-07-06 05:47:43 | INFO     | parse_html           | ✅ HTML parsed successfully (475 rows)
2026-07-06 05:47:43 | INFO     | clean_data           | Cleaning data...
2026-07-06 05:47:43 | DEBUG    | clean_data           | Initial shape: (475, 11)
2026-07-06 05:47:43 | DEBUG    | clean_data           | Initial columns: ['SYMBOL', 'SECTOR', 'LISTED IN', 'LDCP', 'OPEN', 'HIGH', 'LOW', 'CURRENT', 'CHANGE', 'CHANGE (%)', 'VOLUME']
2026-07-06 05:47:43 | DEBUG    | clean_data           | Removed 'LISTED IN' column
2026-07-06 05:47:43 | DEBUG    | clean_data           | Converted LDCP from float64 to numeric
2026-07-06 05:47:43 | DEBUG    | clean_data           | Converted OPEN from float64 to numeric
2026-07-06 05:47:43 | DEBUG    | clean_data           | Converted HIGH from float64 to numeric
2026-07-06 05:47:43 | DEBUG    | clean_data           | Converted LOW from float64 to numeric
2026-07-06 05:47:43 | DEBUG    | clean_data           | Converted CURRENT from float64 to numeric
2026-07-06 05:47:43 | DEBUG    | clean_data           | Converted CHANGE from float64 to numeric
2026-07-06 05:47:43 | WARNING  | clean_data           | Column CHANGE (%): 475 values could not be converted to numeric
2026-07-06 05:47:43 | DEBUG    | clean_data           | Converted CHANGE (%) from str to numeric
2026-07-06 05:47:43 | DEBUG    | clean_data           | Converted VOLUME from int64 to numeric
2026-07-06 05:47:43 | INFO     | clean_data           | ✅ Data cleaned (475 rows, 16 columns)
2026-07-06 05:47:43 | DEBUG    | clean_data           | Final columns: ['SYMBOL', 'SECTOR', 'LDCP', 'OPEN', 'HIGH', 'LOW', 'CURRENT', 'CHANGE', 'CHANGE (%)', 'VOLUME', 'YEAR', 'MONTH', 'DAY', 'HOUR', 'MINUTE', 'DATETIME']
2026-07-06 05:47:43 | DEBUG    | get_file_path        | Generated file path: data/2026/07/2026-07-06.xlsx
2026-07-06 05:47:43 | INFO     | save_data            | Saving data to: data/2026/07/2026-07-06.xlsx
2026-07-06 05:47:43 | DEBUG    | _create_backup       | Backup created: data/2026/07/backups/2026-07-06_backup_20260706_054743.xlsx
2026-07-06 05:47:43 | DEBUG    | _cleanup_old_backups | Removed old backup: 2026-07-06_backup_20260706_052151.xlsx
2026-07-06 05:47:43 | DEBUG    | save_data            | Existing file found, merging data...
2026-07-06 05:47:44 | DEBUG    | save_data            | Loaded 15520 existing rows
2026-07-06 05:47:44 | DEBUG    | save_data            | Combined to 15995 rows
2026-07-06 05:47:44 | DEBUG    | save_data            | Writing to temporary file...
2026-07-06 05:47:47 | DEBUG    | save_data            | Data written to temp file: /home/runner/work/Thalorae-BackLioraen/Thalorae-BackLioraen/data/2026/07/tmp96h8inhh.xlsx
2026-07-06 05:47:47 | DEBUG    | save_data            | Temp file moved to final location
2026-07-06 05:47:47 | INFO     | save_data            | ✅ Data saved successfully (15995 total rows, 1,189,195 bytes)
2026-07-06 05:47:47 | INFO     | run                  | ======================================================================
2026-07-06 05:47:47 | INFO     | run                  | 📊 EXECUTION SUMMARY:
2026-07-06 05:47:47 | INFO     | run                  |    ✅ Status: SUCCESS
2026-07-06 05:47:47 | INFO     | run                  |    - Rows processed: 475
2026-07-06 05:47:47 | INFO     | run                  |    - Unique symbols: 475
2026-07-06 05:47:47 | INFO     | run                  |    - Timestamp: 2026-07-06 10:47:37
2026-07-06 05:47:47 | INFO     | run                  |    - File: data/2026/07/2026-07-06.xlsx
2026-07-06 05:47:47 | INFO     | run                  | ======================================================================
2026-07-06 05:47:47 | DEBUG    | run                  | Sample data (first row):
2026-07-06 05:47:47 | DEBUG    | run                  | {'SYMBOL': 'TPLP', 'SECTOR': 838, 'LDCP': 11.64, 'OPEN': 11.87, 'HIGH': 12.5, 'LOW': 11.87, 'CURRENT': 12.14, 'CHANGE': 0.5, 'CHANGE (%)': nan, 'VOLUME': 29217315, 'YEAR': 2026, 'MONTH': 7, 'DAY': 6, 'HOUR': 10, 'MINUTE': 47, 'DATETIME': '2026-07-06 10:47'}
2026-07-06 05:47:47 | DEBUG    | close                | Session closed
2026-07-06 05:52:48 | INFO     | run                  | ======================================================================
2026-07-06 05:52:48 | INFO     | run                  | 🚀 MARKET DATA SCRAPER - SINGLE EXECUTION
2026-07-06 05:52:48 | INFO     | run                  | ======================================================================
2026-07-06 05:52:48 | INFO     | run                  | Execution Time: 2026-07-06 10:52:48 PKT
2026-07-06 05:52:48 | INFO     | run                  | Configuration:
2026-07-06 05:52:48 | INFO     | run                  |    - Timezone: Asia/Karachi
2026-07-06 05:52:48 | INFO     | run                  |    - Data directory: data
2026-07-06 05:52:48 | INFO     | run                  |    - Log directory: logs
2026-07-06 05:52:48 | INFO     | run                  |    - Excluded symbols: {'XR', 'XT', 'XD', 'XS'}
2026-07-06 05:52:48 | INFO     | run                  | ======================================================================
2026-07-06 05:52:48 | INFO     | fetch_data           | Fetching data (Attempt 1/3)...
2026-07-06 05:52:48 | DEBUG    | fetch_data           | Establishing session with https://dps.psx.com.pk/
2026-07-06 05:52:51 | DEBUG    | fetch_data           | Requesting data from https://dps.psx.com.pk/market-watch
2026-07-06 05:52:53 | DEBUG    | fetch_data           | Response status: 200
2026-07-06 05:52:53 | DEBUG    | fetch_data           | Response content type: text/html; charset=utf-8
2026-07-06 05:52:53 | DEBUG    | fetch_data           | Response size: 454977 bytes
2026-07-06 05:52:53 | INFO     | fetch_data           | ✅ Data fetched successfully (Status: 200)
2026-07-06 05:52:53 | DEBUG    | parse_json           | Attempting JSON parsing...
2026-07-06 05:52:53 | DEBUG    | parse_json           | Response preview: <table class="tbl" data-page-length="25"><thead class="tbl__head"><!-- tr--><!--   th(colspan="11")--><!--   th.center(colspan="2", style="width: 110px;") TOTAL BUY ORDERS--><!--   th.center(colspan="2", style="width: 110px;") TOTAL SELL ORDERS--><tr><th data-name="symbol">SYMBOL</th><th data-name="sector">SECTOR</th><th data-name="listed">LISTED IN</th><th class="right" data-name="ldcp">LDCP</th><th class="right" data-name="open">OPEN</th><th class="right" data-name="high">HIGH</th><th class="r
2026-07-06 05:52:53 | WARNING  | parse_json           | ⚠️ JSON parsing failed: Expecting value: line 1 column 1 (char 0)
2026-07-06 05:52:53 | INFO     | run                  | JSON parsing failed, trying HTML fallback...
2026-07-06 05:52:53 | INFO     | parse_html           | Attempting HTML fallback parsing...
2026-07-06 05:52:53 | DEBUG    | parse_html           | Found 1 table(s) in HTML
2026-07-06 05:52:53 | DEBUG    | parse_html           | Table columns: ['SYMBOL', 'SECTOR', 'LISTED IN', 'LDCP', 'OPEN', 'HIGH', 'LOW', 'CURRENT', 'CHANGE', 'CHANGE (%)', 'VOLUME']
2026-07-06 05:52:53 | DEBUG    | parse_html           | Table shape: (475, 11)
2026-07-06 05:52:53 | INFO     | parse_html           | ✅ HTML parsed successfully (475 rows)
2026-07-06 05:52:53 | INFO     | clean_data           | Cleaning data...
2026-07-06 05:52:53 | DEBUG    | clean_data           | Initial shape: (475, 11)
2026-07-06 05:52:53 | DEBUG    | clean_data           | Initial columns: ['SYMBOL', 'SECTOR', 'LISTED IN', 'LDCP', 'OPEN', 'HIGH', 'LOW', 'CURRENT', 'CHANGE', 'CHANGE (%)', 'VOLUME']
2026-07-06 05:52:53 | DEBUG    | clean_data           | Removed 'LISTED IN' column
2026-07-06 05:52:53 | DEBUG    | clean_data           | Converted LDCP from float64 to numeric
2026-07-06 05:52:53 | DEBUG    | clean_data           | Converted OPEN from float64 to numeric
2026-07-06 05:52:53 | DEBUG    | clean_data           | Converted HIGH from float64 to numeric
2026-07-06 05:52:53 | DEBUG    | clean_data           | Converted LOW from float64 to numeric
2026-07-06 05:52:53 | DEBUG    | clean_data           | Converted CURRENT from float64 to numeric
2026-07-06 05:52:53 | DEBUG    | clean_data           | Converted CHANGE from float64 to numeric
2026-07-06 05:52:53 | WARNING  | clean_data           | Column CHANGE (%): 475 values could not be converted to numeric
2026-07-06 05:52:53 | DEBUG    | clean_data           | Converted CHANGE (%) from str to numeric
2026-07-06 05:52:53 | DEBUG    | clean_data           | Converted VOLUME from int64 to numeric
2026-07-06 05:52:53 | INFO     | clean_data           | ✅ Data cleaned (475 rows, 16 columns)
2026-07-06 05:52:53 | DEBUG    | clean_data           | Final columns: ['SYMBOL', 'SECTOR', 'LDCP', 'OPEN', 'HIGH', 'LOW', 'CURRENT', 'CHANGE', 'CHANGE (%)', 'VOLUME', 'YEAR', 'MONTH', 'DAY', 'HOUR', 'MINUTE', 'DATETIME']
2026-07-06 05:52:53 | DEBUG    | get_file_path        | Generated file path: data/2026/07/2026-07-06.xlsx
2026-07-06 05:52:53 | INFO     | save_data            | Saving data to: data/2026/07/2026-07-06.xlsx
2026-07-06 05:52:53 | DEBUG    | _create_backup       | Backup created: data/2026/07/backups/2026-07-06_backup_20260706_055253.xlsx
2026-07-06 05:52:53 | DEBUG    | _cleanup_old_backups | Removed old backup: 2026-07-06_backup_20260706_052702.xlsx
2026-07-06 05:52:53 | DEBUG    | save_data            | Existing file found, merging data...
2026-07-06 05:52:55 | DEBUG    | save_data            | Loaded 15995 existing rows
2026-07-06 05:52:55 | DEBUG    | save_data            | Combined to 16470 rows
2026-07-06 05:52:55 | DEBUG    | save_data            | Writing to temporary file...
2026-07-06 05:52:58 | DEBUG    | save_data            | Data written to temp file: /home/runner/work/Thalorae-BackLioraen/Thalorae-BackLioraen/data/2026/07/tmpooux953q.xlsx
2026-07-06 05:52:58 | DEBUG    | save_data            | Temp file moved to final location
2026-07-06 05:52:58 | INFO     | save_data            | ✅ Data saved successfully (16470 total rows, 1,224,325 bytes)
2026-07-06 05:52:58 | INFO     | run                  | ======================================================================
2026-07-06 05:52:58 | INFO     | run                  | 📊 EXECUTION SUMMARY:
2026-07-06 05:52:58 | INFO     | run                  |    ✅ Status: SUCCESS
2026-07-06 05:52:58 | INFO     | run                  |    - Rows processed: 475
2026-07-06 05:52:58 | INFO     | run                  |    - Unique symbols: 475
2026-07-06 05:52:58 | INFO     | run                  |    - Timestamp: 2026-07-06 10:52:48
2026-07-06 05:52:58 | INFO     | run                  |    - File: data/2026/07/2026-07-06.xlsx
2026-07-06 05:52:58 | INFO     | run                  | ======================================================================
2026-07-06 05:52:58 | DEBUG    | run                  | Sample data (first row):
2026-07-06 05:52:58 | DEBUG    | run                  | {'SYMBOL': 'TPLP', 'SECTOR': 838, 'LDCP': 11.64, 'OPEN': 11.87, 'HIGH': 12.5, 'LOW': 11.87, 'CURRENT': 12.14, 'CHANGE': 0.5, 'CHANGE (%)': nan, 'VOLUME': 29389944, 'YEAR': 2026, 'MONTH': 7, 'DAY': 6, 'HOUR': 10, 'MINUTE': 52, 'DATETIME': '2026-07-06 10:52'}
2026-07-06 05:52:58 | DEBUG    | close                | Session closed
2026-07-06 05:57:59 | INFO     | run                  | ======================================================================
2026-07-06 05:57:59 | INFO     | run                  | 🚀 MARKET DATA SCRAPER - SINGLE EXECUTION
2026-07-06 05:57:59 | INFO     | run                  | ======================================================================
2026-07-06 05:57:59 | INFO     | run                  | Execution Time: 2026-07-06 10:57:59 PKT
2026-07-06 05:57:59 | INFO     | run                  | Configuration:
2026-07-06 05:57:59 | INFO     | run                  |    - Timezone: Asia/Karachi
2026-07-06 05:57:59 | INFO     | run                  |    - Data directory: data
2026-07-06 05:57:59 | INFO     | run                  |    - Log directory: logs
2026-07-06 05:57:59 | INFO     | run                  |    - Excluded symbols: {'XR', 'XD', 'XT', 'XS'}
2026-07-06 05:57:59 | INFO     | run                  | ======================================================================
2026-07-06 05:57:59 | INFO     | fetch_data           | Fetching data (Attempt 1/3)...
2026-07-06 05:57:59 | DEBUG    | fetch_data           | Establishing session with https://dps.psx.com.pk/
2026-07-06 05:58:03 | DEBUG    | fetch_data           | Requesting data from https://dps.psx.com.pk/market-watch
2026-07-06 05:58:04 | DEBUG    | fetch_data           | Response status: 200
2026-07-06 05:58:04 | DEBUG    | fetch_data           | Response content type: text/html; charset=utf-8
2026-07-06 05:58:04 | DEBUG    | fetch_data           | Response size: 455966 bytes
2026-07-06 05:58:04 | INFO     | fetch_data           | ✅ Data fetched successfully (Status: 200)
2026-07-06 05:58:04 | DEBUG    | parse_json           | Attempting JSON parsing...
2026-07-06 05:58:04 | DEBUG    | parse_json           | Response preview: <table class="tbl" data-page-length="25"><thead class="tbl__head"><!-- tr--><!--   th(colspan="11")--><!--   th.center(colspan="2", style="width: 110px;") TOTAL BUY ORDERS--><!--   th.center(colspan="2", style="width: 110px;") TOTAL SELL ORDERS--><tr><th data-name="symbol">SYMBOL</th><th data-name="sector">SECTOR</th><th data-name="listed">LISTED IN</th><th class="right" data-name="ldcp">LDCP</th><th class="right" data-name="open">OPEN</th><th class="right" data-name="high">HIGH</th><th class="r
2026-07-06 05:58:04 | WARNING  | parse_json           | ⚠️ JSON parsing failed: Expecting value: line 1 column 1 (char 0)
2026-07-06 05:58:04 | INFO     | run                  | JSON parsing failed, trying HTML fallback...
2026-07-06 05:58:04 | INFO     | parse_html           | Attempting HTML fallback parsing...
2026-07-06 05:58:04 | DEBUG    | parse_html           | Found 1 table(s) in HTML
2026-07-06 05:58:04 | DEBUG    | parse_html           | Table columns: ['SYMBOL', 'SECTOR', 'LISTED IN', 'LDCP', 'OPEN', 'HIGH', 'LOW', 'CURRENT', 'CHANGE', 'CHANGE (%)', 'VOLUME']
2026-07-06 05:58:04 | DEBUG    | parse_html           | Table shape: (476, 11)
2026-07-06 05:58:04 | INFO     | parse_html           | ✅ HTML parsed successfully (476 rows)
2026-07-06 05:58:04 | INFO     | clean_data           | Cleaning data...
2026-07-06 05:58:04 | DEBUG    | clean_data           | Initial shape: (476, 11)
2026-07-06 05:58:04 | DEBUG    | clean_data           | Initial columns: ['SYMBOL', 'SECTOR', 'LISTED IN', 'LDCP', 'OPEN', 'HIGH', 'LOW', 'CURRENT', 'CHANGE', 'CHANGE (%)', 'VOLUME']
2026-07-06 05:58:04 | DEBUG    | clean_data           | Removed 'LISTED IN' column
2026-07-06 05:58:04 | DEBUG    | clean_data           | Converted LDCP from float64 to numeric
2026-07-06 05:58:04 | DEBUG    | clean_data           | Converted OPEN from float64 to numeric
2026-07-06 05:58:04 | DEBUG    | clean_data           | Converted HIGH from float64 to numeric
2026-07-06 05:58:04 | DEBUG    | clean_data           | Converted LOW from float64 to numeric
2026-07-06 05:58:04 | DEBUG    | clean_data           | Converted CURRENT from float64 to numeric
2026-07-06 05:58:04 | DEBUG    | clean_data           | Converted CHANGE from float64 to numeric
2026-07-06 05:58:04 | WARNING  | clean_data           | Column CHANGE (%): 476 values could not be converted to numeric
2026-07-06 05:58:04 | DEBUG    | clean_data           | Converted CHANGE (%) from str to numeric
2026-07-06 05:58:04 | DEBUG    | clean_data           | Converted VOLUME from int64 to numeric
2026-07-06 05:58:04 | INFO     | clean_data           | ✅ Data cleaned (476 rows, 16 columns)
2026-07-06 05:58:04 | DEBUG    | clean_data           | Final columns: ['SYMBOL', 'SECTOR', 'LDCP', 'OPEN', 'HIGH', 'LOW', 'CURRENT', 'CHANGE', 'CHANGE (%)', 'VOLUME', 'YEAR', 'MONTH', 'DAY', 'HOUR', 'MINUTE', 'DATETIME']
2026-07-06 05:58:04 | DEBUG    | get_file_path        | Generated file path: data/2026/07/2026-07-06.xlsx
2026-07-06 05:58:04 | INFO     | save_data            | Saving data to: data/2026/07/2026-07-06.xlsx
2026-07-06 05:58:04 | DEBUG    | _create_backup       | Backup created: data/2026/07/backups/2026-07-06_backup_20260706_055804.xlsx
2026-07-06 05:58:04 | DEBUG    | _cleanup_old_backups | Removed old backup: 2026-07-06_backup_20260706_053212.xlsx
2026-07-06 05:58:04 | DEBUG    | save_data            | Existing file found, merging data...
2026-07-06 05:58:06 | DEBUG    | save_data            | Loaded 16470 existing rows
2026-07-06 05:58:06 | DEBUG    | save_data            | Combined to 16946 rows
2026-07-06 05:58:06 | DEBUG    | save_data            | Writing to temporary file...
2026-07-06 05:58:09 | DEBUG    | save_data            | Data written to temp file: /home/runner/work/Thalorae-BackLioraen/Thalorae-BackLioraen/data/2026/07/tmpxtmjdgdu.xlsx
2026-07-06 05:58:09 | DEBUG    | save_data            | Temp file moved to final location
2026-07-06 05:58:09 | INFO     | save_data            | ✅ Data saved successfully (16946 total rows, 1,259,506 bytes)
2026-07-06 05:58:09 | INFO     | run                  | ======================================================================
2026-07-06 05:58:09 | INFO     | run                  | 📊 EXECUTION SUMMARY:
2026-07-06 05:58:09 | INFO     | run                  |    ✅ Status: SUCCESS
2026-07-06 05:58:09 | INFO     | run                  |    - Rows processed: 476
2026-07-06 05:58:09 | INFO     | run                  |    - Unique symbols: 476
2026-07-06 05:58:09 | INFO     | run                  |    - Timestamp: 2026-07-06 10:57:59
2026-07-06 05:58:09 | INFO     | run                  |    - File: data/2026/07/2026-07-06.xlsx
2026-07-06 05:58:09 | INFO     | run                  | ======================================================================
2026-07-06 05:58:09 | DEBUG    | run                  | Sample data (first row):
2026-07-06 05:58:09 | DEBUG    | run                  | {'SYMBOL': 'TPLP', 'SECTOR': 838, 'LDCP': 11.64, 'OPEN': 11.87, 'HIGH': 12.5, 'LOW': 11.87, 'CURRENT': 12.14, 'CHANGE': 0.5, 'CHANGE (%)': nan, 'VOLUME': 29426972, 'YEAR': 2026, 'MONTH': 7, 'DAY': 6, 'HOUR': 10, 'MINUTE': 57, 'DATETIME': '2026-07-06 10:57'}
2026-07-06 05:58:09 | DEBUG    | close                | Session closed
2026-07-06 06:03:10 | INFO     | run                  | ======================================================================
2026-07-06 06:03:10 | INFO     | run                  | 🚀 MARKET DATA SCRAPER - SINGLE EXECUTION
2026-07-06 06:03:10 | INFO     | run                  | ======================================================================
2026-07-06 06:03:10 | INFO     | run                  | Execution Time: 2026-07-06 11:03:10 PKT
2026-07-06 06:03:10 | INFO     | run                  | Configuration:
2026-07-06 06:03:10 | INFO     | run                  |    - Timezone: Asia/Karachi
2026-07-06 06:03:10 | INFO     | run                  |    - Data directory: data
2026-07-06 06:03:10 | INFO     | run                  |    - Log directory: logs
2026-07-06 06:03:10 | INFO     | run                  |    - Excluded symbols: {'XS', 'XR', 'XD', 'XT'}
2026-07-06 06:03:10 | INFO     | run                  | ======================================================================
2026-07-06 06:03:10 | INFO     | fetch_data           | Fetching data (Attempt 1/3)...
2026-07-06 06:03:10 | DEBUG    | fetch_data           | Establishing session with https://dps.psx.com.pk/
2026-07-06 06:03:13 | DEBUG    | fetch_data           | Requesting data from https://dps.psx.com.pk/market-watch
2026-07-06 06:03:14 | DEBUG    | fetch_data           | Response status: 200
2026-07-06 06:03:14 | DEBUG    | fetch_data           | Response content type: text/html; charset=utf-8
2026-07-06 06:03:14 | DEBUG    | fetch_data           | Response size: 456204 bytes
2026-07-06 06:03:14 | INFO     | fetch_data           | ✅ Data fetched successfully (Status: 200)
2026-07-06 06:03:14 | DEBUG    | parse_json           | Attempting JSON parsing...
2026-07-06 06:03:14 | DEBUG    | parse_json           | Response preview: <table class="tbl" data-page-length="25"><thead class="tbl__head"><!-- tr--><!--   th(colspan="11")--><!--   th.center(colspan="2", style="width: 110px;") TOTAL BUY ORDERS--><!--   th.center(colspan="2", style="width: 110px;") TOTAL SELL ORDERS--><tr><th data-name="symbol">SYMBOL</th><th data-name="sector">SECTOR</th><th data-name="listed">LISTED IN</th><th class="right" data-name="ldcp">LDCP</th><th class="right" data-name="open">OPEN</th><th class="right" data-name="high">HIGH</th><th class="r
2026-07-06 06:03:14 | WARNING  | parse_json           | ⚠️ JSON parsing failed: Expecting value: line 1 column 1 (char 0)
2026-07-06 06:03:14 | INFO     | run                  | JSON parsing failed, trying HTML fallback...
2026-07-06 06:03:14 | INFO     | parse_html           | Attempting HTML fallback parsing...
2026-07-06 06:03:14 | DEBUG    | parse_html           | Found 1 table(s) in HTML
2026-07-06 06:03:14 | DEBUG    | parse_html           | Table columns: ['SYMBOL', 'SECTOR', 'LISTED IN', 'LDCP', 'OPEN', 'HIGH', 'LOW', 'CURRENT', 'CHANGE', 'CHANGE (%)', 'VOLUME']
2026-07-06 06:03:14 | DEBUG    | parse_html           | Table shape: (476, 11)
2026-07-06 06:03:14 | INFO     | parse_html           | ✅ HTML parsed successfully (476 rows)
2026-07-06 06:03:14 | INFO     | clean_data           | Cleaning data...
2026-07-06 06:03:14 | DEBUG    | clean_data           | Initial shape: (476, 11)
2026-07-06 06:03:14 | DEBUG    | clean_data           | Initial columns: ['SYMBOL', 'SECTOR', 'LISTED IN', 'LDCP', 'OPEN', 'HIGH', 'LOW', 'CURRENT', 'CHANGE', 'CHANGE (%)', 'VOLUME']
2026-07-06 06:03:14 | DEBUG    | clean_data           | Removed 'LISTED IN' column
2026-07-06 06:03:14 | DEBUG    | clean_data           | Converted LDCP from float64 to numeric
2026-07-06 06:03:14 | DEBUG    | clean_data           | Converted OPEN from float64 to numeric
2026-07-06 06:03:14 | DEBUG    | clean_data           | Converted HIGH from float64 to numeric
2026-07-06 06:03:14 | DEBUG    | clean_data           | Converted LOW from float64 to numeric
2026-07-06 06:03:14 | DEBUG    | clean_data           | Converted CURRENT from float64 to numeric
2026-07-06 06:03:14 | DEBUG    | clean_data           | Converted CHANGE from float64 to numeric
2026-07-06 06:03:14 | WARNING  | clean_data           | Column CHANGE (%): 476 values could not be converted to numeric
2026-07-06 06:03:14 | DEBUG    | clean_data           | Converted CHANGE (%) from str to numeric
2026-07-06 06:03:14 | DEBUG    | clean_data           | Converted VOLUME from int64 to numeric
2026-07-06 06:03:14 | INFO     | clean_data           | ✅ Data cleaned (476 rows, 16 columns)
2026-07-06 06:03:14 | DEBUG    | clean_data           | Final columns: ['SYMBOL', 'SECTOR', 'LDCP', 'OPEN', 'HIGH', 'LOW', 'CURRENT', 'CHANGE', 'CHANGE (%)', 'VOLUME', 'YEAR', 'MONTH', 'DAY', 'HOUR', 'MINUTE', 'DATETIME']
2026-07-06 06:03:14 | DEBUG    | get_file_path        | Generated file path: data/2026/07/2026-07-06.xlsx
2026-07-06 06:03:14 | INFO     | save_data            | Saving data to: data/2026/07/2026-07-06.xlsx
2026-07-06 06:03:14 | DEBUG    | _create_backup       | Backup created: data/2026/07/backups/2026-07-06_backup_20260706_060314.xlsx
2026-07-06 06:03:14 | DEBUG    | _cleanup_old_backups | Removed old backup: 2026-07-06_backup_20260706_053721.xlsx
2026-07-06 06:03:14 | DEBUG    | save_data            | Existing file found, merging data...
2026-07-06 06:03:16 | DEBUG    | save_data            | Loaded 16946 existing rows
2026-07-06 06:03:16 | DEBUG    | save_data            | Combined to 17422 rows
2026-07-06 06:03:16 | DEBUG    | save_data            | Writing to temporary file...
2026-07-06 06:03:19 | DEBUG    | save_data            | Data written to temp file: /home/runner/work/Thalorae-BackLioraen/Thalorae-BackLioraen/data/2026/07/tmp9bsgnwn1.xlsx
2026-07-06 06:03:19 | DEBUG    | save_data            | Temp file moved to final location
2026-07-06 06:03:19 | INFO     | save_data            | ✅ Data saved successfully (17422 total rows, 1,294,818 bytes)
2026-07-06 06:03:19 | INFO     | run                  | ======================================================================
2026-07-06 06:03:19 | INFO     | run                  | 📊 EXECUTION SUMMARY:
2026-07-06 06:03:19 | INFO     | run                  |    ✅ Status: SUCCESS
2026-07-06 06:03:19 | INFO     | run                  |    - Rows processed: 476
2026-07-06 06:03:19 | INFO     | run                  |    - Unique symbols: 476
2026-07-06 06:03:19 | INFO     | run                  |    - Timestamp: 2026-07-06 11:03:10
2026-07-06 06:03:19 | INFO     | run                  |    - File: data/2026/07/2026-07-06.xlsx
2026-07-06 06:03:19 | INFO     | run                  | ======================================================================
2026-07-06 06:03:19 | DEBUG    | run                  | Sample data (first row):
2026-07-06 06:03:19 | DEBUG    | run                  | {'SYMBOL': 'TPLP', 'SECTOR': 838, 'LDCP': 11.64, 'OPEN': 11.87, 'HIGH': 12.5, 'LOW': 11.87, 'CURRENT': 12.2, 'CHANGE': 0.56, 'CHANGE (%)': nan, 'VOLUME': 29608676, 'YEAR': 2026, 'MONTH': 7, 'DAY': 6, 'HOUR': 11, 'MINUTE': 3, 'DATETIME': '2026-07-06 11:03'}
2026-07-06 06:03:19 | DEBUG    | close                | Session closed
2026-07-06 06:08:20 | INFO     | run                  | ======================================================================
2026-07-06 06:08:20 | INFO     | run                  | 🚀 MARKET DATA SCRAPER - SINGLE EXECUTION
2026-07-06 06:08:20 | INFO     | run                  | ======================================================================
2026-07-06 06:08:20 | INFO     | run                  | Execution Time: 2026-07-06 11:08:20 PKT
2026-07-06 06:08:20 | INFO     | run                  | Configuration:
2026-07-06 06:08:20 | INFO     | run                  |    - Timezone: Asia/Karachi
2026-07-06 06:08:20 | INFO     | run                  |    - Data directory: data
2026-07-06 06:08:20 | INFO     | run                  |    - Log directory: logs
2026-07-06 06:08:20 | INFO     | run                  |    - Excluded symbols: {'XT', 'XR', 'XD', 'XS'}
2026-07-06 06:08:20 | INFO     | run                  | ======================================================================
2026-07-06 06:08:20 | INFO     | fetch_data           | Fetching data (Attempt 1/3)...
2026-07-06 06:08:20 | DEBUG    | fetch_data           | Establishing session with https://dps.psx.com.pk/
2026-07-06 06:08:23 | DEBUG    | fetch_data           | Requesting data from https://dps.psx.com.pk/market-watch
2026-07-06 06:08:26 | DEBUG    | fetch_data           | Response status: 200
2026-07-06 06:08:26 | DEBUG    | fetch_data           | Response content type: text/html; charset=utf-8
2026-07-06 06:08:26 | DEBUG    | fetch_data           | Response size: 457372 bytes
2026-07-06 06:08:26 | INFO     | fetch_data           | ✅ Data fetched successfully (Status: 200)
2026-07-06 06:08:26 | DEBUG    | parse_json           | Attempting JSON parsing...
2026-07-06 06:08:26 | DEBUG    | parse_json           | Response preview: <table class="tbl" data-page-length="25"><thead class="tbl__head"><!-- tr--><!--   th(colspan="11")--><!--   th.center(colspan="2", style="width: 110px;") TOTAL BUY ORDERS--><!--   th.center(colspan="2", style="width: 110px;") TOTAL SELL ORDERS--><tr><th data-name="symbol">SYMBOL</th><th data-name="sector">SECTOR</th><th data-name="listed">LISTED IN</th><th class="right" data-name="ldcp">LDCP</th><th class="right" data-name="open">OPEN</th><th class="right" data-name="high">HIGH</th><th class="r
2026-07-06 06:08:26 | WARNING  | parse_json           | ⚠️ JSON parsing failed: Expecting value: line 1 column 1 (char 0)
2026-07-06 06:08:26 | INFO     | run                  | JSON parsing failed, trying HTML fallback...
2026-07-06 06:08:26 | INFO     | parse_html           | Attempting HTML fallback parsing...
2026-07-06 06:08:26 | DEBUG    | parse_html           | Found 1 table(s) in HTML
2026-07-06 06:08:26 | DEBUG    | parse_html           | Table columns: ['SYMBOL', 'SECTOR', 'LISTED IN', 'LDCP', 'OPEN', 'HIGH', 'LOW', 'CURRENT', 'CHANGE', 'CHANGE (%)', 'VOLUME']
2026-07-06 06:08:26 | DEBUG    | parse_html           | Table shape: (477, 11)
2026-07-06 06:08:26 | INFO     | parse_html           | ✅ HTML parsed successfully (477 rows)
2026-07-06 06:08:26 | INFO     | clean_data           | Cleaning data...
2026-07-06 06:08:26 | DEBUG    | clean_data           | Initial shape: (477, 11)
2026-07-06 06:08:26 | DEBUG    | clean_data           | Initial columns: ['SYMBOL', 'SECTOR', 'LISTED IN', 'LDCP', 'OPEN', 'HIGH', 'LOW', 'CURRENT', 'CHANGE', 'CHANGE (%)', 'VOLUME']
2026-07-06 06:08:26 | DEBUG    | clean_data           | Removed 'LISTED IN' column
2026-07-06 06:08:26 | DEBUG    | clean_data           | Converted LDCP from float64 to numeric
2026-07-06 06:08:26 | DEBUG    | clean_data           | Converted OPEN from float64 to numeric
2026-07-06 06:08:26 | DEBUG    | clean_data           | Converted HIGH from float64 to numeric
2026-07-06 06:08:26 | DEBUG    | clean_data           | Converted LOW from float64 to numeric
2026-07-06 06:08:26 | DEBUG    | clean_data           | Converted CURRENT from float64 to numeric
2026-07-06 06:08:26 | DEBUG    | clean_data           | Converted CHANGE from float64 to numeric
2026-07-06 06:08:26 | WARNING  | clean_data           | Column CHANGE (%): 477 values could not be converted to numeric
2026-07-06 06:08:26 | DEBUG    | clean_data           | Converted CHANGE (%) from str to numeric
2026-07-06 06:08:26 | DEBUG    | clean_data           | Converted VOLUME from int64 to numeric
2026-07-06 06:08:26 | INFO     | clean_data           | ✅ Data cleaned (477 rows, 16 columns)
2026-07-06 06:08:26 | DEBUG    | clean_data           | Final columns: ['SYMBOL', 'SECTOR', 'LDCP', 'OPEN', 'HIGH', 'LOW', 'CURRENT', 'CHANGE', 'CHANGE (%)', 'VOLUME', 'YEAR', 'MONTH', 'DAY', 'HOUR', 'MINUTE', 'DATETIME']
2026-07-06 06:08:26 | DEBUG    | get_file_path        | Generated file path: data/2026/07/2026-07-06.xlsx
2026-07-06 06:08:26 | INFO     | save_data            | Saving data to: data/2026/07/2026-07-06.xlsx
2026-07-06 06:08:26 | DEBUG    | _create_backup       | Backup created: data/2026/07/backups/2026-07-06_backup_20260706_060826.xlsx
2026-07-06 06:08:26 | DEBUG    | _cleanup_old_backups | Removed old backup: 2026-07-06_backup_20260706_054232.xlsx
2026-07-06 06:08:26 | DEBUG    | save_data            | Existing file found, merging data...
2026-07-06 06:08:28 | DEBUG    | save_data            | Loaded 17422 existing rows
2026-07-06 06:08:28 | DEBUG    | save_data            | Combined to 17899 rows
2026-07-06 06:08:28 | DEBUG    | save_data            | Writing to temporary file...
2026-07-06 06:08:31 | DEBUG    | save_data            | Data written to temp file: /home/runner/work/Thalorae-BackLioraen/Thalorae-BackLioraen/data/2026/07/tmpvi_53qi7.xlsx
2026-07-06 06:08:31 | DEBUG    | save_data            | Temp file moved to final location
2026-07-06 06:08:31 | INFO     | save_data            | ✅ Data saved successfully (17899 total rows, 1,330,243 bytes)
2026-07-06 06:08:31 | INFO     | run                  | ======================================================================
2026-07-06 06:08:31 | INFO     | run                  | 📊 EXECUTION SUMMARY:
2026-07-06 06:08:31 | INFO     | run                  |    ✅ Status: SUCCESS
2026-07-06 06:08:31 | INFO     | run                  |    - Rows processed: 477
2026-07-06 06:08:31 | INFO     | run                  |    - Unique symbols: 477
2026-07-06 06:08:31 | INFO     | run                  |    - Timestamp: 2026-07-06 11:08:20
2026-07-06 06:08:31 | INFO     | run                  |    - File: data/2026/07/2026-07-06.xlsx
2026-07-06 06:08:31 | INFO     | run                  | ======================================================================
2026-07-06 06:08:31 | DEBUG    | run                  | Sample data (first row):
2026-07-06 06:08:31 | DEBUG    | run                  | {'SYMBOL': 'TPLP', 'SECTOR': 838, 'LDCP': 11.64, 'OPEN': 11.87, 'HIGH': 12.5, 'LOW': 11.87, 'CURRENT': 12.15, 'CHANGE': 0.51, 'CHANGE (%)': nan, 'VOLUME': 29660134, 'YEAR': 2026, 'MONTH': 7, 'DAY': 6, 'HOUR': 11, 'MINUTE': 8, 'DATETIME': '2026-07-06 11:08'}
2026-07-06 06:08:31 | DEBUG    | close                | Session closed
2026-07-06 06:13:32 | INFO     | run                  | ======================================================================
2026-07-06 06:13:32 | INFO     | run                  | 🚀 MARKET DATA SCRAPER - SINGLE EXECUTION
2026-07-06 06:13:32 | INFO     | run                  | ======================================================================
2026-07-06 06:13:32 | INFO     | run                  | Execution Time: 2026-07-06 11:13:32 PKT
2026-07-06 06:13:32 | INFO     | run                  | Configuration:
2026-07-06 06:13:32 | INFO     | run                  |    - Timezone: Asia/Karachi
2026-07-06 06:13:32 | INFO     | run                  |    - Data directory: data
2026-07-06 06:13:32 | INFO     | run                  |    - Log directory: logs
2026-07-06 06:13:32 | INFO     | run                  |    - Excluded symbols: {'XD', 'XR', 'XS', 'XT'}
2026-07-06 06:13:32 | INFO     | run                  | ======================================================================
2026-07-06 06:13:32 | INFO     | fetch_data           | Fetching data (Attempt 1/3)...
2026-07-06 06:13:32 | DEBUG    | fetch_data           | Establishing session with https://dps.psx.com.pk/
2026-07-06 06:13:35 | DEBUG    | fetch_data           | Requesting data from https://dps.psx.com.pk/market-watch
2026-07-06 06:13:36 | DEBUG    | fetch_data           | Response status: 200
2026-07-06 06:13:36 | DEBUG    | fetch_data           | Response content type: text/html; charset=utf-8
2026-07-06 06:13:36 | DEBUG    | fetch_data           | Response size: 458233 bytes
2026-07-06 06:13:36 | INFO     | fetch_data           | ✅ Data fetched successfully (Status: 200)
2026-07-06 06:13:36 | DEBUG    | parse_json           | Attempting JSON parsing...
2026-07-06 06:13:36 | DEBUG    | parse_json           | Response preview: <table class="tbl" data-page-length="25"><thead class="tbl__head"><!-- tr--><!--   th(colspan="11")--><!--   th.center(colspan="2", style="width: 110px;") TOTAL BUY ORDERS--><!--   th.center(colspan="2", style="width: 110px;") TOTAL SELL ORDERS--><tr><th data-name="symbol">SYMBOL</th><th data-name="sector">SECTOR</th><th data-name="listed">LISTED IN</th><th class="right" data-name="ldcp">LDCP</th><th class="right" data-name="open">OPEN</th><th class="right" data-name="high">HIGH</th><th class="r
2026-07-06 06:13:36 | WARNING  | parse_json           | ⚠️ JSON parsing failed: Expecting value: line 1 column 1 (char 0)
2026-07-06 06:13:36 | INFO     | run                  | JSON parsing failed, trying HTML fallback...
2026-07-06 06:13:36 | INFO     | parse_html           | Attempting HTML fallback parsing...
2026-07-06 06:13:36 | DEBUG    | parse_html           | Found 1 table(s) in HTML
2026-07-06 06:13:36 | DEBUG    | parse_html           | Table columns: ['SYMBOL', 'SECTOR', 'LISTED IN', 'LDCP', 'OPEN', 'HIGH', 'LOW', 'CURRENT', 'CHANGE', 'CHANGE (%)', 'VOLUME']
2026-07-06 06:13:36 | DEBUG    | parse_html           | Table shape: (478, 11)
2026-07-06 06:13:36 | INFO     | parse_html           | ✅ HTML parsed successfully (478 rows)
2026-07-06 06:13:36 | INFO     | clean_data           | Cleaning data...
2026-07-06 06:13:36 | DEBUG    | clean_data           | Initial shape: (478, 11)
2026-07-06 06:13:36 | DEBUG    | clean_data           | Initial columns: ['SYMBOL', 'SECTOR', 'LISTED IN', 'LDCP', 'OPEN', 'HIGH', 'LOW', 'CURRENT', 'CHANGE', 'CHANGE (%)', 'VOLUME']
2026-07-06 06:13:36 | DEBUG    | clean_data           | Removed 'LISTED IN' column
2026-07-06 06:13:36 | DEBUG    | clean_data           | Converted LDCP from float64 to numeric
2026-07-06 06:13:36 | DEBUG    | clean_data           | Converted OPEN from float64 to numeric
2026-07-06 06:13:36 | DEBUG    | clean_data           | Converted HIGH from float64 to numeric
2026-07-06 06:13:36 | DEBUG    | clean_data           | Converted LOW from float64 to numeric
2026-07-06 06:13:36 | DEBUG    | clean_data           | Converted CURRENT from float64 to numeric
2026-07-06 06:13:36 | DEBUG    | clean_data           | Converted CHANGE from float64 to numeric
2026-07-06 06:13:36 | WARNING  | clean_data           | Column CHANGE (%): 478 values could not be converted to numeric
2026-07-06 06:13:36 | DEBUG    | clean_data           | Converted CHANGE (%) from str to numeric
2026-07-06 06:13:36 | DEBUG    | clean_data           | Converted VOLUME from int64 to numeric
2026-07-06 06:13:36 | INFO     | clean_data           | ✅ Data cleaned (478 rows, 16 columns)
2026-07-06 06:13:36 | DEBUG    | clean_data           | Final columns: ['SYMBOL', 'SECTOR', 'LDCP', 'OPEN', 'HIGH', 'LOW', 'CURRENT', 'CHANGE', 'CHANGE (%)', 'VOLUME', 'YEAR', 'MONTH', 'DAY', 'HOUR', 'MINUTE', 'DATETIME']
2026-07-06 06:13:36 | DEBUG    | get_file_path        | Generated file path: data/2026/07/2026-07-06.xlsx
2026-07-06 06:13:36 | INFO     | save_data            | Saving data to: data/2026/07/2026-07-06.xlsx
2026-07-06 06:13:36 | DEBUG    | _create_backup       | Backup created: data/2026/07/backups/2026-07-06_backup_20260706_061336.xlsx
2026-07-06 06:13:36 | DEBUG    | _cleanup_old_backups | Removed old backup: 2026-07-06_backup_20260706_054743.xlsx
2026-07-06 06:13:36 | DEBUG    | save_data            | Existing file found, merging data...
2026-07-06 06:13:38 | DEBUG    | save_data            | Loaded 17899 existing rows
2026-07-06 06:13:38 | DEBUG    | save_data            | Combined to 18377 rows
2026-07-06 06:13:38 | DEBUG    | save_data            | Writing to temporary file...
2026-07-06 06:13:41 | DEBUG    | save_data            | Data written to temp file: /home/runner/work/Thalorae-BackLioraen/Thalorae-BackLioraen/data/2026/07/tmpsz3j6i9y.xlsx
2026-07-06 06:13:41 | DEBUG    | save_data            | Temp file moved to final location
2026-07-06 06:13:41 | INFO     | save_data            | ✅ Data saved successfully (18377 total rows, 1,365,590 bytes)
2026-07-06 06:13:41 | INFO     | run                  | ======================================================================
2026-07-06 06:13:41 | INFO     | run                  | 📊 EXECUTION SUMMARY:
2026-07-06 06:13:41 | INFO     | run                  |    ✅ Status: SUCCESS
2026-07-06 06:13:41 | INFO     | run                  |    - Rows processed: 478
2026-07-06 06:13:41 | INFO     | run                  |    - Unique symbols: 478
2026-07-06 06:13:41 | INFO     | run                  |    - Timestamp: 2026-07-06 11:13:32
2026-07-06 06:13:41 | INFO     | run                  |    - File: data/2026/07/2026-07-06.xlsx
2026-07-06 06:13:41 | INFO     | run                  | ======================================================================
2026-07-06 06:13:41 | DEBUG    | run                  | Sample data (first row):
2026-07-06 06:13:41 | DEBUG    | run                  | {'SYMBOL': 'TPLP', 'SECTOR': 838, 'LDCP': 11.64, 'OPEN': 11.87, 'HIGH': 12.5, 'LOW': 11.87, 'CURRENT': 12.15, 'CHANGE': 0.51, 'CHANGE (%)': nan, 'VOLUME': 29727478, 'YEAR': 2026, 'MONTH': 7, 'DAY': 6, 'HOUR': 11, 'MINUTE': 13, 'DATETIME': '2026-07-06 11:13'}
2026-07-06 06:13:41 | DEBUG    | close                | Session closed
2026-07-06 06:18:42 | INFO     | run                  | ======================================================================
2026-07-06 06:18:42 | INFO     | run                  | 🚀 MARKET DATA SCRAPER - SINGLE EXECUTION
2026-07-06 06:18:42 | INFO     | run                  | ======================================================================
2026-07-06 06:18:42 | INFO     | run                  | Execution Time: 2026-07-06 11:18:42 PKT
2026-07-06 06:18:42 | INFO     | run                  | Configuration:
2026-07-06 06:18:42 | INFO     | run                  |    - Timezone: Asia/Karachi
2026-07-06 06:18:42 | INFO     | run                  |    - Data directory: data
2026-07-06 06:18:42 | INFO     | run                  |    - Log directory: logs
2026-07-06 06:18:42 | INFO     | run                  |    - Excluded symbols: {'XD', 'XT', 'XS', 'XR'}
2026-07-06 06:18:42 | INFO     | run                  | ======================================================================
2026-07-06 06:18:42 | INFO     | fetch_data           | Fetching data (Attempt 1/3)...
2026-07-06 06:18:42 | DEBUG    | fetch_data           | Establishing session with https://dps.psx.com.pk/
2026-07-06 06:18:46 | DEBUG    | fetch_data           | Requesting data from https://dps.psx.com.pk/market-watch
2026-07-06 06:18:48 | DEBUG    | fetch_data           | Response status: 200
2026-07-06 06:18:48 | DEBUG    | fetch_data           | Response content type: text/html; charset=utf-8
2026-07-06 06:18:48 | DEBUG    | fetch_data           | Response size: 460899 bytes
2026-07-06 06:18:48 | INFO     | fetch_data           | ✅ Data fetched successfully (Status: 200)
2026-07-06 06:18:48 | DEBUG    | parse_json           | Attempting JSON parsing...
2026-07-06 06:18:48 | DEBUG    | parse_json           | Response preview: <table class="tbl" data-page-length="25"><thead class="tbl__head"><!-- tr--><!--   th(colspan="11")--><!--   th.center(colspan="2", style="width: 110px;") TOTAL BUY ORDERS--><!--   th.center(colspan="2", style="width: 110px;") TOTAL SELL ORDERS--><tr><th data-name="symbol">SYMBOL</th><th data-name="sector">SECTOR</th><th data-name="listed">LISTED IN</th><th class="right" data-name="ldcp">LDCP</th><th class="right" data-name="open">OPEN</th><th class="right" data-name="high">HIGH</th><th class="r
2026-07-06 06:18:48 | WARNING  | parse_json           | ⚠️ JSON parsing failed: Expecting value: line 1 column 1 (char 0)
2026-07-06 06:18:48 | INFO     | run                  | JSON parsing failed, trying HTML fallback...
2026-07-06 06:18:48 | INFO     | parse_html           | Attempting HTML fallback parsing...
2026-07-06 06:18:48 | DEBUG    | parse_html           | Found 1 table(s) in HTML
2026-07-06 06:18:48 | DEBUG    | parse_html           | Table columns: ['SYMBOL', 'SECTOR', 'LISTED IN', 'LDCP', 'OPEN', 'HIGH', 'LOW', 'CURRENT', 'CHANGE', 'CHANGE (%)', 'VOLUME']
2026-07-06 06:18:48 | DEBUG    | parse_html           | Table shape: (481, 11)
2026-07-06 06:18:48 | INFO     | parse_html           | ✅ HTML parsed successfully (481 rows)
2026-07-06 06:18:48 | INFO     | clean_data           | Cleaning data...
2026-07-06 06:18:48 | DEBUG    | clean_data           | Initial shape: (481, 11)
2026-07-06 06:18:48 | DEBUG    | clean_data           | Initial columns: ['SYMBOL', 'SECTOR', 'LISTED IN', 'LDCP', 'OPEN', 'HIGH', 'LOW', 'CURRENT', 'CHANGE', 'CHANGE (%)', 'VOLUME']
2026-07-06 06:18:48 | DEBUG    | clean_data           | Removed 'LISTED IN' column
2026-07-06 06:18:48 | DEBUG    | clean_data           | Converted LDCP from float64 to numeric
2026-07-06 06:18:48 | DEBUG    | clean_data           | Converted OPEN from float64 to numeric
2026-07-06 06:18:48 | DEBUG    | clean_data           | Converted HIGH from float64 to numeric
2026-07-06 06:18:48 | DEBUG    | clean_data           | Converted LOW from float64 to numeric
2026-07-06 06:18:48 | DEBUG    | clean_data           | Converted CURRENT from float64 to numeric
2026-07-06 06:18:48 | DEBUG    | clean_data           | Converted CHANGE from float64 to numeric
2026-07-06 06:18:48 | WARNING  | clean_data           | Column CHANGE (%): 481 values could not be converted to numeric
2026-07-06 06:18:48 | DEBUG    | clean_data           | Converted CHANGE (%) from str to numeric
2026-07-06 06:18:48 | DEBUG    | clean_data           | Converted VOLUME from int64 to numeric
2026-07-06 06:18:48 | INFO     | clean_data           | ✅ Data cleaned (481 rows, 16 columns)
2026-07-06 06:18:48 | DEBUG    | clean_data           | Final columns: ['SYMBOL', 'SECTOR', 'LDCP', 'OPEN', 'HIGH', 'LOW', 'CURRENT', 'CHANGE', 'CHANGE (%)', 'VOLUME', 'YEAR', 'MONTH', 'DAY', 'HOUR', 'MINUTE', 'DATETIME']
2026-07-06 06:18:48 | DEBUG    | get_file_path        | Generated file path: data/2026/07/2026-07-06.xlsx
2026-07-06 06:18:48 | INFO     | save_data            | Saving data to: data/2026/07/2026-07-06.xlsx
2026-07-06 06:18:48 | DEBUG    | _create_backup       | Backup created: data/2026/07/backups/2026-07-06_backup_20260706_061848.xlsx
2026-07-06 06:18:48 | DEBUG    | _cleanup_old_backups | Removed old backup: 2026-07-06_backup_20260706_055253.xlsx
2026-07-06 06:18:48 | DEBUG    | save_data            | Existing file found, merging data...
2026-07-06 06:18:50 | DEBUG    | save_data            | Loaded 18377 existing rows
2026-07-06 06:18:50 | DEBUG    | save_data            | Combined to 18858 rows
2026-07-06 06:18:50 | DEBUG    | save_data            | Writing to temporary file...
2026-07-06 06:18:53 | DEBUG    | save_data            | Data written to temp file: /home/runner/work/Thalorae-BackLioraen/Thalorae-BackLioraen/data/2026/07/tmpcglejc37.xlsx
2026-07-06 06:18:53 | DEBUG    | save_data            | Temp file moved to final location
2026-07-06 06:18:53 | INFO     | save_data            | ✅ Data saved successfully (18858 total rows, 1,401,017 bytes)
2026-07-06 06:18:53 | INFO     | run                  | ======================================================================
2026-07-06 06:18:53 | INFO     | run                  | 📊 EXECUTION SUMMARY:
2026-07-06 06:18:53 | INFO     | run                  |    ✅ Status: SUCCESS
2026-07-06 06:18:53 | INFO     | run                  |    - Rows processed: 481
2026-07-06 06:18:53 | INFO     | run                  |    - Unique symbols: 481
2026-07-06 06:18:53 | INFO     | run                  |    - Timestamp: 2026-07-06 11:18:42
2026-07-06 06:18:53 | INFO     | run                  |    - File: data/2026/07/2026-07-06.xlsx
2026-07-06 06:18:53 | INFO     | run                  | ======================================================================
2026-07-06 06:18:53 | DEBUG    | run                  | Sample data (first row):
2026-07-06 06:18:53 | DEBUG    | run                  | {'SYMBOL': 'TPLP', 'SECTOR': 838, 'LDCP': 11.64, 'OPEN': 11.87, 'HIGH': 12.5, 'LOW': 11.87, 'CURRENT': 12.15, 'CHANGE': 0.51, 'CHANGE (%)': nan, 'VOLUME': 29769080, 'YEAR': 2026, 'MONTH': 7, 'DAY': 6, 'HOUR': 11, 'MINUTE': 18, 'DATETIME': '2026-07-06 11:18'}
2026-07-06 06:18:53 | DEBUG    | close                | Session closed
2026-07-06 06:23:54 | INFO     | run                  | ======================================================================
2026-07-06 06:23:54 | INFO     | run                  | 🚀 MARKET DATA SCRAPER - SINGLE EXECUTION
2026-07-06 06:23:54 | INFO     | run                  | ======================================================================
2026-07-06 06:23:54 | INFO     | run                  | Execution Time: 2026-07-06 11:23:54 PKT
2026-07-06 06:23:54 | INFO     | run                  | Configuration:
2026-07-06 06:23:54 | INFO     | run                  |    - Timezone: Asia/Karachi
2026-07-06 06:23:54 | INFO     | run                  |    - Data directory: data
2026-07-06 06:23:54 | INFO     | run                  |    - Log directory: logs
2026-07-06 06:23:54 | INFO     | run                  |    - Excluded symbols: {'XD', 'XR', 'XT', 'XS'}
2026-07-06 06:23:54 | INFO     | run                  | ======================================================================
2026-07-06 06:23:54 | INFO     | fetch_data           | Fetching data (Attempt 1/3)...
2026-07-06 06:23:54 | DEBUG    | fetch_data           | Establishing session with https://dps.psx.com.pk/
2026-07-06 06:23:57 | DEBUG    | fetch_data           | Requesting data from https://dps.psx.com.pk/market-watch
2026-07-06 06:23:58 | DEBUG    | fetch_data           | Response status: 200
2026-07-06 06:23:58 | DEBUG    | fetch_data           | Response content type: text/html; charset=utf-8
2026-07-06 06:23:58 | DEBUG    | fetch_data           | Response size: 462846 bytes
2026-07-06 06:23:58 | INFO     | fetch_data           | ✅ Data fetched successfully (Status: 200)
2026-07-06 06:23:58 | DEBUG    | parse_json           | Attempting JSON parsing...
2026-07-06 06:23:58 | DEBUG    | parse_json           | Response preview: <table class="tbl" data-page-length="25"><thead class="tbl__head"><!-- tr--><!--   th(colspan="11")--><!--   th.center(colspan="2", style="width: 110px;") TOTAL BUY ORDERS--><!--   th.center(colspan="2", style="width: 110px;") TOTAL SELL ORDERS--><tr><th data-name="symbol">SYMBOL</th><th data-name="sector">SECTOR</th><th data-name="listed">LISTED IN</th><th class="right" data-name="ldcp">LDCP</th><th class="right" data-name="open">OPEN</th><th class="right" data-name="high">HIGH</th><th class="r
2026-07-06 06:23:58 | WARNING  | parse_json           | ⚠️ JSON parsing failed: Expecting value: line 1 column 1 (char 0)
2026-07-06 06:23:58 | INFO     | run                  | JSON parsing failed, trying HTML fallback...
2026-07-06 06:23:58 | INFO     | parse_html           | Attempting HTML fallback parsing...
2026-07-06 06:23:58 | DEBUG    | parse_html           | Found 1 table(s) in HTML
2026-07-06 06:23:58 | DEBUG    | parse_html           | Table columns: ['SYMBOL', 'SECTOR', 'LISTED IN', 'LDCP', 'OPEN', 'HIGH', 'LOW', 'CURRENT', 'CHANGE', 'CHANGE (%)', 'VOLUME']
2026-07-06 06:23:58 | DEBUG    | parse_html           | Table shape: (483, 11)
2026-07-06 06:23:58 | INFO     | parse_html           | ✅ HTML parsed successfully (483 rows)
2026-07-06 06:23:58 | INFO     | clean_data           | Cleaning data...
2026-07-06 06:23:58 | DEBUG    | clean_data           | Initial shape: (483, 11)
2026-07-06 06:23:58 | DEBUG    | clean_data           | Initial columns: ['SYMBOL', 'SECTOR', 'LISTED IN', 'LDCP', 'OPEN', 'HIGH', 'LOW', 'CURRENT', 'CHANGE', 'CHANGE (%)', 'VOLUME']
2026-07-06 06:23:58 | DEBUG    | clean_data           | Removed 'LISTED IN' column
2026-07-06 06:23:58 | DEBUG    | clean_data           | Converted LDCP from float64 to numeric
2026-07-06 06:23:58 | DEBUG    | clean_data           | Converted OPEN from float64 to numeric
2026-07-06 06:23:58 | DEBUG    | clean_data           | Converted HIGH from float64 to numeric
2026-07-06 06:23:58 | DEBUG    | clean_data           | Converted LOW from float64 to numeric
2026-07-06 06:23:58 | DEBUG    | clean_data           | Converted CURRENT from float64 to numeric
2026-07-06 06:23:58 | DEBUG    | clean_data           | Converted CHANGE from float64 to numeric
2026-07-06 06:23:58 | WARNING  | clean_data           | Column CHANGE (%): 483 values could not be converted to numeric
2026-07-06 06:23:58 | DEBUG    | clean_data           | Converted CHANGE (%) from str to numeric
2026-07-06 06:23:58 | DEBUG    | clean_data           | Converted VOLUME from int64 to numeric
2026-07-06 06:23:58 | INFO     | clean_data           | ✅ Data cleaned (483 rows, 16 columns)
2026-07-06 06:23:58 | DEBUG    | clean_data           | Final columns: ['SYMBOL', 'SECTOR', 'LDCP', 'OPEN', 'HIGH', 'LOW', 'CURRENT', 'CHANGE', 'CHANGE (%)', 'VOLUME', 'YEAR', 'MONTH', 'DAY', 'HOUR', 'MINUTE', 'DATETIME']
2026-07-06 06:23:58 | DEBUG    | get_file_path        | Generated file path: data/2026/07/2026-07-06.xlsx
2026-07-06 06:23:58 | INFO     | save_data            | Saving data to: data/2026/07/2026-07-06.xlsx
2026-07-06 06:23:58 | DEBUG    | _create_backup       | Backup created: data/2026/07/backups/2026-07-06_backup_20260706_062358.xlsx
2026-07-06 06:23:58 | DEBUG    | _cleanup_old_backups | Removed old backup: 2026-07-06_backup_20260706_055804.xlsx
2026-07-06 06:23:58 | DEBUG    | save_data            | Existing file found, merging data...
2026-07-06 06:24:00 | DEBUG    | save_data            | Loaded 18858 existing rows
2026-07-06 06:24:00 | DEBUG    | save_data            | Combined to 19341 rows
2026-07-06 06:24:00 | DEBUG    | save_data            | Writing to temporary file...
2026-07-06 06:24:03 | DEBUG    | save_data            | Data written to temp file: /home/runner/work/Thalorae-BackLioraen/Thalorae-BackLioraen/data/2026/07/tmp2l5qarm0.xlsx
2026-07-06 06:24:03 | DEBUG    | save_data            | Temp file moved to final location
2026-07-06 06:24:03 | INFO     | save_data            | ✅ Data saved successfully (19341 total rows, 1,436,970 bytes)
2026-07-06 06:24:03 | INFO     | run                  | ======================================================================
2026-07-06 06:24:03 | INFO     | run                  | 📊 EXECUTION SUMMARY:
2026-07-06 06:24:03 | INFO     | run                  |    ✅ Status: SUCCESS
2026-07-06 06:24:03 | INFO     | run                  |    - Rows processed: 483
2026-07-06 06:24:03 | INFO     | run                  |    - Unique symbols: 483
2026-07-06 06:24:03 | INFO     | run                  |    - Timestamp: 2026-07-06 11:23:54
2026-07-06 06:24:03 | INFO     | run                  |    - File: data/2026/07/2026-07-06.xlsx
2026-07-06 06:24:03 | INFO     | run                  | ======================================================================
2026-07-06 06:24:03 | DEBUG    | run                  | Sample data (first row):
2026-07-06 06:24:03 | DEBUG    | run                  | {'SYMBOL': 'TPLP', 'SECTOR': 838, 'LDCP': 11.64, 'OPEN': 11.87, 'HIGH': 12.5, 'LOW': 11.87, 'CURRENT': 12.13, 'CHANGE': 0.49, 'CHANGE (%)': nan, 'VOLUME': 29785928, 'YEAR': 2026, 'MONTH': 7, 'DAY': 6, 'HOUR': 11, 'MINUTE': 23, 'DATETIME': '2026-07-06 11:23'}
2026-07-06 06:24:03 | DEBUG    | close                | Session closed
2026-07-06 06:29:04 | INFO     | run                  | ======================================================================
2026-07-06 06:29:04 | INFO     | run                  | 🚀 MARKET DATA SCRAPER - SINGLE EXECUTION
2026-07-06 06:29:04 | INFO     | run                  | ======================================================================
2026-07-06 06:29:04 | INFO     | run                  | Execution Time: 2026-07-06 11:29:04 PKT
2026-07-06 06:29:04 | INFO     | run                  | Configuration:
2026-07-06 06:29:04 | INFO     | run                  |    - Timezone: Asia/Karachi
2026-07-06 06:29:04 | INFO     | run                  |    - Data directory: data
2026-07-06 06:29:04 | INFO     | run                  |    - Log directory: logs
2026-07-06 06:29:04 | INFO     | run                  |    - Excluded symbols: {'XS', 'XR', 'XT', 'XD'}
2026-07-06 06:29:04 | INFO     | run                  | ======================================================================
2026-07-06 06:29:04 | INFO     | fetch_data           | Fetching data (Attempt 1/3)...
2026-07-06 06:29:04 | DEBUG    | fetch_data           | Establishing session with https://dps.psx.com.pk/
2026-07-06 06:29:08 | DEBUG    | fetch_data           | Requesting data from https://dps.psx.com.pk/market-watch
2026-07-06 06:29:11 | DEBUG    | fetch_data           | Response status: 200
2026-07-06 06:29:11 | DEBUG    | fetch_data           | Response content type: text/html; charset=utf-8
2026-07-06 06:29:11 | DEBUG    | fetch_data           | Response size: 463010 bytes
2026-07-06 06:29:11 | INFO     | fetch_data           | ✅ Data fetched successfully (Status: 200)
2026-07-06 06:29:11 | DEBUG    | parse_json           | Attempting JSON parsing...
2026-07-06 06:29:11 | DEBUG    | parse_json           | Response preview: <table class="tbl" data-page-length="25"><thead class="tbl__head"><!-- tr--><!--   th(colspan="11")--><!--   th.center(colspan="2", style="width: 110px;") TOTAL BUY ORDERS--><!--   th.center(colspan="2", style="width: 110px;") TOTAL SELL ORDERS--><tr><th data-name="symbol">SYMBOL</th><th data-name="sector">SECTOR</th><th data-name="listed">LISTED IN</th><th class="right" data-name="ldcp">LDCP</th><th class="right" data-name="open">OPEN</th><th class="right" data-name="high">HIGH</th><th class="r
2026-07-06 06:29:11 | WARNING  | parse_json           | ⚠️ JSON parsing failed: Expecting value: line 1 column 1 (char 0)
2026-07-06 06:29:11 | INFO     | run                  | JSON parsing failed, trying HTML fallback...
2026-07-06 06:29:11 | INFO     | parse_html           | Attempting HTML fallback parsing...
2026-07-06 06:29:11 | DEBUG    | parse_html           | Found 1 table(s) in HTML
2026-07-06 06:29:11 | DEBUG    | parse_html           | Table columns: ['SYMBOL', 'SECTOR', 'LISTED IN', 'LDCP', 'OPEN', 'HIGH', 'LOW', 'CURRENT', 'CHANGE', 'CHANGE (%)', 'VOLUME']
2026-07-06 06:29:11 | DEBUG    | parse_html           | Table shape: (483, 11)
2026-07-06 06:29:11 | INFO     | parse_html           | ✅ HTML parsed successfully (483 rows)
2026-07-06 06:29:11 | INFO     | clean_data           | Cleaning data...
2026-07-06 06:29:11 | DEBUG    | clean_data           | Initial shape: (483, 11)
2026-07-06 06:29:11 | DEBUG    | clean_data           | Initial columns: ['SYMBOL', 'SECTOR', 'LISTED IN', 'LDCP', 'OPEN', 'HIGH', 'LOW', 'CURRENT', 'CHANGE', 'CHANGE (%)', 'VOLUME']
2026-07-06 06:29:11 | DEBUG    | clean_data           | Removed 'LISTED IN' column
2026-07-06 06:29:11 | DEBUG    | clean_data           | Converted LDCP from float64 to numeric
2026-07-06 06:29:11 | DEBUG    | clean_data           | Converted OPEN from float64 to numeric
2026-07-06 06:29:11 | DEBUG    | clean_data           | Converted HIGH from float64 to numeric
2026-07-06 06:29:11 | DEBUG    | clean_data           | Converted LOW from float64 to numeric
2026-07-06 06:29:11 | DEBUG    | clean_data           | Converted CURRENT from float64 to numeric
2026-07-06 06:29:11 | DEBUG    | clean_data           | Converted CHANGE from float64 to numeric
2026-07-06 06:29:11 | WARNING  | clean_data           | Column CHANGE (%): 483 values could not be converted to numeric
2026-07-06 06:29:11 | DEBUG    | clean_data           | Converted CHANGE (%) from str to numeric
2026-07-06 06:29:11 | DEBUG    | clean_data           | Converted VOLUME from int64 to numeric
2026-07-06 06:29:11 | INFO     | clean_data           | ✅ Data cleaned (483 rows, 16 columns)
2026-07-06 06:29:11 | DEBUG    | clean_data           | Final columns: ['SYMBOL', 'SECTOR', 'LDCP', 'OPEN', 'HIGH', 'LOW', 'CURRENT', 'CHANGE', 'CHANGE (%)', 'VOLUME', 'YEAR', 'MONTH', 'DAY', 'HOUR', 'MINUTE', 'DATETIME']
2026-07-06 06:29:11 | DEBUG    | get_file_path        | Generated file path: data/2026/07/2026-07-06.xlsx
2026-07-06 06:29:11 | INFO     | save_data            | Saving data to: data/2026/07/2026-07-06.xlsx
2026-07-06 06:29:11 | DEBUG    | _create_backup       | Backup created: data/2026/07/backups/2026-07-06_backup_20260706_062911.xlsx
2026-07-06 06:29:11 | DEBUG    | _cleanup_old_backups | Removed old backup: 2026-07-06_backup_20260706_060314.xlsx
2026-07-06 06:29:11 | DEBUG    | save_data            | Existing file found, merging data...
2026-07-06 06:29:13 | DEBUG    | save_data            | Loaded 19341 existing rows
2026-07-06 06:29:13 | DEBUG    | save_data            | Combined to 19824 rows
2026-07-06 06:29:13 | DEBUG    | save_data            | Writing to temporary file...
2026-07-06 06:29:17 | DEBUG    | save_data            | Data written to temp file: /home/runner/work/Thalorae-BackLioraen/Thalorae-BackLioraen/data/2026/07/tmp2x72kiam.xlsx
2026-07-06 06:29:17 | DEBUG    | save_data            | Temp file moved to final location
2026-07-06 06:29:17 | INFO     | save_data            | ✅ Data saved successfully (19824 total rows, 1,472,888 bytes)
2026-07-06 06:29:17 | INFO     | run                  | ======================================================================
2026-07-06 06:29:17 | INFO     | run                  | 📊 EXECUTION SUMMARY:
2026-07-06 06:29:17 | INFO     | run                  |    ✅ Status: SUCCESS
2026-07-06 06:29:17 | INFO     | run                  |    - Rows processed: 483
2026-07-06 06:29:17 | INFO     | run                  |    - Unique symbols: 483
2026-07-06 06:29:17 | INFO     | run                  |    - Timestamp: 2026-07-06 11:29:04
2026-07-06 06:29:17 | INFO     | run                  |    - File: data/2026/07/2026-07-06.xlsx
2026-07-06 06:29:17 | INFO     | run                  | ======================================================================
2026-07-06 06:29:17 | DEBUG    | run                  | Sample data (first row):
2026-07-06 06:29:17 | DEBUG    | run                  | {'SYMBOL': 'TPLP', 'SECTOR': 838, 'LDCP': 11.64, 'OPEN': 11.87, 'HIGH': 12.5, 'LOW': 11.87, 'CURRENT': 12.18, 'CHANGE': 0.54, 'CHANGE (%)': nan, 'VOLUME': 30118080, 'YEAR': 2026, 'MONTH': 7, 'DAY': 6, 'HOUR': 11, 'MINUTE': 29, 'DATETIME': '2026-07-06 11:29'}
2026-07-06 06:29:17 | DEBUG    | close                | Session closed
2026-07-06 06:34:17 | INFO     | run                  | ======================================================================
2026-07-06 06:34:17 | INFO     | run                  | 🚀 MARKET DATA SCRAPER - SINGLE EXECUTION
2026-07-06 06:34:17 | INFO     | run                  | ======================================================================
2026-07-06 06:34:17 | INFO     | run                  | Execution Time: 2026-07-06 11:34:17 PKT
2026-07-06 06:34:17 | INFO     | run                  | Configuration:
2026-07-06 06:34:17 | INFO     | run                  |    - Timezone: Asia/Karachi
2026-07-06 06:34:17 | INFO     | run                  |    - Data directory: data
2026-07-06 06:34:17 | INFO     | run                  |    - Log directory: logs
2026-07-06 06:34:17 | INFO     | run                  |    - Excluded symbols: {'XS', 'XT', 'XR', 'XD'}
2026-07-06 06:34:17 | INFO     | run                  | ======================================================================
2026-07-06 06:34:17 | INFO     | fetch_data           | Fetching data (Attempt 1/3)...
2026-07-06 06:34:17 | DEBUG    | fetch_data           | Establishing session with https://dps.psx.com.pk/
2026-07-06 06:34:20 | DEBUG    | fetch_data           | Requesting data from https://dps.psx.com.pk/market-watch
2026-07-06 06:34:22 | DEBUG    | fetch_data           | Response status: 200
2026-07-06 06:34:22 | DEBUG    | fetch_data           | Response content type: text/html; charset=utf-8
2026-07-06 06:34:22 | DEBUG    | fetch_data           | Response size: 463959 bytes
2026-07-06 06:34:22 | INFO     | fetch_data           | ✅ Data fetched successfully (Status: 200)
2026-07-06 06:34:22 | DEBUG    | parse_json           | Attempting JSON parsing...
2026-07-06 06:34:22 | DEBUG    | parse_json           | Response preview: <table class="tbl" data-page-length="25"><thead class="tbl__head"><!-- tr--><!--   th(colspan="11")--><!--   th.center(colspan="2", style="width: 110px;") TOTAL BUY ORDERS--><!--   th.center(colspan="2", style="width: 110px;") TOTAL SELL ORDERS--><tr><th data-name="symbol">SYMBOL</th><th data-name="sector">SECTOR</th><th data-name="listed">LISTED IN</th><th class="right" data-name="ldcp">LDCP</th><th class="right" data-name="open">OPEN</th><th class="right" data-name="high">HIGH</th><th class="r
2026-07-06 06:34:22 | WARNING  | parse_json           | ⚠️ JSON parsing failed: Expecting value: line 1 column 1 (char 0)
2026-07-06 06:34:22 | INFO     | run                  | JSON parsing failed, trying HTML fallback...
2026-07-06 06:34:22 | INFO     | parse_html           | Attempting HTML fallback parsing...
2026-07-06 06:34:22 | DEBUG    | parse_html           | Found 1 table(s) in HTML
2026-07-06 06:34:22 | DEBUG    | parse_html           | Table columns: ['SYMBOL', 'SECTOR', 'LISTED IN', 'LDCP', 'OPEN', 'HIGH', 'LOW', 'CURRENT', 'CHANGE', 'CHANGE (%)', 'VOLUME']
2026-07-06 06:34:22 | DEBUG    | parse_html           | Table shape: (484, 11)
2026-07-06 06:34:22 | INFO     | parse_html           | ✅ HTML parsed successfully (484 rows)
2026-07-06 06:34:22 | INFO     | clean_data           | Cleaning data...
2026-07-06 06:34:22 | DEBUG    | clean_data           | Initial shape: (484, 11)
2026-07-06 06:34:22 | DEBUG    | clean_data           | Initial columns: ['SYMBOL', 'SECTOR', 'LISTED IN', 'LDCP', 'OPEN', 'HIGH', 'LOW', 'CURRENT', 'CHANGE', 'CHANGE (%)', 'VOLUME']
2026-07-06 06:34:22 | DEBUG    | clean_data           | Removed 'LISTED IN' column
2026-07-06 06:34:22 | DEBUG    | clean_data           | Converted LDCP from float64 to numeric
2026-07-06 06:34:22 | DEBUG    | clean_data           | Converted OPEN from float64 to numeric
2026-07-06 06:34:22 | DEBUG    | clean_data           | Converted HIGH from float64 to numeric
2026-07-06 06:34:22 | DEBUG    | clean_data           | Converted LOW from float64 to numeric
2026-07-06 06:34:22 | DEBUG    | clean_data           | Converted CURRENT from float64 to numeric
2026-07-06 06:34:22 | DEBUG    | clean_data           | Converted CHANGE from float64 to numeric
2026-07-06 06:34:22 | WARNING  | clean_data           | Column CHANGE (%): 484 values could not be converted to numeric
2026-07-06 06:34:22 | DEBUG    | clean_data           | Converted CHANGE (%) from str to numeric
2026-07-06 06:34:22 | DEBUG    | clean_data           | Converted VOLUME from int64 to numeric
2026-07-06 06:34:22 | INFO     | clean_data           | ✅ Data cleaned (484 rows, 16 columns)
2026-07-06 06:34:22 | DEBUG    | clean_data           | Final columns: ['SYMBOL', 'SECTOR', 'LDCP', 'OPEN', 'HIGH', 'LOW', 'CURRENT', 'CHANGE', 'CHANGE (%)', 'VOLUME', 'YEAR', 'MONTH', 'DAY', 'HOUR', 'MINUTE', 'DATETIME']
2026-07-06 06:34:22 | DEBUG    | get_file_path        | Generated file path: data/2026/07/2026-07-06.xlsx
2026-07-06 06:34:22 | INFO     | save_data            | Saving data to: data/2026/07/2026-07-06.xlsx
2026-07-06 06:34:22 | DEBUG    | _create_backup       | Backup created: data/2026/07/backups/2026-07-06_backup_20260706_063422.xlsx
2026-07-06 06:34:22 | DEBUG    | _cleanup_old_backups | Removed old backup: 2026-07-06_backup_20260706_060826.xlsx
2026-07-06 06:34:22 | DEBUG    | save_data            | Existing file found, merging data...
2026-07-06 06:34:24 | DEBUG    | save_data            | Loaded 19824 existing rows
2026-07-06 06:34:24 | DEBUG    | save_data            | Combined to 20308 rows
2026-07-06 06:34:24 | DEBUG    | save_data            | Writing to temporary file...
2026-07-06 06:34:28 | DEBUG    | save_data            | Data written to temp file: /home/runner/work/Thalorae-BackLioraen/Thalorae-BackLioraen/data/2026/07/tmpphorz13d.xlsx
2026-07-06 06:34:28 | DEBUG    | save_data            | Temp file moved to final location
2026-07-06 06:34:28 | INFO     | save_data            | ✅ Data saved successfully (20308 total rows, 1,508,866 bytes)
2026-07-06 06:34:28 | INFO     | run                  | ======================================================================
2026-07-06 06:34:28 | INFO     | run                  | 📊 EXECUTION SUMMARY:
2026-07-06 06:34:28 | INFO     | run                  |    ✅ Status: SUCCESS
2026-07-06 06:34:28 | INFO     | run                  |    - Rows processed: 484
2026-07-06 06:34:28 | INFO     | run                  |    - Unique symbols: 484
2026-07-06 06:34:28 | INFO     | run                  |    - Timestamp: 2026-07-06 11:34:17
2026-07-06 06:34:28 | INFO     | run                  |    - File: data/2026/07/2026-07-06.xlsx
2026-07-06 06:34:28 | INFO     | run                  | ======================================================================
2026-07-06 06:34:28 | DEBUG    | run                  | Sample data (first row):
2026-07-06 06:34:28 | DEBUG    | run                  | {'SYMBOL': 'TPLP', 'SECTOR': 838, 'LDCP': 11.64, 'OPEN': 11.87, 'HIGH': 12.5, 'LOW': 11.87, 'CURRENT': 12.26, 'CHANGE': 0.62, 'CHANGE (%)': nan, 'VOLUME': 30574426, 'YEAR': 2026, 'MONTH': 7, 'DAY': 6, 'HOUR': 11, 'MINUTE': 34, 'DATETIME': '2026-07-06 11:34'}
2026-07-06 06:34:28 | DEBUG    | close                | Session closed
2026-07-06 06:39:28 | INFO     | run                  | ======================================================================
2026-07-06 06:39:28 | INFO     | run                  | 🚀 MARKET DATA SCRAPER - SINGLE EXECUTION
2026-07-06 06:39:28 | INFO     | run                  | ======================================================================
2026-07-06 06:39:28 | INFO     | run                  | Execution Time: 2026-07-06 11:39:28 PKT
2026-07-06 06:39:28 | INFO     | run                  | Configuration:
2026-07-06 06:39:28 | INFO     | run                  |    - Timezone: Asia/Karachi
2026-07-06 06:39:28 | INFO     | run                  |    - Data directory: data
2026-07-06 06:39:28 | INFO     | run                  |    - Log directory: logs
2026-07-06 06:39:28 | INFO     | run                  |    - Excluded symbols: {'XR', 'XD', 'XT', 'XS'}
2026-07-06 06:39:28 | INFO     | run                  | ======================================================================
2026-07-06 06:39:28 | INFO     | fetch_data           | Fetching data (Attempt 1/3)...
2026-07-06 06:39:28 | DEBUG    | fetch_data           | Establishing session with https://dps.psx.com.pk/
2026-07-06 06:39:31 | DEBUG    | fetch_data           | Requesting data from https://dps.psx.com.pk/market-watch
2026-07-06 06:39:33 | DEBUG    | fetch_data           | Response status: 200
2026-07-06 06:39:33 | DEBUG    | fetch_data           | Response content type: text/html; charset=utf-8
2026-07-06 06:39:33 | DEBUG    | fetch_data           | Response size: 464871 bytes
2026-07-06 06:39:33 | INFO     | fetch_data           | ✅ Data fetched successfully (Status: 200)
2026-07-06 06:39:33 | DEBUG    | parse_json           | Attempting JSON parsing...
2026-07-06 06:39:33 | DEBUG    | parse_json           | Response preview: <table class="tbl" data-page-length="25"><thead class="tbl__head"><!-- tr--><!--   th(colspan="11")--><!--   th.center(colspan="2", style="width: 110px;") TOTAL BUY ORDERS--><!--   th.center(colspan="2", style="width: 110px;") TOTAL SELL ORDERS--><tr><th data-name="symbol">SYMBOL</th><th data-name="sector">SECTOR</th><th data-name="listed">LISTED IN</th><th class="right" data-name="ldcp">LDCP</th><th class="right" data-name="open">OPEN</th><th class="right" data-name="high">HIGH</th><th class="r
2026-07-06 06:39:33 | WARNING  | parse_json           | ⚠️ JSON parsing failed: Expecting value: line 1 column 1 (char 0)
2026-07-06 06:39:33 | INFO     | run                  | JSON parsing failed, trying HTML fallback...
2026-07-06 06:39:33 | INFO     | parse_html           | Attempting HTML fallback parsing...
2026-07-06 06:39:33 | DEBUG    | parse_html           | Found 1 table(s) in HTML
2026-07-06 06:39:33 | DEBUG    | parse_html           | Table columns: ['SYMBOL', 'SECTOR', 'LISTED IN', 'LDCP', 'OPEN', 'HIGH', 'LOW', 'CURRENT', 'CHANGE', 'CHANGE (%)', 'VOLUME']
2026-07-06 06:39:33 | DEBUG    | parse_html           | Table shape: (485, 11)
2026-07-06 06:39:33 | INFO     | parse_html           | ✅ HTML parsed successfully (485 rows)
2026-07-06 06:39:33 | INFO     | clean_data           | Cleaning data...
2026-07-06 06:39:33 | DEBUG    | clean_data           | Initial shape: (485, 11)
2026-07-06 06:39:33 | DEBUG    | clean_data           | Initial columns: ['SYMBOL', 'SECTOR', 'LISTED IN', 'LDCP', 'OPEN', 'HIGH', 'LOW', 'CURRENT', 'CHANGE', 'CHANGE (%)', 'VOLUME']
2026-07-06 06:39:33 | DEBUG    | clean_data           | Removed 'LISTED IN' column
2026-07-06 06:39:33 | DEBUG    | clean_data           | Converted LDCP from float64 to numeric
2026-07-06 06:39:33 | DEBUG    | clean_data           | Converted OPEN from float64 to numeric
2026-07-06 06:39:33 | DEBUG    | clean_data           | Converted HIGH from float64 to numeric
2026-07-06 06:39:33 | DEBUG    | clean_data           | Converted LOW from float64 to numeric
2026-07-06 06:39:33 | DEBUG    | clean_data           | Converted CURRENT from float64 to numeric
2026-07-06 06:39:33 | DEBUG    | clean_data           | Converted CHANGE from float64 to numeric
2026-07-06 06:39:33 | WARNING  | clean_data           | Column CHANGE (%): 485 values could not be converted to numeric
2026-07-06 06:39:33 | DEBUG    | clean_data           | Converted CHANGE (%) from str to numeric
2026-07-06 06:39:33 | DEBUG    | clean_data           | Converted VOLUME from int64 to numeric
2026-07-06 06:39:33 | INFO     | clean_data           | ✅ Data cleaned (485 rows, 16 columns)
2026-07-06 06:39:33 | DEBUG    | clean_data           | Final columns: ['SYMBOL', 'SECTOR', 'LDCP', 'OPEN', 'HIGH', 'LOW', 'CURRENT', 'CHANGE', 'CHANGE (%)', 'VOLUME', 'YEAR', 'MONTH', 'DAY', 'HOUR', 'MINUTE', 'DATETIME']
2026-07-06 06:39:33 | DEBUG    | get_file_path        | Generated file path: data/2026/07/2026-07-06.xlsx
2026-07-06 06:39:33 | INFO     | save_data            | Saving data to: data/2026/07/2026-07-06.xlsx
2026-07-06 06:39:33 | DEBUG    | _create_backup       | Backup created: data/2026/07/backups/2026-07-06_backup_20260706_063933.xlsx
2026-07-06 06:39:33 | DEBUG    | _cleanup_old_backups | Removed old backup: 2026-07-06_backup_20260706_061336.xlsx
2026-07-06 06:39:33 | DEBUG    | save_data            | Existing file found, merging data...
2026-07-06 06:39:35 | DEBUG    | save_data            | Loaded 20308 existing rows
2026-07-06 06:39:35 | DEBUG    | save_data            | Combined to 20793 rows
2026-07-06 06:39:35 | DEBUG    | save_data            | Writing to temporary file...
2026-07-06 06:39:39 | DEBUG    | save_data            | Data written to temp file: /home/runner/work/Thalorae-BackLioraen/Thalorae-BackLioraen/data/2026/07/tmp_hzmd7l2.xlsx
2026-07-06 06:39:39 | DEBUG    | save_data            | Temp file moved to final location
2026-07-06 06:39:39 | INFO     | save_data            | ✅ Data saved successfully (20793 total rows, 1,544,897 bytes)
2026-07-06 06:39:39 | INFO     | run                  | ======================================================================
2026-07-06 06:39:39 | INFO     | run                  | 📊 EXECUTION SUMMARY:
2026-07-06 06:39:39 | INFO     | run                  |    ✅ Status: SUCCESS
2026-07-06 06:39:39 | INFO     | run                  |    - Rows processed: 485
2026-07-06 06:39:39 | INFO     | run                  |    - Unique symbols: 485
2026-07-06 06:39:39 | INFO     | run                  |    - Timestamp: 2026-07-06 11:39:28
2026-07-06 06:39:39 | INFO     | run                  |    - File: data/2026/07/2026-07-06.xlsx
2026-07-06 06:39:39 | INFO     | run                  | ======================================================================
2026-07-06 06:39:39 | DEBUG    | run                  | Sample data (first row):
2026-07-06 06:39:39 | DEBUG    | run                  | {'SYMBOL': 'TPLP', 'SECTOR': 838, 'LDCP': 11.64, 'OPEN': 11.87, 'HIGH': 12.5, 'LOW': 11.87, 'CURRENT': 12.23, 'CHANGE': 0.59, 'CHANGE (%)': nan, 'VOLUME': 31819052, 'YEAR': 2026, 'MONTH': 7, 'DAY': 6, 'HOUR': 11, 'MINUTE': 39, 'DATETIME': '2026-07-06 11:39'}
2026-07-06 06:39:39 | DEBUG    | close                | Session closed
2026-07-06 06:44:40 | INFO     | run                  | ======================================================================
2026-07-06 06:44:40 | INFO     | run                  | 🚀 MARKET DATA SCRAPER - SINGLE EXECUTION
2026-07-06 06:44:40 | INFO     | run                  | ======================================================================
2026-07-06 06:44:40 | INFO     | run                  | Execution Time: 2026-07-06 11:44:40 PKT
2026-07-06 06:44:40 | INFO     | run                  | Configuration:
2026-07-06 06:44:40 | INFO     | run                  |    - Timezone: Asia/Karachi
2026-07-06 06:44:40 | INFO     | run                  |    - Data directory: data
2026-07-06 06:44:40 | INFO     | run                  |    - Log directory: logs
2026-07-06 06:44:40 | INFO     | run                  |    - Excluded symbols: {'XT', 'XR', 'XS', 'XD'}
2026-07-06 06:44:40 | INFO     | run                  | ======================================================================
2026-07-06 06:44:40 | INFO     | fetch_data           | Fetching data (Attempt 1/3)...
2026-07-06 06:44:40 | DEBUG    | fetch_data           | Establishing session with https://dps.psx.com.pk/
2026-07-06 06:44:42 | DEBUG    | fetch_data           | Requesting data from https://dps.psx.com.pk/market-watch
2026-07-06 06:44:44 | DEBUG    | fetch_data           | Response status: 200
2026-07-06 06:44:44 | DEBUG    | fetch_data           | Response content type: text/html; charset=utf-8
2026-07-06 06:44:44 | DEBUG    | fetch_data           | Response size: 464939 bytes
2026-07-06 06:44:44 | INFO     | fetch_data           | ✅ Data fetched successfully (Status: 200)
2026-07-06 06:44:44 | DEBUG    | parse_json           | Attempting JSON parsing...
2026-07-06 06:44:44 | DEBUG    | parse_json           | Response preview: <table class="tbl" data-page-length="25"><thead class="tbl__head"><!-- tr--><!--   th(colspan="11")--><!--   th.center(colspan="2", style="width: 110px;") TOTAL BUY ORDERS--><!--   th.center(colspan="2", style="width: 110px;") TOTAL SELL ORDERS--><tr><th data-name="symbol">SYMBOL</th><th data-name="sector">SECTOR</th><th data-name="listed">LISTED IN</th><th class="right" data-name="ldcp">LDCP</th><th class="right" data-name="open">OPEN</th><th class="right" data-name="high">HIGH</th><th class="r
2026-07-06 06:44:44 | WARNING  | parse_json           | ⚠️ JSON parsing failed: Expecting value: line 1 column 1 (char 0)
2026-07-06 06:44:44 | INFO     | run                  | JSON parsing failed, trying HTML fallback...
2026-07-06 06:44:44 | INFO     | parse_html           | Attempting HTML fallback parsing...
2026-07-06 06:44:44 | DEBUG    | parse_html           | Found 1 table(s) in HTML
2026-07-06 06:44:44 | DEBUG    | parse_html           | Table columns: ['SYMBOL', 'SECTOR', 'LISTED IN', 'LDCP', 'OPEN', 'HIGH', 'LOW', 'CURRENT', 'CHANGE', 'CHANGE (%)', 'VOLUME']
2026-07-06 06:44:44 | DEBUG    | parse_html           | Table shape: (485, 11)
2026-07-06 06:44:44 | INFO     | parse_html           | ✅ HTML parsed successfully (485 rows)
2026-07-06 06:44:44 | INFO     | clean_data           | Cleaning data...
2026-07-06 06:44:44 | DEBUG    | clean_data           | Initial shape: (485, 11)
2026-07-06 06:44:44 | DEBUG    | clean_data           | Initial columns: ['SYMBOL', 'SECTOR', 'LISTED IN', 'LDCP', 'OPEN', 'HIGH', 'LOW', 'CURRENT', 'CHANGE', 'CHANGE (%)', 'VOLUME']
2026-07-06 06:44:44 | DEBUG    | clean_data           | Removed 'LISTED IN' column
2026-07-06 06:44:44 | DEBUG    | clean_data           | Converted LDCP from float64 to numeric
2026-07-06 06:44:44 | DEBUG    | clean_data           | Converted OPEN from float64 to numeric
2026-07-06 06:44:44 | DEBUG    | clean_data           | Converted HIGH from float64 to numeric
2026-07-06 06:44:44 | DEBUG    | clean_data           | Converted LOW from float64 to numeric
2026-07-06 06:44:44 | DEBUG    | clean_data           | Converted CURRENT from float64 to numeric
2026-07-06 06:44:44 | DEBUG    | clean_data           | Converted CHANGE from float64 to numeric
2026-07-06 06:44:44 | WARNING  | clean_data           | Column CHANGE (%): 485 values could not be converted to numeric
2026-07-06 06:44:44 | DEBUG    | clean_data           | Converted CHANGE (%) from str to numeric
2026-07-06 06:44:44 | DEBUG    | clean_data           | Converted VOLUME from int64 to numeric
2026-07-06 06:44:44 | INFO     | clean_data           | ✅ Data cleaned (485 rows, 16 columns)
2026-07-06 06:44:44 | DEBUG    | clean_data           | Final columns: ['SYMBOL', 'SECTOR', 'LDCP', 'OPEN', 'HIGH', 'LOW', 'CURRENT', 'CHANGE', 'CHANGE (%)', 'VOLUME', 'YEAR', 'MONTH', 'DAY', 'HOUR', 'MINUTE', 'DATETIME']
2026-07-06 06:44:44 | DEBUG    | get_file_path        | Generated file path: data/2026/07/2026-07-06.xlsx
2026-07-06 06:44:44 | INFO     | save_data            | Saving data to: data/2026/07/2026-07-06.xlsx
2026-07-06 06:44:44 | DEBUG    | _create_backup       | Backup created: data/2026/07/backups/2026-07-06_backup_20260706_064444.xlsx
2026-07-06 06:44:44 | DEBUG    | _cleanup_old_backups | Removed old backup: 2026-07-06_backup_20260706_061848.xlsx
2026-07-06 06:44:44 | DEBUG    | save_data            | Existing file found, merging data...
2026-07-06 06:44:46 | DEBUG    | save_data            | Loaded 20793 existing rows
2026-07-06 06:44:46 | DEBUG    | save_data            | Combined to 21278 rows
2026-07-06 06:44:46 | DEBUG    | save_data            | Writing to temporary file...
2026-07-06 06:44:51 | DEBUG    | save_data            | Data written to temp file: /home/runner/work/Thalorae-BackLioraen/Thalorae-BackLioraen/data/2026/07/tmpqjpzvzfg.xlsx
2026-07-06 06:44:51 | DEBUG    | save_data            | Temp file moved to final location
2026-07-06 06:44:51 | INFO     | save_data            | ✅ Data saved successfully (21278 total rows, 1,580,949 bytes)
2026-07-06 06:44:51 | INFO     | run                  | ======================================================================
2026-07-06 06:44:51 | INFO     | run                  | 📊 EXECUTION SUMMARY:
2026-07-06 06:44:51 | INFO     | run                  |    ✅ Status: SUCCESS
2026-07-06 06:44:51 | INFO     | run                  |    - Rows processed: 485
2026-07-06 06:44:51 | INFO     | run                  |    - Unique symbols: 485
2026-07-06 06:44:51 | INFO     | run                  |    - Timestamp: 2026-07-06 11:44:40
2026-07-06 06:44:51 | INFO     | run                  |    - File: data/2026/07/2026-07-06.xlsx
2026-07-06 06:44:51 | INFO     | run                  | ======================================================================
2026-07-06 06:44:51 | DEBUG    | run                  | Sample data (first row):
2026-07-06 06:44:51 | DEBUG    | run                  | {'SYMBOL': 'TPLP', 'SECTOR': 838, 'LDCP': 11.64, 'OPEN': 11.87, 'HIGH': 12.5, 'LOW': 11.87, 'CURRENT': 12.22, 'CHANGE': 0.58, 'CHANGE (%)': nan, 'VOLUME': 31889624, 'YEAR': 2026, 'MONTH': 7, 'DAY': 6, 'HOUR': 11, 'MINUTE': 44, 'DATETIME': '2026-07-06 11:44'}
2026-07-06 06:44:51 | DEBUG    | close                | Session closed
2026-07-06 06:49:51 | INFO     | run                  | ======================================================================
2026-07-06 06:49:51 | INFO     | run                  | 🚀 MARKET DATA SCRAPER - SINGLE EXECUTION
2026-07-06 06:49:51 | INFO     | run                  | ======================================================================
2026-07-06 06:49:51 | INFO     | run                  | Execution Time: 2026-07-06 11:49:51 PKT
2026-07-06 06:49:51 | INFO     | run                  | Configuration:
2026-07-06 06:49:51 | INFO     | run                  |    - Timezone: Asia/Karachi
2026-07-06 06:49:51 | INFO     | run                  |    - Data directory: data
2026-07-06 06:49:51 | INFO     | run                  |    - Log directory: logs
2026-07-06 06:49:51 | INFO     | run                  |    - Excluded symbols: {'XR', 'XT', 'XS', 'XD'}
2026-07-06 06:49:51 | INFO     | run                  | ======================================================================
2026-07-06 06:49:51 | INFO     | fetch_data           | Fetching data (Attempt 1/3)...
2026-07-06 06:49:51 | DEBUG    | fetch_data           | Establishing session with https://dps.psx.com.pk/
2026-07-06 06:49:55 | DEBUG    | fetch_data           | Requesting data from https://dps.psx.com.pk/market-watch
2026-07-06 06:49:56 | DEBUG    | fetch_data           | Response status: 200
2026-07-06 06:49:56 | DEBUG    | fetch_data           | Response content type: text/html; charset=utf-8
2026-07-06 06:49:56 | DEBUG    | fetch_data           | Response size: 465951 bytes
2026-07-06 06:49:56 | INFO     | fetch_data           | ✅ Data fetched successfully (Status: 200)
2026-07-06 06:49:56 | DEBUG    | parse_json           | Attempting JSON parsing...
2026-07-06 06:49:56 | DEBUG    | parse_json           | Response preview: <table class="tbl" data-page-length="25"><thead class="tbl__head"><!-- tr--><!--   th(colspan="11")--><!--   th.center(colspan="2", style="width: 110px;") TOTAL BUY ORDERS--><!--   th.center(colspan="2", style="width: 110px;") TOTAL SELL ORDERS--><tr><th data-name="symbol">SYMBOL</th><th data-name="sector">SECTOR</th><th data-name="listed">LISTED IN</th><th class="right" data-name="ldcp">LDCP</th><th class="right" data-name="open">OPEN</th><th class="right" data-name="high">HIGH</th><th class="r
2026-07-06 06:49:56 | WARNING  | parse_json           | ⚠️ JSON parsing failed: Expecting value: line 1 column 1 (char 0)
2026-07-06 06:49:56 | INFO     | run                  | JSON parsing failed, trying HTML fallback...
2026-07-06 06:49:56 | INFO     | parse_html           | Attempting HTML fallback parsing...
2026-07-06 06:49:56 | DEBUG    | parse_html           | Found 1 table(s) in HTML
2026-07-06 06:49:56 | DEBUG    | parse_html           | Table columns: ['SYMBOL', 'SECTOR', 'LISTED IN', 'LDCP', 'OPEN', 'HIGH', 'LOW', 'CURRENT', 'CHANGE', 'CHANGE (%)', 'VOLUME']
2026-07-06 06:49:56 | DEBUG    | parse_html           | Table shape: (486, 11)
2026-07-06 06:49:56 | INFO     | parse_html           | ✅ HTML parsed successfully (486 rows)
2026-07-06 06:49:56 | INFO     | clean_data           | Cleaning data...
2026-07-06 06:49:56 | DEBUG    | clean_data           | Initial shape: (486, 11)
2026-07-06 06:49:56 | DEBUG    | clean_data           | Initial columns: ['SYMBOL', 'SECTOR', 'LISTED IN', 'LDCP', 'OPEN', 'HIGH', 'LOW', 'CURRENT', 'CHANGE', 'CHANGE (%)', 'VOLUME']
2026-07-06 06:49:56 | DEBUG    | clean_data           | Removed 'LISTED IN' column
2026-07-06 06:49:56 | DEBUG    | clean_data           | Converted LDCP from float64 to numeric
2026-07-06 06:49:56 | DEBUG    | clean_data           | Converted OPEN from float64 to numeric
2026-07-06 06:49:56 | DEBUG    | clean_data           | Converted HIGH from float64 to numeric
2026-07-06 06:49:56 | DEBUG    | clean_data           | Converted LOW from float64 to numeric
2026-07-06 06:49:56 | DEBUG    | clean_data           | Converted CURRENT from float64 to numeric
2026-07-06 06:49:56 | DEBUG    | clean_data           | Converted CHANGE from float64 to numeric
2026-07-06 06:49:56 | WARNING  | clean_data           | Column CHANGE (%): 486 values could not be converted to numeric
2026-07-06 06:49:56 | DEBUG    | clean_data           | Converted CHANGE (%) from str to numeric
2026-07-06 06:49:56 | DEBUG    | clean_data           | Converted VOLUME from int64 to numeric
2026-07-06 06:49:56 | INFO     | clean_data           | ✅ Data cleaned (486 rows, 16 columns)
2026-07-06 06:49:56 | DEBUG    | clean_data           | Final columns: ['SYMBOL', 'SECTOR', 'LDCP', 'OPEN', 'HIGH', 'LOW', 'CURRENT', 'CHANGE', 'CHANGE (%)', 'VOLUME', 'YEAR', 'MONTH', 'DAY', 'HOUR', 'MINUTE', 'DATETIME']
2026-07-06 06:49:56 | DEBUG    | get_file_path        | Generated file path: data/2026/07/2026-07-06.xlsx
2026-07-06 06:49:56 | INFO     | save_data            | Saving data to: data/2026/07/2026-07-06.xlsx
2026-07-06 06:49:56 | DEBUG    | _create_backup       | Backup created: data/2026/07/backups/2026-07-06_backup_20260706_064956.xlsx
2026-07-06 06:49:56 | DEBUG    | _cleanup_old_backups | Removed old backup: 2026-07-06_backup_20260706_062358.xlsx
2026-07-06 06:49:56 | DEBUG    | save_data            | Existing file found, merging data...
2026-07-06 06:49:58 | DEBUG    | save_data            | Loaded 21278 existing rows
2026-07-06 06:49:58 | DEBUG    | save_data            | Combined to 21764 rows
2026-07-06 06:49:58 | DEBUG    | save_data            | Writing to temporary file...
2026-07-06 06:50:02 | DEBUG    | save_data            | Data written to temp file: /home/runner/work/Thalorae-BackLioraen/Thalorae-BackLioraen/data/2026/07/tmpajd7k6x_.xlsx
2026-07-06 06:50:02 | DEBUG    | save_data            | Temp file moved to final location
2026-07-06 06:50:02 | INFO     | save_data            | ✅ Data saved successfully (21764 total rows, 1,617,066 bytes)
2026-07-06 06:50:02 | INFO     | run                  | ======================================================================
2026-07-06 06:50:02 | INFO     | run                  | 📊 EXECUTION SUMMARY:
2026-07-06 06:50:02 | INFO     | run                  |    ✅ Status: SUCCESS
2026-07-06 06:50:02 | INFO     | run                  |    - Rows processed: 486
2026-07-06 06:50:02 | INFO     | run                  |    - Unique symbols: 486
2026-07-06 06:50:02 | INFO     | run                  |    - Timestamp: 2026-07-06 11:49:51
2026-07-06 06:50:02 | INFO     | run                  |    - File: data/2026/07/2026-07-06.xlsx
2026-07-06 06:50:02 | INFO     | run                  | ======================================================================
2026-07-06 06:50:02 | DEBUG    | run                  | Sample data (first row):
2026-07-06 06:50:02 | DEBUG    | run                  | {'SYMBOL': 'TPLP', 'SECTOR': 838, 'LDCP': 11.64, 'OPEN': 11.87, 'HIGH': 12.5, 'LOW': 11.87, 'CURRENT': 12.24, 'CHANGE': 0.6, 'CHANGE (%)': nan, 'VOLUME': 31951261, 'YEAR': 2026, 'MONTH': 7, 'DAY': 6, 'HOUR': 11, 'MINUTE': 49, 'DATETIME': '2026-07-06 11:49'}
2026-07-06 06:50:02 | DEBUG    | close                | Session closed
2026-07-06 06:55:03 | INFO     | run                  | ======================================================================
2026-07-06 06:55:03 | INFO     | run                  | 🚀 MARKET DATA SCRAPER - SINGLE EXECUTION
2026-07-06 06:55:03 | INFO     | run                  | ======================================================================
2026-07-06 06:55:03 | INFO     | run                  | Execution Time: 2026-07-06 11:55:03 PKT
2026-07-06 06:55:03 | INFO     | run                  | Configuration:
2026-07-06 06:55:03 | INFO     | run                  |    - Timezone: Asia/Karachi
2026-07-06 06:55:03 | INFO     | run                  |    - Data directory: data
2026-07-06 06:55:03 | INFO     | run                  |    - Log directory: logs
2026-07-06 06:55:03 | INFO     | run                  |    - Excluded symbols: {'XD', 'XS', 'XT', 'XR'}
2026-07-06 06:55:03 | INFO     | run                  | ======================================================================
2026-07-06 06:55:03 | INFO     | fetch_data           | Fetching data (Attempt 1/3)...
2026-07-06 06:55:03 | DEBUG    | fetch_data           | Establishing session with https://dps.psx.com.pk/
2026-07-06 06:55:06 | DEBUG    | fetch_data           | Requesting data from https://dps.psx.com.pk/market-watch
2026-07-06 06:55:09 | DEBUG    | fetch_data           | Response status: 200
2026-07-06 06:55:09 | DEBUG    | fetch_data           | Response content type: text/html; charset=utf-8
2026-07-06 06:55:09 | DEBUG    | fetch_data           | Response size: 466097 bytes
2026-07-06 06:55:09 | INFO     | fetch_data           | ✅ Data fetched successfully (Status: 200)
2026-07-06 06:55:09 | DEBUG    | parse_json           | Attempting JSON parsing...
2026-07-06 06:55:09 | DEBUG    | parse_json           | Response preview: <table class="tbl" data-page-length="25"><thead class="tbl__head"><!-- tr--><!--   th(colspan="11")--><!--   th.center(colspan="2", style="width: 110px;") TOTAL BUY ORDERS--><!--   th.center(colspan="2", style="width: 110px;") TOTAL SELL ORDERS--><tr><th data-name="symbol">SYMBOL</th><th data-name="sector">SECTOR</th><th data-name="listed">LISTED IN</th><th class="right" data-name="ldcp">LDCP</th><th class="right" data-name="open">OPEN</th><th class="right" data-name="high">HIGH</th><th class="r
2026-07-06 06:55:09 | WARNING  | parse_json           | ⚠️ JSON parsing failed: Expecting value: line 1 column 1 (char 0)
2026-07-06 06:55:09 | INFO     | run                  | JSON parsing failed, trying HTML fallback...
2026-07-06 06:55:09 | INFO     | parse_html           | Attempting HTML fallback parsing...
2026-07-06 06:55:09 | DEBUG    | parse_html           | Found 1 table(s) in HTML
2026-07-06 06:55:09 | DEBUG    | parse_html           | Table columns: ['SYMBOL', 'SECTOR', 'LISTED IN', 'LDCP', 'OPEN', 'HIGH', 'LOW', 'CURRENT', 'CHANGE', 'CHANGE (%)', 'VOLUME']
2026-07-06 06:55:09 | DEBUG    | parse_html           | Table shape: (486, 11)
2026-07-06 06:55:09 | INFO     | parse_html           | ✅ HTML parsed successfully (486 rows)
2026-07-06 06:55:09 | INFO     | clean_data           | Cleaning data...
2026-07-06 06:55:09 | DEBUG    | clean_data           | Initial shape: (486, 11)
2026-07-06 06:55:09 | DEBUG    | clean_data           | Initial columns: ['SYMBOL', 'SECTOR', 'LISTED IN', 'LDCP', 'OPEN', 'HIGH', 'LOW', 'CURRENT', 'CHANGE', 'CHANGE (%)', 'VOLUME']
2026-07-06 06:55:09 | DEBUG    | clean_data           | Removed 'LISTED IN' column
2026-07-06 06:55:09 | DEBUG    | clean_data           | Converted LDCP from float64 to numeric
2026-07-06 06:55:09 | DEBUG    | clean_data           | Converted OPEN from float64 to numeric
2026-07-06 06:55:09 | DEBUG    | clean_data           | Converted HIGH from float64 to numeric
2026-07-06 06:55:09 | DEBUG    | clean_data           | Converted LOW from float64 to numeric
2026-07-06 06:55:09 | DEBUG    | clean_data           | Converted CURRENT from float64 to numeric
2026-07-06 06:55:09 | DEBUG    | clean_data           | Converted CHANGE from float64 to numeric
2026-07-06 06:55:09 | WARNING  | clean_data           | Column CHANGE (%): 486 values could not be converted to numeric
2026-07-06 06:55:09 | DEBUG    | clean_data           | Converted CHANGE (%) from str to numeric
2026-07-06 06:55:09 | DEBUG    | clean_data           | Converted VOLUME from int64 to numeric
2026-07-06 06:55:09 | INFO     | clean_data           | ✅ Data cleaned (486 rows, 16 columns)
2026-07-06 06:55:09 | DEBUG    | clean_data           | Final columns: ['SYMBOL', 'SECTOR', 'LDCP', 'OPEN', 'HIGH', 'LOW', 'CURRENT', 'CHANGE', 'CHANGE (%)', 'VOLUME', 'YEAR', 'MONTH', 'DAY', 'HOUR', 'MINUTE', 'DATETIME']
2026-07-06 06:55:09 | DEBUG    | get_file_path        | Generated file path: data/2026/07/2026-07-06.xlsx
2026-07-06 06:55:09 | INFO     | save_data            | Saving data to: data/2026/07/2026-07-06.xlsx
2026-07-06 06:55:09 | DEBUG    | _create_backup       | Backup created: data/2026/07/backups/2026-07-06_backup_20260706_065509.xlsx
2026-07-06 06:55:09 | DEBUG    | _cleanup_old_backups | Removed old backup: 2026-07-06_backup_20260706_062911.xlsx
2026-07-06 06:55:09 | DEBUG    | save_data            | Existing file found, merging data...
2026-07-06 06:55:11 | DEBUG    | save_data            | Loaded 21764 existing rows
2026-07-06 06:55:11 | DEBUG    | save_data            | Combined to 22250 rows
2026-07-06 06:55:11 | DEBUG    | save_data            | Writing to temporary file...
2026-07-06 06:55:15 | DEBUG    | save_data            | Data written to temp file: /home/runner/work/Thalorae-BackLioraen/Thalorae-BackLioraen/data/2026/07/tmpw4yjowhe.xlsx
2026-07-06 06:55:15 | DEBUG    | save_data            | Temp file moved to final location
2026-07-06 06:55:15 | INFO     | save_data            | ✅ Data saved successfully (22250 total rows, 1,653,187 bytes)
2026-07-06 06:55:15 | INFO     | run                  | ======================================================================
2026-07-06 06:55:15 | INFO     | run                  | 📊 EXECUTION SUMMARY:
2026-07-06 06:55:15 | INFO     | run                  |    ✅ Status: SUCCESS
2026-07-06 06:55:15 | INFO     | run                  |    - Rows processed: 486
2026-07-06 06:55:15 | INFO     | run                  |    - Unique symbols: 486
2026-07-06 06:55:15 | INFO     | run                  |    - Timestamp: 2026-07-06 11:55:03
2026-07-06 06:55:15 | INFO     | run                  |    - File: data/2026/07/2026-07-06.xlsx
2026-07-06 06:55:15 | INFO     | run                  | ======================================================================
2026-07-06 06:55:15 | DEBUG    | run                  | Sample data (first row):
2026-07-06 06:55:15 | DEBUG    | run                  | {'SYMBOL': 'TPLP', 'SECTOR': 838, 'LDCP': 11.64, 'OPEN': 11.87, 'HIGH': 12.5, 'LOW': 11.87, 'CURRENT': 12.22, 'CHANGE': 0.58, 'CHANGE (%)': nan, 'VOLUME': 32352539, 'YEAR': 2026, 'MONTH': 7, 'DAY': 6, 'HOUR': 11, 'MINUTE': 55, 'DATETIME': '2026-07-06 11:55'}
2026-07-06 06:55:15 | DEBUG    | close                | Session closed
2026-07-06 07:00:16 | INFO     | run                  | ======================================================================
2026-07-06 07:00:16 | INFO     | run                  | 🚀 MARKET DATA SCRAPER - SINGLE EXECUTION
2026-07-06 07:00:16 | INFO     | run                  | ======================================================================
2026-07-06 07:00:16 | INFO     | run                  | Execution Time: 2026-07-06 12:00:16 PKT
2026-07-06 07:00:16 | INFO     | run                  | Configuration:
2026-07-06 07:00:16 | INFO     | run                  |    - Timezone: Asia/Karachi
2026-07-06 07:00:16 | INFO     | run                  |    - Data directory: data
2026-07-06 07:00:16 | INFO     | run                  |    - Log directory: logs
2026-07-06 07:00:16 | INFO     | run                  |    - Excluded symbols: {'XR', 'XS', 'XD', 'XT'}
2026-07-06 07:00:16 | INFO     | run                  | ======================================================================
2026-07-06 07:00:16 | INFO     | fetch_data           | Fetching data (Attempt 1/3)...
2026-07-06 07:00:16 | DEBUG    | fetch_data           | Establishing session with https://dps.psx.com.pk/
2026-07-06 07:00:20 | DEBUG    | fetch_data           | Requesting data from https://dps.psx.com.pk/market-watch
2026-07-06 07:00:23 | DEBUG    | fetch_data           | Response status: 200
2026-07-06 07:00:23 | DEBUG    | fetch_data           | Response content type: text/html; charset=utf-8
2026-07-06 07:00:23 | DEBUG    | fetch_data           | Response size: 465903 bytes
2026-07-06 07:00:23 | INFO     | fetch_data           | ✅ Data fetched successfully (Status: 200)
2026-07-06 07:00:23 | DEBUG    | parse_json           | Attempting JSON parsing...
2026-07-06 07:00:23 | DEBUG    | parse_json           | Response preview: <table class="tbl" data-page-length="25"><thead class="tbl__head"><!-- tr--><!--   th(colspan="11")--><!--   th.center(colspan="2", style="width: 110px;") TOTAL BUY ORDERS--><!--   th.center(colspan="2", style="width: 110px;") TOTAL SELL ORDERS--><tr><th data-name="symbol">SYMBOL</th><th data-name="sector">SECTOR</th><th data-name="listed">LISTED IN</th><th class="right" data-name="ldcp">LDCP</th><th class="right" data-name="open">OPEN</th><th class="right" data-name="high">HIGH</th><th class="r
2026-07-06 07:00:23 | WARNING  | parse_json           | ⚠️ JSON parsing failed: Expecting value: line 1 column 1 (char 0)
2026-07-06 07:00:23 | INFO     | run                  | JSON parsing failed, trying HTML fallback...
2026-07-06 07:00:23 | INFO     | parse_html           | Attempting HTML fallback parsing...
2026-07-06 07:00:23 | DEBUG    | parse_html           | Found 1 table(s) in HTML
2026-07-06 07:00:23 | DEBUG    | parse_html           | Table columns: ['SYMBOL', 'SECTOR', 'LISTED IN', 'LDCP', 'OPEN', 'HIGH', 'LOW', 'CURRENT', 'CHANGE', 'CHANGE (%)', 'VOLUME']
2026-07-06 07:00:23 | DEBUG    | parse_html           | Table shape: (486, 11)
2026-07-06 07:00:23 | INFO     | parse_html           | ✅ HTML parsed successfully (486 rows)
2026-07-06 07:00:23 | INFO     | clean_data           | Cleaning data...
2026-07-06 07:00:23 | DEBUG    | clean_data           | Initial shape: (486, 11)
2026-07-06 07:00:23 | DEBUG    | clean_data           | Initial columns: ['SYMBOL', 'SECTOR', 'LISTED IN', 'LDCP', 'OPEN', 'HIGH', 'LOW', 'CURRENT', 'CHANGE', 'CHANGE (%)', 'VOLUME']
2026-07-06 07:00:23 | DEBUG    | clean_data           | Removed 'LISTED IN' column
2026-07-06 07:00:23 | DEBUG    | clean_data           | Converted LDCP from float64 to numeric
2026-07-06 07:00:23 | DEBUG    | clean_data           | Converted OPEN from float64 to numeric
2026-07-06 07:00:23 | DEBUG    | clean_data           | Converted HIGH from float64 to numeric
2026-07-06 07:00:23 | DEBUG    | clean_data           | Converted LOW from float64 to numeric
2026-07-06 07:00:23 | DEBUG    | clean_data           | Converted CURRENT from float64 to numeric
2026-07-06 07:00:23 | DEBUG    | clean_data           | Converted CHANGE from float64 to numeric
2026-07-06 07:00:23 | WARNING  | clean_data           | Column CHANGE (%): 486 values could not be converted to numeric
2026-07-06 07:00:23 | DEBUG    | clean_data           | Converted CHANGE (%) from str to numeric
2026-07-06 07:00:23 | DEBUG    | clean_data           | Converted VOLUME from int64 to numeric
2026-07-06 07:00:23 | INFO     | clean_data           | ✅ Data cleaned (486 rows, 16 columns)
2026-07-06 07:00:23 | DEBUG    | clean_data           | Final columns: ['SYMBOL', 'SECTOR', 'LDCP', 'OPEN', 'HIGH', 'LOW', 'CURRENT', 'CHANGE', 'CHANGE (%)', 'VOLUME', 'YEAR', 'MONTH', 'DAY', 'HOUR', 'MINUTE', 'DATETIME']
2026-07-06 07:00:23 | DEBUG    | get_file_path        | Generated file path: data/2026/07/2026-07-06.xlsx
2026-07-06 07:00:23 | INFO     | save_data            | Saving data to: data/2026/07/2026-07-06.xlsx
2026-07-06 07:00:23 | DEBUG    | _create_backup       | Backup created: data/2026/07/backups/2026-07-06_backup_20260706_070023.xlsx
2026-07-06 07:00:23 | DEBUG    | _cleanup_old_backups | Removed old backup: 2026-07-06_backup_20260706_063422.xlsx
2026-07-06 07:00:23 | DEBUG    | save_data            | Existing file found, merging data...
2026-07-06 07:00:25 | DEBUG    | save_data            | Loaded 22250 existing rows
2026-07-06 07:00:25 | DEBUG    | save_data            | Combined to 22736 rows
2026-07-06 07:00:25 | DEBUG    | save_data            | Writing to temporary file...
2026-07-06 07:00:30 | DEBUG    | save_data            | Data written to temp file: /home/runner/work/Thalorae-BackLioraen/Thalorae-BackLioraen/data/2026/07/tmphszuwxr1.xlsx
2026-07-06 07:00:30 | DEBUG    | save_data            | Temp file moved to final location
2026-07-06 07:00:30 | INFO     | save_data            | ✅ Data saved successfully (22736 total rows, 1,689,485 bytes)
2026-07-06 07:00:30 | INFO     | run                  | ======================================================================
2026-07-06 07:00:30 | INFO     | run                  | 📊 EXECUTION SUMMARY:
2026-07-06 07:00:30 | INFO     | run                  |    ✅ Status: SUCCESS
2026-07-06 07:00:30 | INFO     | run                  |    - Rows processed: 486
2026-07-06 07:00:30 | INFO     | run                  |    - Unique symbols: 486
2026-07-06 07:00:30 | INFO     | run                  |    - Timestamp: 2026-07-06 12:00:16
2026-07-06 07:00:30 | INFO     | run                  |    - File: data/2026/07/2026-07-06.xlsx
2026-07-06 07:00:30 | INFO     | run                  | ======================================================================
2026-07-06 07:00:30 | DEBUG    | run                  | Sample data (first row):
2026-07-06 07:00:30 | DEBUG    | run                  | {'SYMBOL': 'TPLP', 'SECTOR': 838, 'LDCP': 11.64, 'OPEN': 11.87, 'HIGH': 12.5, 'LOW': 11.87, 'CURRENT': 12.17, 'CHANGE': 0.53, 'CHANGE (%)': nan, 'VOLUME': 32443114, 'YEAR': 2026, 'MONTH': 7, 'DAY': 6, 'HOUR': 12, 'MINUTE': 0, 'DATETIME': '2026-07-06 12:00'}
2026-07-06 07:00:30 | DEBUG    | close                | Session closed
2026-07-06 07:05:30 | INFO     | run                  | ======================================================================
2026-07-06 07:05:30 | INFO     | run                  | 🚀 MARKET DATA SCRAPER - SINGLE EXECUTION
2026-07-06 07:05:30 | INFO     | run                  | ======================================================================
2026-07-06 07:05:30 | INFO     | run                  | Execution Time: 2026-07-06 12:05:30 PKT
2026-07-06 07:05:30 | INFO     | run                  | Configuration:
2026-07-06 07:05:30 | INFO     | run                  |    - Timezone: Asia/Karachi
2026-07-06 07:05:30 | INFO     | run                  |    - Data directory: data
2026-07-06 07:05:30 | INFO     | run                  |    - Log directory: logs
2026-07-06 07:05:30 | INFO     | run                  |    - Excluded symbols: {'XD', 'XR', 'XT', 'XS'}
2026-07-06 07:05:30 | INFO     | run                  | ======================================================================
2026-07-06 07:05:30 | INFO     | fetch_data           | Fetching data (Attempt 1/3)...
2026-07-06 07:05:30 | DEBUG    | fetch_data           | Establishing session with https://dps.psx.com.pk/
2026-07-06 07:05:33 | DEBUG    | fetch_data           | Requesting data from https://dps.psx.com.pk/market-watch
2026-07-06 07:05:35 | DEBUG    | fetch_data           | Response status: 200
2026-07-06 07:05:35 | DEBUG    | fetch_data           | Response content type: text/html; charset=utf-8
2026-07-06 07:05:35 | DEBUG    | fetch_data           | Response size: 465893 bytes
2026-07-06 07:05:35 | INFO     | fetch_data           | ✅ Data fetched successfully (Status: 200)
2026-07-06 07:05:35 | DEBUG    | parse_json           | Attempting JSON parsing...
2026-07-06 07:05:35 | DEBUG    | parse_json           | Response preview: <table class="tbl" data-page-length="25"><thead class="tbl__head"><!-- tr--><!--   th(colspan="11")--><!--   th.center(colspan="2", style="width: 110px;") TOTAL BUY ORDERS--><!--   th.center(colspan="2", style="width: 110px;") TOTAL SELL ORDERS--><tr><th data-name="symbol">SYMBOL</th><th data-name="sector">SECTOR</th><th data-name="listed">LISTED IN</th><th class="right" data-name="ldcp">LDCP</th><th class="right" data-name="open">OPEN</th><th class="right" data-name="high">HIGH</th><th class="r
2026-07-06 07:05:35 | WARNING  | parse_json           | ⚠️ JSON parsing failed: Expecting value: line 1 column 1 (char 0)
2026-07-06 07:05:35 | INFO     | run                  | JSON parsing failed, trying HTML fallback...
2026-07-06 07:05:35 | INFO     | parse_html           | Attempting HTML fallback parsing...
2026-07-06 07:05:35 | DEBUG    | parse_html           | Found 1 table(s) in HTML
2026-07-06 07:05:35 | DEBUG    | parse_html           | Table columns: ['SYMBOL', 'SECTOR', 'LISTED IN', 'LDCP', 'OPEN', 'HIGH', 'LOW', 'CURRENT', 'CHANGE', 'CHANGE (%)', 'VOLUME']
2026-07-06 07:05:35 | DEBUG    | parse_html           | Table shape: (486, 11)
2026-07-06 07:05:35 | INFO     | parse_html           | ✅ HTML parsed successfully (486 rows)
2026-07-06 07:05:35 | INFO     | clean_data           | Cleaning data...
2026-07-06 07:05:35 | DEBUG    | clean_data           | Initial shape: (486, 11)
2026-07-06 07:05:35 | DEBUG    | clean_data           | Initial columns: ['SYMBOL', 'SECTOR', 'LISTED IN', 'LDCP', 'OPEN', 'HIGH', 'LOW', 'CURRENT', 'CHANGE', 'CHANGE (%)', 'VOLUME']
2026-07-06 07:05:35 | DEBUG    | clean_data           | Removed 'LISTED IN' column
2026-07-06 07:05:35 | DEBUG    | clean_data           | Converted LDCP from float64 to numeric
2026-07-06 07:05:35 | DEBUG    | clean_data           | Converted OPEN from float64 to numeric
2026-07-06 07:05:35 | DEBUG    | clean_data           | Converted HIGH from float64 to numeric
2026-07-06 07:05:35 | DEBUG    | clean_data           | Converted LOW from float64 to numeric
2026-07-06 07:05:35 | DEBUG    | clean_data           | Converted CURRENT from float64 to numeric
2026-07-06 07:05:35 | DEBUG    | clean_data           | Converted CHANGE from float64 to numeric
2026-07-06 07:05:35 | WARNING  | clean_data           | Column CHANGE (%): 486 values could not be converted to numeric
2026-07-06 07:05:35 | DEBUG    | clean_data           | Converted CHANGE (%) from str to numeric
2026-07-06 07:05:35 | DEBUG    | clean_data           | Converted VOLUME from int64 to numeric
2026-07-06 07:05:35 | INFO     | clean_data           | ✅ Data cleaned (486 rows, 16 columns)
2026-07-06 07:05:35 | DEBUG    | clean_data           | Final columns: ['SYMBOL', 'SECTOR', 'LDCP', 'OPEN', 'HIGH', 'LOW', 'CURRENT', 'CHANGE', 'CHANGE (%)', 'VOLUME', 'YEAR', 'MONTH', 'DAY', 'HOUR', 'MINUTE', 'DATETIME']
2026-07-06 07:05:35 | DEBUG    | get_file_path        | Generated file path: data/2026/07/2026-07-06.xlsx
2026-07-06 07:05:35 | INFO     | save_data            | Saving data to: data/2026/07/2026-07-06.xlsx
2026-07-06 07:05:35 | DEBUG    | _create_backup       | Backup created: data/2026/07/backups/2026-07-06_backup_20260706_070535.xlsx
2026-07-06 07:05:35 | DEBUG    | _cleanup_old_backups | Removed old backup: 2026-07-06_backup_20260706_063933.xlsx
2026-07-06 07:05:35 | DEBUG    | save_data            | Existing file found, merging data...
2026-07-06 07:05:37 | DEBUG    | save_data            | Loaded 22736 existing rows
2026-07-06 07:05:37 | DEBUG    | save_data            | Combined to 23222 rows
2026-07-06 07:05:37 | DEBUG    | save_data            | Writing to temporary file...
2026-07-06 07:05:41 | DEBUG    | save_data            | Data written to temp file: /home/runner/work/Thalorae-BackLioraen/Thalorae-BackLioraen/data/2026/07/tmpx1mlax20.xlsx
2026-07-06 07:05:41 | DEBUG    | save_data            | Temp file moved to final location
2026-07-06 07:05:41 | INFO     | save_data            | ✅ Data saved successfully (23222 total rows, 1,725,676 bytes)
2026-07-06 07:05:41 | INFO     | run                  | ======================================================================
2026-07-06 07:05:41 | INFO     | run                  | 📊 EXECUTION SUMMARY:
2026-07-06 07:05:41 | INFO     | run                  |    ✅ Status: SUCCESS
2026-07-06 07:05:41 | INFO     | run                  |    - Rows processed: 486
2026-07-06 07:05:41 | INFO     | run                  |    - Unique symbols: 486
2026-07-06 07:05:41 | INFO     | run                  |    - Timestamp: 2026-07-06 12:05:30
2026-07-06 07:05:41 | INFO     | run                  |    - File: data/2026/07/2026-07-06.xlsx
2026-07-06 07:05:41 | INFO     | run                  | ======================================================================
2026-07-06 07:05:41 | DEBUG    | run                  | Sample data (first row):
2026-07-06 07:05:41 | DEBUG    | run                  | {'SYMBOL': 'TPLP', 'SECTOR': 838, 'LDCP': 11.64, 'OPEN': 11.87, 'HIGH': 12.5, 'LOW': 11.87, 'CURRENT': 12.16, 'CHANGE': 0.52, 'CHANGE (%)': nan, 'VOLUME': 32571450, 'YEAR': 2026, 'MONTH': 7, 'DAY': 6, 'HOUR': 12, 'MINUTE': 5, 'DATETIME': '2026-07-06 12:05'}
2026-07-06 07:05:41 | DEBUG    | close                | Session closed
2026-07-06 07:10:42 | INFO     | run                  | ======================================================================
2026-07-06 07:10:42 | INFO     | run                  | 🚀 MARKET DATA SCRAPER - SINGLE EXECUTION
2026-07-06 07:10:42 | INFO     | run                  | ======================================================================
2026-07-06 07:10:42 | INFO     | run                  | Execution Time: 2026-07-06 12:10:42 PKT
2026-07-06 07:10:42 | INFO     | run                  | Configuration:
2026-07-06 07:10:42 | INFO     | run                  |    - Timezone: Asia/Karachi
2026-07-06 07:10:42 | INFO     | run                  |    - Data directory: data
2026-07-06 07:10:42 | INFO     | run                  |    - Log directory: logs
2026-07-06 07:10:42 | INFO     | run                  |    - Excluded symbols: {'XT', 'XD', 'XS', 'XR'}
2026-07-06 07:10:42 | INFO     | run                  | ======================================================================
2026-07-06 07:10:42 | INFO     | fetch_data           | Fetching data (Attempt 1/3)...
2026-07-06 07:10:42 | DEBUG    | fetch_data           | Establishing session with https://dps.psx.com.pk/
2026-07-06 07:10:45 | DEBUG    | fetch_data           | Requesting data from https://dps.psx.com.pk/market-watch
2026-07-06 07:10:48 | DEBUG    | fetch_data           | Response status: 200
2026-07-06 07:10:48 | DEBUG    | fetch_data           | Response content type: text/html; charset=utf-8
2026-07-06 07:10:48 | DEBUG    | fetch_data           | Response size: 465880 bytes
2026-07-06 07:10:48 | INFO     | fetch_data           | ✅ Data fetched successfully (Status: 200)
2026-07-06 07:10:48 | DEBUG    | parse_json           | Attempting JSON parsing...
2026-07-06 07:10:48 | DEBUG    | parse_json           | Response preview: <table class="tbl" data-page-length="25"><thead class="tbl__head"><!-- tr--><!--   th(colspan="11")--><!--   th.center(colspan="2", style="width: 110px;") TOTAL BUY ORDERS--><!--   th.center(colspan="2", style="width: 110px;") TOTAL SELL ORDERS--><tr><th data-name="symbol">SYMBOL</th><th data-name="sector">SECTOR</th><th data-name="listed">LISTED IN</th><th class="right" data-name="ldcp">LDCP</th><th class="right" data-name="open">OPEN</th><th class="right" data-name="high">HIGH</th><th class="r
2026-07-06 07:10:48 | WARNING  | parse_json           | ⚠️ JSON parsing failed: Expecting value: line 1 column 1 (char 0)
2026-07-06 07:10:48 | INFO     | run                  | JSON parsing failed, trying HTML fallback...
2026-07-06 07:10:48 | INFO     | parse_html           | Attempting HTML fallback parsing...
2026-07-06 07:10:48 | DEBUG    | parse_html           | Found 1 table(s) in HTML
2026-07-06 07:10:48 | DEBUG    | parse_html           | Table columns: ['SYMBOL', 'SECTOR', 'LISTED IN', 'LDCP', 'OPEN', 'HIGH', 'LOW', 'CURRENT', 'CHANGE', 'CHANGE (%)', 'VOLUME']
2026-07-06 07:10:48 | DEBUG    | parse_html           | Table shape: (486, 11)
2026-07-06 07:10:48 | INFO     | parse_html           | ✅ HTML parsed successfully (486 rows)
2026-07-06 07:10:48 | INFO     | clean_data           | Cleaning data...
2026-07-06 07:10:48 | DEBUG    | clean_data           | Initial shape: (486, 11)
2026-07-06 07:10:48 | DEBUG    | clean_data           | Initial columns: ['SYMBOL', 'SECTOR', 'LISTED IN', 'LDCP', 'OPEN', 'HIGH', 'LOW', 'CURRENT', 'CHANGE', 'CHANGE (%)', 'VOLUME']
2026-07-06 07:10:48 | DEBUG    | clean_data           | Removed 'LISTED IN' column
2026-07-06 07:10:48 | DEBUG    | clean_data           | Converted LDCP from float64 to numeric
2026-07-06 07:10:48 | DEBUG    | clean_data           | Converted OPEN from float64 to numeric
2026-07-06 07:10:48 | DEBUG    | clean_data           | Converted HIGH from float64 to numeric
2026-07-06 07:10:48 | DEBUG    | clean_data           | Converted LOW from float64 to numeric
2026-07-06 07:10:48 | DEBUG    | clean_data           | Converted CURRENT from float64 to numeric
2026-07-06 07:10:48 | DEBUG    | clean_data           | Converted CHANGE from float64 to numeric
2026-07-06 07:10:48 | WARNING  | clean_data           | Column CHANGE (%): 486 values could not be converted to numeric
2026-07-06 07:10:48 | DEBUG    | clean_data           | Converted CHANGE (%) from str to numeric
2026-07-06 07:10:48 | DEBUG    | clean_data           | Converted VOLUME from int64 to numeric
2026-07-06 07:10:48 | INFO     | clean_data           | ✅ Data cleaned (486 rows, 16 columns)
2026-07-06 07:10:48 | DEBUG    | clean_data           | Final columns: ['SYMBOL', 'SECTOR', 'LDCP', 'OPEN', 'HIGH', 'LOW', 'CURRENT', 'CHANGE', 'CHANGE (%)', 'VOLUME', 'YEAR', 'MONTH', 'DAY', 'HOUR', 'MINUTE', 'DATETIME']
2026-07-06 07:10:48 | DEBUG    | get_file_path        | Generated file path: data/2026/07/2026-07-06.xlsx
2026-07-06 07:10:48 | INFO     | save_data            | Saving data to: data/2026/07/2026-07-06.xlsx
2026-07-06 07:10:48 | DEBUG    | _create_backup       | Backup created: data/2026/07/backups/2026-07-06_backup_20260706_071048.xlsx
2026-07-06 07:10:48 | DEBUG    | _cleanup_old_backups | Removed old backup: 2026-07-06_backup_20260706_064444.xlsx
2026-07-06 07:10:48 | DEBUG    | save_data            | Existing file found, merging data...
2026-07-06 07:10:50 | DEBUG    | save_data            | Loaded 23222 existing rows
2026-07-06 07:10:50 | DEBUG    | save_data            | Combined to 23708 rows
2026-07-06 07:10:50 | DEBUG    | save_data            | Writing to temporary file...
2026-07-06 07:10:55 | DEBUG    | save_data            | Data written to temp file: /home/runner/work/Thalorae-BackLioraen/Thalorae-BackLioraen/data/2026/07/tmp1q9_9_km.xlsx
2026-07-06 07:10:55 | DEBUG    | save_data            | Temp file moved to final location
2026-07-06 07:10:55 | INFO     | save_data            | ✅ Data saved successfully (23708 total rows, 1,761,865 bytes)
2026-07-06 07:10:55 | INFO     | run                  | ======================================================================
2026-07-06 07:10:55 | INFO     | run                  | 📊 EXECUTION SUMMARY:
2026-07-06 07:10:55 | INFO     | run                  |    ✅ Status: SUCCESS
2026-07-06 07:10:55 | INFO     | run                  |    - Rows processed: 486
2026-07-06 07:10:55 | INFO     | run                  |    - Unique symbols: 486
2026-07-06 07:10:55 | INFO     | run                  |    - Timestamp: 2026-07-06 12:10:42
2026-07-06 07:10:55 | INFO     | run                  |    - File: data/2026/07/2026-07-06.xlsx
2026-07-06 07:10:55 | INFO     | run                  | ======================================================================
2026-07-06 07:10:55 | DEBUG    | run                  | Sample data (first row):
2026-07-06 07:10:55 | DEBUG    | run                  | {'SYMBOL': 'TPLP', 'SECTOR': 838, 'LDCP': 11.64, 'OPEN': 11.87, 'HIGH': 12.5, 'LOW': 11.87, 'CURRENT': 12.13, 'CHANGE': 0.49, 'CHANGE (%)': nan, 'VOLUME': 32623651, 'YEAR': 2026, 'MONTH': 7, 'DAY': 6, 'HOUR': 12, 'MINUTE': 10, 'DATETIME': '2026-07-06 12:10'}
2026-07-06 07:10:55 | DEBUG    | close                | Session closed
2026-07-06 07:15:56 | INFO     | run                  | ======================================================================
2026-07-06 07:15:56 | INFO     | run                  | 🚀 MARKET DATA SCRAPER - SINGLE EXECUTION
2026-07-06 07:15:56 | INFO     | run                  | ======================================================================
2026-07-06 07:15:56 | INFO     | run                  | Execution Time: 2026-07-06 12:15:56 PKT
2026-07-06 07:15:56 | INFO     | run                  | Configuration:
2026-07-06 07:15:56 | INFO     | run                  |    - Timezone: Asia/Karachi
2026-07-06 07:15:56 | INFO     | run                  |    - Data directory: data
2026-07-06 07:15:56 | INFO     | run                  |    - Log directory: logs
2026-07-06 07:15:56 | INFO     | run                  |    - Excluded symbols: {'XD', 'XT', 'XR', 'XS'}
2026-07-06 07:15:56 | INFO     | run                  | ======================================================================
2026-07-06 07:15:56 | INFO     | fetch_data           | Fetching data (Attempt 1/3)...
2026-07-06 07:15:56 | DEBUG    | fetch_data           | Establishing session with https://dps.psx.com.pk/
2026-07-06 07:15:59 | DEBUG    | fetch_data           | Requesting data from https://dps.psx.com.pk/market-watch
2026-07-06 07:16:02 | DEBUG    | fetch_data           | Response status: 200
2026-07-06 07:16:02 | DEBUG    | fetch_data           | Response content type: text/html; charset=utf-8
2026-07-06 07:16:02 | DEBUG    | fetch_data           | Response size: 465741 bytes
2026-07-06 07:16:02 | INFO     | fetch_data           | ✅ Data fetched successfully (Status: 200)
2026-07-06 07:16:02 | DEBUG    | parse_json           | Attempting JSON parsing...
2026-07-06 07:16:02 | DEBUG    | parse_json           | Response preview: <table class="tbl" data-page-length="25"><thead class="tbl__head"><!-- tr--><!--   th(colspan="11")--><!--   th.center(colspan="2", style="width: 110px;") TOTAL BUY ORDERS--><!--   th.center(colspan="2", style="width: 110px;") TOTAL SELL ORDERS--><tr><th data-name="symbol">SYMBOL</th><th data-name="sector">SECTOR</th><th data-name="listed">LISTED IN</th><th class="right" data-name="ldcp">LDCP</th><th class="right" data-name="open">OPEN</th><th class="right" data-name="high">HIGH</th><th class="r
2026-07-06 07:16:02 | WARNING  | parse_json           | ⚠️ JSON parsing failed: Expecting value: line 1 column 1 (char 0)
2026-07-06 07:16:02 | INFO     | run                  | JSON parsing failed, trying HTML fallback...
2026-07-06 07:16:02 | INFO     | parse_html           | Attempting HTML fallback parsing...
2026-07-06 07:16:02 | DEBUG    | parse_html           | Found 1 table(s) in HTML
2026-07-06 07:16:02 | DEBUG    | parse_html           | Table columns: ['SYMBOL', 'SECTOR', 'LISTED IN', 'LDCP', 'OPEN', 'HIGH', 'LOW', 'CURRENT', 'CHANGE', 'CHANGE (%)', 'VOLUME']
2026-07-06 07:16:02 | DEBUG    | parse_html           | Table shape: (486, 11)
2026-07-06 07:16:02 | INFO     | parse_html           | ✅ HTML parsed successfully (486 rows)
2026-07-06 07:16:02 | INFO     | clean_data           | Cleaning data...
2026-07-06 07:16:02 | DEBUG    | clean_data           | Initial shape: (486, 11)
2026-07-06 07:16:02 | DEBUG    | clean_data           | Initial columns: ['SYMBOL', 'SECTOR', 'LISTED IN', 'LDCP', 'OPEN', 'HIGH', 'LOW', 'CURRENT', 'CHANGE', 'CHANGE (%)', 'VOLUME']
2026-07-06 07:16:02 | DEBUG    | clean_data           | Removed 'LISTED IN' column
2026-07-06 07:16:02 | DEBUG    | clean_data           | Converted LDCP from float64 to numeric
2026-07-06 07:16:02 | DEBUG    | clean_data           | Converted OPEN from float64 to numeric
2026-07-06 07:16:02 | DEBUG    | clean_data           | Converted HIGH from float64 to numeric
2026-07-06 07:16:02 | DEBUG    | clean_data           | Converted LOW from float64 to numeric
2026-07-06 07:16:02 | DEBUG    | clean_data           | Converted CURRENT from float64 to numeric
2026-07-06 07:16:02 | DEBUG    | clean_data           | Converted CHANGE from float64 to numeric
2026-07-06 07:16:02 | WARNING  | clean_data           | Column CHANGE (%): 486 values could not be converted to numeric
2026-07-06 07:16:02 | DEBUG    | clean_data           | Converted CHANGE (%) from str to numeric
2026-07-06 07:16:02 | DEBUG    | clean_data           | Converted VOLUME from int64 to numeric
2026-07-06 07:16:02 | INFO     | clean_data           | ✅ Data cleaned (486 rows, 16 columns)
2026-07-06 07:16:02 | DEBUG    | clean_data           | Final columns: ['SYMBOL', 'SECTOR', 'LDCP', 'OPEN', 'HIGH', 'LOW', 'CURRENT', 'CHANGE', 'CHANGE (%)', 'VOLUME', 'YEAR', 'MONTH', 'DAY', 'HOUR', 'MINUTE', 'DATETIME']
2026-07-06 07:16:02 | DEBUG    | get_file_path        | Generated file path: data/2026/07/2026-07-06.xlsx
2026-07-06 07:16:02 | INFO     | save_data            | Saving data to: data/2026/07/2026-07-06.xlsx
2026-07-06 07:16:02 | DEBUG    | _create_backup       | Backup created: data/2026/07/backups/2026-07-06_backup_20260706_071602.xlsx
2026-07-06 07:16:02 | DEBUG    | _cleanup_old_backups | Removed old backup: 2026-07-06_backup_20260706_064956.xlsx
2026-07-06 07:16:02 | DEBUG    | save_data            | Existing file found, merging data...
2026-07-06 07:16:04 | DEBUG    | save_data            | Loaded 23708 existing rows
2026-07-06 07:16:04 | DEBUG    | save_data            | Combined to 24194 rows
2026-07-06 07:16:04 | DEBUG    | save_data            | Writing to temporary file...
2026-07-06 07:16:09 | DEBUG    | save_data            | Data written to temp file: /home/runner/work/Thalorae-BackLioraen/Thalorae-BackLioraen/data/2026/07/tmphpav1ook.xlsx
2026-07-06 07:16:09 | DEBUG    | save_data            | Temp file moved to final location
2026-07-06 07:16:09 | INFO     | save_data            | ✅ Data saved successfully (24194 total rows, 1,798,110 bytes)
2026-07-06 07:16:09 | INFO     | run                  | ======================================================================
2026-07-06 07:16:09 | INFO     | run                  | 📊 EXECUTION SUMMARY:
2026-07-06 07:16:09 | INFO     | run                  |    ✅ Status: SUCCESS
2026-07-06 07:16:09 | INFO     | run                  |    - Rows processed: 486
2026-07-06 07:16:09 | INFO     | run                  |    - Unique symbols: 486
2026-07-06 07:16:09 | INFO     | run                  |    - Timestamp: 2026-07-06 12:15:56
2026-07-06 07:16:09 | INFO     | run                  |    - File: data/2026/07/2026-07-06.xlsx
2026-07-06 07:16:09 | INFO     | run                  | ======================================================================
2026-07-06 07:16:09 | DEBUG    | run                  | Sample data (first row):
2026-07-06 07:16:09 | DEBUG    | run                  | {'SYMBOL': 'TPLP', 'SECTOR': 838, 'LDCP': 11.64, 'OPEN': 11.87, 'HIGH': 12.5, 'LOW': 11.87, 'CURRENT': 12.15, 'CHANGE': 0.51, 'CHANGE (%)': nan, 'VOLUME': 32738506, 'YEAR': 2026, 'MONTH': 7, 'DAY': 6, 'HOUR': 12, 'MINUTE': 15, 'DATETIME': '2026-07-06 12:15'}
2026-07-06 07:16:09 | DEBUG    | close                | Session closed
2026-07-06 07:21:10 | INFO     | run                  | ======================================================================
2026-07-06 07:21:10 | INFO     | run                  | 🚀 MARKET DATA SCRAPER - SINGLE EXECUTION
2026-07-06 07:21:10 | INFO     | run                  | ======================================================================
2026-07-06 07:21:10 | INFO     | run                  | Execution Time: 2026-07-06 12:21:10 PKT
2026-07-06 07:21:10 | INFO     | run                  | Configuration:
2026-07-06 07:21:10 | INFO     | run                  |    - Timezone: Asia/Karachi
2026-07-06 07:21:10 | INFO     | run                  |    - Data directory: data
2026-07-06 07:21:10 | INFO     | run                  |    - Log directory: logs
2026-07-06 07:21:10 | INFO     | run                  |    - Excluded symbols: {'XR', 'XT', 'XS', 'XD'}
2026-07-06 07:21:10 | INFO     | run                  | ======================================================================
2026-07-06 07:21:10 | INFO     | fetch_data           | Fetching data (Attempt 1/3)...
2026-07-06 07:21:10 | DEBUG    | fetch_data           | Establishing session with https://dps.psx.com.pk/
2026-07-06 07:21:13 | DEBUG    | fetch_data           | Requesting data from https://dps.psx.com.pk/market-watch
2026-07-06 07:21:14 | DEBUG    | fetch_data           | Response status: 200
2026-07-06 07:21:14 | DEBUG    | fetch_data           | Response content type: text/html; charset=utf-8
2026-07-06 07:21:14 | DEBUG    | fetch_data           | Response size: 465906 bytes
2026-07-06 07:21:14 | INFO     | fetch_data           | ✅ Data fetched successfully (Status: 200)
2026-07-06 07:21:14 | DEBUG    | parse_json           | Attempting JSON parsing...
2026-07-06 07:21:14 | DEBUG    | parse_json           | Response preview: <table class="tbl" data-page-length="25"><thead class="tbl__head"><!-- tr--><!--   th(colspan="11")--><!--   th.center(colspan="2", style="width: 110px;") TOTAL BUY ORDERS--><!--   th.center(colspan="2", style="width: 110px;") TOTAL SELL ORDERS--><tr><th data-name="symbol">SYMBOL</th><th data-name="sector">SECTOR</th><th data-name="listed">LISTED IN</th><th class="right" data-name="ldcp">LDCP</th><th class="right" data-name="open">OPEN</th><th class="right" data-name="high">HIGH</th><th class="r
2026-07-06 07:21:14 | WARNING  | parse_json           | ⚠️ JSON parsing failed: Expecting value: line 1 column 1 (char 0)
2026-07-06 07:21:14 | INFO     | run                  | JSON parsing failed, trying HTML fallback...
2026-07-06 07:21:14 | INFO     | parse_html           | Attempting HTML fallback parsing...
2026-07-06 07:21:14 | DEBUG    | parse_html           | Found 1 table(s) in HTML
2026-07-06 07:21:14 | DEBUG    | parse_html           | Table columns: ['SYMBOL', 'SECTOR', 'LISTED IN', 'LDCP', 'OPEN', 'HIGH', 'LOW', 'CURRENT', 'CHANGE', 'CHANGE (%)', 'VOLUME']
2026-07-06 07:21:14 | DEBUG    | parse_html           | Table shape: (486, 11)
2026-07-06 07:21:14 | INFO     | parse_html           | ✅ HTML parsed successfully (486 rows)
2026-07-06 07:21:14 | INFO     | clean_data           | Cleaning data...
2026-07-06 07:21:14 | DEBUG    | clean_data           | Initial shape: (486, 11)
2026-07-06 07:21:14 | DEBUG    | clean_data           | Initial columns: ['SYMBOL', 'SECTOR', 'LISTED IN', 'LDCP', 'OPEN', 'HIGH', 'LOW', 'CURRENT', 'CHANGE', 'CHANGE (%)', 'VOLUME']
2026-07-06 07:21:14 | DEBUG    | clean_data           | Removed 'LISTED IN' column
2026-07-06 07:21:14 | DEBUG    | clean_data           | Converted LDCP from float64 to numeric
2026-07-06 07:21:14 | DEBUG    | clean_data           | Converted OPEN from float64 to numeric
2026-07-06 07:21:14 | DEBUG    | clean_data           | Converted HIGH from float64 to numeric
2026-07-06 07:21:14 | DEBUG    | clean_data           | Converted LOW from float64 to numeric
2026-07-06 07:21:14 | DEBUG    | clean_data           | Converted CURRENT from float64 to numeric
2026-07-06 07:21:14 | DEBUG    | clean_data           | Converted CHANGE from float64 to numeric
2026-07-06 07:21:14 | WARNING  | clean_data           | Column CHANGE (%): 486 values could not be converted to numeric
2026-07-06 07:21:14 | DEBUG    | clean_data           | Converted CHANGE (%) from str to numeric
2026-07-06 07:21:14 | DEBUG    | clean_data           | Converted VOLUME from int64 to numeric
2026-07-06 07:21:14 | INFO     | clean_data           | ✅ Data cleaned (486 rows, 16 columns)
2026-07-06 07:21:14 | DEBUG    | clean_data           | Final columns: ['SYMBOL', 'SECTOR', 'LDCP', 'OPEN', 'HIGH', 'LOW', 'CURRENT', 'CHANGE', 'CHANGE (%)', 'VOLUME', 'YEAR', 'MONTH', 'DAY', 'HOUR', 'MINUTE', 'DATETIME']
2026-07-06 07:21:14 | DEBUG    | get_file_path        | Generated file path: data/2026/07/2026-07-06.xlsx
2026-07-06 07:21:14 | INFO     | save_data            | Saving data to: data/2026/07/2026-07-06.xlsx
2026-07-06 07:21:14 | DEBUG    | _create_backup       | Backup created: data/2026/07/backups/2026-07-06_backup_20260706_072114.xlsx
2026-07-06 07:21:14 | DEBUG    | _cleanup_old_backups | Removed old backup: 2026-07-06_backup_20260706_065509.xlsx
2026-07-06 07:21:14 | DEBUG    | save_data            | Existing file found, merging data...
2026-07-06 07:21:16 | DEBUG    | save_data            | Loaded 24194 existing rows
2026-07-06 07:21:16 | DEBUG    | save_data            | Combined to 24680 rows
2026-07-06 07:21:16 | DEBUG    | save_data            | Writing to temporary file...
2026-07-06 07:21:21 | DEBUG    | save_data            | Data written to temp file: /home/runner/work/Thalorae-BackLioraen/Thalorae-BackLioraen/data/2026/07/tmp99hkh75d.xlsx
2026-07-06 07:21:21 | DEBUG    | save_data            | Temp file moved to final location
2026-07-06 07:21:21 | INFO     | save_data            | ✅ Data saved successfully (24680 total rows, 1,834,439 bytes)
2026-07-06 07:21:21 | INFO     | run                  | ======================================================================
2026-07-06 07:21:21 | INFO     | run                  | 📊 EXECUTION SUMMARY:
2026-07-06 07:21:21 | INFO     | run                  |    ✅ Status: SUCCESS
2026-07-06 07:21:21 | INFO     | run                  |    - Rows processed: 486
2026-07-06 07:21:21 | INFO     | run                  |    - Unique symbols: 486
2026-07-06 07:21:21 | INFO     | run                  |    - Timestamp: 2026-07-06 12:21:10
2026-07-06 07:21:21 | INFO     | run                  |    - File: data/2026/07/2026-07-06.xlsx
2026-07-06 07:21:21 | INFO     | run                  | ======================================================================
2026-07-06 07:21:21 | DEBUG    | run                  | Sample data (first row):
2026-07-06 07:21:21 | DEBUG    | run                  | {'SYMBOL': 'TPLP', 'SECTOR': 838, 'LDCP': 11.64, 'OPEN': 11.87, 'HIGH': 12.5, 'LOW': 11.87, 'CURRENT': 12.11, 'CHANGE': 0.47, 'CHANGE (%)': nan, 'VOLUME': 32929082, 'YEAR': 2026, 'MONTH': 7, 'DAY': 6, 'HOUR': 12, 'MINUTE': 21, 'DATETIME': '2026-07-06 12:21'}
2026-07-06 07:21:21 | DEBUG    | close                | Session closed
2026-07-06 07:26:22 | INFO     | run                  | ======================================================================
2026-07-06 07:26:22 | INFO     | run                  | 🚀 MARKET DATA SCRAPER - SINGLE EXECUTION
2026-07-06 07:26:22 | INFO     | run                  | ======================================================================
2026-07-06 07:26:22 | INFO     | run                  | Execution Time: 2026-07-06 12:26:22 PKT
2026-07-06 07:26:22 | INFO     | run                  | Configuration:
2026-07-06 07:26:22 | INFO     | run                  |    - Timezone: Asia/Karachi
2026-07-06 07:26:22 | INFO     | run                  |    - Data directory: data
2026-07-06 07:26:22 | INFO     | run                  |    - Log directory: logs
2026-07-06 07:26:22 | INFO     | run                  |    - Excluded symbols: {'XS', 'XR', 'XT', 'XD'}
2026-07-06 07:26:22 | INFO     | run                  | ======================================================================
2026-07-06 07:26:22 | INFO     | fetch_data           | Fetching data (Attempt 1/3)...
2026-07-06 07:26:22 | DEBUG    | fetch_data           | Establishing session with https://dps.psx.com.pk/
2026-07-06 07:26:24 | DEBUG    | fetch_data           | Requesting data from https://dps.psx.com.pk/market-watch
2026-07-06 07:26:26 | DEBUG    | fetch_data           | Response status: 200
2026-07-06 07:26:26 | DEBUG    | fetch_data           | Response content type: text/html; charset=utf-8
2026-07-06 07:26:26 | DEBUG    | fetch_data           | Response size: 466852 bytes
2026-07-06 07:26:26 | INFO     | fetch_data           | ✅ Data fetched successfully (Status: 200)
2026-07-06 07:26:26 | DEBUG    | parse_json           | Attempting JSON parsing...
2026-07-06 07:26:26 | DEBUG    | parse_json           | Response preview: <table class="tbl" data-page-length="25"><thead class="tbl__head"><!-- tr--><!--   th(colspan="11")--><!--   th.center(colspan="2", style="width: 110px;") TOTAL BUY ORDERS--><!--   th.center(colspan="2", style="width: 110px;") TOTAL SELL ORDERS--><tr><th data-name="symbol">SYMBOL</th><th data-name="sector">SECTOR</th><th data-name="listed">LISTED IN</th><th class="right" data-name="ldcp">LDCP</th><th class="right" data-name="open">OPEN</th><th class="right" data-name="high">HIGH</th><th class="r
2026-07-06 07:26:26 | WARNING  | parse_json           | ⚠️ JSON parsing failed: Expecting value: line 1 column 1 (char 0)
2026-07-06 07:26:26 | INFO     | run                  | JSON parsing failed, trying HTML fallback...
2026-07-06 07:26:26 | INFO     | parse_html           | Attempting HTML fallback parsing...
2026-07-06 07:26:26 | DEBUG    | parse_html           | Found 1 table(s) in HTML
2026-07-06 07:26:26 | DEBUG    | parse_html           | Table columns: ['SYMBOL', 'SECTOR', 'LISTED IN', 'LDCP', 'OPEN', 'HIGH', 'LOW', 'CURRENT', 'CHANGE', 'CHANGE (%)', 'VOLUME']
2026-07-06 07:26:26 | DEBUG    | parse_html           | Table shape: (487, 11)
2026-07-06 07:26:26 | INFO     | parse_html           | ✅ HTML parsed successfully (487 rows)
2026-07-06 07:26:26 | INFO     | clean_data           | Cleaning data...
2026-07-06 07:26:26 | DEBUG    | clean_data           | Initial shape: (487, 11)
2026-07-06 07:26:26 | DEBUG    | clean_data           | Initial columns: ['SYMBOL', 'SECTOR', 'LISTED IN', 'LDCP', 'OPEN', 'HIGH', 'LOW', 'CURRENT', 'CHANGE', 'CHANGE (%)', 'VOLUME']
2026-07-06 07:26:26 | DEBUG    | clean_data           | Removed 'LISTED IN' column
2026-07-06 07:26:26 | DEBUG    | clean_data           | Converted LDCP from float64 to numeric
2026-07-06 07:26:26 | DEBUG    | clean_data           | Converted OPEN from float64 to numeric
2026-07-06 07:26:26 | DEBUG    | clean_data           | Converted HIGH from float64 to numeric
2026-07-06 07:26:26 | DEBUG    | clean_data           | Converted LOW from float64 to numeric
2026-07-06 07:26:26 | DEBUG    | clean_data           | Converted CURRENT from float64 to numeric
2026-07-06 07:26:26 | DEBUG    | clean_data           | Converted CHANGE from float64 to numeric
2026-07-06 07:26:26 | WARNING  | clean_data           | Column CHANGE (%): 487 values could not be converted to numeric
2026-07-06 07:26:26 | DEBUG    | clean_data           | Converted CHANGE (%) from str to numeric
2026-07-06 07:26:26 | DEBUG    | clean_data           | Converted VOLUME from int64 to numeric
2026-07-06 07:26:26 | INFO     | clean_data           | ✅ Data cleaned (487 rows, 16 columns)
2026-07-06 07:26:26 | DEBUG    | clean_data           | Final columns: ['SYMBOL', 'SECTOR', 'LDCP', 'OPEN', 'HIGH', 'LOW', 'CURRENT', 'CHANGE', 'CHANGE (%)', 'VOLUME', 'YEAR', 'MONTH', 'DAY', 'HOUR', 'MINUTE', 'DATETIME']
2026-07-06 07:26:26 | DEBUG    | get_file_path        | Generated file path: data/2026/07/2026-07-06.xlsx
2026-07-06 07:26:26 | INFO     | save_data            | Saving data to: data/2026/07/2026-07-06.xlsx
2026-07-06 07:26:26 | DEBUG    | _create_backup       | Backup created: data/2026/07/backups/2026-07-06_backup_20260706_072626.xlsx
2026-07-06 07:26:26 | DEBUG    | _cleanup_old_backups | Removed old backup: 2026-07-06_backup_20260706_070023.xlsx
2026-07-06 07:26:26 | DEBUG    | save_data            | Existing file found, merging data...
2026-07-06 07:26:28 | DEBUG    | save_data            | Loaded 24680 existing rows
2026-07-06 07:26:28 | DEBUG    | save_data            | Combined to 25167 rows
2026-07-06 07:26:28 | DEBUG    | save_data            | Writing to temporary file...
2026-07-06 07:26:33 | DEBUG    | save_data            | Data written to temp file: /home/runner/work/Thalorae-BackLioraen/Thalorae-BackLioraen/data/2026/07/tmp9hxz3dh3.xlsx
2026-07-06 07:26:33 | DEBUG    | save_data            | Temp file moved to final location
2026-07-06 07:26:33 | INFO     | save_data            | ✅ Data saved successfully (25167 total rows, 1,870,785 bytes)
2026-07-06 07:26:33 | INFO     | run                  | ======================================================================
2026-07-06 07:26:33 | INFO     | run                  | 📊 EXECUTION SUMMARY:
2026-07-06 07:26:33 | INFO     | run                  |    ✅ Status: SUCCESS
2026-07-06 07:26:33 | INFO     | run                  |    - Rows processed: 487
2026-07-06 07:26:33 | INFO     | run                  |    - Unique symbols: 487
2026-07-06 07:26:33 | INFO     | run                  |    - Timestamp: 2026-07-06 12:26:22
2026-07-06 07:26:33 | INFO     | run                  |    - File: data/2026/07/2026-07-06.xlsx
2026-07-06 07:26:33 | INFO     | run                  | ======================================================================
2026-07-06 07:26:33 | DEBUG    | run                  | Sample data (first row):
2026-07-06 07:26:33 | DEBUG    | run                  | {'SYMBOL': 'TPLP', 'SECTOR': 838, 'LDCP': 11.64, 'OPEN': 11.87, 'HIGH': 12.5, 'LOW': 11.87, 'CURRENT': 12.14, 'CHANGE': 0.5, 'CHANGE (%)': nan, 'VOLUME': 33167309, 'YEAR': 2026, 'MONTH': 7, 'DAY': 6, 'HOUR': 12, 'MINUTE': 26, 'DATETIME': '2026-07-06 12:26'}
2026-07-06 07:26:33 | DEBUG    | close                | Session closed
2026-07-06 07:31:34 | INFO     | run                  | ======================================================================
2026-07-06 07:31:34 | INFO     | run                  | 🚀 MARKET DATA SCRAPER - SINGLE EXECUTION
2026-07-06 07:31:34 | INFO     | run                  | ======================================================================
2026-07-06 07:31:34 | INFO     | run                  | Execution Time: 2026-07-06 12:31:34 PKT
2026-07-06 07:31:34 | INFO     | run                  | Configuration:
2026-07-06 07:31:34 | INFO     | run                  |    - Timezone: Asia/Karachi
2026-07-06 07:31:34 | INFO     | run                  |    - Data directory: data
2026-07-06 07:31:34 | INFO     | run                  |    - Log directory: logs
2026-07-06 07:31:34 | INFO     | run                  |    - Excluded symbols: {'XD', 'XR', 'XT', 'XS'}
2026-07-06 07:31:34 | INFO     | run                  | ======================================================================
2026-07-06 07:31:34 | INFO     | fetch_data           | Fetching data (Attempt 1/3)...
2026-07-06 07:31:34 | DEBUG    | fetch_data           | Establishing session with https://dps.psx.com.pk/
2026-07-06 07:31:36 | DEBUG    | fetch_data           | Requesting data from https://dps.psx.com.pk/market-watch
2026-07-06 07:31:38 | DEBUG    | fetch_data           | Response status: 200
2026-07-06 07:31:38 | DEBUG    | fetch_data           | Response content type: text/html; charset=utf-8
2026-07-06 07:31:38 | DEBUG    | fetch_data           | Response size: 466779 bytes
2026-07-06 07:31:38 | INFO     | fetch_data           | ✅ Data fetched successfully (Status: 200)
2026-07-06 07:31:38 | DEBUG    | parse_json           | Attempting JSON parsing...
2026-07-06 07:31:38 | DEBUG    | parse_json           | Response preview: <table class="tbl" data-page-length="25"><thead class="tbl__head"><!-- tr--><!--   th(colspan="11")--><!--   th.center(colspan="2", style="width: 110px;") TOTAL BUY ORDERS--><!--   th.center(colspan="2", style="width: 110px;") TOTAL SELL ORDERS--><tr><th data-name="symbol">SYMBOL</th><th data-name="sector">SECTOR</th><th data-name="listed">LISTED IN</th><th class="right" data-name="ldcp">LDCP</th><th class="right" data-name="open">OPEN</th><th class="right" data-name="high">HIGH</th><th class="r
2026-07-06 07:31:38 | WARNING  | parse_json           | ⚠️ JSON parsing failed: Expecting value: line 1 column 1 (char 0)
2026-07-06 07:31:38 | INFO     | run                  | JSON parsing failed, trying HTML fallback...
2026-07-06 07:31:38 | INFO     | parse_html           | Attempting HTML fallback parsing...
2026-07-06 07:31:38 | DEBUG    | parse_html           | Found 1 table(s) in HTML
2026-07-06 07:31:38 | DEBUG    | parse_html           | Table columns: ['SYMBOL', 'SECTOR', 'LISTED IN', 'LDCP', 'OPEN', 'HIGH', 'LOW', 'CURRENT', 'CHANGE', 'CHANGE (%)', 'VOLUME']
2026-07-06 07:31:38 | DEBUG    | parse_html           | Table shape: (487, 11)
2026-07-06 07:31:38 | INFO     | parse_html           | ✅ HTML parsed successfully (487 rows)
2026-07-06 07:31:38 | INFO     | clean_data           | Cleaning data...
2026-07-06 07:31:38 | DEBUG    | clean_data           | Initial shape: (487, 11)
2026-07-06 07:31:38 | DEBUG    | clean_data           | Initial columns: ['SYMBOL', 'SECTOR', 'LISTED IN', 'LDCP', 'OPEN', 'HIGH', 'LOW', 'CURRENT', 'CHANGE', 'CHANGE (%)', 'VOLUME']
2026-07-06 07:31:38 | DEBUG    | clean_data           | Removed 'LISTED IN' column
2026-07-06 07:31:38 | DEBUG    | clean_data           | Converted LDCP from float64 to numeric
2026-07-06 07:31:38 | DEBUG    | clean_data           | Converted OPEN from float64 to numeric
2026-07-06 07:31:38 | DEBUG    | clean_data           | Converted HIGH from float64 to numeric
2026-07-06 07:31:38 | DEBUG    | clean_data           | Converted LOW from float64 to numeric
2026-07-06 07:31:38 | DEBUG    | clean_data           | Converted CURRENT from float64 to numeric
2026-07-06 07:31:38 | DEBUG    | clean_data           | Converted CHANGE from float64 to numeric
2026-07-06 07:31:38 | WARNING  | clean_data           | Column CHANGE (%): 487 values could not be converted to numeric
2026-07-06 07:31:38 | DEBUG    | clean_data           | Converted CHANGE (%) from str to numeric
2026-07-06 07:31:38 | DEBUG    | clean_data           | Converted VOLUME from int64 to numeric
2026-07-06 07:31:38 | INFO     | clean_data           | ✅ Data cleaned (487 rows, 16 columns)
2026-07-06 07:31:38 | DEBUG    | clean_data           | Final columns: ['SYMBOL', 'SECTOR', 'LDCP', 'OPEN', 'HIGH', 'LOW', 'CURRENT', 'CHANGE', 'CHANGE (%)', 'VOLUME', 'YEAR', 'MONTH', 'DAY', 'HOUR', 'MINUTE', 'DATETIME']
2026-07-06 07:31:38 | DEBUG    | get_file_path        | Generated file path: data/2026/07/2026-07-06.xlsx
2026-07-06 07:31:38 | INFO     | save_data            | Saving data to: data/2026/07/2026-07-06.xlsx
2026-07-06 07:31:38 | DEBUG    | _create_backup       | Backup created: data/2026/07/backups/2026-07-06_backup_20260706_073138.xlsx
2026-07-06 07:31:38 | DEBUG    | _cleanup_old_backups | Removed old backup: 2026-07-06_backup_20260706_070535.xlsx
2026-07-06 07:31:38 | DEBUG    | save_data            | Existing file found, merging data...
2026-07-06 07:31:40 | DEBUG    | save_data            | Loaded 25167 existing rows
2026-07-06 07:31:40 | DEBUG    | save_data            | Combined to 25654 rows
2026-07-06 07:31:40 | DEBUG    | save_data            | Writing to temporary file...
2026-07-06 07:31:45 | DEBUG    | save_data            | Data written to temp file: /home/runner/work/Thalorae-BackLioraen/Thalorae-BackLioraen/data/2026/07/tmpcxy3j03b.xlsx
2026-07-06 07:31:45 | DEBUG    | save_data            | Temp file moved to final location
2026-07-06 07:31:45 | INFO     | save_data            | ✅ Data saved successfully (25654 total rows, 1,907,126 bytes)
2026-07-06 07:31:45 | INFO     | run                  | ======================================================================
2026-07-06 07:31:45 | INFO     | run                  | 📊 EXECUTION SUMMARY:
2026-07-06 07:31:45 | INFO     | run                  |    ✅ Status: SUCCESS
2026-07-06 07:31:45 | INFO     | run                  |    - Rows processed: 487
2026-07-06 07:31:45 | INFO     | run                  |    - Unique symbols: 487
2026-07-06 07:31:45 | INFO     | run                  |    - Timestamp: 2026-07-06 12:31:34
2026-07-06 07:31:45 | INFO     | run                  |    - File: data/2026/07/2026-07-06.xlsx
2026-07-06 07:31:45 | INFO     | run                  | ======================================================================
2026-07-06 07:31:45 | DEBUG    | run                  | Sample data (first row):
2026-07-06 07:31:45 | DEBUG    | run                  | {'SYMBOL': 'TPLP', 'SECTOR': 838, 'LDCP': 11.64, 'OPEN': 11.87, 'HIGH': 12.5, 'LOW': 11.87, 'CURRENT': 12.13, 'CHANGE': 0.49, 'CHANGE (%)': nan, 'VOLUME': 33327874, 'YEAR': 2026, 'MONTH': 7, 'DAY': 6, 'HOUR': 12, 'MINUTE': 31, 'DATETIME': '2026-07-06 12:31'}
2026-07-06 07:31:45 | DEBUG    | close                | Session closed
2026-07-06 07:36:46 | INFO     | run                  | ======================================================================
2026-07-06 07:36:46 | INFO     | run                  | 🚀 MARKET DATA SCRAPER - SINGLE EXECUTION
2026-07-06 07:36:46 | INFO     | run                  | ======================================================================
2026-07-06 07:36:46 | INFO     | run                  | Execution Time: 2026-07-06 12:36:46 PKT
2026-07-06 07:36:46 | INFO     | run                  | Configuration:
2026-07-06 07:36:46 | INFO     | run                  |    - Timezone: Asia/Karachi
2026-07-06 07:36:46 | INFO     | run                  |    - Data directory: data
2026-07-06 07:36:46 | INFO     | run                  |    - Log directory: logs
2026-07-06 07:36:46 | INFO     | run                  |    - Excluded symbols: {'XT', 'XR', 'XD', 'XS'}
2026-07-06 07:36:46 | INFO     | run                  | ======================================================================
2026-07-06 07:36:46 | INFO     | fetch_data           | Fetching data (Attempt 1/3)...
2026-07-06 07:36:46 | DEBUG    | fetch_data           | Establishing session with https://dps.psx.com.pk/
2026-07-06 07:36:49 | DEBUG    | fetch_data           | Requesting data from https://dps.psx.com.pk/market-watch
2026-07-06 07:36:52 | DEBUG    | fetch_data           | Response status: 200
2026-07-06 07:36:52 | DEBUG    | fetch_data           | Response content type: text/html; charset=utf-8
2026-07-06 07:36:52 | DEBUG    | fetch_data           | Response size: 467087 bytes
2026-07-06 07:36:52 | INFO     | fetch_data           | ✅ Data fetched successfully (Status: 200)
2026-07-06 07:36:52 | DEBUG    | parse_json           | Attempting JSON parsing...
2026-07-06 07:36:52 | DEBUG    | parse_json           | Response preview: <table class="tbl" data-page-length="25"><thead class="tbl__head"><!-- tr--><!--   th(colspan="11")--><!--   th.center(colspan="2", style="width: 110px;") TOTAL BUY ORDERS--><!--   th.center(colspan="2", style="width: 110px;") TOTAL SELL ORDERS--><tr><th data-name="symbol">SYMBOL</th><th data-name="sector">SECTOR</th><th data-name="listed">LISTED IN</th><th class="right" data-name="ldcp">LDCP</th><th class="right" data-name="open">OPEN</th><th class="right" data-name="high">HIGH</th><th class="r
2026-07-06 07:36:52 | WARNING  | parse_json           | ⚠️ JSON parsing failed: Expecting value: line 1 column 1 (char 0)
2026-07-06 07:36:52 | INFO     | run                  | JSON parsing failed, trying HTML fallback...
2026-07-06 07:36:52 | INFO     | parse_html           | Attempting HTML fallback parsing...
2026-07-06 07:36:52 | DEBUG    | parse_html           | Found 1 table(s) in HTML
2026-07-06 07:36:52 | DEBUG    | parse_html           | Table columns: ['SYMBOL', 'SECTOR', 'LISTED IN', 'LDCP', 'OPEN', 'HIGH', 'LOW', 'CURRENT', 'CHANGE', 'CHANGE (%)', 'VOLUME']
2026-07-06 07:36:52 | DEBUG    | parse_html           | Table shape: (487, 11)
2026-07-06 07:36:52 | INFO     | parse_html           | ✅ HTML parsed successfully (487 rows)
2026-07-06 07:36:52 | INFO     | clean_data           | Cleaning data...
2026-07-06 07:36:52 | DEBUG    | clean_data           | Initial shape: (487, 11)
2026-07-06 07:36:52 | DEBUG    | clean_data           | Initial columns: ['SYMBOL', 'SECTOR', 'LISTED IN', 'LDCP', 'OPEN', 'HIGH', 'LOW', 'CURRENT', 'CHANGE', 'CHANGE (%)', 'VOLUME']
2026-07-06 07:36:52 | DEBUG    | clean_data           | Removed 'LISTED IN' column
2026-07-06 07:36:52 | DEBUG    | clean_data           | Converted LDCP from float64 to numeric
2026-07-06 07:36:52 | DEBUG    | clean_data           | Converted OPEN from float64 to numeric
2026-07-06 07:36:52 | DEBUG    | clean_data           | Converted HIGH from float64 to numeric
2026-07-06 07:36:52 | DEBUG    | clean_data           | Converted LOW from float64 to numeric
2026-07-06 07:36:52 | DEBUG    | clean_data           | Converted CURRENT from float64 to numeric
2026-07-06 07:36:52 | DEBUG    | clean_data           | Converted CHANGE from float64 to numeric
2026-07-06 07:36:52 | WARNING  | clean_data           | Column CHANGE (%): 487 values could not be converted to numeric
2026-07-06 07:36:52 | DEBUG    | clean_data           | Converted CHANGE (%) from str to numeric
2026-07-06 07:36:52 | DEBUG    | clean_data           | Converted VOLUME from int64 to numeric
2026-07-06 07:36:52 | INFO     | clean_data           | ✅ Data cleaned (487 rows, 16 columns)
2026-07-06 07:36:52 | DEBUG    | clean_data           | Final columns: ['SYMBOL', 'SECTOR', 'LDCP', 'OPEN', 'HIGH', 'LOW', 'CURRENT', 'CHANGE', 'CHANGE (%)', 'VOLUME', 'YEAR', 'MONTH', 'DAY', 'HOUR', 'MINUTE', 'DATETIME']
2026-07-06 07:36:52 | DEBUG    | get_file_path        | Generated file path: data/2026/07/2026-07-06.xlsx
2026-07-06 07:36:52 | INFO     | save_data            | Saving data to: data/2026/07/2026-07-06.xlsx
2026-07-06 07:36:52 | DEBUG    | _create_backup       | Backup created: data/2026/07/backups/2026-07-06_backup_20260706_073652.xlsx
2026-07-06 07:36:52 | DEBUG    | _cleanup_old_backups | Removed old backup: 2026-07-06_backup_20260706_071048.xlsx
2026-07-06 07:36:52 | DEBUG    | save_data            | Existing file found, merging data...
2026-07-06 07:36:54 | DEBUG    | save_data            | Loaded 25654 existing rows
2026-07-06 07:36:54 | DEBUG    | save_data            | Combined to 26141 rows
2026-07-06 07:36:54 | DEBUG    | save_data            | Writing to temporary file...
2026-07-06 07:36:59 | DEBUG    | save_data            | Data written to temp file: /home/runner/work/Thalorae-BackLioraen/Thalorae-BackLioraen/data/2026/07/tmpff35df6o.xlsx
2026-07-06 07:36:59 | DEBUG    | save_data            | Temp file moved to final location
2026-07-06 07:36:59 | INFO     | save_data            | ✅ Data saved successfully (26141 total rows, 1,943,458 bytes)
2026-07-06 07:36:59 | INFO     | run                  | ======================================================================
2026-07-06 07:36:59 | INFO     | run                  | 📊 EXECUTION SUMMARY:
2026-07-06 07:36:59 | INFO     | run                  |    ✅ Status: SUCCESS
2026-07-06 07:36:59 | INFO     | run                  |    - Rows processed: 487
2026-07-06 07:36:59 | INFO     | run                  |    - Unique symbols: 487
2026-07-06 07:36:59 | INFO     | run                  |    - Timestamp: 2026-07-06 12:36:46
2026-07-06 07:36:59 | INFO     | run                  |    - File: data/2026/07/2026-07-06.xlsx
2026-07-06 07:36:59 | INFO     | run                  | ======================================================================
2026-07-06 07:36:59 | DEBUG    | run                  | Sample data (first row):
2026-07-06 07:36:59 | DEBUG    | run                  | {'SYMBOL': 'TPLP', 'SECTOR': 838, 'LDCP': 11.64, 'OPEN': 11.87, 'HIGH': 12.5, 'LOW': 11.87, 'CURRENT': 12.2, 'CHANGE': 0.56, 'CHANGE (%)': nan, 'VOLUME': 33618724, 'YEAR': 2026, 'MONTH': 7, 'DAY': 6, 'HOUR': 12, 'MINUTE': 36, 'DATETIME': '2026-07-06 12:36'}
2026-07-06 07:36:59 | DEBUG    | close                | Session closed
2026-07-06 07:42:00 | INFO     | run                  | ======================================================================
2026-07-06 07:42:00 | INFO     | run                  | 🚀 MARKET DATA SCRAPER - SINGLE EXECUTION
2026-07-06 07:42:00 | INFO     | run                  | ======================================================================
2026-07-06 07:42:00 | INFO     | run                  | Execution Time: 2026-07-06 12:42:00 PKT
2026-07-06 07:42:00 | INFO     | run                  | Configuration:
2026-07-06 07:42:00 | INFO     | run                  |    - Timezone: Asia/Karachi
2026-07-06 07:42:00 | INFO     | run                  |    - Data directory: data
2026-07-06 07:42:00 | INFO     | run                  |    - Log directory: logs
2026-07-06 07:42:00 | INFO     | run                  |    - Excluded symbols: {'XR', 'XS', 'XT', 'XD'}
2026-07-06 07:42:00 | INFO     | run                  | ======================================================================
2026-07-06 07:42:00 | INFO     | fetch_data           | Fetching data (Attempt 1/3)...
2026-07-06 07:42:00 | DEBUG    | fetch_data           | Establishing session with https://dps.psx.com.pk/
2026-07-06 07:42:04 | DEBUG    | fetch_data           | Requesting data from https://dps.psx.com.pk/market-watch
2026-07-06 07:42:05 | DEBUG    | fetch_data           | Response status: 200
2026-07-06 07:42:05 | DEBUG    | fetch_data           | Response content type: text/html; charset=utf-8
2026-07-06 07:42:05 | DEBUG    | fetch_data           | Response size: 468002 bytes
2026-07-06 07:42:05 | INFO     | fetch_data           | ✅ Data fetched successfully (Status: 200)
2026-07-06 07:42:05 | DEBUG    | parse_json           | Attempting JSON parsing...
2026-07-06 07:42:05 | DEBUG    | parse_json           | Response preview: <table class="tbl" data-page-length="25"><thead class="tbl__head"><!-- tr--><!--   th(colspan="11")--><!--   th.center(colspan="2", style="width: 110px;") TOTAL BUY ORDERS--><!--   th.center(colspan="2", style="width: 110px;") TOTAL SELL ORDERS--><tr><th data-name="symbol">SYMBOL</th><th data-name="sector">SECTOR</th><th data-name="listed">LISTED IN</th><th class="right" data-name="ldcp">LDCP</th><th class="right" data-name="open">OPEN</th><th class="right" data-name="high">HIGH</th><th class="r
2026-07-06 07:42:05 | WARNING  | parse_json           | ⚠️ JSON parsing failed: Expecting value: line 1 column 1 (char 0)
2026-07-06 07:42:05 | INFO     | run                  | JSON parsing failed, trying HTML fallback...
2026-07-06 07:42:05 | INFO     | parse_html           | Attempting HTML fallback parsing...
2026-07-06 07:42:05 | DEBUG    | parse_html           | Found 1 table(s) in HTML
2026-07-06 07:42:05 | DEBUG    | parse_html           | Table columns: ['SYMBOL', 'SECTOR', 'LISTED IN', 'LDCP', 'OPEN', 'HIGH', 'LOW', 'CURRENT', 'CHANGE', 'CHANGE (%)', 'VOLUME']
2026-07-06 07:42:05 | DEBUG    | parse_html           | Table shape: (488, 11)
2026-07-06 07:42:05 | INFO     | parse_html           | ✅ HTML parsed successfully (488 rows)
2026-07-06 07:42:05 | INFO     | clean_data           | Cleaning data...
2026-07-06 07:42:05 | DEBUG    | clean_data           | Initial shape: (488, 11)
2026-07-06 07:42:05 | DEBUG    | clean_data           | Initial columns: ['SYMBOL', 'SECTOR', 'LISTED IN', 'LDCP', 'OPEN', 'HIGH', 'LOW', 'CURRENT', 'CHANGE', 'CHANGE (%)', 'VOLUME']
2026-07-06 07:42:05 | DEBUG    | clean_data           | Removed 'LISTED IN' column
2026-07-06 07:42:05 | DEBUG    | clean_data           | Converted LDCP from float64 to numeric
2026-07-06 07:42:05 | DEBUG    | clean_data           | Converted OPEN from float64 to numeric
2026-07-06 07:42:05 | DEBUG    | clean_data           | Converted HIGH from float64 to numeric
2026-07-06 07:42:05 | DEBUG    | clean_data           | Converted LOW from float64 to numeric
2026-07-06 07:42:05 | DEBUG    | clean_data           | Converted CURRENT from float64 to numeric
2026-07-06 07:42:05 | DEBUG    | clean_data           | Converted CHANGE from float64 to numeric
2026-07-06 07:42:05 | WARNING  | clean_data           | Column CHANGE (%): 488 values could not be converted to numeric
2026-07-06 07:42:05 | DEBUG    | clean_data           | Converted CHANGE (%) from str to numeric
2026-07-06 07:42:05 | DEBUG    | clean_data           | Converted VOLUME from int64 to numeric
2026-07-06 07:42:05 | INFO     | clean_data           | ✅ Data cleaned (488 rows, 16 columns)
2026-07-06 07:42:05 | DEBUG    | clean_data           | Final columns: ['SYMBOL', 'SECTOR', 'LDCP', 'OPEN', 'HIGH', 'LOW', 'CURRENT', 'CHANGE', 'CHANGE (%)', 'VOLUME', 'YEAR', 'MONTH', 'DAY', 'HOUR', 'MINUTE', 'DATETIME']
2026-07-06 07:42:05 | DEBUG    | get_file_path        | Generated file path: data/2026/07/2026-07-06.xlsx
2026-07-06 07:42:05 | INFO     | save_data            | Saving data to: data/2026/07/2026-07-06.xlsx
2026-07-06 07:42:05 | DEBUG    | _create_backup       | Backup created: data/2026/07/backups/2026-07-06_backup_20260706_074205.xlsx
2026-07-06 07:42:05 | DEBUG    | _cleanup_old_backups | Removed old backup: 2026-07-06_backup_20260706_071602.xlsx
2026-07-06 07:42:05 | DEBUG    | save_data            | Existing file found, merging data...
2026-07-06 07:42:08 | DEBUG    | save_data            | Loaded 26141 existing rows
2026-07-06 07:42:08 | DEBUG    | save_data            | Combined to 26629 rows
2026-07-06 07:42:08 | DEBUG    | save_data            | Writing to temporary file...
2026-07-06 07:42:13 | DEBUG    | save_data            | Data written to temp file: /home/runner/work/Thalorae-BackLioraen/Thalorae-BackLioraen/data/2026/07/tmpl_7w_u30.xlsx
2026-07-06 07:42:13 | DEBUG    | save_data            | Temp file moved to final location
2026-07-06 07:42:13 | INFO     | save_data            | ✅ Data saved successfully (26629 total rows, 1,979,834 bytes)
2026-07-06 07:42:13 | INFO     | run                  | ======================================================================
2026-07-06 07:42:13 | INFO     | run                  | 📊 EXECUTION SUMMARY:
2026-07-06 07:42:13 | INFO     | run                  |    ✅ Status: SUCCESS
2026-07-06 07:42:13 | INFO     | run                  |    - Rows processed: 488
2026-07-06 07:42:13 | INFO     | run                  |    - Unique symbols: 488
2026-07-06 07:42:13 | INFO     | run                  |    - Timestamp: 2026-07-06 12:42:00
2026-07-06 07:42:13 | INFO     | run                  |    - File: data/2026/07/2026-07-06.xlsx
2026-07-06 07:42:13 | INFO     | run                  | ======================================================================
2026-07-06 07:42:13 | DEBUG    | run                  | Sample data (first row):
2026-07-06 07:42:13 | DEBUG    | run                  | {'SYMBOL': 'TPLP', 'SECTOR': 838, 'LDCP': 11.64, 'OPEN': 11.87, 'HIGH': 12.5, 'LOW': 11.87, 'CURRENT': 12.26, 'CHANGE': 0.62, 'CHANGE (%)': nan, 'VOLUME': 33955090, 'YEAR': 2026, 'MONTH': 7, 'DAY': 6, 'HOUR': 12, 'MINUTE': 42, 'DATETIME': '2026-07-06 12:42'}
2026-07-06 07:42:13 | DEBUG    | close                | Session closed
2026-07-06 07:47:13 | INFO     | run                  | ======================================================================
2026-07-06 07:47:13 | INFO     | run                  | 🚀 MARKET DATA SCRAPER - SINGLE EXECUTION
2026-07-06 07:47:13 | INFO     | run                  | ======================================================================
2026-07-06 07:47:13 | INFO     | run                  | Execution Time: 2026-07-06 12:47:13 PKT
2026-07-06 07:47:13 | INFO     | run                  | Configuration:
2026-07-06 07:47:13 | INFO     | run                  |    - Timezone: Asia/Karachi
2026-07-06 07:47:13 | INFO     | run                  |    - Data directory: data
2026-07-06 07:47:13 | INFO     | run                  |    - Log directory: logs
2026-07-06 07:47:13 | INFO     | run                  |    - Excluded symbols: {'XR', 'XT', 'XD', 'XS'}
2026-07-06 07:47:13 | INFO     | run                  | ======================================================================
2026-07-06 07:47:13 | INFO     | fetch_data           | Fetching data (Attempt 1/3)...
2026-07-06 07:47:13 | DEBUG    | fetch_data           | Establishing session with https://dps.psx.com.pk/
2026-07-06 07:47:16 | DEBUG    | fetch_data           | Requesting data from https://dps.psx.com.pk/market-watch
2026-07-06 07:47:18 | DEBUG    | fetch_data           | Response status: 200
2026-07-06 07:47:18 | DEBUG    | fetch_data           | Response content type: text/html; charset=utf-8
2026-07-06 07:47:18 | DEBUG    | fetch_data           | Response size: 468098 bytes
2026-07-06 07:47:18 | INFO     | fetch_data           | ✅ Data fetched successfully (Status: 200)
2026-07-06 07:47:18 | DEBUG    | parse_json           | Attempting JSON parsing...
2026-07-06 07:47:18 | DEBUG    | parse_json           | Response preview: <table class="tbl" data-page-length="25"><thead class="tbl__head"><!-- tr--><!--   th(colspan="11")--><!--   th.center(colspan="2", style="width: 110px;") TOTAL BUY ORDERS--><!--   th.center(colspan="2", style="width: 110px;") TOTAL SELL ORDERS--><tr><th data-name="symbol">SYMBOL</th><th data-name="sector">SECTOR</th><th data-name="listed">LISTED IN</th><th class="right" data-name="ldcp">LDCP</th><th class="right" data-name="open">OPEN</th><th class="right" data-name="high">HIGH</th><th class="r
2026-07-06 07:47:18 | WARNING  | parse_json           | ⚠️ JSON parsing failed: Expecting value: line 1 column 1 (char 0)
2026-07-06 07:47:18 | INFO     | run                  | JSON parsing failed, trying HTML fallback...
2026-07-06 07:47:18 | INFO     | parse_html           | Attempting HTML fallback parsing...
2026-07-06 07:47:18 | DEBUG    | parse_html           | Found 1 table(s) in HTML
2026-07-06 07:47:18 | DEBUG    | parse_html           | Table columns: ['SYMBOL', 'SECTOR', 'LISTED IN', 'LDCP', 'OPEN', 'HIGH', 'LOW', 'CURRENT', 'CHANGE', 'CHANGE (%)', 'VOLUME']
2026-07-06 07:47:18 | DEBUG    | parse_html           | Table shape: (488, 11)
2026-07-06 07:47:18 | INFO     | parse_html           | ✅ HTML parsed successfully (488 rows)
2026-07-06 07:47:18 | INFO     | clean_data           | Cleaning data...
2026-07-06 07:47:18 | DEBUG    | clean_data           | Initial shape: (488, 11)
2026-07-06 07:47:18 | DEBUG    | clean_data           | Initial columns: ['SYMBOL', 'SECTOR', 'LISTED IN', 'LDCP', 'OPEN', 'HIGH', 'LOW', 'CURRENT', 'CHANGE', 'CHANGE (%)', 'VOLUME']
2026-07-06 07:47:18 | DEBUG    | clean_data           | Removed 'LISTED IN' column
2026-07-06 07:47:18 | DEBUG    | clean_data           | Converted LDCP from float64 to numeric
2026-07-06 07:47:18 | DEBUG    | clean_data           | Converted OPEN from float64 to numeric
2026-07-06 07:47:18 | DEBUG    | clean_data           | Converted HIGH from float64 to numeric
2026-07-06 07:47:18 | DEBUG    | clean_data           | Converted LOW from float64 to numeric
2026-07-06 07:47:18 | DEBUG    | clean_data           | Converted CURRENT from float64 to numeric
2026-07-06 07:47:18 | DEBUG    | clean_data           | Converted CHANGE from float64 to numeric
2026-07-06 07:47:18 | WARNING  | clean_data           | Column CHANGE (%): 488 values could not be converted to numeric
2026-07-06 07:47:18 | DEBUG    | clean_data           | Converted CHANGE (%) from str to numeric
2026-07-06 07:47:18 | DEBUG    | clean_data           | Converted VOLUME from int64 to numeric
2026-07-06 07:47:18 | INFO     | clean_data           | ✅ Data cleaned (488 rows, 16 columns)
2026-07-06 07:47:18 | DEBUG    | clean_data           | Final columns: ['SYMBOL', 'SECTOR', 'LDCP', 'OPEN', 'HIGH', 'LOW', 'CURRENT', 'CHANGE', 'CHANGE (%)', 'VOLUME', 'YEAR', 'MONTH', 'DAY', 'HOUR', 'MINUTE', 'DATETIME']
2026-07-06 07:47:18 | DEBUG    | get_file_path        | Generated file path: data/2026/07/2026-07-06.xlsx
2026-07-06 07:47:18 | INFO     | save_data            | Saving data to: data/2026/07/2026-07-06.xlsx
2026-07-06 07:47:18 | DEBUG    | _create_backup       | Backup created: data/2026/07/backups/2026-07-06_backup_20260706_074718.xlsx
2026-07-06 07:47:18 | DEBUG    | _cleanup_old_backups | Removed old backup: 2026-07-06_backup_20260706_072114.xlsx
2026-07-06 07:47:18 | DEBUG    | save_data            | Existing file found, merging data...
2026-07-06 07:47:21 | DEBUG    | save_data            | Loaded 26629 existing rows
2026-07-06 07:47:21 | DEBUG    | save_data            | Combined to 27117 rows
2026-07-06 07:47:21 | DEBUG    | save_data            | Writing to temporary file...
2026-07-06 07:47:26 | DEBUG    | save_data            | Data written to temp file: /home/runner/work/Thalorae-BackLioraen/Thalorae-BackLioraen/data/2026/07/tmpnjkjby7u.xlsx
2026-07-06 07:47:26 | DEBUG    | save_data            | Temp file moved to final location
2026-07-06 07:47:26 | INFO     | save_data            | ✅ Data saved successfully (27117 total rows, 2,016,272 bytes)
2026-07-06 07:47:26 | INFO     | run                  | ======================================================================
2026-07-06 07:47:26 | INFO     | run                  | 📊 EXECUTION SUMMARY:
2026-07-06 07:47:26 | INFO     | run                  |    ✅ Status: SUCCESS
2026-07-06 07:47:26 | INFO     | run                  |    - Rows processed: 488
2026-07-06 07:47:26 | INFO     | run                  |    - Unique symbols: 488
2026-07-06 07:47:26 | INFO     | run                  |    - Timestamp: 2026-07-06 12:47:13
2026-07-06 07:47:26 | INFO     | run                  |    - File: data/2026/07/2026-07-06.xlsx
2026-07-06 07:47:26 | INFO     | run                  | ======================================================================
2026-07-06 07:47:26 | DEBUG    | run                  | Sample data (first row):
2026-07-06 07:47:26 | DEBUG    | run                  | {'SYMBOL': 'TPLP', 'SECTOR': 838, 'LDCP': 11.64, 'OPEN': 11.87, 'HIGH': 12.5, 'LOW': 11.87, 'CURRENT': 12.26, 'CHANGE': 0.62, 'CHANGE (%)': nan, 'VOLUME': 34176064, 'YEAR': 2026, 'MONTH': 7, 'DAY': 6, 'HOUR': 12, 'MINUTE': 47, 'DATETIME': '2026-07-06 12:47'}
2026-07-06 07:47:26 | DEBUG    | close                | Session closed
2026-07-06 07:52:26 | INFO     | run                  | ======================================================================
2026-07-06 07:52:26 | INFO     | run                  | 🚀 MARKET DATA SCRAPER - SINGLE EXECUTION
2026-07-06 07:52:26 | INFO     | run                  | ======================================================================
2026-07-06 07:52:26 | INFO     | run                  | Execution Time: 2026-07-06 12:52:26 PKT
2026-07-06 07:52:26 | INFO     | run                  | Configuration:
2026-07-06 07:52:26 | INFO     | run                  |    - Timezone: Asia/Karachi
2026-07-06 07:52:26 | INFO     | run                  |    - Data directory: data
2026-07-06 07:52:26 | INFO     | run                  |    - Log directory: logs
2026-07-06 07:52:26 | INFO     | run                  |    - Excluded symbols: {'XD', 'XT', 'XR', 'XS'}
2026-07-06 07:52:26 | INFO     | run                  | ======================================================================
2026-07-06 07:52:26 | INFO     | fetch_data           | Fetching data (Attempt 1/3)...
2026-07-06 07:52:26 | DEBUG    | fetch_data           | Establishing session with https://dps.psx.com.pk/
2026-07-06 07:52:29 | DEBUG    | fetch_data           | Requesting data from https://dps.psx.com.pk/market-watch
2026-07-06 07:52:31 | DEBUG    | fetch_data           | Response status: 200
2026-07-06 07:52:31 | DEBUG    | fetch_data           | Response content type: text/html; charset=utf-8
2026-07-06 07:52:31 | DEBUG    | fetch_data           | Response size: 467744 bytes
2026-07-06 07:52:31 | INFO     | fetch_data           | ✅ Data fetched successfully (Status: 200)
2026-07-06 07:52:31 | DEBUG    | parse_json           | Attempting JSON parsing...
2026-07-06 07:52:31 | DEBUG    | parse_json           | Response preview: <table class="tbl" data-page-length="25"><thead class="tbl__head"><!-- tr--><!--   th(colspan="11")--><!--   th.center(colspan="2", style="width: 110px;") TOTAL BUY ORDERS--><!--   th.center(colspan="2", style="width: 110px;") TOTAL SELL ORDERS--><tr><th data-name="symbol">SYMBOL</th><th data-name="sector">SECTOR</th><th data-name="listed">LISTED IN</th><th class="right" data-name="ldcp">LDCP</th><th class="right" data-name="open">OPEN</th><th class="right" data-name="high">HIGH</th><th class="r
2026-07-06 07:52:31 | WARNING  | parse_json           | ⚠️ JSON parsing failed: Expecting value: line 1 column 1 (char 0)
2026-07-06 07:52:31 | INFO     | run                  | JSON parsing failed, trying HTML fallback...
2026-07-06 07:52:31 | INFO     | parse_html           | Attempting HTML fallback parsing...
2026-07-06 07:52:31 | DEBUG    | parse_html           | Found 1 table(s) in HTML
2026-07-06 07:52:31 | DEBUG    | parse_html           | Table columns: ['SYMBOL', 'SECTOR', 'LISTED IN', 'LDCP', 'OPEN', 'HIGH', 'LOW', 'CURRENT', 'CHANGE', 'CHANGE (%)', 'VOLUME']
2026-07-06 07:52:31 | DEBUG    | parse_html           | Table shape: (488, 11)
2026-07-06 07:52:31 | INFO     | parse_html           | ✅ HTML parsed successfully (488 rows)
2026-07-06 07:52:31 | INFO     | clean_data           | Cleaning data...
2026-07-06 07:52:31 | DEBUG    | clean_data           | Initial shape: (488, 11)
2026-07-06 07:52:31 | DEBUG    | clean_data           | Initial columns: ['SYMBOL', 'SECTOR', 'LISTED IN', 'LDCP', 'OPEN', 'HIGH', 'LOW', 'CURRENT', 'CHANGE', 'CHANGE (%)', 'VOLUME']
2026-07-06 07:52:31 | DEBUG    | clean_data           | Removed 'LISTED IN' column
2026-07-06 07:52:31 | DEBUG    | clean_data           | Converted LDCP from float64 to numeric
2026-07-06 07:52:31 | DEBUG    | clean_data           | Converted OPEN from float64 to numeric
2026-07-06 07:52:31 | DEBUG    | clean_data           | Converted HIGH from float64 to numeric
2026-07-06 07:52:31 | DEBUG    | clean_data           | Converted LOW from float64 to numeric
2026-07-06 07:52:31 | DEBUG    | clean_data           | Converted CURRENT from float64 to numeric
2026-07-06 07:52:31 | DEBUG    | clean_data           | Converted CHANGE from float64 to numeric
2026-07-06 07:52:31 | WARNING  | clean_data           | Column CHANGE (%): 488 values could not be converted to numeric
2026-07-06 07:52:31 | DEBUG    | clean_data           | Converted CHANGE (%) from str to numeric
2026-07-06 07:52:31 | DEBUG    | clean_data           | Converted VOLUME from int64 to numeric
2026-07-06 07:52:31 | INFO     | clean_data           | ✅ Data cleaned (488 rows, 16 columns)
2026-07-06 07:52:31 | DEBUG    | clean_data           | Final columns: ['SYMBOL', 'SECTOR', 'LDCP', 'OPEN', 'HIGH', 'LOW', 'CURRENT', 'CHANGE', 'CHANGE (%)', 'VOLUME', 'YEAR', 'MONTH', 'DAY', 'HOUR', 'MINUTE', 'DATETIME']
2026-07-06 07:52:31 | DEBUG    | get_file_path        | Generated file path: data/2026/07/2026-07-06.xlsx
2026-07-06 07:52:31 | INFO     | save_data            | Saving data to: data/2026/07/2026-07-06.xlsx
2026-07-06 07:52:31 | DEBUG    | _create_backup       | Backup created: data/2026/07/backups/2026-07-06_backup_20260706_075231.xlsx
2026-07-06 07:52:31 | DEBUG    | _cleanup_old_backups | Removed old backup: 2026-07-06_backup_20260706_072626.xlsx
2026-07-06 07:52:31 | DEBUG    | save_data            | Existing file found, merging data...
2026-07-06 07:52:34 | DEBUG    | save_data            | Loaded 27117 existing rows
2026-07-06 07:52:34 | DEBUG    | save_data            | Combined to 27605 rows
2026-07-06 07:52:34 | DEBUG    | save_data            | Writing to temporary file...
2026-07-06 07:52:39 | DEBUG    | save_data            | Data written to temp file: /home/runner/work/Thalorae-BackLioraen/Thalorae-BackLioraen/data/2026/07/tmpzj2rpm0v.xlsx
2026-07-06 07:52:39 | DEBUG    | save_data            | Temp file moved to final location
2026-07-06 07:52:39 | INFO     | save_data            | ✅ Data saved successfully (27605 total rows, 2,052,708 bytes)
2026-07-06 07:52:39 | INFO     | run                  | ======================================================================
2026-07-06 07:52:39 | INFO     | run                  | 📊 EXECUTION SUMMARY:
2026-07-06 07:52:39 | INFO     | run                  |    ✅ Status: SUCCESS
2026-07-06 07:52:39 | INFO     | run                  |    - Rows processed: 488
2026-07-06 07:52:39 | INFO     | run                  |    - Unique symbols: 488
2026-07-06 07:52:39 | INFO     | run                  |    - Timestamp: 2026-07-06 12:52:26
2026-07-06 07:52:39 | INFO     | run                  |    - File: data/2026/07/2026-07-06.xlsx
2026-07-06 07:52:39 | INFO     | run                  | ======================================================================
2026-07-06 07:52:39 | DEBUG    | run                  | Sample data (first row):
2026-07-06 07:52:39 | DEBUG    | run                  | {'SYMBOL': 'TPLP', 'SECTOR': 838, 'LDCP': 11.64, 'OPEN': 11.87, 'HIGH': 12.5, 'LOW': 11.87, 'CURRENT': 12.23, 'CHANGE': 0.59, 'CHANGE (%)': nan, 'VOLUME': 34264118, 'YEAR': 2026, 'MONTH': 7, 'DAY': 6, 'HOUR': 12, 'MINUTE': 52, 'DATETIME': '2026-07-06 12:52'}
2026-07-06 07:52:39 | DEBUG    | close                | Session closed
2026-07-06 07:57:40 | INFO     | run                  | ======================================================================
2026-07-06 07:57:40 | INFO     | run                  | 🚀 MARKET DATA SCRAPER - SINGLE EXECUTION
2026-07-06 07:57:40 | INFO     | run                  | ======================================================================
2026-07-06 07:57:40 | INFO     | run                  | Execution Time: 2026-07-06 12:57:40 PKT
2026-07-06 07:57:40 | INFO     | run                  | Configuration:
2026-07-06 07:57:40 | INFO     | run                  |    - Timezone: Asia/Karachi
2026-07-06 07:57:40 | INFO     | run                  |    - Data directory: data
2026-07-06 07:57:40 | INFO     | run                  |    - Log directory: logs
2026-07-06 07:57:40 | INFO     | run                  |    - Excluded symbols: {'XS', 'XT', 'XD', 'XR'}
2026-07-06 07:57:40 | INFO     | run                  | ======================================================================
2026-07-06 07:57:40 | INFO     | fetch_data           | Fetching data (Attempt 1/3)...
2026-07-06 07:57:40 | DEBUG    | fetch_data           | Establishing session with https://dps.psx.com.pk/
2026-07-06 07:57:44 | DEBUG    | fetch_data           | Requesting data from https://dps.psx.com.pk/market-watch
2026-07-06 07:57:45 | DEBUG    | fetch_data           | Response status: 200
2026-07-06 07:57:45 | DEBUG    | fetch_data           | Response content type: text/html; charset=utf-8
2026-07-06 07:57:45 | DEBUG    | fetch_data           | Response size: 467798 bytes
2026-07-06 07:57:45 | INFO     | fetch_data           | ✅ Data fetched successfully (Status: 200)
2026-07-06 07:57:45 | DEBUG    | parse_json           | Attempting JSON parsing...
2026-07-06 07:57:45 | DEBUG    | parse_json           | Response preview: <table class="tbl" data-page-length="25"><thead class="tbl__head"><!-- tr--><!--   th(colspan="11")--><!--   th.center(colspan="2", style="width: 110px;") TOTAL BUY ORDERS--><!--   th.center(colspan="2", style="width: 110px;") TOTAL SELL ORDERS--><tr><th data-name="symbol">SYMBOL</th><th data-name="sector">SECTOR</th><th data-name="listed">LISTED IN</th><th class="right" data-name="ldcp">LDCP</th><th class="right" data-name="open">OPEN</th><th class="right" data-name="high">HIGH</th><th class="r
2026-07-06 07:57:45 | WARNING  | parse_json           | ⚠️ JSON parsing failed: Expecting value: line 1 column 1 (char 0)
2026-07-06 07:57:45 | INFO     | run                  | JSON parsing failed, trying HTML fallback...
2026-07-06 07:57:45 | INFO     | parse_html           | Attempting HTML fallback parsing...
2026-07-06 07:57:45 | DEBUG    | parse_html           | Found 1 table(s) in HTML
2026-07-06 07:57:45 | DEBUG    | parse_html           | Table columns: ['SYMBOL', 'SECTOR', 'LISTED IN', 'LDCP', 'OPEN', 'HIGH', 'LOW', 'CURRENT', 'CHANGE', 'CHANGE (%)', 'VOLUME']
2026-07-06 07:57:45 | DEBUG    | parse_html           | Table shape: (488, 11)
2026-07-06 07:57:45 | INFO     | parse_html           | ✅ HTML parsed successfully (488 rows)
2026-07-06 07:57:45 | INFO     | clean_data           | Cleaning data...
2026-07-06 07:57:45 | DEBUG    | clean_data           | Initial shape: (488, 11)
2026-07-06 07:57:45 | DEBUG    | clean_data           | Initial columns: ['SYMBOL', 'SECTOR', 'LISTED IN', 'LDCP', 'OPEN', 'HIGH', 'LOW', 'CURRENT', 'CHANGE', 'CHANGE (%)', 'VOLUME']
2026-07-06 07:57:45 | DEBUG    | clean_data           | Removed 'LISTED IN' column
2026-07-06 07:57:45 | DEBUG    | clean_data           | Converted LDCP from float64 to numeric
2026-07-06 07:57:45 | DEBUG    | clean_data           | Converted OPEN from float64 to numeric
2026-07-06 07:57:45 | DEBUG    | clean_data           | Converted HIGH from float64 to numeric
2026-07-06 07:57:45 | DEBUG    | clean_data           | Converted LOW from float64 to numeric
2026-07-06 07:57:45 | DEBUG    | clean_data           | Converted CURRENT from float64 to numeric
2026-07-06 07:57:45 | DEBUG    | clean_data           | Converted CHANGE from float64 to numeric
2026-07-06 07:57:45 | WARNING  | clean_data           | Column CHANGE (%): 488 values could not be converted to numeric
2026-07-06 07:57:45 | DEBUG    | clean_data           | Converted CHANGE (%) from str to numeric
2026-07-06 07:57:45 | DEBUG    | clean_data           | Converted VOLUME from int64 to numeric
2026-07-06 07:57:46 | INFO     | clean_data           | ✅ Data cleaned (488 rows, 16 columns)
2026-07-06 07:57:46 | DEBUG    | clean_data           | Final columns: ['SYMBOL', 'SECTOR', 'LDCP', 'OPEN', 'HIGH', 'LOW', 'CURRENT', 'CHANGE', 'CHANGE (%)', 'VOLUME', 'YEAR', 'MONTH', 'DAY', 'HOUR', 'MINUTE', 'DATETIME']
2026-07-06 07:57:46 | DEBUG    | get_file_path        | Generated file path: data/2026/07/2026-07-06.xlsx
2026-07-06 07:57:46 | INFO     | save_data            | Saving data to: data/2026/07/2026-07-06.xlsx
2026-07-06 07:57:46 | DEBUG    | _create_backup       | Backup created: data/2026/07/backups/2026-07-06_backup_20260706_075746.xlsx
2026-07-06 07:57:46 | DEBUG    | _cleanup_old_backups | Removed old backup: 2026-07-06_backup_20260706_073138.xlsx
2026-07-06 07:57:46 | DEBUG    | save_data            | Existing file found, merging data...
2026-07-06 07:57:48 | DEBUG    | save_data            | Loaded 27605 existing rows
2026-07-06 07:57:48 | DEBUG    | save_data            | Combined to 28093 rows
2026-07-06 07:57:48 | DEBUG    | save_data            | Writing to temporary file...
2026-07-06 07:57:54 | DEBUG    | save_data            | Data written to temp file: /home/runner/work/Thalorae-BackLioraen/Thalorae-BackLioraen/data/2026/07/tmp_5wvoxmr.xlsx
2026-07-06 07:57:54 | DEBUG    | save_data            | Temp file moved to final location
2026-07-06 07:57:54 | INFO     | save_data            | ✅ Data saved successfully (28093 total rows, 2,089,149 bytes)
2026-07-06 07:57:54 | INFO     | run                  | ======================================================================
2026-07-06 07:57:54 | INFO     | run                  | 📊 EXECUTION SUMMARY:
2026-07-06 07:57:54 | INFO     | run                  |    ✅ Status: SUCCESS
2026-07-06 07:57:54 | INFO     | run                  |    - Rows processed: 488
2026-07-06 07:57:54 | INFO     | run                  |    - Unique symbols: 488
2026-07-06 07:57:54 | INFO     | run                  |    - Timestamp: 2026-07-06 12:57:40
2026-07-06 07:57:54 | INFO     | run                  |    - File: data/2026/07/2026-07-06.xlsx
2026-07-06 07:57:54 | INFO     | run                  | ======================================================================
2026-07-06 07:57:54 | DEBUG    | run                  | Sample data (first row):
2026-07-06 07:57:54 | DEBUG    | run                  | {'SYMBOL': 'TPLP', 'SECTOR': 838, 'LDCP': 11.64, 'OPEN': 11.87, 'HIGH': 12.5, 'LOW': 11.87, 'CURRENT': 12.22, 'CHANGE': 0.58, 'CHANGE (%)': nan, 'VOLUME': 34409441, 'YEAR': 2026, 'MONTH': 7, 'DAY': 6, 'HOUR': 12, 'MINUTE': 57, 'DATETIME': '2026-07-06 12:57'}
2026-07-06 07:57:54 | DEBUG    | close                | Session closed
2026-07-06 08:02:54 | INFO     | run                  | ======================================================================
2026-07-06 08:02:54 | INFO     | run                  | 🚀 MARKET DATA SCRAPER - SINGLE EXECUTION
2026-07-06 08:02:54 | INFO     | run                  | ======================================================================
2026-07-06 08:02:54 | INFO     | run                  | Execution Time: 2026-07-06 13:02:54 PKT
2026-07-06 08:02:54 | INFO     | run                  | Configuration:
2026-07-06 08:02:54 | INFO     | run                  |    - Timezone: Asia/Karachi
2026-07-06 08:02:54 | INFO     | run                  |    - Data directory: data
2026-07-06 08:02:54 | INFO     | run                  |    - Log directory: logs
2026-07-06 08:02:54 | INFO     | run                  |    - Excluded symbols: {'XR', 'XT', 'XD', 'XS'}
2026-07-06 08:02:54 | INFO     | run                  | ======================================================================
2026-07-06 08:02:54 | INFO     | fetch_data           | Fetching data (Attempt 1/3)...
2026-07-06 08:02:54 | DEBUG    | fetch_data           | Establishing session with https://dps.psx.com.pk/
2026-07-06 08:02:58 | DEBUG    | fetch_data           | Requesting data from https://dps.psx.com.pk/market-watch
2026-07-06 08:03:01 | DEBUG    | fetch_data           | Response status: 200
2026-07-06 08:03:01 | DEBUG    | fetch_data           | Response content type: text/html; charset=utf-8
2026-07-06 08:03:01 | DEBUG    | fetch_data           | Response size: 468908 bytes
2026-07-06 08:03:01 | INFO     | fetch_data           | ✅ Data fetched successfully (Status: 200)
2026-07-06 08:03:01 | DEBUG    | parse_json           | Attempting JSON parsing...
2026-07-06 08:03:01 | DEBUG    | parse_json           | Response preview: <table class="tbl" data-page-length="25"><thead class="tbl__head"><!-- tr--><!--   th(colspan="11")--><!--   th.center(colspan="2", style="width: 110px;") TOTAL BUY ORDERS--><!--   th.center(colspan="2", style="width: 110px;") TOTAL SELL ORDERS--><tr><th data-name="symbol">SYMBOL</th><th data-name="sector">SECTOR</th><th data-name="listed">LISTED IN</th><th class="right" data-name="ldcp">LDCP</th><th class="right" data-name="open">OPEN</th><th class="right" data-name="high">HIGH</th><th class="r
2026-07-06 08:03:01 | WARNING  | parse_json           | ⚠️ JSON parsing failed: Expecting value: line 1 column 1 (char 0)
2026-07-06 08:03:01 | INFO     | run                  | JSON parsing failed, trying HTML fallback...
2026-07-06 08:03:01 | INFO     | parse_html           | Attempting HTML fallback parsing...
2026-07-06 08:03:01 | DEBUG    | parse_html           | Found 1 table(s) in HTML
2026-07-06 08:03:01 | DEBUG    | parse_html           | Table columns: ['SYMBOL', 'SECTOR', 'LISTED IN', 'LDCP', 'OPEN', 'HIGH', 'LOW', 'CURRENT', 'CHANGE', 'CHANGE (%)', 'VOLUME']
2026-07-06 08:03:01 | DEBUG    | parse_html           | Table shape: (489, 11)
2026-07-06 08:03:01 | INFO     | parse_html           | ✅ HTML parsed successfully (489 rows)
2026-07-06 08:03:01 | INFO     | clean_data           | Cleaning data...
2026-07-06 08:03:01 | DEBUG    | clean_data           | Initial shape: (489, 11)
2026-07-06 08:03:01 | DEBUG    | clean_data           | Initial columns: ['SYMBOL', 'SECTOR', 'LISTED IN', 'LDCP', 'OPEN', 'HIGH', 'LOW', 'CURRENT', 'CHANGE', 'CHANGE (%)', 'VOLUME']
2026-07-06 08:03:01 | DEBUG    | clean_data           | Removed 'LISTED IN' column
2026-07-06 08:03:01 | DEBUG    | clean_data           | Converted LDCP from float64 to numeric
2026-07-06 08:03:01 | DEBUG    | clean_data           | Converted OPEN from float64 to numeric
2026-07-06 08:03:01 | DEBUG    | clean_data           | Converted HIGH from float64 to numeric
2026-07-06 08:03:01 | DEBUG    | clean_data           | Converted LOW from float64 to numeric
2026-07-06 08:03:01 | DEBUG    | clean_data           | Converted CURRENT from float64 to numeric
2026-07-06 08:03:01 | DEBUG    | clean_data           | Converted CHANGE from float64 to numeric
2026-07-06 08:03:01 | WARNING  | clean_data           | Column CHANGE (%): 489 values could not be converted to numeric
2026-07-06 08:03:01 | DEBUG    | clean_data           | Converted CHANGE (%) from str to numeric
2026-07-06 08:03:01 | DEBUG    | clean_data           | Converted VOLUME from int64 to numeric
2026-07-06 08:03:01 | INFO     | clean_data           | ✅ Data cleaned (489 rows, 16 columns)
2026-07-06 08:03:01 | DEBUG    | clean_data           | Final columns: ['SYMBOL', 'SECTOR', 'LDCP', 'OPEN', 'HIGH', 'LOW', 'CURRENT', 'CHANGE', 'CHANGE (%)', 'VOLUME', 'YEAR', 'MONTH', 'DAY', 'HOUR', 'MINUTE', 'DATETIME']
2026-07-06 08:03:01 | DEBUG    | get_file_path        | Generated file path: data/2026/07/2026-07-06.xlsx
2026-07-06 08:03:01 | INFO     | save_data            | Saving data to: data/2026/07/2026-07-06.xlsx
2026-07-06 08:03:01 | DEBUG    | _create_backup       | Backup created: data/2026/07/backups/2026-07-06_backup_20260706_080301.xlsx
2026-07-06 08:03:01 | DEBUG    | _cleanup_old_backups | Removed old backup: 2026-07-06_backup_20260706_073652.xlsx
2026-07-06 08:03:01 | DEBUG    | save_data            | Existing file found, merging data...
2026-07-06 08:03:04 | DEBUG    | save_data            | Loaded 28093 existing rows
2026-07-06 08:03:04 | DEBUG    | save_data            | Combined to 28582 rows
2026-07-06 08:03:04 | DEBUG    | save_data            | Writing to temporary file...
2026-07-06 08:03:09 | DEBUG    | save_data            | Data written to temp file: /home/runner/work/Thalorae-BackLioraen/Thalorae-BackLioraen/data/2026/07/tmpk_elwjqs.xlsx
2026-07-06 08:03:09 | DEBUG    | save_data            | Temp file moved to final location
2026-07-06 08:03:09 | INFO     | save_data            | ✅ Data saved successfully (28582 total rows, 2,125,786 bytes)
2026-07-06 08:03:09 | INFO     | run                  | ======================================================================
2026-07-06 08:03:09 | INFO     | run                  | 📊 EXECUTION SUMMARY:
2026-07-06 08:03:09 | INFO     | run                  |    ✅ Status: SUCCESS
2026-07-06 08:03:09 | INFO     | run                  |    - Rows processed: 489
2026-07-06 08:03:09 | INFO     | run                  |    - Unique symbols: 489
2026-07-06 08:03:09 | INFO     | run                  |    - Timestamp: 2026-07-06 13:02:54
2026-07-06 08:03:09 | INFO     | run                  |    - File: data/2026/07/2026-07-06.xlsx
2026-07-06 08:03:09 | INFO     | run                  | ======================================================================
2026-07-06 08:03:09 | DEBUG    | run                  | Sample data (first row):
2026-07-06 08:03:09 | DEBUG    | run                  | {'SYMBOL': 'TPLP', 'SECTOR': 838, 'LDCP': 11.64, 'OPEN': 11.87, 'HIGH': 12.5, 'LOW': 11.87, 'CURRENT': 12.25, 'CHANGE': 0.61, 'CHANGE (%)': nan, 'VOLUME': 34714700, 'YEAR': 2026, 'MONTH': 7, 'DAY': 6, 'HOUR': 13, 'MINUTE': 2, 'DATETIME': '2026-07-06 13:02'}
2026-07-06 08:03:09 | DEBUG    | close                | Session closed
2026-07-06 11:46:34 | INFO     | run                  | ======================================================================
2026-07-06 11:46:34 | INFO     | run                  | 🚀 MARKET DATA SCRAPER - SINGLE EXECUTION
2026-07-06 11:46:34 | INFO     | run                  | ======================================================================
2026-07-06 11:46:34 | INFO     | run                  | Execution Time: 2026-07-06 16:46:34 PKT
2026-07-06 11:46:34 | INFO     | run                  | Configuration:
2026-07-06 11:46:34 | INFO     | run                  |    - Timezone: Asia/Karachi
2026-07-06 11:46:34 | INFO     | run                  |    - Data directory: data
2026-07-06 11:46:34 | INFO     | run                  |    - Log directory: logs
2026-07-06 11:46:34 | INFO     | run                  |    - Excluded symbols: {'XT', 'XD', 'XS', 'XR'}
2026-07-06 11:46:34 | INFO     | run                  | ======================================================================
2026-07-06 11:46:34 | INFO     | fetch_data           | Fetching data (Attempt 1/3)...
2026-07-06 11:46:34 | DEBUG    | fetch_data           | Establishing session with https://dps.psx.com.pk/
2026-07-06 11:46:38 | DEBUG    | fetch_data           | Requesting data from https://dps.psx.com.pk/market-watch
2026-07-06 11:46:39 | DEBUG    | fetch_data           | Response status: 200
2026-07-06 11:46:39 | DEBUG    | fetch_data           | Response content type: text/html; charset=utf-8
2026-07-06 11:46:39 | DEBUG    | fetch_data           | Response size: 475484 bytes
2026-07-06 11:46:39 | INFO     | fetch_data           | ✅ Data fetched successfully (Status: 200)
2026-07-06 11:46:39 | DEBUG    | parse_json           | Attempting JSON parsing...
2026-07-06 11:46:39 | DEBUG    | parse_json           | Response preview: <table class="tbl" data-page-length="25"><thead class="tbl__head"><!-- tr--><!--   th(colspan="11")--><!--   th.center(colspan="2", style="width: 110px;") TOTAL BUY ORDERS--><!--   th.center(colspan="2", style="width: 110px;") TOTAL SELL ORDERS--><tr><th data-name="symbol">SYMBOL</th><th data-name="sector">SECTOR</th><th data-name="listed">LISTED IN</th><th class="right" data-name="ldcp">LDCP</th><th class="right" data-name="open">OPEN</th><th class="right" data-name="high">HIGH</th><th class="r
2026-07-06 11:46:39 | WARNING  | parse_json           | ⚠️ JSON parsing failed: Expecting value: line 1 column 1 (char 0)
2026-07-06 11:46:39 | INFO     | run                  | JSON parsing failed, trying HTML fallback...
2026-07-06 11:46:39 | INFO     | parse_html           | Attempting HTML fallback parsing...
2026-07-06 11:46:39 | DEBUG    | parse_html           | Found 1 table(s) in HTML
2026-07-06 11:46:39 | DEBUG    | parse_html           | Table columns: ['SYMBOL', 'SECTOR', 'LISTED IN', 'LDCP', 'OPEN', 'HIGH', 'LOW', 'CURRENT', 'CHANGE', 'CHANGE (%)', 'VOLUME']
2026-07-06 11:46:39 | DEBUG    | parse_html           | Table shape: (495, 11)
2026-07-06 11:46:39 | INFO     | parse_html           | ✅ HTML parsed successfully (495 rows)
2026-07-06 11:46:39 | INFO     | clean_data           | Cleaning data...
2026-07-06 11:46:39 | DEBUG    | clean_data           | Initial shape: (495, 11)
2026-07-06 11:46:39 | DEBUG    | clean_data           | Initial columns: ['SYMBOL', 'SECTOR', 'LISTED IN', 'LDCP', 'OPEN', 'HIGH', 'LOW', 'CURRENT', 'CHANGE', 'CHANGE (%)', 'VOLUME']
2026-07-06 11:46:39 | DEBUG    | clean_data           | Removed 'LISTED IN' column
2026-07-06 11:46:39 | DEBUG    | clean_data           | Converted LDCP from float64 to numeric
2026-07-06 11:46:39 | DEBUG    | clean_data           | Converted OPEN from float64 to numeric
2026-07-06 11:46:39 | DEBUG    | clean_data           | Converted HIGH from float64 to numeric
2026-07-06 11:46:39 | DEBUG    | clean_data           | Converted LOW from float64 to numeric
2026-07-06 11:46:39 | DEBUG    | clean_data           | Converted CURRENT from float64 to numeric
2026-07-06 11:46:39 | DEBUG    | clean_data           | Converted CHANGE from float64 to numeric
2026-07-06 11:46:39 | WARNING  | clean_data           | Column CHANGE (%): 495 values could not be converted to numeric
2026-07-06 11:46:39 | DEBUG    | clean_data           | Converted CHANGE (%) from str to numeric
2026-07-06 11:46:39 | DEBUG    | clean_data           | Converted VOLUME from int64 to numeric
2026-07-06 11:46:39 | INFO     | clean_data           | ✅ Data cleaned (495 rows, 16 columns)
2026-07-06 11:46:39 | DEBUG    | clean_data           | Final columns: ['SYMBOL', 'SECTOR', 'LDCP', 'OPEN', 'HIGH', 'LOW', 'CURRENT', 'CHANGE', 'CHANGE (%)', 'VOLUME', 'YEAR', 'MONTH', 'DAY', 'HOUR', 'MINUTE', 'DATETIME']
2026-07-06 11:46:39 | DEBUG    | get_file_path        | Generated file path: data/2026/07/2026-07-06.xlsx
2026-07-06 11:46:39 | INFO     | save_data            | Saving data to: data/2026/07/2026-07-06.xlsx
2026-07-06 11:46:39 | DEBUG    | _create_backup       | Backup created: data/2026/07/backups/2026-07-06_backup_20260706_114639.xlsx
2026-07-06 11:46:39 | DEBUG    | _cleanup_old_backups | Removed old backup: 2026-07-06_backup_20260706_114639.xlsx
2026-07-06 11:46:39 | DEBUG    | save_data            | Existing file found, merging data...
2026-07-06 11:46:42 | DEBUG    | save_data            | Loaded 28582 existing rows
2026-07-06 11:46:42 | DEBUG    | save_data            | Combined to 29077 rows
2026-07-06 11:46:42 | DEBUG    | save_data            | Writing to temporary file...
2026-07-06 11:46:47 | DEBUG    | save_data            | Data written to temp file: /home/runner/work/Thalorae-BackLioraen/Thalorae-BackLioraen/data/2026/07/tmpixwl2szj.xlsx
2026-07-06 11:46:47 | DEBUG    | save_data            | Temp file moved to final location
2026-07-06 11:46:47 | INFO     | save_data            | ✅ Data saved successfully (29077 total rows, 2,163,263 bytes)
2026-07-06 11:46:47 | INFO     | run                  | ======================================================================
2026-07-06 11:46:47 | INFO     | run                  | 📊 EXECUTION SUMMARY:
2026-07-06 11:46:47 | INFO     | run                  |    ✅ Status: SUCCESS
2026-07-06 11:46:47 | INFO     | run                  |    - Rows processed: 495
2026-07-06 11:46:47 | INFO     | run                  |    - Unique symbols: 495
2026-07-06 11:46:47 | INFO     | run                  |    - Timestamp: 2026-07-06 16:46:34
2026-07-06 11:46:47 | INFO     | run                  |    - File: data/2026/07/2026-07-06.xlsx
2026-07-06 11:46:47 | INFO     | run                  | ======================================================================
2026-07-06 11:46:47 | DEBUG    | run                  | Sample data (first row):
2026-07-06 11:46:47 | DEBUG    | run                  | {'SYMBOL': 'TPLP', 'SECTOR': 838, 'LDCP': 11.64, 'OPEN': 11.87, 'HIGH': 12.74, 'LOW': 11.87, 'CURRENT': 12.54, 'CHANGE': 0.9, 'CHANGE (%)': nan, 'VOLUME': 66770551, 'YEAR': 2026, 'MONTH': 7, 'DAY': 6, 'HOUR': 16, 'MINUTE': 46, 'DATETIME': '2026-07-06 16:46'}
2026-07-06 11:46:47 | DEBUG    | close                | Session closed
2026-07-06 11:51:48 | INFO     | run                  | ======================================================================
2026-07-06 11:51:48 | INFO     | run                  | 🚀 MARKET DATA SCRAPER - SINGLE EXECUTION
2026-07-06 11:51:48 | INFO     | run                  | ======================================================================
2026-07-06 11:51:48 | INFO     | run                  | Execution Time: 2026-07-06 16:51:48 PKT
2026-07-06 11:51:48 | INFO     | run                  | Configuration:
2026-07-06 11:51:48 | INFO     | run                  |    - Timezone: Asia/Karachi
2026-07-06 11:51:48 | INFO     | run                  |    - Data directory: data
2026-07-06 11:51:48 | INFO     | run                  |    - Log directory: logs
2026-07-06 11:51:48 | INFO     | run                  |    - Excluded symbols: {'XR', 'XD', 'XS', 'XT'}
2026-07-06 11:51:48 | INFO     | run                  | ======================================================================
2026-07-06 11:51:48 | INFO     | fetch_data           | Fetching data (Attempt 1/3)...
2026-07-06 11:51:48 | DEBUG    | fetch_data           | Establishing session with https://dps.psx.com.pk/
2026-07-06 11:51:50 | DEBUG    | fetch_data           | Requesting data from https://dps.psx.com.pk/market-watch
2026-07-06 11:51:52 | DEBUG    | fetch_data           | Response status: 200
2026-07-06 11:51:52 | DEBUG    | fetch_data           | Response content type: text/html; charset=utf-8
2026-07-06 11:51:52 | DEBUG    | fetch_data           | Response size: 475484 bytes
2026-07-06 11:51:52 | INFO     | fetch_data           | ✅ Data fetched successfully (Status: 200)
2026-07-06 11:51:52 | DEBUG    | parse_json           | Attempting JSON parsing...
2026-07-06 11:51:52 | DEBUG    | parse_json           | Response preview: <table class="tbl" data-page-length="25"><thead class="tbl__head"><!-- tr--><!--   th(colspan="11")--><!--   th.center(colspan="2", style="width: 110px;") TOTAL BUY ORDERS--><!--   th.center(colspan="2", style="width: 110px;") TOTAL SELL ORDERS--><tr><th data-name="symbol">SYMBOL</th><th data-name="sector">SECTOR</th><th data-name="listed">LISTED IN</th><th class="right" data-name="ldcp">LDCP</th><th class="right" data-name="open">OPEN</th><th class="right" data-name="high">HIGH</th><th class="r
2026-07-06 11:51:52 | WARNING  | parse_json           | ⚠️ JSON parsing failed: Expecting value: line 1 column 1 (char 0)
2026-07-06 11:51:52 | INFO     | run                  | JSON parsing failed, trying HTML fallback...
2026-07-06 11:51:52 | INFO     | parse_html           | Attempting HTML fallback parsing...
2026-07-06 11:51:52 | DEBUG    | parse_html           | Found 1 table(s) in HTML
2026-07-06 11:51:52 | DEBUG    | parse_html           | Table columns: ['SYMBOL', 'SECTOR', 'LISTED IN', 'LDCP', 'OPEN', 'HIGH', 'LOW', 'CURRENT', 'CHANGE', 'CHANGE (%)', 'VOLUME']
2026-07-06 11:51:52 | DEBUG    | parse_html           | Table shape: (495, 11)
2026-07-06 11:51:52 | INFO     | parse_html           | ✅ HTML parsed successfully (495 rows)
2026-07-06 11:51:52 | INFO     | clean_data           | Cleaning data...
2026-07-06 11:51:52 | DEBUG    | clean_data           | Initial shape: (495, 11)
2026-07-06 11:51:52 | DEBUG    | clean_data           | Initial columns: ['SYMBOL', 'SECTOR', 'LISTED IN', 'LDCP', 'OPEN', 'HIGH', 'LOW', 'CURRENT', 'CHANGE', 'CHANGE (%)', 'VOLUME']
2026-07-06 11:51:52 | DEBUG    | clean_data           | Removed 'LISTED IN' column
2026-07-06 11:51:52 | DEBUG    | clean_data           | Converted LDCP from float64 to numeric
2026-07-06 11:51:52 | DEBUG    | clean_data           | Converted OPEN from float64 to numeric
2026-07-06 11:51:52 | DEBUG    | clean_data           | Converted HIGH from float64 to numeric
2026-07-06 11:51:52 | DEBUG    | clean_data           | Converted LOW from float64 to numeric
2026-07-06 11:51:52 | DEBUG    | clean_data           | Converted CURRENT from float64 to numeric
2026-07-06 11:51:52 | DEBUG    | clean_data           | Converted CHANGE from float64 to numeric
2026-07-06 11:51:52 | WARNING  | clean_data           | Column CHANGE (%): 495 values could not be converted to numeric
2026-07-06 11:51:52 | DEBUG    | clean_data           | Converted CHANGE (%) from str to numeric
2026-07-06 11:51:52 | DEBUG    | clean_data           | Converted VOLUME from int64 to numeric
2026-07-06 11:51:52 | INFO     | clean_data           | ✅ Data cleaned (495 rows, 16 columns)
2026-07-06 11:51:52 | DEBUG    | clean_data           | Final columns: ['SYMBOL', 'SECTOR', 'LDCP', 'OPEN', 'HIGH', 'LOW', 'CURRENT', 'CHANGE', 'CHANGE (%)', 'VOLUME', 'YEAR', 'MONTH', 'DAY', 'HOUR', 'MINUTE', 'DATETIME']
2026-07-06 11:51:52 | DEBUG    | get_file_path        | Generated file path: data/2026/07/2026-07-06.xlsx
2026-07-06 11:51:52 | INFO     | save_data            | Saving data to: data/2026/07/2026-07-06.xlsx
2026-07-06 11:51:52 | DEBUG    | _create_backup       | Backup created: data/2026/07/backups/2026-07-06_backup_20260706_115152.xlsx
2026-07-06 11:51:52 | DEBUG    | _cleanup_old_backups | Removed old backup: 2026-07-06_backup_20260706_074205.xlsx
2026-07-06 11:51:52 | DEBUG    | save_data            | Existing file found, merging data...
2026-07-06 11:51:55 | DEBUG    | save_data            | Loaded 29077 existing rows
2026-07-06 11:51:55 | DEBUG    | save_data            | Combined to 29572 rows
2026-07-06 11:51:55 | DEBUG    | save_data            | Writing to temporary file...
2026-07-06 11:52:00 | DEBUG    | save_data            | Data written to temp file: /home/runner/work/Thalorae-BackLioraen/Thalorae-BackLioraen/data/2026/07/tmp6ual26dk.xlsx
2026-07-06 11:52:00 | DEBUG    | save_data            | Temp file moved to final location
2026-07-06 11:52:00 | INFO     | save_data            | ✅ Data saved successfully (29572 total rows, 2,200,686 bytes)
2026-07-06 11:52:00 | INFO     | run                  | ======================================================================
2026-07-06 11:52:00 | INFO     | run                  | 📊 EXECUTION SUMMARY:
2026-07-06 11:52:00 | INFO     | run                  |    ✅ Status: SUCCESS
2026-07-06 11:52:00 | INFO     | run                  |    - Rows processed: 495
2026-07-06 11:52:00 | INFO     | run                  |    - Unique symbols: 495
2026-07-06 11:52:00 | INFO     | run                  |    - Timestamp: 2026-07-06 16:51:48
2026-07-06 11:52:00 | INFO     | run                  |    - File: data/2026/07/2026-07-06.xlsx
2026-07-06 11:52:00 | INFO     | run                  | ======================================================================
2026-07-06 11:52:00 | DEBUG    | run                  | Sample data (first row):
2026-07-06 11:52:00 | DEBUG    | run                  | {'SYMBOL': 'TPLP', 'SECTOR': 838, 'LDCP': 11.64, 'OPEN': 11.87, 'HIGH': 12.74, 'LOW': 11.87, 'CURRENT': 12.54, 'CHANGE': 0.9, 'CHANGE (%)': nan, 'VOLUME': 66770551, 'YEAR': 2026, 'MONTH': 7, 'DAY': 6, 'HOUR': 16, 'MINUTE': 51, 'DATETIME': '2026-07-06 16:51'}
2026-07-06 11:52:00 | DEBUG    | close                | Session closed
2026-07-06 11:57:01 | INFO     | run                  | ======================================================================
2026-07-06 11:57:01 | INFO     | run                  | 🚀 MARKET DATA SCRAPER - SINGLE EXECUTION
2026-07-06 11:57:01 | INFO     | run                  | ======================================================================
2026-07-06 11:57:01 | INFO     | run                  | Execution Time: 2026-07-06 16:57:01 PKT
2026-07-06 11:57:01 | INFO     | run                  | Configuration:
2026-07-06 11:57:01 | INFO     | run                  |    - Timezone: Asia/Karachi
2026-07-06 11:57:01 | INFO     | run                  |    - Data directory: data
2026-07-06 11:57:01 | INFO     | run                  |    - Log directory: logs
2026-07-06 11:57:01 | INFO     | run                  |    - Excluded symbols: {'XD', 'XS', 'XR', 'XT'}
2026-07-06 11:57:01 | INFO     | run                  | ======================================================================
2026-07-06 11:57:01 | INFO     | fetch_data           | Fetching data (Attempt 1/3)...
2026-07-06 11:57:01 | DEBUG    | fetch_data           | Establishing session with https://dps.psx.com.pk/
2026-07-06 11:57:05 | DEBUG    | fetch_data           | Requesting data from https://dps.psx.com.pk/market-watch
2026-07-06 11:57:07 | DEBUG    | fetch_data           | Response status: 200
2026-07-06 11:57:07 | DEBUG    | fetch_data           | Response content type: text/html; charset=utf-8
2026-07-06 11:57:07 | DEBUG    | fetch_data           | Response size: 475484 bytes
2026-07-06 11:57:07 | INFO     | fetch_data           | ✅ Data fetched successfully (Status: 200)
2026-07-06 11:57:07 | DEBUG    | parse_json           | Attempting JSON parsing...
2026-07-06 11:57:07 | DEBUG    | parse_json           | Response preview: <table class="tbl" data-page-length="25"><thead class="tbl__head"><!-- tr--><!--   th(colspan="11")--><!--   th.center(colspan="2", style="width: 110px;") TOTAL BUY ORDERS--><!--   th.center(colspan="2", style="width: 110px;") TOTAL SELL ORDERS--><tr><th data-name="symbol">SYMBOL</th><th data-name="sector">SECTOR</th><th data-name="listed">LISTED IN</th><th class="right" data-name="ldcp">LDCP</th><th class="right" data-name="open">OPEN</th><th class="right" data-name="high">HIGH</th><th class="r
2026-07-06 11:57:07 | WARNING  | parse_json           | ⚠️ JSON parsing failed: Expecting value: line 1 column 1 (char 0)
2026-07-06 11:57:07 | INFO     | run                  | JSON parsing failed, trying HTML fallback...
2026-07-06 11:57:07 | INFO     | parse_html           | Attempting HTML fallback parsing...
2026-07-06 11:57:07 | DEBUG    | parse_html           | Found 1 table(s) in HTML
2026-07-06 11:57:07 | DEBUG    | parse_html           | Table columns: ['SYMBOL', 'SECTOR', 'LISTED IN', 'LDCP', 'OPEN', 'HIGH', 'LOW', 'CURRENT', 'CHANGE', 'CHANGE (%)', 'VOLUME']
2026-07-06 11:57:07 | DEBUG    | parse_html           | Table shape: (495, 11)
2026-07-06 11:57:07 | INFO     | parse_html           | ✅ HTML parsed successfully (495 rows)
2026-07-06 11:57:07 | INFO     | clean_data           | Cleaning data...
2026-07-06 11:57:07 | DEBUG    | clean_data           | Initial shape: (495, 11)
2026-07-06 11:57:07 | DEBUG    | clean_data           | Initial columns: ['SYMBOL', 'SECTOR', 'LISTED IN', 'LDCP', 'OPEN', 'HIGH', 'LOW', 'CURRENT', 'CHANGE', 'CHANGE (%)', 'VOLUME']
2026-07-06 11:57:07 | DEBUG    | clean_data           | Removed 'LISTED IN' column
2026-07-06 11:57:07 | DEBUG    | clean_data           | Converted LDCP from float64 to numeric
2026-07-06 11:57:07 | DEBUG    | clean_data           | Converted OPEN from float64 to numeric
2026-07-06 11:57:07 | DEBUG    | clean_data           | Converted HIGH from float64 to numeric
2026-07-06 11:57:07 | DEBUG    | clean_data           | Converted LOW from float64 to numeric
2026-07-06 11:57:07 | DEBUG    | clean_data           | Converted CURRENT from float64 to numeric
2026-07-06 11:57:07 | DEBUG    | clean_data           | Converted CHANGE from float64 to numeric
2026-07-06 11:57:07 | WARNING  | clean_data           | Column CHANGE (%): 495 values could not be converted to numeric
2026-07-06 11:57:07 | DEBUG    | clean_data           | Converted CHANGE (%) from str to numeric
2026-07-06 11:57:07 | DEBUG    | clean_data           | Converted VOLUME from int64 to numeric
2026-07-06 11:57:07 | INFO     | clean_data           | ✅ Data cleaned (495 rows, 16 columns)
2026-07-06 11:57:07 | DEBUG    | clean_data           | Final columns: ['SYMBOL', 'SECTOR', 'LDCP', 'OPEN', 'HIGH', 'LOW', 'CURRENT', 'CHANGE', 'CHANGE (%)', 'VOLUME', 'YEAR', 'MONTH', 'DAY', 'HOUR', 'MINUTE', 'DATETIME']
2026-07-06 11:57:07 | DEBUG    | get_file_path        | Generated file path: data/2026/07/2026-07-06.xlsx
2026-07-06 11:57:07 | INFO     | save_data            | Saving data to: data/2026/07/2026-07-06.xlsx
2026-07-06 11:57:07 | DEBUG    | _create_backup       | Backup created: data/2026/07/backups/2026-07-06_backup_20260706_115707.xlsx
2026-07-06 11:57:07 | DEBUG    | _cleanup_old_backups | Removed old backup: 2026-07-06_backup_20260706_074718.xlsx
2026-07-06 11:57:07 | DEBUG    | save_data            | Existing file found, merging data...
2026-07-06 11:57:10 | DEBUG    | save_data            | Loaded 29572 existing rows
2026-07-06 11:57:10 | DEBUG    | save_data            | Combined to 30067 rows
2026-07-06 11:57:10 | DEBUG    | save_data            | Writing to temporary file...
2026-07-06 11:57:15 | DEBUG    | save_data            | Data written to temp file: /home/runner/work/Thalorae-BackLioraen/Thalorae-BackLioraen/data/2026/07/tmp140g8yp_.xlsx
2026-07-06 11:57:15 | DEBUG    | save_data            | Temp file moved to final location
2026-07-06 11:57:15 | INFO     | save_data            | ✅ Data saved successfully (30067 total rows, 2,238,174 bytes)
2026-07-06 11:57:15 | INFO     | run                  | ======================================================================
2026-07-06 11:57:15 | INFO     | run                  | 📊 EXECUTION SUMMARY:
2026-07-06 11:57:15 | INFO     | run                  |    ✅ Status: SUCCESS
2026-07-06 11:57:15 | INFO     | run                  |    - Rows processed: 495
2026-07-06 11:57:15 | INFO     | run                  |    - Unique symbols: 495
2026-07-06 11:57:15 | INFO     | run                  |    - Timestamp: 2026-07-06 16:57:01
2026-07-06 11:57:15 | INFO     | run                  |    - File: data/2026/07/2026-07-06.xlsx
2026-07-06 11:57:15 | INFO     | run                  | ======================================================================
2026-07-06 11:57:15 | DEBUG    | run                  | Sample data (first row):
2026-07-06 11:57:15 | DEBUG    | run                  | {'SYMBOL': 'TPLP', 'SECTOR': 838, 'LDCP': 11.64, 'OPEN': 11.87, 'HIGH': 12.74, 'LOW': 11.87, 'CURRENT': 12.54, 'CHANGE': 0.9, 'CHANGE (%)': nan, 'VOLUME': 66770551, 'YEAR': 2026, 'MONTH': 7, 'DAY': 6, 'HOUR': 16, 'MINUTE': 57, 'DATETIME': '2026-07-06 16:57'}
2026-07-06 11:57:15 | DEBUG    | close                | Session closed
2026-07-06 12:02:16 | INFO     | run                  | ======================================================================
2026-07-06 12:02:16 | INFO     | run                  | 🚀 MARKET DATA SCRAPER - SINGLE EXECUTION
2026-07-06 12:02:16 | INFO     | run                  | ======================================================================
2026-07-06 12:02:16 | INFO     | run                  | Execution Time: 2026-07-06 17:02:16 PKT
2026-07-06 12:02:16 | INFO     | run                  | Configuration:
2026-07-06 12:02:16 | INFO     | run                  |    - Timezone: Asia/Karachi
2026-07-06 12:02:16 | INFO     | run                  |    - Data directory: data
2026-07-06 12:02:16 | INFO     | run                  |    - Log directory: logs
2026-07-06 12:02:16 | INFO     | run                  |    - Excluded symbols: {'XT', 'XD', 'XR', 'XS'}
2026-07-06 12:02:16 | INFO     | run                  | ======================================================================
2026-07-06 12:02:16 | INFO     | fetch_data           | Fetching data (Attempt 1/3)...
2026-07-06 12:02:16 | DEBUG    | fetch_data           | Establishing session with https://dps.psx.com.pk/
2026-07-06 12:02:18 | DEBUG    | fetch_data           | Requesting data from https://dps.psx.com.pk/market-watch
2026-07-06 12:02:19 | DEBUG    | fetch_data           | Response status: 200
2026-07-06 12:02:19 | DEBUG    | fetch_data           | Response content type: text/html; charset=utf-8
2026-07-06 12:02:19 | DEBUG    | fetch_data           | Response size: 475484 bytes
2026-07-06 12:02:19 | INFO     | fetch_data           | ✅ Data fetched successfully (Status: 200)
2026-07-06 12:02:19 | DEBUG    | parse_json           | Attempting JSON parsing...
2026-07-06 12:02:19 | DEBUG    | parse_json           | Response preview: <table class="tbl" data-page-length="25"><thead class="tbl__head"><!-- tr--><!--   th(colspan="11")--><!--   th.center(colspan="2", style="width: 110px;") TOTAL BUY ORDERS--><!--   th.center(colspan="2", style="width: 110px;") TOTAL SELL ORDERS--><tr><th data-name="symbol">SYMBOL</th><th data-name="sector">SECTOR</th><th data-name="listed">LISTED IN</th><th class="right" data-name="ldcp">LDCP</th><th class="right" data-name="open">OPEN</th><th class="right" data-name="high">HIGH</th><th class="r
2026-07-06 12:02:19 | WARNING  | parse_json           | ⚠️ JSON parsing failed: Expecting value: line 1 column 1 (char 0)
2026-07-06 12:02:19 | INFO     | run                  | JSON parsing failed, trying HTML fallback...
2026-07-06 12:02:19 | INFO     | parse_html           | Attempting HTML fallback parsing...
2026-07-06 12:02:19 | DEBUG    | parse_html           | Found 1 table(s) in HTML
2026-07-06 12:02:19 | DEBUG    | parse_html           | Table columns: ['SYMBOL', 'SECTOR', 'LISTED IN', 'LDCP', 'OPEN', 'HIGH', 'LOW', 'CURRENT', 'CHANGE', 'CHANGE (%)', 'VOLUME']
2026-07-06 12:02:19 | DEBUG    | parse_html           | Table shape: (495, 11)
2026-07-06 12:02:19 | INFO     | parse_html           | ✅ HTML parsed successfully (495 rows)
2026-07-06 12:02:19 | INFO     | clean_data           | Cleaning data...
2026-07-06 12:02:19 | DEBUG    | clean_data           | Initial shape: (495, 11)
2026-07-06 12:02:19 | DEBUG    | clean_data           | Initial columns: ['SYMBOL', 'SECTOR', 'LISTED IN', 'LDCP', 'OPEN', 'HIGH', 'LOW', 'CURRENT', 'CHANGE', 'CHANGE (%)', 'VOLUME']
2026-07-06 12:02:19 | DEBUG    | clean_data           | Removed 'LISTED IN' column
2026-07-06 12:02:19 | DEBUG    | clean_data           | Converted LDCP from float64 to numeric
2026-07-06 12:02:19 | DEBUG    | clean_data           | Converted OPEN from float64 to numeric
2026-07-06 12:02:19 | DEBUG    | clean_data           | Converted HIGH from float64 to numeric
2026-07-06 12:02:19 | DEBUG    | clean_data           | Converted LOW from float64 to numeric
2026-07-06 12:02:19 | DEBUG    | clean_data           | Converted CURRENT from float64 to numeric
2026-07-06 12:02:19 | DEBUG    | clean_data           | Converted CHANGE from float64 to numeric
2026-07-06 12:02:19 | WARNING  | clean_data           | Column CHANGE (%): 495 values could not be converted to numeric
2026-07-06 12:02:19 | DEBUG    | clean_data           | Converted CHANGE (%) from str to numeric
2026-07-06 12:02:19 | DEBUG    | clean_data           | Converted VOLUME from int64 to numeric
2026-07-06 12:02:19 | INFO     | clean_data           | ✅ Data cleaned (495 rows, 16 columns)
2026-07-06 12:02:19 | DEBUG    | clean_data           | Final columns: ['SYMBOL', 'SECTOR', 'LDCP', 'OPEN', 'HIGH', 'LOW', 'CURRENT', 'CHANGE', 'CHANGE (%)', 'VOLUME', 'YEAR', 'MONTH', 'DAY', 'HOUR', 'MINUTE', 'DATETIME']
2026-07-06 12:02:19 | DEBUG    | get_file_path        | Generated file path: data/2026/07/2026-07-06.xlsx
2026-07-06 12:02:19 | INFO     | save_data            | Saving data to: data/2026/07/2026-07-06.xlsx
2026-07-06 12:02:19 | DEBUG    | _create_backup       | Backup created: data/2026/07/backups/2026-07-06_backup_20260706_120219.xlsx
2026-07-06 12:02:19 | DEBUG    | _cleanup_old_backups | Removed old backup: 2026-07-06_backup_20260706_075231.xlsx
2026-07-06 12:02:19 | DEBUG    | save_data            | Existing file found, merging data...
2026-07-06 12:02:22 | DEBUG    | save_data            | Loaded 30067 existing rows
2026-07-06 12:02:22 | DEBUG    | save_data            | Combined to 30562 rows
2026-07-06 12:02:22 | DEBUG    | save_data            | Writing to temporary file...
2026-07-06 12:02:28 | DEBUG    | save_data            | Data written to temp file: /home/runner/work/Thalorae-BackLioraen/Thalorae-BackLioraen/data/2026/07/tmpzqf_u6k_.xlsx
2026-07-06 12:02:28 | DEBUG    | save_data            | Temp file moved to final location
2026-07-06 12:02:28 | INFO     | save_data            | ✅ Data saved successfully (30562 total rows, 2,275,670 bytes)
2026-07-06 12:02:28 | INFO     | run                  | ======================================================================
2026-07-06 12:02:28 | INFO     | run                  | 📊 EXECUTION SUMMARY:
2026-07-06 12:02:28 | INFO     | run                  |    ✅ Status: SUCCESS
2026-07-06 12:02:28 | INFO     | run                  |    - Rows processed: 495
2026-07-06 12:02:28 | INFO     | run                  |    - Unique symbols: 495
2026-07-06 12:02:28 | INFO     | run                  |    - Timestamp: 2026-07-06 17:02:16
2026-07-06 12:02:28 | INFO     | run                  |    - File: data/2026/07/2026-07-06.xlsx
2026-07-06 12:02:28 | INFO     | run                  | ======================================================================
2026-07-06 12:02:28 | DEBUG    | run                  | Sample data (first row):
2026-07-06 12:02:28 | DEBUG    | run                  | {'SYMBOL': 'TPLP', 'SECTOR': 838, 'LDCP': 11.64, 'OPEN': 11.87, 'HIGH': 12.74, 'LOW': 11.87, 'CURRENT': 12.54, 'CHANGE': 0.9, 'CHANGE (%)': nan, 'VOLUME': 66770551, 'YEAR': 2026, 'MONTH': 7, 'DAY': 6, 'HOUR': 17, 'MINUTE': 2, 'DATETIME': '2026-07-06 17:02'}
2026-07-06 12:02:28 | DEBUG    | close                | Session closed
2026-07-06 12:07:29 | INFO     | run                  | ======================================================================
2026-07-06 12:07:29 | INFO     | run                  | 🚀 MARKET DATA SCRAPER - SINGLE EXECUTION
2026-07-06 12:07:29 | INFO     | run                  | ======================================================================
2026-07-06 12:07:29 | INFO     | run                  | Execution Time: 2026-07-06 17:07:29 PKT
2026-07-06 12:07:29 | INFO     | run                  | Configuration:
2026-07-06 12:07:29 | INFO     | run                  |    - Timezone: Asia/Karachi
2026-07-06 12:07:29 | INFO     | run                  |    - Data directory: data
2026-07-06 12:07:29 | INFO     | run                  |    - Log directory: logs
2026-07-06 12:07:29 | INFO     | run                  |    - Excluded symbols: {'XR', 'XT', 'XS', 'XD'}
2026-07-06 12:07:29 | INFO     | run                  | ======================================================================
2026-07-06 12:07:29 | INFO     | fetch_data           | Fetching data (Attempt 1/3)...
2026-07-06 12:07:29 | DEBUG    | fetch_data           | Establishing session with https://dps.psx.com.pk/
2026-07-06 12:07:32 | DEBUG    | fetch_data           | Requesting data from https://dps.psx.com.pk/market-watch
2026-07-06 12:07:34 | DEBUG    | fetch_data           | Response status: 200
2026-07-06 12:07:34 | DEBUG    | fetch_data           | Response content type: text/html; charset=utf-8
2026-07-06 12:07:34 | DEBUG    | fetch_data           | Response size: 475484 bytes
2026-07-06 12:07:34 | INFO     | fetch_data           | ✅ Data fetched successfully (Status: 200)
2026-07-06 12:07:34 | DEBUG    | parse_json           | Attempting JSON parsing...
2026-07-06 12:07:34 | DEBUG    | parse_json           | Response preview: <table class="tbl" data-page-length="25"><thead class="tbl__head"><!-- tr--><!--   th(colspan="11")--><!--   th.center(colspan="2", style="width: 110px;") TOTAL BUY ORDERS--><!--   th.center(colspan="2", style="width: 110px;") TOTAL SELL ORDERS--><tr><th data-name="symbol">SYMBOL</th><th data-name="sector">SECTOR</th><th data-name="listed">LISTED IN</th><th class="right" data-name="ldcp">LDCP</th><th class="right" data-name="open">OPEN</th><th class="right" data-name="high">HIGH</th><th class="r
2026-07-06 12:07:34 | WARNING  | parse_json           | ⚠️ JSON parsing failed: Expecting value: line 1 column 1 (char 0)
2026-07-06 12:07:34 | INFO     | run                  | JSON parsing failed, trying HTML fallback...
2026-07-06 12:07:34 | INFO     | parse_html           | Attempting HTML fallback parsing...
2026-07-06 12:07:34 | DEBUG    | parse_html           | Found 1 table(s) in HTML
2026-07-06 12:07:34 | DEBUG    | parse_html           | Table columns: ['SYMBOL', 'SECTOR', 'LISTED IN', 'LDCP', 'OPEN', 'HIGH', 'LOW', 'CURRENT', 'CHANGE', 'CHANGE (%)', 'VOLUME']
2026-07-06 12:07:34 | DEBUG    | parse_html           | Table shape: (495, 11)
2026-07-06 12:07:34 | INFO     | parse_html           | ✅ HTML parsed successfully (495 rows)
2026-07-06 12:07:34 | INFO     | clean_data           | Cleaning data...
2026-07-06 12:07:34 | DEBUG    | clean_data           | Initial shape: (495, 11)
2026-07-06 12:07:34 | DEBUG    | clean_data           | Initial columns: ['SYMBOL', 'SECTOR', 'LISTED IN', 'LDCP', 'OPEN', 'HIGH', 'LOW', 'CURRENT', 'CHANGE', 'CHANGE (%)', 'VOLUME']
2026-07-06 12:07:34 | DEBUG    | clean_data           | Removed 'LISTED IN' column
2026-07-06 12:07:34 | DEBUG    | clean_data           | Converted LDCP from float64 to numeric
2026-07-06 12:07:34 | DEBUG    | clean_data           | Converted OPEN from float64 to numeric
2026-07-06 12:07:34 | DEBUG    | clean_data           | Converted HIGH from float64 to numeric
2026-07-06 12:07:34 | DEBUG    | clean_data           | Converted LOW from float64 to numeric
2026-07-06 12:07:34 | DEBUG    | clean_data           | Converted CURRENT from float64 to numeric
2026-07-06 12:07:34 | DEBUG    | clean_data           | Converted CHANGE from float64 to numeric
2026-07-06 12:07:34 | WARNING  | clean_data           | Column CHANGE (%): 495 values could not be converted to numeric
2026-07-06 12:07:34 | DEBUG    | clean_data           | Converted CHANGE (%) from str to numeric
2026-07-06 12:07:34 | DEBUG    | clean_data           | Converted VOLUME from int64 to numeric
2026-07-06 12:07:34 | INFO     | clean_data           | ✅ Data cleaned (495 rows, 16 columns)
2026-07-06 12:07:34 | DEBUG    | clean_data           | Final columns: ['SYMBOL', 'SECTOR', 'LDCP', 'OPEN', 'HIGH', 'LOW', 'CURRENT', 'CHANGE', 'CHANGE (%)', 'VOLUME', 'YEAR', 'MONTH', 'DAY', 'HOUR', 'MINUTE', 'DATETIME']
2026-07-06 12:07:34 | DEBUG    | get_file_path        | Generated file path: data/2026/07/2026-07-06.xlsx
2026-07-06 12:07:34 | INFO     | save_data            | Saving data to: data/2026/07/2026-07-06.xlsx
2026-07-06 12:07:34 | DEBUG    | _create_backup       | Backup created: data/2026/07/backups/2026-07-06_backup_20260706_120734.xlsx
2026-07-06 12:07:34 | DEBUG    | _cleanup_old_backups | Removed old backup: 2026-07-06_backup_20260706_075746.xlsx
2026-07-06 12:07:34 | DEBUG    | save_data            | Existing file found, merging data...
2026-07-06 12:07:37 | DEBUG    | save_data            | Loaded 30562 existing rows
2026-07-06 12:07:37 | DEBUG    | save_data            | Combined to 31057 rows
2026-07-06 12:07:37 | DEBUG    | save_data            | Writing to temporary file...
2026-07-06 12:07:43 | DEBUG    | save_data            | Data written to temp file: /home/runner/work/Thalorae-BackLioraen/Thalorae-BackLioraen/data/2026/07/tmpxihjc36w.xlsx
2026-07-06 12:07:43 | DEBUG    | save_data            | Temp file moved to final location
2026-07-06 12:07:43 | INFO     | save_data            | ✅ Data saved successfully (31057 total rows, 2,313,202 bytes)
2026-07-06 12:07:43 | INFO     | run                  | ======================================================================
2026-07-06 12:07:43 | INFO     | run                  | 📊 EXECUTION SUMMARY:
2026-07-06 12:07:43 | INFO     | run                  |    ✅ Status: SUCCESS
2026-07-06 12:07:43 | INFO     | run                  |    - Rows processed: 495
2026-07-06 12:07:43 | INFO     | run                  |    - Unique symbols: 495
2026-07-06 12:07:43 | INFO     | run                  |    - Timestamp: 2026-07-06 17:07:29
2026-07-06 12:07:43 | INFO     | run                  |    - File: data/2026/07/2026-07-06.xlsx
2026-07-06 12:07:43 | INFO     | run                  | ======================================================================
2026-07-06 12:07:43 | DEBUG    | run                  | Sample data (first row):
2026-07-06 12:07:43 | DEBUG    | run                  | {'SYMBOL': 'TPLP', 'SECTOR': 838, 'LDCP': 11.64, 'OPEN': 11.87, 'HIGH': 12.74, 'LOW': 11.87, 'CURRENT': 12.54, 'CHANGE': 0.9, 'CHANGE (%)': nan, 'VOLUME': 66770551, 'YEAR': 2026, 'MONTH': 7, 'DAY': 6, 'HOUR': 17, 'MINUTE': 7, 'DATETIME': '2026-07-06 17:07'}
2026-07-06 12:07:43 | DEBUG    | close                | Session closed
2026-07-06 12:12:43 | INFO     | run                  | ======================================================================
2026-07-06 12:12:43 | INFO     | run                  | 🚀 MARKET DATA SCRAPER - SINGLE EXECUTION
2026-07-06 12:12:43 | INFO     | run                  | ======================================================================
2026-07-06 12:12:43 | INFO     | run                  | Execution Time: 2026-07-06 17:12:43 PKT
2026-07-06 12:12:43 | INFO     | run                  | Configuration:
2026-07-06 12:12:43 | INFO     | run                  |    - Timezone: Asia/Karachi
2026-07-06 12:12:43 | INFO     | run                  |    - Data directory: data
2026-07-06 12:12:43 | INFO     | run                  |    - Log directory: logs
2026-07-06 12:12:43 | INFO     | run                  |    - Excluded symbols: {'XD', 'XT', 'XR', 'XS'}
2026-07-06 12:12:43 | INFO     | run                  | ======================================================================
2026-07-06 12:12:43 | INFO     | fetch_data           | Fetching data (Attempt 1/3)...
2026-07-06 12:12:43 | DEBUG    | fetch_data           | Establishing session with https://dps.psx.com.pk/
2026-07-06 12:12:46 | DEBUG    | fetch_data           | Requesting data from https://dps.psx.com.pk/market-watch
2026-07-06 12:12:48 | DEBUG    | fetch_data           | Response status: 200
2026-07-06 12:12:48 | DEBUG    | fetch_data           | Response content type: text/html; charset=utf-8
2026-07-06 12:12:48 | DEBUG    | fetch_data           | Response size: 475484 bytes
2026-07-06 12:12:48 | INFO     | fetch_data           | ✅ Data fetched successfully (Status: 200)
2026-07-06 12:12:48 | DEBUG    | parse_json           | Attempting JSON parsing...
2026-07-06 12:12:48 | DEBUG    | parse_json           | Response preview: <table class="tbl" data-page-length="25"><thead class="tbl__head"><!-- tr--><!--   th(colspan="11")--><!--   th.center(colspan="2", style="width: 110px;") TOTAL BUY ORDERS--><!--   th.center(colspan="2", style="width: 110px;") TOTAL SELL ORDERS--><tr><th data-name="symbol">SYMBOL</th><th data-name="sector">SECTOR</th><th data-name="listed">LISTED IN</th><th class="right" data-name="ldcp">LDCP</th><th class="right" data-name="open">OPEN</th><th class="right" data-name="high">HIGH</th><th class="r
2026-07-06 12:12:48 | WARNING  | parse_json           | ⚠️ JSON parsing failed: Expecting value: line 1 column 1 (char 0)
2026-07-06 12:12:48 | INFO     | run                  | JSON parsing failed, trying HTML fallback...
2026-07-06 12:12:48 | INFO     | parse_html           | Attempting HTML fallback parsing...
2026-07-06 12:12:48 | DEBUG    | parse_html           | Found 1 table(s) in HTML
2026-07-06 12:12:48 | DEBUG    | parse_html           | Table columns: ['SYMBOL', 'SECTOR', 'LISTED IN', 'LDCP', 'OPEN', 'HIGH', 'LOW', 'CURRENT', 'CHANGE', 'CHANGE (%)', 'VOLUME']
2026-07-06 12:12:48 | DEBUG    | parse_html           | Table shape: (495, 11)
2026-07-06 12:12:48 | INFO     | parse_html           | ✅ HTML parsed successfully (495 rows)
2026-07-06 12:12:48 | INFO     | clean_data           | Cleaning data...
2026-07-06 12:12:48 | DEBUG    | clean_data           | Initial shape: (495, 11)
2026-07-06 12:12:48 | DEBUG    | clean_data           | Initial columns: ['SYMBOL', 'SECTOR', 'LISTED IN', 'LDCP', 'OPEN', 'HIGH', 'LOW', 'CURRENT', 'CHANGE', 'CHANGE (%)', 'VOLUME']
2026-07-06 12:12:48 | DEBUG    | clean_data           | Removed 'LISTED IN' column
2026-07-06 12:12:48 | DEBUG    | clean_data           | Converted LDCP from float64 to numeric
2026-07-06 12:12:48 | DEBUG    | clean_data           | Converted OPEN from float64 to numeric
2026-07-06 12:12:48 | DEBUG    | clean_data           | Converted HIGH from float64 to numeric
2026-07-06 12:12:48 | DEBUG    | clean_data           | Converted LOW from float64 to numeric
2026-07-06 12:12:48 | DEBUG    | clean_data           | Converted CURRENT from float64 to numeric
2026-07-06 12:12:48 | DEBUG    | clean_data           | Converted CHANGE from float64 to numeric
2026-07-06 12:12:48 | WARNING  | clean_data           | Column CHANGE (%): 495 values could not be converted to numeric
2026-07-06 12:12:48 | DEBUG    | clean_data           | Converted CHANGE (%) from str to numeric
2026-07-06 12:12:48 | DEBUG    | clean_data           | Converted VOLUME from int64 to numeric
2026-07-06 12:12:48 | INFO     | clean_data           | ✅ Data cleaned (495 rows, 16 columns)
2026-07-06 12:12:48 | DEBUG    | clean_data           | Final columns: ['SYMBOL', 'SECTOR', 'LDCP', 'OPEN', 'HIGH', 'LOW', 'CURRENT', 'CHANGE', 'CHANGE (%)', 'VOLUME', 'YEAR', 'MONTH', 'DAY', 'HOUR', 'MINUTE', 'DATETIME']
2026-07-06 12:12:48 | DEBUG    | get_file_path        | Generated file path: data/2026/07/2026-07-06.xlsx
2026-07-06 12:12:48 | INFO     | save_data            | Saving data to: data/2026/07/2026-07-06.xlsx
2026-07-06 12:12:48 | DEBUG    | _create_backup       | Backup created: data/2026/07/backups/2026-07-06_backup_20260706_121248.xlsx
2026-07-06 12:12:48 | DEBUG    | _cleanup_old_backups | Removed old backup: 2026-07-06_backup_20260706_080301.xlsx
2026-07-06 12:12:48 | DEBUG    | save_data            | Existing file found, merging data...
2026-07-06 12:12:51 | DEBUG    | save_data            | Loaded 31057 existing rows
2026-07-06 12:12:51 | DEBUG    | save_data            | Combined to 31552 rows
2026-07-06 12:12:51 | DEBUG    | save_data            | Writing to temporary file...
2026-07-06 12:12:57 | DEBUG    | save_data            | Data written to temp file: /home/runner/work/Thalorae-BackLioraen/Thalorae-BackLioraen/data/2026/07/tmp2fpmr_jz.xlsx
2026-07-06 12:12:57 | DEBUG    | save_data            | Temp file moved to final location
2026-07-06 12:12:57 | INFO     | save_data            | ✅ Data saved successfully (31552 total rows, 2,350,720 bytes)
2026-07-06 12:12:57 | INFO     | run                  | ======================================================================
2026-07-06 12:12:57 | INFO     | run                  | 📊 EXECUTION SUMMARY:
2026-07-06 12:12:57 | INFO     | run                  |    ✅ Status: SUCCESS
2026-07-06 12:12:57 | INFO     | run                  |    - Rows processed: 495
2026-07-06 12:12:57 | INFO     | run                  |    - Unique symbols: 495
2026-07-06 12:12:57 | INFO     | run                  |    - Timestamp: 2026-07-06 17:12:43
2026-07-06 12:12:57 | INFO     | run                  |    - File: data/2026/07/2026-07-06.xlsx
2026-07-06 12:12:57 | INFO     | run                  | ======================================================================
2026-07-06 12:12:57 | DEBUG    | run                  | Sample data (first row):
2026-07-06 12:12:57 | DEBUG    | run                  | {'SYMBOL': 'TPLP', 'SECTOR': 838, 'LDCP': 11.64, 'OPEN': 11.87, 'HIGH': 12.74, 'LOW': 11.87, 'CURRENT': 12.54, 'CHANGE': 0.9, 'CHANGE (%)': nan, 'VOLUME': 66770551, 'YEAR': 2026, 'MONTH': 7, 'DAY': 6, 'HOUR': 17, 'MINUTE': 12, 'DATETIME': '2026-07-06 17:12'}
2026-07-06 12:12:57 | DEBUG    | close                | Session closed
2026-07-06 12:17:57 | INFO     | run                  | ======================================================================
2026-07-06 12:17:57 | INFO     | run                  | 🚀 MARKET DATA SCRAPER - SINGLE EXECUTION
2026-07-06 12:17:57 | INFO     | run                  | ======================================================================
2026-07-06 12:17:57 | INFO     | run                  | Execution Time: 2026-07-06 17:17:57 PKT
2026-07-06 12:17:57 | INFO     | run                  | Configuration:
2026-07-06 12:17:57 | INFO     | run                  |    - Timezone: Asia/Karachi
2026-07-06 12:17:57 | INFO     | run                  |    - Data directory: data
2026-07-06 12:17:57 | INFO     | run                  |    - Log directory: logs
2026-07-06 12:17:57 | INFO     | run                  |    - Excluded symbols: {'XT', 'XR', 'XS', 'XD'}
2026-07-06 12:17:57 | INFO     | run                  | ======================================================================
2026-07-06 12:17:57 | INFO     | fetch_data           | Fetching data (Attempt 1/3)...
2026-07-06 12:17:57 | DEBUG    | fetch_data           | Establishing session with https://dps.psx.com.pk/
2026-07-06 12:18:01 | DEBUG    | fetch_data           | Requesting data from https://dps.psx.com.pk/market-watch
2026-07-06 12:18:03 | DEBUG    | fetch_data           | Response status: 200
2026-07-06 12:18:03 | DEBUG    | fetch_data           | Response content type: text/html; charset=utf-8
2026-07-06 12:18:03 | DEBUG    | fetch_data           | Response size: 475484 bytes
2026-07-06 12:18:03 | INFO     | fetch_data           | ✅ Data fetched successfully (Status: 200)
2026-07-06 12:18:03 | DEBUG    | parse_json           | Attempting JSON parsing...
2026-07-06 12:18:03 | DEBUG    | parse_json           | Response preview: <table class="tbl" data-page-length="25"><thead class="tbl__head"><!-- tr--><!--   th(colspan="11")--><!--   th.center(colspan="2", style="width: 110px;") TOTAL BUY ORDERS--><!--   th.center(colspan="2", style="width: 110px;") TOTAL SELL ORDERS--><tr><th data-name="symbol">SYMBOL</th><th data-name="sector">SECTOR</th><th data-name="listed">LISTED IN</th><th class="right" data-name="ldcp">LDCP</th><th class="right" data-name="open">OPEN</th><th class="right" data-name="high">HIGH</th><th class="r
2026-07-06 12:18:03 | WARNING  | parse_json           | ⚠️ JSON parsing failed: Expecting value: line 1 column 1 (char 0)
2026-07-06 12:18:03 | INFO     | run                  | JSON parsing failed, trying HTML fallback...
2026-07-06 12:18:03 | INFO     | parse_html           | Attempting HTML fallback parsing...
2026-07-06 12:18:03 | DEBUG    | parse_html           | Found 1 table(s) in HTML
2026-07-06 12:18:03 | DEBUG    | parse_html           | Table columns: ['SYMBOL', 'SECTOR', 'LISTED IN', 'LDCP', 'OPEN', 'HIGH', 'LOW', 'CURRENT', 'CHANGE', 'CHANGE (%)', 'VOLUME']
2026-07-06 12:18:03 | DEBUG    | parse_html           | Table shape: (495, 11)
2026-07-06 12:18:03 | INFO     | parse_html           | ✅ HTML parsed successfully (495 rows)
2026-07-06 12:18:03 | INFO     | clean_data           | Cleaning data...
2026-07-06 12:18:03 | DEBUG    | clean_data           | Initial shape: (495, 11)
2026-07-06 12:18:03 | DEBUG    | clean_data           | Initial columns: ['SYMBOL', 'SECTOR', 'LISTED IN', 'LDCP', 'OPEN', 'HIGH', 'LOW', 'CURRENT', 'CHANGE', 'CHANGE (%)', 'VOLUME']
2026-07-06 12:18:03 | DEBUG    | clean_data           | Removed 'LISTED IN' column
2026-07-06 12:18:03 | DEBUG    | clean_data           | Converted LDCP from float64 to numeric
2026-07-06 12:18:03 | DEBUG    | clean_data           | Converted OPEN from float64 to numeric
2026-07-06 12:18:03 | DEBUG    | clean_data           | Converted HIGH from float64 to numeric
2026-07-06 12:18:03 | DEBUG    | clean_data           | Converted LOW from float64 to numeric
2026-07-06 12:18:03 | DEBUG    | clean_data           | Converted CURRENT from float64 to numeric
2026-07-06 12:18:03 | DEBUG    | clean_data           | Converted CHANGE from float64 to numeric
2026-07-06 12:18:03 | WARNING  | clean_data           | Column CHANGE (%): 495 values could not be converted to numeric
2026-07-06 12:18:03 | DEBUG    | clean_data           | Converted CHANGE (%) from str to numeric
2026-07-06 12:18:03 | DEBUG    | clean_data           | Converted VOLUME from int64 to numeric
2026-07-06 12:18:03 | INFO     | clean_data           | ✅ Data cleaned (495 rows, 16 columns)
2026-07-06 12:18:03 | DEBUG    | clean_data           | Final columns: ['SYMBOL', 'SECTOR', 'LDCP', 'OPEN', 'HIGH', 'LOW', 'CURRENT', 'CHANGE', 'CHANGE (%)', 'VOLUME', 'YEAR', 'MONTH', 'DAY', 'HOUR', 'MINUTE', 'DATETIME']
2026-07-06 12:18:03 | DEBUG    | get_file_path        | Generated file path: data/2026/07/2026-07-06.xlsx
2026-07-06 12:18:03 | INFO     | save_data            | Saving data to: data/2026/07/2026-07-06.xlsx
2026-07-06 12:18:03 | DEBUG    | _create_backup       | Backup created: data/2026/07/backups/2026-07-06_backup_20260706_121803.xlsx
2026-07-06 12:18:03 | DEBUG    | _cleanup_old_backups | Removed old backup: 2026-07-06_backup_20260706_115152.xlsx
2026-07-06 12:18:03 | DEBUG    | save_data            | Existing file found, merging data...
2026-07-06 12:18:06 | DEBUG    | save_data            | Loaded 31552 existing rows
2026-07-06 12:18:06 | DEBUG    | save_data            | Combined to 32047 rows
2026-07-06 12:18:06 | DEBUG    | save_data            | Writing to temporary file...
2026-07-06 12:18:12 | DEBUG    | save_data            | Data written to temp file: /home/runner/work/Thalorae-BackLioraen/Thalorae-BackLioraen/data/2026/07/tmpcewt8i_l.xlsx
2026-07-06 12:18:12 | DEBUG    | save_data            | Temp file moved to final location
2026-07-06 12:18:12 | INFO     | save_data            | ✅ Data saved successfully (32047 total rows, 2,388,014 bytes)
2026-07-06 12:18:12 | INFO     | run                  | ======================================================================
2026-07-06 12:18:12 | INFO     | run                  | 📊 EXECUTION SUMMARY:
2026-07-06 12:18:12 | INFO     | run                  |    ✅ Status: SUCCESS
2026-07-06 12:18:12 | INFO     | run                  |    - Rows processed: 495
2026-07-06 12:18:12 | INFO     | run                  |    - Unique symbols: 495
2026-07-06 12:18:12 | INFO     | run                  |    - Timestamp: 2026-07-06 17:17:57
2026-07-06 12:18:12 | INFO     | run                  |    - File: data/2026/07/2026-07-06.xlsx
2026-07-06 12:18:12 | INFO     | run                  | ======================================================================
2026-07-06 12:18:12 | DEBUG    | run                  | Sample data (first row):
2026-07-06 12:18:12 | DEBUG    | run                  | {'SYMBOL': 'TPLP', 'SECTOR': 838, 'LDCP': 11.64, 'OPEN': 11.87, 'HIGH': 12.74, 'LOW': 11.87, 'CURRENT': 12.54, 'CHANGE': 0.9, 'CHANGE (%)': nan, 'VOLUME': 66770551, 'YEAR': 2026, 'MONTH': 7, 'DAY': 6, 'HOUR': 17, 'MINUTE': 17, 'DATETIME': '2026-07-06 17:17'}
2026-07-06 12:18:12 | DEBUG    | close                | Session closed
2026-07-06 12:23:13 | INFO     | run                  | ======================================================================
2026-07-06 12:23:13 | INFO     | run                  | 🚀 MARKET DATA SCRAPER - SINGLE EXECUTION
2026-07-06 12:23:13 | INFO     | run                  | ======================================================================
2026-07-06 12:23:13 | INFO     | run                  | Execution Time: 2026-07-06 17:23:13 PKT
2026-07-06 12:23:13 | INFO     | run                  | Configuration:
2026-07-06 12:23:13 | INFO     | run                  |    - Timezone: Asia/Karachi
2026-07-06 12:23:13 | INFO     | run                  |    - Data directory: data
2026-07-06 12:23:13 | INFO     | run                  |    - Log directory: logs
2026-07-06 12:23:13 | INFO     | run                  |    - Excluded symbols: {'XT', 'XS', 'XD', 'XR'}
2026-07-06 12:23:13 | INFO     | run                  | ======================================================================
2026-07-06 12:23:13 | INFO     | fetch_data           | Fetching data (Attempt 1/3)...
2026-07-06 12:23:13 | DEBUG    | fetch_data           | Establishing session with https://dps.psx.com.pk/
2026-07-06 12:23:17 | DEBUG    | fetch_data           | Requesting data from https://dps.psx.com.pk/market-watch
2026-07-06 12:23:18 | DEBUG    | fetch_data           | Response status: 200
2026-07-06 12:23:18 | DEBUG    | fetch_data           | Response content type: text/html; charset=utf-8
2026-07-06 12:23:18 | DEBUG    | fetch_data           | Response size: 475484 bytes
2026-07-06 12:23:18 | INFO     | fetch_data           | ✅ Data fetched successfully (Status: 200)
2026-07-06 12:23:18 | DEBUG    | parse_json           | Attempting JSON parsing...
2026-07-06 12:23:18 | DEBUG    | parse_json           | Response preview: <table class="tbl" data-page-length="25"><thead class="tbl__head"><!-- tr--><!--   th(colspan="11")--><!--   th.center(colspan="2", style="width: 110px;") TOTAL BUY ORDERS--><!--   th.center(colspan="2", style="width: 110px;") TOTAL SELL ORDERS--><tr><th data-name="symbol">SYMBOL</th><th data-name="sector">SECTOR</th><th data-name="listed">LISTED IN</th><th class="right" data-name="ldcp">LDCP</th><th class="right" data-name="open">OPEN</th><th class="right" data-name="high">HIGH</th><th class="r
2026-07-06 12:23:18 | WARNING  | parse_json           | ⚠️ JSON parsing failed: Expecting value: line 1 column 1 (char 0)
2026-07-06 12:23:18 | INFO     | run                  | JSON parsing failed, trying HTML fallback...
2026-07-06 12:23:18 | INFO     | parse_html           | Attempting HTML fallback parsing...
2026-07-06 12:23:18 | DEBUG    | parse_html           | Found 1 table(s) in HTML
2026-07-06 12:23:18 | DEBUG    | parse_html           | Table columns: ['SYMBOL', 'SECTOR', 'LISTED IN', 'LDCP', 'OPEN', 'HIGH', 'LOW', 'CURRENT', 'CHANGE', 'CHANGE (%)', 'VOLUME']
2026-07-06 12:23:18 | DEBUG    | parse_html           | Table shape: (495, 11)
2026-07-06 12:23:18 | INFO     | parse_html           | ✅ HTML parsed successfully (495 rows)
2026-07-06 12:23:18 | INFO     | clean_data           | Cleaning data...
2026-07-06 12:23:18 | DEBUG    | clean_data           | Initial shape: (495, 11)
2026-07-06 12:23:18 | DEBUG    | clean_data           | Initial columns: ['SYMBOL', 'SECTOR', 'LISTED IN', 'LDCP', 'OPEN', 'HIGH', 'LOW', 'CURRENT', 'CHANGE', 'CHANGE (%)', 'VOLUME']
2026-07-06 12:23:18 | DEBUG    | clean_data           | Removed 'LISTED IN' column
2026-07-06 12:23:18 | DEBUG    | clean_data           | Converted LDCP from float64 to numeric
2026-07-06 12:23:18 | DEBUG    | clean_data           | Converted OPEN from float64 to numeric
2026-07-06 12:23:18 | DEBUG    | clean_data           | Converted HIGH from float64 to numeric
2026-07-06 12:23:18 | DEBUG    | clean_data           | Converted LOW from float64 to numeric
2026-07-06 12:23:18 | DEBUG    | clean_data           | Converted CURRENT from float64 to numeric
2026-07-06 12:23:18 | DEBUG    | clean_data           | Converted CHANGE from float64 to numeric
2026-07-06 12:23:18 | WARNING  | clean_data           | Column CHANGE (%): 495 values could not be converted to numeric
2026-07-06 12:23:18 | DEBUG    | clean_data           | Converted CHANGE (%) from str to numeric
2026-07-06 12:23:18 | DEBUG    | clean_data           | Converted VOLUME from int64 to numeric
2026-07-06 12:23:18 | INFO     | clean_data           | ✅ Data cleaned (495 rows, 16 columns)
2026-07-06 12:23:18 | DEBUG    | clean_data           | Final columns: ['SYMBOL', 'SECTOR', 'LDCP', 'OPEN', 'HIGH', 'LOW', 'CURRENT', 'CHANGE', 'CHANGE (%)', 'VOLUME', 'YEAR', 'MONTH', 'DAY', 'HOUR', 'MINUTE', 'DATETIME']
2026-07-06 12:23:18 | DEBUG    | get_file_path        | Generated file path: data/2026/07/2026-07-06.xlsx
2026-07-06 12:23:18 | INFO     | save_data            | Saving data to: data/2026/07/2026-07-06.xlsx
2026-07-06 12:23:18 | DEBUG    | _create_backup       | Backup created: data/2026/07/backups/2026-07-06_backup_20260706_122318.xlsx
2026-07-06 12:23:18 | DEBUG    | _cleanup_old_backups | Removed old backup: 2026-07-06_backup_20260706_115707.xlsx
2026-07-06 12:23:18 | DEBUG    | save_data            | Existing file found, merging data...
2026-07-06 12:23:21 | DEBUG    | save_data            | Loaded 32047 existing rows
2026-07-06 12:23:21 | DEBUG    | save_data            | Combined to 32542 rows
2026-07-06 12:23:21 | DEBUG    | save_data            | Writing to temporary file...
2026-07-06 12:23:27 | DEBUG    | save_data            | Data written to temp file: /home/runner/work/Thalorae-BackLioraen/Thalorae-BackLioraen/data/2026/07/tmplx7czxmo.xlsx
2026-07-06 12:23:27 | DEBUG    | save_data            | Temp file moved to final location
2026-07-06 12:23:27 | INFO     | save_data            | ✅ Data saved successfully (32542 total rows, 2,425,516 bytes)
2026-07-06 12:23:27 | INFO     | run                  | ======================================================================
2026-07-06 12:23:27 | INFO     | run                  | 📊 EXECUTION SUMMARY:
2026-07-06 12:23:27 | INFO     | run                  |    ✅ Status: SUCCESS
2026-07-06 12:23:27 | INFO     | run                  |    - Rows processed: 495
2026-07-06 12:23:27 | INFO     | run                  |    - Unique symbols: 495
2026-07-06 12:23:27 | INFO     | run                  |    - Timestamp: 2026-07-06 17:23:13
2026-07-06 12:23:27 | INFO     | run                  |    - File: data/2026/07/2026-07-06.xlsx
2026-07-06 12:23:27 | INFO     | run                  | ======================================================================
2026-07-06 12:23:27 | DEBUG    | run                  | Sample data (first row):
2026-07-06 12:23:27 | DEBUG    | run                  | {'SYMBOL': 'TPLP', 'SECTOR': 838, 'LDCP': 11.64, 'OPEN': 11.87, 'HIGH': 12.74, 'LOW': 11.87, 'CURRENT': 12.54, 'CHANGE': 0.9, 'CHANGE (%)': nan, 'VOLUME': 66770551, 'YEAR': 2026, 'MONTH': 7, 'DAY': 6, 'HOUR': 17, 'MINUTE': 23, 'DATETIME': '2026-07-06 17:23'}
2026-07-06 12:23:27 | DEBUG    | close                | Session closed
2026-07-06 12:28:28 | INFO     | run                  | ======================================================================
2026-07-06 12:28:28 | INFO     | run                  | 🚀 MARKET DATA SCRAPER - SINGLE EXECUTION
2026-07-06 12:28:28 | INFO     | run                  | ======================================================================
2026-07-06 12:28:28 | INFO     | run                  | Execution Time: 2026-07-06 17:28:28 PKT
2026-07-06 12:28:28 | INFO     | run                  | Configuration:
2026-07-06 12:28:28 | INFO     | run                  |    - Timezone: Asia/Karachi
2026-07-06 12:28:28 | INFO     | run                  |    - Data directory: data
2026-07-06 12:28:28 | INFO     | run                  |    - Log directory: logs
2026-07-06 12:28:28 | INFO     | run                  |    - Excluded symbols: {'XR', 'XS', 'XT', 'XD'}
2026-07-06 12:28:28 | INFO     | run                  | ======================================================================
2026-07-06 12:28:28 | INFO     | fetch_data           | Fetching data (Attempt 1/3)...
2026-07-06 12:28:28 | DEBUG    | fetch_data           | Establishing session with https://dps.psx.com.pk/
2026-07-06 12:28:31 | DEBUG    | fetch_data           | Requesting data from https://dps.psx.com.pk/market-watch
2026-07-06 12:28:34 | DEBUG    | fetch_data           | Response status: 200
2026-07-06 12:28:34 | DEBUG    | fetch_data           | Response content type: text/html; charset=utf-8
2026-07-06 12:28:34 | DEBUG    | fetch_data           | Response size: 475484 bytes
2026-07-06 12:28:34 | INFO     | fetch_data           | ✅ Data fetched successfully (Status: 200)
2026-07-06 12:28:34 | DEBUG    | parse_json           | Attempting JSON parsing...
2026-07-06 12:28:34 | DEBUG    | parse_json           | Response preview: <table class="tbl" data-page-length="25"><thead class="tbl__head"><!-- tr--><!--   th(colspan="11")--><!--   th.center(colspan="2", style="width: 110px;") TOTAL BUY ORDERS--><!--   th.center(colspan="2", style="width: 110px;") TOTAL SELL ORDERS--><tr><th data-name="symbol">SYMBOL</th><th data-name="sector">SECTOR</th><th data-name="listed">LISTED IN</th><th class="right" data-name="ldcp">LDCP</th><th class="right" data-name="open">OPEN</th><th class="right" data-name="high">HIGH</th><th class="r
2026-07-06 12:28:34 | WARNING  | parse_json           | ⚠️ JSON parsing failed: Expecting value: line 1 column 1 (char 0)
2026-07-06 12:28:34 | INFO     | run                  | JSON parsing failed, trying HTML fallback...
2026-07-06 12:28:34 | INFO     | parse_html           | Attempting HTML fallback parsing...
2026-07-06 12:28:34 | DEBUG    | parse_html           | Found 1 table(s) in HTML
2026-07-06 12:28:34 | DEBUG    | parse_html           | Table columns: ['SYMBOL', 'SECTOR', 'LISTED IN', 'LDCP', 'OPEN', 'HIGH', 'LOW', 'CURRENT', 'CHANGE', 'CHANGE (%)', 'VOLUME']
2026-07-06 12:28:34 | DEBUG    | parse_html           | Table shape: (495, 11)
2026-07-06 12:28:34 | INFO     | parse_html           | ✅ HTML parsed successfully (495 rows)
2026-07-06 12:28:34 | INFO     | clean_data           | Cleaning data...
2026-07-06 12:28:34 | DEBUG    | clean_data           | Initial shape: (495, 11)
2026-07-06 12:28:34 | DEBUG    | clean_data           | Initial columns: ['SYMBOL', 'SECTOR', 'LISTED IN', 'LDCP', 'OPEN', 'HIGH', 'LOW', 'CURRENT', 'CHANGE', 'CHANGE (%)', 'VOLUME']
2026-07-06 12:28:34 | DEBUG    | clean_data           | Removed 'LISTED IN' column
2026-07-06 12:28:34 | DEBUG    | clean_data           | Converted LDCP from float64 to numeric
2026-07-06 12:28:34 | DEBUG    | clean_data           | Converted OPEN from float64 to numeric
2026-07-06 12:28:34 | DEBUG    | clean_data           | Converted HIGH from float64 to numeric
2026-07-06 12:28:34 | DEBUG    | clean_data           | Converted LOW from float64 to numeric
2026-07-06 12:28:34 | DEBUG    | clean_data           | Converted CURRENT from float64 to numeric
2026-07-06 12:28:34 | DEBUG    | clean_data           | Converted CHANGE from float64 to numeric
2026-07-06 12:28:34 | WARNING  | clean_data           | Column CHANGE (%): 495 values could not be converted to numeric
2026-07-06 12:28:34 | DEBUG    | clean_data           | Converted CHANGE (%) from str to numeric
2026-07-06 12:28:34 | DEBUG    | clean_data           | Converted VOLUME from int64 to numeric
2026-07-06 12:28:34 | INFO     | clean_data           | ✅ Data cleaned (495 rows, 16 columns)
2026-07-06 12:28:34 | DEBUG    | clean_data           | Final columns: ['SYMBOL', 'SECTOR', 'LDCP', 'OPEN', 'HIGH', 'LOW', 'CURRENT', 'CHANGE', 'CHANGE (%)', 'VOLUME', 'YEAR', 'MONTH', 'DAY', 'HOUR', 'MINUTE', 'DATETIME']
2026-07-06 12:28:34 | DEBUG    | get_file_path        | Generated file path: data/2026/07/2026-07-06.xlsx
2026-07-06 12:28:34 | INFO     | save_data            | Saving data to: data/2026/07/2026-07-06.xlsx
2026-07-06 12:28:34 | DEBUG    | _create_backup       | Backup created: data/2026/07/backups/2026-07-06_backup_20260706_122834.xlsx
2026-07-06 12:28:34 | DEBUG    | _cleanup_old_backups | Removed old backup: 2026-07-06_backup_20260706_120219.xlsx
2026-07-06 12:28:34 | DEBUG    | save_data            | Existing file found, merging data...
2026-07-06 12:28:37 | DEBUG    | save_data            | Loaded 32542 existing rows
2026-07-06 12:28:37 | DEBUG    | save_data            | Combined to 33037 rows
2026-07-06 12:28:37 | DEBUG    | save_data            | Writing to temporary file...
2026-07-06 12:28:43 | DEBUG    | save_data            | Data written to temp file: /home/runner/work/Thalorae-BackLioraen/Thalorae-BackLioraen/data/2026/07/tmpkftkvcl_.xlsx
2026-07-06 12:28:43 | DEBUG    | save_data            | Temp file moved to final location
2026-07-06 12:28:43 | INFO     | save_data            | ✅ Data saved successfully (33037 total rows, 2,463,027 bytes)
2026-07-06 12:28:43 | INFO     | run                  | ======================================================================
2026-07-06 12:28:43 | INFO     | run                  | 📊 EXECUTION SUMMARY:
2026-07-06 12:28:43 | INFO     | run                  |    ✅ Status: SUCCESS
2026-07-06 12:28:43 | INFO     | run                  |    - Rows processed: 495
2026-07-06 12:28:43 | INFO     | run                  |    - Unique symbols: 495
2026-07-06 12:28:43 | INFO     | run                  |    - Timestamp: 2026-07-06 17:28:28
2026-07-06 12:28:43 | INFO     | run                  |    - File: data/2026/07/2026-07-06.xlsx
2026-07-06 12:28:43 | INFO     | run                  | ======================================================================
2026-07-06 12:28:43 | DEBUG    | run                  | Sample data (first row):
2026-07-06 12:28:43 | DEBUG    | run                  | {'SYMBOL': 'TPLP', 'SECTOR': 838, 'LDCP': 11.64, 'OPEN': 11.87, 'HIGH': 12.74, 'LOW': 11.87, 'CURRENT': 12.54, 'CHANGE': 0.9, 'CHANGE (%)': nan, 'VOLUME': 66770551, 'YEAR': 2026, 'MONTH': 7, 'DAY': 6, 'HOUR': 17, 'MINUTE': 28, 'DATETIME': '2026-07-06 17:28'}
2026-07-06 12:28:43 | DEBUG    | close                | Session closed
2026-07-06 12:33:43 | INFO     | run                  | ======================================================================
2026-07-06 12:33:43 | INFO     | run                  | 🚀 MARKET DATA SCRAPER - SINGLE EXECUTION
2026-07-06 12:33:43 | INFO     | run                  | ======================================================================
2026-07-06 12:33:43 | INFO     | run                  | Execution Time: 2026-07-06 17:33:43 PKT
2026-07-06 12:33:43 | INFO     | run                  | Configuration:
2026-07-06 12:33:43 | INFO     | run                  |    - Timezone: Asia/Karachi
2026-07-06 12:33:43 | INFO     | run                  |    - Data directory: data
2026-07-06 12:33:43 | INFO     | run                  |    - Log directory: logs
2026-07-06 12:33:43 | INFO     | run                  |    - Excluded symbols: {'XR', 'XS', 'XD', 'XT'}
2026-07-06 12:33:43 | INFO     | run                  | ======================================================================
2026-07-06 12:33:43 | INFO     | fetch_data           | Fetching data (Attempt 1/3)...
2026-07-06 12:33:43 | DEBUG    | fetch_data           | Establishing session with https://dps.psx.com.pk/
2026-07-06 12:33:46 | DEBUG    | fetch_data           | Requesting data from https://dps.psx.com.pk/market-watch
2026-07-06 12:33:47 | DEBUG    | fetch_data           | Response status: 200
2026-07-06 12:33:47 | DEBUG    | fetch_data           | Response content type: text/html; charset=utf-8
2026-07-06 12:33:47 | DEBUG    | fetch_data           | Response size: 475484 bytes
2026-07-06 12:33:47 | INFO     | fetch_data           | ✅ Data fetched successfully (Status: 200)
2026-07-06 12:33:47 | DEBUG    | parse_json           | Attempting JSON parsing...
2026-07-06 12:33:47 | DEBUG    | parse_json           | Response preview: <table class="tbl" data-page-length="25"><thead class="tbl__head"><!-- tr--><!--   th(colspan="11")--><!--   th.center(colspan="2", style="width: 110px;") TOTAL BUY ORDERS--><!--   th.center(colspan="2", style="width: 110px;") TOTAL SELL ORDERS--><tr><th data-name="symbol">SYMBOL</th><th data-name="sector">SECTOR</th><th data-name="listed">LISTED IN</th><th class="right" data-name="ldcp">LDCP</th><th class="right" data-name="open">OPEN</th><th class="right" data-name="high">HIGH</th><th class="r
2026-07-06 12:33:47 | WARNING  | parse_json           | ⚠️ JSON parsing failed: Expecting value: line 1 column 1 (char 0)
2026-07-06 12:33:47 | INFO     | run                  | JSON parsing failed, trying HTML fallback...
2026-07-06 12:33:47 | INFO     | parse_html           | Attempting HTML fallback parsing...
2026-07-06 12:33:48 | DEBUG    | parse_html           | Found 1 table(s) in HTML
2026-07-06 12:33:48 | DEBUG    | parse_html           | Table columns: ['SYMBOL', 'SECTOR', 'LISTED IN', 'LDCP', 'OPEN', 'HIGH', 'LOW', 'CURRENT', 'CHANGE', 'CHANGE (%)', 'VOLUME']
2026-07-06 12:33:48 | DEBUG    | parse_html           | Table shape: (495, 11)
2026-07-06 12:33:48 | INFO     | parse_html           | ✅ HTML parsed successfully (495 rows)
2026-07-06 12:33:48 | INFO     | clean_data           | Cleaning data...
2026-07-06 12:33:48 | DEBUG    | clean_data           | Initial shape: (495, 11)
2026-07-06 12:33:48 | DEBUG    | clean_data           | Initial columns: ['SYMBOL', 'SECTOR', 'LISTED IN', 'LDCP', 'OPEN', 'HIGH', 'LOW', 'CURRENT', 'CHANGE', 'CHANGE (%)', 'VOLUME']
2026-07-06 12:33:48 | DEBUG    | clean_data           | Removed 'LISTED IN' column
2026-07-06 12:33:48 | DEBUG    | clean_data           | Converted LDCP from float64 to numeric
2026-07-06 12:33:48 | DEBUG    | clean_data           | Converted OPEN from float64 to numeric
2026-07-06 12:33:48 | DEBUG    | clean_data           | Converted HIGH from float64 to numeric
2026-07-06 12:33:48 | DEBUG    | clean_data           | Converted LOW from float64 to numeric
2026-07-06 12:33:48 | DEBUG    | clean_data           | Converted CURRENT from float64 to numeric
2026-07-06 12:33:48 | DEBUG    | clean_data           | Converted CHANGE from float64 to numeric
2026-07-06 12:33:48 | WARNING  | clean_data           | Column CHANGE (%): 495 values could not be converted to numeric
2026-07-06 12:33:48 | DEBUG    | clean_data           | Converted CHANGE (%) from str to numeric
2026-07-06 12:33:48 | DEBUG    | clean_data           | Converted VOLUME from int64 to numeric
2026-07-06 12:33:48 | INFO     | clean_data           | ✅ Data cleaned (495 rows, 16 columns)
2026-07-06 12:33:48 | DEBUG    | clean_data           | Final columns: ['SYMBOL', 'SECTOR', 'LDCP', 'OPEN', 'HIGH', 'LOW', 'CURRENT', 'CHANGE', 'CHANGE (%)', 'VOLUME', 'YEAR', 'MONTH', 'DAY', 'HOUR', 'MINUTE', 'DATETIME']
2026-07-06 12:33:48 | DEBUG    | get_file_path        | Generated file path: data/2026/07/2026-07-06.xlsx
2026-07-06 12:33:48 | INFO     | save_data            | Saving data to: data/2026/07/2026-07-06.xlsx
2026-07-06 12:33:48 | DEBUG    | _create_backup       | Backup created: data/2026/07/backups/2026-07-06_backup_20260706_123348.xlsx
2026-07-06 12:33:48 | DEBUG    | _cleanup_old_backups | Removed old backup: 2026-07-06_backup_20260706_120734.xlsx
2026-07-06 12:33:48 | DEBUG    | save_data            | Existing file found, merging data...
2026-07-06 12:33:51 | DEBUG    | save_data            | Loaded 33037 existing rows
2026-07-06 12:33:51 | DEBUG    | save_data            | Combined to 33532 rows
2026-07-06 12:33:51 | DEBUG    | save_data            | Writing to temporary file...
2026-07-06 12:33:57 | DEBUG    | save_data            | Data written to temp file: /home/runner/work/Thalorae-BackLioraen/Thalorae-BackLioraen/data/2026/07/tmph4wbz39i.xlsx
2026-07-06 12:33:57 | DEBUG    | save_data            | Temp file moved to final location
2026-07-06 12:33:57 | INFO     | save_data            | ✅ Data saved successfully (33532 total rows, 2,500,463 bytes)
2026-07-06 12:33:57 | INFO     | run                  | ======================================================================
2026-07-06 12:33:57 | INFO     | run                  | 📊 EXECUTION SUMMARY:
2026-07-06 12:33:57 | INFO     | run                  |    ✅ Status: SUCCESS
2026-07-06 12:33:57 | INFO     | run                  |    - Rows processed: 495
2026-07-06 12:33:57 | INFO     | run                  |    - Unique symbols: 495
2026-07-06 12:33:57 | INFO     | run                  |    - Timestamp: 2026-07-06 17:33:43
2026-07-06 12:33:57 | INFO     | run                  |    - File: data/2026/07/2026-07-06.xlsx
2026-07-06 12:33:57 | INFO     | run                  | ======================================================================
2026-07-06 12:33:57 | DEBUG    | run                  | Sample data (first row):
2026-07-06 12:33:57 | DEBUG    | run                  | {'SYMBOL': 'TPLP', 'SECTOR': 838, 'LDCP': 11.64, 'OPEN': 11.87, 'HIGH': 12.74, 'LOW': 11.87, 'CURRENT': 12.54, 'CHANGE': 0.9, 'CHANGE (%)': nan, 'VOLUME': 66770551, 'YEAR': 2026, 'MONTH': 7, 'DAY': 6, 'HOUR': 17, 'MINUTE': 33, 'DATETIME': '2026-07-06 17:33'}
2026-07-06 12:33:57 | DEBUG    | close                | Session closed
2026-07-06 12:38:57 | INFO     | run                  | ======================================================================
2026-07-06 12:38:57 | INFO     | run                  | 🚀 MARKET DATA SCRAPER - SINGLE EXECUTION
2026-07-06 12:38:57 | INFO     | run                  | ======================================================================
2026-07-06 12:38:57 | INFO     | run                  | Execution Time: 2026-07-06 17:38:57 PKT
2026-07-06 12:38:57 | INFO     | run                  | Configuration:
2026-07-06 12:38:57 | INFO     | run                  |    - Timezone: Asia/Karachi
2026-07-06 12:38:57 | INFO     | run                  |    - Data directory: data
2026-07-06 12:38:57 | INFO     | run                  |    - Log directory: logs
2026-07-06 12:38:57 | INFO     | run                  |    - Excluded symbols: {'XD', 'XR', 'XS', 'XT'}
2026-07-06 12:38:57 | INFO     | run                  | ======================================================================
2026-07-06 12:38:57 | INFO     | fetch_data           | Fetching data (Attempt 1/3)...
2026-07-06 12:38:57 | DEBUG    | fetch_data           | Establishing session with https://dps.psx.com.pk/
2026-07-06 12:39:01 | DEBUG    | fetch_data           | Requesting data from https://dps.psx.com.pk/market-watch
2026-07-06 12:39:02 | DEBUG    | fetch_data           | Response status: 200
2026-07-06 12:39:02 | DEBUG    | fetch_data           | Response content type: text/html; charset=utf-8
2026-07-06 12:39:02 | DEBUG    | fetch_data           | Response size: 475484 bytes
2026-07-06 12:39:02 | INFO     | fetch_data           | ✅ Data fetched successfully (Status: 200)
2026-07-06 12:39:02 | DEBUG    | parse_json           | Attempting JSON parsing...
2026-07-06 12:39:02 | DEBUG    | parse_json           | Response preview: <table class="tbl" data-page-length="25"><thead class="tbl__head"><!-- tr--><!--   th(colspan="11")--><!--   th.center(colspan="2", style="width: 110px;") TOTAL BUY ORDERS--><!--   th.center(colspan="2", style="width: 110px;") TOTAL SELL ORDERS--><tr><th data-name="symbol">SYMBOL</th><th data-name="sector">SECTOR</th><th data-name="listed">LISTED IN</th><th class="right" data-name="ldcp">LDCP</th><th class="right" data-name="open">OPEN</th><th class="right" data-name="high">HIGH</th><th class="r
2026-07-06 12:39:02 | WARNING  | parse_json           | ⚠️ JSON parsing failed: Expecting value: line 1 column 1 (char 0)
2026-07-06 12:39:02 | INFO     | run                  | JSON parsing failed, trying HTML fallback...
2026-07-06 12:39:02 | INFO     | parse_html           | Attempting HTML fallback parsing...
2026-07-06 12:39:02 | DEBUG    | parse_html           | Found 1 table(s) in HTML
2026-07-06 12:39:02 | DEBUG    | parse_html           | Table columns: ['SYMBOL', 'SECTOR', 'LISTED IN', 'LDCP', 'OPEN', 'HIGH', 'LOW', 'CURRENT', 'CHANGE', 'CHANGE (%)', 'VOLUME']
2026-07-06 12:39:02 | DEBUG    | parse_html           | Table shape: (495, 11)
2026-07-06 12:39:02 | INFO     | parse_html           | ✅ HTML parsed successfully (495 rows)
2026-07-06 12:39:02 | INFO     | clean_data           | Cleaning data...
2026-07-06 12:39:02 | DEBUG    | clean_data           | Initial shape: (495, 11)
2026-07-06 12:39:02 | DEBUG    | clean_data           | Initial columns: ['SYMBOL', 'SECTOR', 'LISTED IN', 'LDCP', 'OPEN', 'HIGH', 'LOW', 'CURRENT', 'CHANGE', 'CHANGE (%)', 'VOLUME']
2026-07-06 12:39:02 | DEBUG    | clean_data           | Removed 'LISTED IN' column
2026-07-06 12:39:02 | DEBUG    | clean_data           | Converted LDCP from float64 to numeric
2026-07-06 12:39:02 | DEBUG    | clean_data           | Converted OPEN from float64 to numeric
2026-07-06 12:39:02 | DEBUG    | clean_data           | Converted HIGH from float64 to numeric
2026-07-06 12:39:02 | DEBUG    | clean_data           | Converted LOW from float64 to numeric
2026-07-06 12:39:02 | DEBUG    | clean_data           | Converted CURRENT from float64 to numeric
2026-07-06 12:39:02 | DEBUG    | clean_data           | Converted CHANGE from float64 to numeric
2026-07-06 12:39:02 | WARNING  | clean_data           | Column CHANGE (%): 495 values could not be converted to numeric
2026-07-06 12:39:02 | DEBUG    | clean_data           | Converted CHANGE (%) from str to numeric
2026-07-06 12:39:02 | DEBUG    | clean_data           | Converted VOLUME from int64 to numeric
2026-07-06 12:39:02 | INFO     | clean_data           | ✅ Data cleaned (495 rows, 16 columns)
2026-07-06 12:39:02 | DEBUG    | clean_data           | Final columns: ['SYMBOL', 'SECTOR', 'LDCP', 'OPEN', 'HIGH', 'LOW', 'CURRENT', 'CHANGE', 'CHANGE (%)', 'VOLUME', 'YEAR', 'MONTH', 'DAY', 'HOUR', 'MINUTE', 'DATETIME']
2026-07-06 12:39:02 | DEBUG    | get_file_path        | Generated file path: data/2026/07/2026-07-06.xlsx
2026-07-06 12:39:02 | INFO     | save_data            | Saving data to: data/2026/07/2026-07-06.xlsx
2026-07-06 12:39:02 | DEBUG    | _create_backup       | Backup created: data/2026/07/backups/2026-07-06_backup_20260706_123902.xlsx
2026-07-06 12:39:02 | DEBUG    | _cleanup_old_backups | Removed old backup: 2026-07-06_backup_20260706_121248.xlsx
2026-07-06 12:39:02 | DEBUG    | save_data            | Existing file found, merging data...
2026-07-06 12:39:05 | DEBUG    | save_data            | Loaded 33532 existing rows
2026-07-06 12:39:05 | DEBUG    | save_data            | Combined to 34027 rows
2026-07-06 12:39:05 | DEBUG    | save_data            | Writing to temporary file...
2026-07-06 12:39:11 | DEBUG    | save_data            | Data written to temp file: /home/runner/work/Thalorae-BackLioraen/Thalorae-BackLioraen/data/2026/07/tmpca90vaa6.xlsx
2026-07-06 12:39:11 | DEBUG    | save_data            | Temp file moved to final location
2026-07-06 12:39:11 | INFO     | save_data            | ✅ Data saved successfully (34027 total rows, 2,537,985 bytes)
2026-07-06 12:39:11 | INFO     | run                  | ======================================================================
2026-07-06 12:39:11 | INFO     | run                  | 📊 EXECUTION SUMMARY:
2026-07-06 12:39:11 | INFO     | run                  |    ✅ Status: SUCCESS
2026-07-06 12:39:11 | INFO     | run                  |    - Rows processed: 495
2026-07-06 12:39:11 | INFO     | run                  |    - Unique symbols: 495
2026-07-06 12:39:11 | INFO     | run                  |    - Timestamp: 2026-07-06 17:38:57
2026-07-06 12:39:11 | INFO     | run                  |    - File: data/2026/07/2026-07-06.xlsx
2026-07-06 12:39:11 | INFO     | run                  | ======================================================================
2026-07-06 12:39:11 | DEBUG    | run                  | Sample data (first row):
2026-07-06 12:39:11 | DEBUG    | run                  | {'SYMBOL': 'TPLP', 'SECTOR': 838, 'LDCP': 11.64, 'OPEN': 11.87, 'HIGH': 12.74, 'LOW': 11.87, 'CURRENT': 12.54, 'CHANGE': 0.9, 'CHANGE (%)': nan, 'VOLUME': 66770551, 'YEAR': 2026, 'MONTH': 7, 'DAY': 6, 'HOUR': 17, 'MINUTE': 38, 'DATETIME': '2026-07-06 17:38'}
2026-07-06 12:39:11 | DEBUG    | close                | Session closed
2026-07-06 12:44:12 | INFO     | run                  | ======================================================================
2026-07-06 12:44:12 | INFO     | run                  | 🚀 MARKET DATA SCRAPER - SINGLE EXECUTION
2026-07-06 12:44:12 | INFO     | run                  | ======================================================================
2026-07-06 12:44:12 | INFO     | run                  | Execution Time: 2026-07-06 17:44:12 PKT
2026-07-06 12:44:12 | INFO     | run                  | Configuration:
2026-07-06 12:44:12 | INFO     | run                  |    - Timezone: Asia/Karachi
2026-07-06 12:44:12 | INFO     | run                  |    - Data directory: data
2026-07-06 12:44:12 | INFO     | run                  |    - Log directory: logs
2026-07-06 12:44:12 | INFO     | run                  |    - Excluded symbols: {'XD', 'XR', 'XT', 'XS'}
2026-07-06 12:44:12 | INFO     | run                  | ======================================================================
2026-07-06 12:44:12 | INFO     | fetch_data           | Fetching data (Attempt 1/3)...
2026-07-06 12:44:12 | DEBUG    | fetch_data           | Establishing session with https://dps.psx.com.pk/
2026-07-06 12:44:16 | DEBUG    | fetch_data           | Requesting data from https://dps.psx.com.pk/market-watch
2026-07-06 12:44:18 | DEBUG    | fetch_data           | Response status: 200
2026-07-06 12:44:18 | DEBUG    | fetch_data           | Response content type: text/html; charset=utf-8
2026-07-06 12:44:18 | DEBUG    | fetch_data           | Response size: 475484 bytes
2026-07-06 12:44:18 | INFO     | fetch_data           | ✅ Data fetched successfully (Status: 200)
2026-07-06 12:44:18 | DEBUG    | parse_json           | Attempting JSON parsing...
2026-07-06 12:44:18 | DEBUG    | parse_json           | Response preview: <table class="tbl" data-page-length="25"><thead class="tbl__head"><!-- tr--><!--   th(colspan="11")--><!--   th.center(colspan="2", style="width: 110px;") TOTAL BUY ORDERS--><!--   th.center(colspan="2", style="width: 110px;") TOTAL SELL ORDERS--><tr><th data-name="symbol">SYMBOL</th><th data-name="sector">SECTOR</th><th data-name="listed">LISTED IN</th><th class="right" data-name="ldcp">LDCP</th><th class="right" data-name="open">OPEN</th><th class="right" data-name="high">HIGH</th><th class="r
2026-07-06 12:44:18 | WARNING  | parse_json           | ⚠️ JSON parsing failed: Expecting value: line 1 column 1 (char 0)
2026-07-06 12:44:18 | INFO     | run                  | JSON parsing failed, trying HTML fallback...
2026-07-06 12:44:18 | INFO     | parse_html           | Attempting HTML fallback parsing...
2026-07-06 12:44:18 | DEBUG    | parse_html           | Found 1 table(s) in HTML
2026-07-06 12:44:18 | DEBUG    | parse_html           | Table columns: ['SYMBOL', 'SECTOR', 'LISTED IN', 'LDCP', 'OPEN', 'HIGH', 'LOW', 'CURRENT', 'CHANGE', 'CHANGE (%)', 'VOLUME']
2026-07-06 12:44:18 | DEBUG    | parse_html           | Table shape: (495, 11)
2026-07-06 12:44:18 | INFO     | parse_html           | ✅ HTML parsed successfully (495 rows)
2026-07-06 12:44:18 | INFO     | clean_data           | Cleaning data...
2026-07-06 12:44:18 | DEBUG    | clean_data           | Initial shape: (495, 11)
2026-07-06 12:44:18 | DEBUG    | clean_data           | Initial columns: ['SYMBOL', 'SECTOR', 'LISTED IN', 'LDCP', 'OPEN', 'HIGH', 'LOW', 'CURRENT', 'CHANGE', 'CHANGE (%)', 'VOLUME']
2026-07-06 12:44:18 | DEBUG    | clean_data           | Removed 'LISTED IN' column
2026-07-06 12:44:18 | DEBUG    | clean_data           | Converted LDCP from float64 to numeric
2026-07-06 12:44:18 | DEBUG    | clean_data           | Converted OPEN from float64 to numeric
2026-07-06 12:44:18 | DEBUG    | clean_data           | Converted HIGH from float64 to numeric
2026-07-06 12:44:18 | DEBUG    | clean_data           | Converted LOW from float64 to numeric
2026-07-06 12:44:18 | DEBUG    | clean_data           | Converted CURRENT from float64 to numeric
2026-07-06 12:44:18 | DEBUG    | clean_data           | Converted CHANGE from float64 to numeric
2026-07-06 12:44:18 | WARNING  | clean_data           | Column CHANGE (%): 495 values could not be converted to numeric
2026-07-06 12:44:18 | DEBUG    | clean_data           | Converted CHANGE (%) from str to numeric
2026-07-06 12:44:18 | DEBUG    | clean_data           | Converted VOLUME from int64 to numeric
2026-07-06 12:44:18 | INFO     | clean_data           | ✅ Data cleaned (495 rows, 16 columns)
2026-07-06 12:44:18 | DEBUG    | clean_data           | Final columns: ['SYMBOL', 'SECTOR', 'LDCP', 'OPEN', 'HIGH', 'LOW', 'CURRENT', 'CHANGE', 'CHANGE (%)', 'VOLUME', 'YEAR', 'MONTH', 'DAY', 'HOUR', 'MINUTE', 'DATETIME']
2026-07-06 12:44:18 | DEBUG    | get_file_path        | Generated file path: data/2026/07/2026-07-06.xlsx
2026-07-06 12:44:18 | INFO     | save_data            | Saving data to: data/2026/07/2026-07-06.xlsx
2026-07-06 12:44:18 | DEBUG    | _create_backup       | Backup created: data/2026/07/backups/2026-07-06_backup_20260706_124418.xlsx
2026-07-06 12:44:18 | DEBUG    | _cleanup_old_backups | Removed old backup: 2026-07-06_backup_20260706_121803.xlsx
2026-07-06 12:44:18 | DEBUG    | save_data            | Existing file found, merging data...
2026-07-06 12:44:21 | DEBUG    | save_data            | Loaded 34027 existing rows
2026-07-06 12:44:21 | DEBUG    | save_data            | Combined to 34522 rows
2026-07-06 12:44:21 | DEBUG    | save_data            | Writing to temporary file...
2026-07-06 12:44:28 | DEBUG    | save_data            | Data written to temp file: /home/runner/work/Thalorae-BackLioraen/Thalorae-BackLioraen/data/2026/07/tmpgbzfwh2v.xlsx
2026-07-06 12:44:28 | DEBUG    | save_data            | Temp file moved to final location
2026-07-06 12:44:28 | INFO     | save_data            | ✅ Data saved successfully (34522 total rows, 2,575,431 bytes)
2026-07-06 12:44:28 | INFO     | run                  | ======================================================================
2026-07-06 12:44:28 | INFO     | run                  | 📊 EXECUTION SUMMARY:
2026-07-06 12:44:28 | INFO     | run                  |    ✅ Status: SUCCESS
2026-07-06 12:44:28 | INFO     | run                  |    - Rows processed: 495
2026-07-06 12:44:28 | INFO     | run                  |    - Unique symbols: 495
2026-07-06 12:44:28 | INFO     | run                  |    - Timestamp: 2026-07-06 17:44:12
2026-07-06 12:44:28 | INFO     | run                  |    - File: data/2026/07/2026-07-06.xlsx
2026-07-06 12:44:28 | INFO     | run                  | ======================================================================
2026-07-06 12:44:28 | DEBUG    | run                  | Sample data (first row):
2026-07-06 12:44:28 | DEBUG    | run                  | {'SYMBOL': 'TPLP', 'SECTOR': 838, 'LDCP': 11.64, 'OPEN': 11.87, 'HIGH': 12.74, 'LOW': 11.87, 'CURRENT': 12.54, 'CHANGE': 0.9, 'CHANGE (%)': nan, 'VOLUME': 66770551, 'YEAR': 2026, 'MONTH': 7, 'DAY': 6, 'HOUR': 17, 'MINUTE': 44, 'DATETIME': '2026-07-06 17:44'}
2026-07-06 12:44:28 | DEBUG    | close                | Session closed
2026-07-06 12:49:28 | INFO     | run                  | ======================================================================
2026-07-06 12:49:28 | INFO     | run                  | 🚀 MARKET DATA SCRAPER - SINGLE EXECUTION
2026-07-06 12:49:28 | INFO     | run                  | ======================================================================
2026-07-06 12:49:28 | INFO     | run                  | Execution Time: 2026-07-06 17:49:28 PKT
2026-07-06 12:49:28 | INFO     | run                  | Configuration:
2026-07-06 12:49:28 | INFO     | run                  |    - Timezone: Asia/Karachi
2026-07-06 12:49:28 | INFO     | run                  |    - Data directory: data
2026-07-06 12:49:28 | INFO     | run                  |    - Log directory: logs
2026-07-06 12:49:28 | INFO     | run                  |    - Excluded symbols: {'XD', 'XT', 'XS', 'XR'}
2026-07-06 12:49:28 | INFO     | run                  | ======================================================================
2026-07-06 12:49:28 | INFO     | fetch_data           | Fetching data (Attempt 1/3)...
2026-07-06 12:49:28 | DEBUG    | fetch_data           | Establishing session with https://dps.psx.com.pk/
2026-07-06 12:49:32 | DEBUG    | fetch_data           | Requesting data from https://dps.psx.com.pk/market-watch
2026-07-06 12:49:34 | DEBUG    | fetch_data           | Response status: 200
2026-07-06 12:49:34 | DEBUG    | fetch_data           | Response content type: text/html; charset=utf-8
2026-07-06 12:49:34 | DEBUG    | fetch_data           | Response size: 475484 bytes
2026-07-06 12:49:34 | INFO     | fetch_data           | ✅ Data fetched successfully (Status: 200)
2026-07-06 12:49:34 | DEBUG    | parse_json           | Attempting JSON parsing...
2026-07-06 12:49:34 | DEBUG    | parse_json           | Response preview: <table class="tbl" data-page-length="25"><thead class="tbl__head"><!-- tr--><!--   th(colspan="11")--><!--   th.center(colspan="2", style="width: 110px;") TOTAL BUY ORDERS--><!--   th.center(colspan="2", style="width: 110px;") TOTAL SELL ORDERS--><tr><th data-name="symbol">SYMBOL</th><th data-name="sector">SECTOR</th><th data-name="listed">LISTED IN</th><th class="right" data-name="ldcp">LDCP</th><th class="right" data-name="open">OPEN</th><th class="right" data-name="high">HIGH</th><th class="r
2026-07-06 12:49:34 | WARNING  | parse_json           | ⚠️ JSON parsing failed: Expecting value: line 1 column 1 (char 0)
2026-07-06 12:49:34 | INFO     | run                  | JSON parsing failed, trying HTML fallback...
2026-07-06 12:49:34 | INFO     | parse_html           | Attempting HTML fallback parsing...
2026-07-06 12:49:34 | DEBUG    | parse_html           | Found 1 table(s) in HTML
2026-07-06 12:49:34 | DEBUG    | parse_html           | Table columns: ['SYMBOL', 'SECTOR', 'LISTED IN', 'LDCP', 'OPEN', 'HIGH', 'LOW', 'CURRENT', 'CHANGE', 'CHANGE (%)', 'VOLUME']
2026-07-06 12:49:34 | DEBUG    | parse_html           | Table shape: (495, 11)
2026-07-06 12:49:34 | INFO     | parse_html           | ✅ HTML parsed successfully (495 rows)
2026-07-06 12:49:34 | INFO     | clean_data           | Cleaning data...
2026-07-06 12:49:34 | DEBUG    | clean_data           | Initial shape: (495, 11)
2026-07-06 12:49:34 | DEBUG    | clean_data           | Initial columns: ['SYMBOL', 'SECTOR', 'LISTED IN', 'LDCP', 'OPEN', 'HIGH', 'LOW', 'CURRENT', 'CHANGE', 'CHANGE (%)', 'VOLUME']
2026-07-06 12:49:34 | DEBUG    | clean_data           | Removed 'LISTED IN' column
2026-07-06 12:49:34 | DEBUG    | clean_data           | Converted LDCP from float64 to numeric
2026-07-06 12:49:34 | DEBUG    | clean_data           | Converted OPEN from float64 to numeric
2026-07-06 12:49:34 | DEBUG    | clean_data           | Converted HIGH from float64 to numeric
2026-07-06 12:49:34 | DEBUG    | clean_data           | Converted LOW from float64 to numeric
2026-07-06 12:49:34 | DEBUG    | clean_data           | Converted CURRENT from float64 to numeric
2026-07-06 12:49:34 | DEBUG    | clean_data           | Converted CHANGE from float64 to numeric
2026-07-06 12:49:34 | WARNING  | clean_data           | Column CHANGE (%): 495 values could not be converted to numeric
2026-07-06 12:49:34 | DEBUG    | clean_data           | Converted CHANGE (%) from str to numeric
2026-07-06 12:49:34 | DEBUG    | clean_data           | Converted VOLUME from int64 to numeric
2026-07-06 12:49:34 | INFO     | clean_data           | ✅ Data cleaned (495 rows, 16 columns)
2026-07-06 12:49:34 | DEBUG    | clean_data           | Final columns: ['SYMBOL', 'SECTOR', 'LDCP', 'OPEN', 'HIGH', 'LOW', 'CURRENT', 'CHANGE', 'CHANGE (%)', 'VOLUME', 'YEAR', 'MONTH', 'DAY', 'HOUR', 'MINUTE', 'DATETIME']
2026-07-06 12:49:34 | DEBUG    | get_file_path        | Generated file path: data/2026/07/2026-07-06.xlsx
2026-07-06 12:49:34 | INFO     | save_data            | Saving data to: data/2026/07/2026-07-06.xlsx
2026-07-06 12:49:34 | DEBUG    | _create_backup       | Backup created: data/2026/07/backups/2026-07-06_backup_20260706_124934.xlsx
2026-07-06 12:49:34 | DEBUG    | _cleanup_old_backups | Removed old backup: 2026-07-06_backup_20260706_122318.xlsx
2026-07-06 12:49:34 | DEBUG    | save_data            | Existing file found, merging data...
2026-07-06 12:49:37 | DEBUG    | save_data            | Loaded 34522 existing rows
2026-07-06 12:49:37 | DEBUG    | save_data            | Combined to 35017 rows
2026-07-06 12:49:37 | DEBUG    | save_data            | Writing to temporary file...
2026-07-06 12:49:44 | DEBUG    | save_data            | Data written to temp file: /home/runner/work/Thalorae-BackLioraen/Thalorae-BackLioraen/data/2026/07/tmpg3crzxs8.xlsx
2026-07-06 12:49:44 | DEBUG    | save_data            | Temp file moved to final location
2026-07-06 12:49:44 | INFO     | save_data            | ✅ Data saved successfully (35017 total rows, 2,612,897 bytes)
2026-07-06 12:49:44 | INFO     | run                  | ======================================================================
2026-07-06 12:49:44 | INFO     | run                  | 📊 EXECUTION SUMMARY:
2026-07-06 12:49:44 | INFO     | run                  |    ✅ Status: SUCCESS
2026-07-06 12:49:44 | INFO     | run                  |    - Rows processed: 495
2026-07-06 12:49:44 | INFO     | run                  |    - Unique symbols: 495
2026-07-06 12:49:44 | INFO     | run                  |    - Timestamp: 2026-07-06 17:49:28
2026-07-06 12:49:44 | INFO     | run                  |    - File: data/2026/07/2026-07-06.xlsx
2026-07-06 12:49:44 | INFO     | run                  | ======================================================================
2026-07-06 12:49:44 | DEBUG    | run                  | Sample data (first row):
2026-07-06 12:49:44 | DEBUG    | run                  | {'SYMBOL': 'TPLP', 'SECTOR': 838, 'LDCP': 11.64, 'OPEN': 11.87, 'HIGH': 12.74, 'LOW': 11.87, 'CURRENT': 12.54, 'CHANGE': 0.9, 'CHANGE (%)': nan, 'VOLUME': 66770551, 'YEAR': 2026, 'MONTH': 7, 'DAY': 6, 'HOUR': 17, 'MINUTE': 49, 'DATETIME': '2026-07-06 17:49'}
2026-07-06 12:49:44 | DEBUG    | close                | Session closed
2026-07-06 12:54:45 | INFO     | run                  | ======================================================================
2026-07-06 12:54:45 | INFO     | run                  | 🚀 MARKET DATA SCRAPER - SINGLE EXECUTION
2026-07-06 12:54:45 | INFO     | run                  | ======================================================================
2026-07-06 12:54:45 | INFO     | run                  | Execution Time: 2026-07-06 17:54:45 PKT
2026-07-06 12:54:45 | INFO     | run                  | Configuration:
2026-07-06 12:54:45 | INFO     | run                  |    - Timezone: Asia/Karachi
2026-07-06 12:54:45 | INFO     | run                  |    - Data directory: data
2026-07-06 12:54:45 | INFO     | run                  |    - Log directory: logs
2026-07-06 12:54:45 | INFO     | run                  |    - Excluded symbols: {'XS', 'XR', 'XD', 'XT'}
2026-07-06 12:54:45 | INFO     | run                  | ======================================================================
2026-07-06 12:54:45 | INFO     | fetch_data           | Fetching data (Attempt 1/3)...
2026-07-06 12:54:45 | DEBUG    | fetch_data           | Establishing session with https://dps.psx.com.pk/
2026-07-06 12:54:47 | DEBUG    | fetch_data           | Requesting data from https://dps.psx.com.pk/market-watch
2026-07-06 12:54:49 | DEBUG    | fetch_data           | Response status: 200
2026-07-06 12:54:49 | DEBUG    | fetch_data           | Response content type: text/html; charset=utf-8
2026-07-06 12:54:49 | DEBUG    | fetch_data           | Response size: 475484 bytes
2026-07-06 12:54:49 | INFO     | fetch_data           | ✅ Data fetched successfully (Status: 200)
2026-07-06 12:54:49 | DEBUG    | parse_json           | Attempting JSON parsing...
2026-07-06 12:54:49 | DEBUG    | parse_json           | Response preview: <table class="tbl" data-page-length="25"><thead class="tbl__head"><!-- tr--><!--   th(colspan="11")--><!--   th.center(colspan="2", style="width: 110px;") TOTAL BUY ORDERS--><!--   th.center(colspan="2", style="width: 110px;") TOTAL SELL ORDERS--><tr><th data-name="symbol">SYMBOL</th><th data-name="sector">SECTOR</th><th data-name="listed">LISTED IN</th><th class="right" data-name="ldcp">LDCP</th><th class="right" data-name="open">OPEN</th><th class="right" data-name="high">HIGH</th><th class="r
2026-07-06 12:54:49 | WARNING  | parse_json           | ⚠️ JSON parsing failed: Expecting value: line 1 column 1 (char 0)
2026-07-06 12:54:49 | INFO     | run                  | JSON parsing failed, trying HTML fallback...
2026-07-06 12:54:49 | INFO     | parse_html           | Attempting HTML fallback parsing...
2026-07-06 12:54:49 | DEBUG    | parse_html           | Found 1 table(s) in HTML
2026-07-06 12:54:49 | DEBUG    | parse_html           | Table columns: ['SYMBOL', 'SECTOR', 'LISTED IN', 'LDCP', 'OPEN', 'HIGH', 'LOW', 'CURRENT', 'CHANGE', 'CHANGE (%)', 'VOLUME']
2026-07-06 12:54:49 | DEBUG    | parse_html           | Table shape: (495, 11)
2026-07-06 12:54:49 | INFO     | parse_html           | ✅ HTML parsed successfully (495 rows)
2026-07-06 12:54:49 | INFO     | clean_data           | Cleaning data...
2026-07-06 12:54:49 | DEBUG    | clean_data           | Initial shape: (495, 11)
2026-07-06 12:54:49 | DEBUG    | clean_data           | Initial columns: ['SYMBOL', 'SECTOR', 'LISTED IN', 'LDCP', 'OPEN', 'HIGH', 'LOW', 'CURRENT', 'CHANGE', 'CHANGE (%)', 'VOLUME']
2026-07-06 12:54:49 | DEBUG    | clean_data           | Removed 'LISTED IN' column
2026-07-06 12:54:49 | DEBUG    | clean_data           | Converted LDCP from float64 to numeric
2026-07-06 12:54:49 | DEBUG    | clean_data           | Converted OPEN from float64 to numeric
2026-07-06 12:54:49 | DEBUG    | clean_data           | Converted HIGH from float64 to numeric
2026-07-06 12:54:49 | DEBUG    | clean_data           | Converted LOW from float64 to numeric
2026-07-06 12:54:49 | DEBUG    | clean_data           | Converted CURRENT from float64 to numeric
2026-07-06 12:54:49 | DEBUG    | clean_data           | Converted CHANGE from float64 to numeric
2026-07-06 12:54:49 | WARNING  | clean_data           | Column CHANGE (%): 495 values could not be converted to numeric
2026-07-06 12:54:49 | DEBUG    | clean_data           | Converted CHANGE (%) from str to numeric
2026-07-06 12:54:49 | DEBUG    | clean_data           | Converted VOLUME from int64 to numeric
2026-07-06 12:54:49 | INFO     | clean_data           | ✅ Data cleaned (495 rows, 16 columns)
2026-07-06 12:54:49 | DEBUG    | clean_data           | Final columns: ['SYMBOL', 'SECTOR', 'LDCP', 'OPEN', 'HIGH', 'LOW', 'CURRENT', 'CHANGE', 'CHANGE (%)', 'VOLUME', 'YEAR', 'MONTH', 'DAY', 'HOUR', 'MINUTE', 'DATETIME']
2026-07-06 12:54:49 | DEBUG    | get_file_path        | Generated file path: data/2026/07/2026-07-06.xlsx
2026-07-06 12:54:49 | INFO     | save_data            | Saving data to: data/2026/07/2026-07-06.xlsx
2026-07-06 12:54:49 | DEBUG    | _create_backup       | Backup created: data/2026/07/backups/2026-07-06_backup_20260706_125449.xlsx
2026-07-06 12:54:49 | DEBUG    | _cleanup_old_backups | Removed old backup: 2026-07-06_backup_20260706_122834.xlsx
2026-07-06 12:54:49 | DEBUG    | save_data            | Existing file found, merging data...
2026-07-06 12:54:52 | DEBUG    | save_data            | Loaded 35017 existing rows
2026-07-06 12:54:52 | DEBUG    | save_data            | Combined to 35512 rows
2026-07-06 12:54:52 | DEBUG    | save_data            | Writing to temporary file...
2026-07-06 12:54:59 | DEBUG    | save_data            | Data written to temp file: /home/runner/work/Thalorae-BackLioraen/Thalorae-BackLioraen/data/2026/07/tmpjr4y7dvf.xlsx
2026-07-06 12:54:59 | DEBUG    | save_data            | Temp file moved to final location
2026-07-06 12:54:59 | INFO     | save_data            | ✅ Data saved successfully (35512 total rows, 2,650,325 bytes)
2026-07-06 12:54:59 | INFO     | run                  | ======================================================================
2026-07-06 12:54:59 | INFO     | run                  | 📊 EXECUTION SUMMARY:
2026-07-06 12:54:59 | INFO     | run                  |    ✅ Status: SUCCESS
2026-07-06 12:54:59 | INFO     | run                  |    - Rows processed: 495
2026-07-06 12:54:59 | INFO     | run                  |    - Unique symbols: 495
2026-07-06 12:54:59 | INFO     | run                  |    - Timestamp: 2026-07-06 17:54:45
2026-07-06 12:54:59 | INFO     | run                  |    - File: data/2026/07/2026-07-06.xlsx
2026-07-06 12:54:59 | INFO     | run                  | ======================================================================
2026-07-06 12:54:59 | DEBUG    | run                  | Sample data (first row):
2026-07-06 12:54:59 | DEBUG    | run                  | {'SYMBOL': 'TPLP', 'SECTOR': 838, 'LDCP': 11.64, 'OPEN': 11.87, 'HIGH': 12.74, 'LOW': 11.87, 'CURRENT': 12.54, 'CHANGE': 0.9, 'CHANGE (%)': nan, 'VOLUME': 66770551, 'YEAR': 2026, 'MONTH': 7, 'DAY': 6, 'HOUR': 17, 'MINUTE': 54, 'DATETIME': '2026-07-06 17:54'}
2026-07-06 12:54:59 | DEBUG    | close                | Session closed
2026-07-06 12:59:59 | INFO     | run                  | ======================================================================
2026-07-06 12:59:59 | INFO     | run                  | 🚀 MARKET DATA SCRAPER - SINGLE EXECUTION
2026-07-06 12:59:59 | INFO     | run                  | ======================================================================
2026-07-06 12:59:59 | INFO     | run                  | Execution Time: 2026-07-06 17:59:59 PKT
2026-07-06 12:59:59 | INFO     | run                  | Configuration:
2026-07-06 12:59:59 | INFO     | run                  |    - Timezone: Asia/Karachi
2026-07-06 12:59:59 | INFO     | run                  |    - Data directory: data
2026-07-06 12:59:59 | INFO     | run                  |    - Log directory: logs
2026-07-06 12:59:59 | INFO     | run                  |    - Excluded symbols: {'XR', 'XS', 'XD', 'XT'}
2026-07-06 12:59:59 | INFO     | run                  | ======================================================================
2026-07-06 12:59:59 | INFO     | fetch_data           | Fetching data (Attempt 1/3)...
2026-07-06 12:59:59 | DEBUG    | fetch_data           | Establishing session with https://dps.psx.com.pk/
2026-07-06 13:00:02 | DEBUG    | fetch_data           | Requesting data from https://dps.psx.com.pk/market-watch
2026-07-06 13:00:04 | DEBUG    | fetch_data           | Response status: 200
2026-07-06 13:00:04 | DEBUG    | fetch_data           | Response content type: text/html; charset=utf-8
2026-07-06 13:00:04 | DEBUG    | fetch_data           | Response size: 475484 bytes
2026-07-06 13:00:04 | INFO     | fetch_data           | ✅ Data fetched successfully (Status: 200)
2026-07-06 13:00:04 | DEBUG    | parse_json           | Attempting JSON parsing...
2026-07-06 13:00:04 | DEBUG    | parse_json           | Response preview: <table class="tbl" data-page-length="25"><thead class="tbl__head"><!-- tr--><!--   th(colspan="11")--><!--   th.center(colspan="2", style="width: 110px;") TOTAL BUY ORDERS--><!--   th.center(colspan="2", style="width: 110px;") TOTAL SELL ORDERS--><tr><th data-name="symbol">SYMBOL</th><th data-name="sector">SECTOR</th><th data-name="listed">LISTED IN</th><th class="right" data-name="ldcp">LDCP</th><th class="right" data-name="open">OPEN</th><th class="right" data-name="high">HIGH</th><th class="r
2026-07-06 13:00:04 | WARNING  | parse_json           | ⚠️ JSON parsing failed: Expecting value: line 1 column 1 (char 0)
2026-07-06 13:00:04 | INFO     | run                  | JSON parsing failed, trying HTML fallback...
2026-07-06 13:00:04 | INFO     | parse_html           | Attempting HTML fallback parsing...
2026-07-06 13:00:04 | DEBUG    | parse_html           | Found 1 table(s) in HTML
2026-07-06 13:00:04 | DEBUG    | parse_html           | Table columns: ['SYMBOL', 'SECTOR', 'LISTED IN', 'LDCP', 'OPEN', 'HIGH', 'LOW', 'CURRENT', 'CHANGE', 'CHANGE (%)', 'VOLUME']
2026-07-06 13:00:04 | DEBUG    | parse_html           | Table shape: (495, 11)
2026-07-06 13:00:04 | INFO     | parse_html           | ✅ HTML parsed successfully (495 rows)
2026-07-06 13:00:04 | INFO     | clean_data           | Cleaning data...
2026-07-06 13:00:04 | DEBUG    | clean_data           | Initial shape: (495, 11)
2026-07-06 13:00:04 | DEBUG    | clean_data           | Initial columns: ['SYMBOL', 'SECTOR', 'LISTED IN', 'LDCP', 'OPEN', 'HIGH', 'LOW', 'CURRENT', 'CHANGE', 'CHANGE (%)', 'VOLUME']
2026-07-06 13:00:04 | DEBUG    | clean_data           | Removed 'LISTED IN' column
2026-07-06 13:00:04 | DEBUG    | clean_data           | Converted LDCP from float64 to numeric
2026-07-06 13:00:04 | DEBUG    | clean_data           | Converted OPEN from float64 to numeric
2026-07-06 13:00:04 | DEBUG    | clean_data           | Converted HIGH from float64 to numeric
2026-07-06 13:00:04 | DEBUG    | clean_data           | Converted LOW from float64 to numeric
2026-07-06 13:00:04 | DEBUG    | clean_data           | Converted CURRENT from float64 to numeric
2026-07-06 13:00:04 | DEBUG    | clean_data           | Converted CHANGE from float64 to numeric
2026-07-06 13:00:04 | WARNING  | clean_data           | Column CHANGE (%): 495 values could not be converted to numeric
2026-07-06 13:00:04 | DEBUG    | clean_data           | Converted CHANGE (%) from str to numeric
2026-07-06 13:00:04 | DEBUG    | clean_data           | Converted VOLUME from int64 to numeric
2026-07-06 13:00:04 | INFO     | clean_data           | ✅ Data cleaned (495 rows, 16 columns)
2026-07-06 13:00:04 | DEBUG    | clean_data           | Final columns: ['SYMBOL', 'SECTOR', 'LDCP', 'OPEN', 'HIGH', 'LOW', 'CURRENT', 'CHANGE', 'CHANGE (%)', 'VOLUME', 'YEAR', 'MONTH', 'DAY', 'HOUR', 'MINUTE', 'DATETIME']
2026-07-06 13:00:04 | DEBUG    | get_file_path        | Generated file path: data/2026/07/2026-07-06.xlsx
2026-07-06 13:00:04 | INFO     | save_data            | Saving data to: data/2026/07/2026-07-06.xlsx
2026-07-06 13:00:04 | DEBUG    | _create_backup       | Backup created: data/2026/07/backups/2026-07-06_backup_20260706_130004.xlsx
2026-07-06 13:00:04 | DEBUG    | _cleanup_old_backups | Removed old backup: 2026-07-06_backup_20260706_123348.xlsx
2026-07-06 13:00:04 | DEBUG    | save_data            | Existing file found, merging data...
2026-07-06 13:00:07 | DEBUG    | save_data            | Loaded 35512 existing rows
2026-07-06 13:00:07 | DEBUG    | save_data            | Combined to 36007 rows
2026-07-06 13:00:07 | DEBUG    | save_data            | Writing to temporary file...
2026-07-06 13:00:14 | DEBUG    | save_data            | Data written to temp file: /home/runner/work/Thalorae-BackLioraen/Thalorae-BackLioraen/data/2026/07/tmpjdbqx9ml.xlsx
2026-07-06 13:00:14 | DEBUG    | save_data            | Temp file moved to final location
2026-07-06 13:00:14 | INFO     | save_data            | ✅ Data saved successfully (36007 total rows, 2,687,799 bytes)
2026-07-06 13:00:14 | INFO     | run                  | ======================================================================
2026-07-06 13:00:14 | INFO     | run                  | 📊 EXECUTION SUMMARY:
2026-07-06 13:00:14 | INFO     | run                  |    ✅ Status: SUCCESS
2026-07-06 13:00:14 | INFO     | run                  |    - Rows processed: 495
2026-07-06 13:00:14 | INFO     | run                  |    - Unique symbols: 495
2026-07-06 13:00:14 | INFO     | run                  |    - Timestamp: 2026-07-06 17:59:59
2026-07-06 13:00:14 | INFO     | run                  |    - File: data/2026/07/2026-07-06.xlsx
2026-07-06 13:00:14 | INFO     | run                  | ======================================================================
2026-07-06 13:00:14 | DEBUG    | run                  | Sample data (first row):
2026-07-06 13:00:14 | DEBUG    | run                  | {'SYMBOL': 'TPLP', 'SECTOR': 838, 'LDCP': 11.64, 'OPEN': 11.87, 'HIGH': 12.74, 'LOW': 11.87, 'CURRENT': 12.54, 'CHANGE': 0.9, 'CHANGE (%)': nan, 'VOLUME': 66770551, 'YEAR': 2026, 'MONTH': 7, 'DAY': 6, 'HOUR': 17, 'MINUTE': 59, 'DATETIME': '2026-07-06 17:59'}
2026-07-06 13:00:14 | DEBUG    | close                | Session closed
2026-07-06 13:05:14 | INFO     | run                  | ======================================================================
2026-07-06 13:05:14 | INFO     | run                  | 🚀 MARKET DATA SCRAPER - SINGLE EXECUTION
2026-07-06 13:05:14 | INFO     | run                  | ======================================================================
2026-07-06 13:05:14 | INFO     | run                  | Execution Time: 2026-07-06 18:05:14 PKT
2026-07-06 13:05:14 | INFO     | run                  | Configuration:
2026-07-06 13:05:14 | INFO     | run                  |    - Timezone: Asia/Karachi
2026-07-06 13:05:14 | INFO     | run                  |    - Data directory: data
2026-07-06 13:05:14 | INFO     | run                  |    - Log directory: logs
2026-07-06 13:05:14 | INFO     | run                  |    - Excluded symbols: {'XD', 'XS', 'XT', 'XR'}
2026-07-06 13:05:14 | INFO     | run                  | ======================================================================
2026-07-06 13:05:14 | INFO     | fetch_data           | Fetching data (Attempt 1/3)...
2026-07-06 13:05:14 | DEBUG    | fetch_data           | Establishing session with https://dps.psx.com.pk/
2026-07-06 13:05:18 | DEBUG    | fetch_data           | Requesting data from https://dps.psx.com.pk/market-watch
2026-07-06 13:05:20 | DEBUG    | fetch_data           | Response status: 200
2026-07-06 13:05:20 | DEBUG    | fetch_data           | Response content type: text/html; charset=utf-8
2026-07-06 13:05:20 | DEBUG    | fetch_data           | Response size: 475484 bytes
2026-07-06 13:05:20 | INFO     | fetch_data           | ✅ Data fetched successfully (Status: 200)
2026-07-06 13:05:20 | DEBUG    | parse_json           | Attempting JSON parsing...
2026-07-06 13:05:20 | DEBUG    | parse_json           | Response preview: <table class="tbl" data-page-length="25"><thead class="tbl__head"><!-- tr--><!--   th(colspan="11")--><!--   th.center(colspan="2", style="width: 110px;") TOTAL BUY ORDERS--><!--   th.center(colspan="2", style="width: 110px;") TOTAL SELL ORDERS--><tr><th data-name="symbol">SYMBOL</th><th data-name="sector">SECTOR</th><th data-name="listed">LISTED IN</th><th class="right" data-name="ldcp">LDCP</th><th class="right" data-name="open">OPEN</th><th class="right" data-name="high">HIGH</th><th class="r
2026-07-06 13:05:20 | WARNING  | parse_json           | ⚠️ JSON parsing failed: Expecting value: line 1 column 1 (char 0)
2026-07-06 13:05:20 | INFO     | run                  | JSON parsing failed, trying HTML fallback...
2026-07-06 13:05:20 | INFO     | parse_html           | Attempting HTML fallback parsing...
2026-07-06 13:05:20 | DEBUG    | parse_html           | Found 1 table(s) in HTML
2026-07-06 13:05:20 | DEBUG    | parse_html           | Table columns: ['SYMBOL', 'SECTOR', 'LISTED IN', 'LDCP', 'OPEN', 'HIGH', 'LOW', 'CURRENT', 'CHANGE', 'CHANGE (%)', 'VOLUME']
2026-07-06 13:05:20 | DEBUG    | parse_html           | Table shape: (495, 11)
2026-07-06 13:05:20 | INFO     | parse_html           | ✅ HTML parsed successfully (495 rows)
2026-07-06 13:05:20 | INFO     | clean_data           | Cleaning data...
2026-07-06 13:05:20 | DEBUG    | clean_data           | Initial shape: (495, 11)
2026-07-06 13:05:20 | DEBUG    | clean_data           | Initial columns: ['SYMBOL', 'SECTOR', 'LISTED IN', 'LDCP', 'OPEN', 'HIGH', 'LOW', 'CURRENT', 'CHANGE', 'CHANGE (%)', 'VOLUME']
2026-07-06 13:05:20 | DEBUG    | clean_data           | Removed 'LISTED IN' column
2026-07-06 13:05:20 | DEBUG    | clean_data           | Converted LDCP from float64 to numeric
2026-07-06 13:05:20 | DEBUG    | clean_data           | Converted OPEN from float64 to numeric
2026-07-06 13:05:20 | DEBUG    | clean_data           | Converted HIGH from float64 to numeric
2026-07-06 13:05:20 | DEBUG    | clean_data           | Converted LOW from float64 to numeric
2026-07-06 13:05:20 | DEBUG    | clean_data           | Converted CURRENT from float64 to numeric
2026-07-06 13:05:20 | DEBUG    | clean_data           | Converted CHANGE from float64 to numeric
2026-07-06 13:05:20 | WARNING  | clean_data           | Column CHANGE (%): 495 values could not be converted to numeric
2026-07-06 13:05:20 | DEBUG    | clean_data           | Converted CHANGE (%) from str to numeric
2026-07-06 13:05:20 | DEBUG    | clean_data           | Converted VOLUME from int64 to numeric
2026-07-06 13:05:20 | INFO     | clean_data           | ✅ Data cleaned (495 rows, 16 columns)
2026-07-06 13:05:20 | DEBUG    | clean_data           | Final columns: ['SYMBOL', 'SECTOR', 'LDCP', 'OPEN', 'HIGH', 'LOW', 'CURRENT', 'CHANGE', 'CHANGE (%)', 'VOLUME', 'YEAR', 'MONTH', 'DAY', 'HOUR', 'MINUTE', 'DATETIME']
2026-07-06 13:05:20 | DEBUG    | get_file_path        | Generated file path: data/2026/07/2026-07-06.xlsx
2026-07-06 13:05:20 | INFO     | save_data            | Saving data to: data/2026/07/2026-07-06.xlsx
2026-07-06 13:05:20 | DEBUG    | _create_backup       | Backup created: data/2026/07/backups/2026-07-06_backup_20260706_130520.xlsx
2026-07-06 13:05:20 | DEBUG    | _cleanup_old_backups | Removed old backup: 2026-07-06_backup_20260706_123902.xlsx
2026-07-06 13:05:20 | DEBUG    | save_data            | Existing file found, merging data...
2026-07-06 13:05:23 | DEBUG    | save_data            | Loaded 36007 existing rows
2026-07-06 13:05:23 | DEBUG    | save_data            | Combined to 36502 rows
2026-07-06 13:05:23 | DEBUG    | save_data            | Writing to temporary file...
2026-07-06 13:05:30 | DEBUG    | save_data            | Data written to temp file: /home/runner/work/Thalorae-BackLioraen/Thalorae-BackLioraen/data/2026/07/tmpo11cn9zm.xlsx
2026-07-06 13:05:30 | DEBUG    | save_data            | Temp file moved to final location
2026-07-06 13:05:30 | INFO     | save_data            | ✅ Data saved successfully (36502 total rows, 2,725,277 bytes)
2026-07-06 13:05:30 | INFO     | run                  | ======================================================================
2026-07-06 13:05:30 | INFO     | run                  | 📊 EXECUTION SUMMARY:
2026-07-06 13:05:30 | INFO     | run                  |    ✅ Status: SUCCESS
2026-07-06 13:05:30 | INFO     | run                  |    - Rows processed: 495
2026-07-06 13:05:30 | INFO     | run                  |    - Unique symbols: 495
2026-07-06 13:05:30 | INFO     | run                  |    - Timestamp: 2026-07-06 18:05:14
2026-07-06 13:05:30 | INFO     | run                  |    - File: data/2026/07/2026-07-06.xlsx
2026-07-06 13:05:30 | INFO     | run                  | ======================================================================
2026-07-06 13:05:30 | DEBUG    | run                  | Sample data (first row):
2026-07-06 13:05:30 | DEBUG    | run                  | {'SYMBOL': 'TPLP', 'SECTOR': 838, 'LDCP': 11.64, 'OPEN': 11.87, 'HIGH': 12.74, 'LOW': 11.87, 'CURRENT': 12.54, 'CHANGE': 0.9, 'CHANGE (%)': nan, 'VOLUME': 66770551, 'YEAR': 2026, 'MONTH': 7, 'DAY': 6, 'HOUR': 18, 'MINUTE': 5, 'DATETIME': '2026-07-06 18:05'}
2026-07-06 13:05:30 | DEBUG    | close                | Session closed
2026-07-06 13:10:31 | INFO     | run                  | ======================================================================
2026-07-06 13:10:31 | INFO     | run                  | 🚀 MARKET DATA SCRAPER - SINGLE EXECUTION
2026-07-06 13:10:31 | INFO     | run                  | ======================================================================
2026-07-06 13:10:31 | INFO     | run                  | Execution Time: 2026-07-06 18:10:31 PKT
2026-07-06 13:10:31 | INFO     | run                  | Configuration:
2026-07-06 13:10:31 | INFO     | run                  |    - Timezone: Asia/Karachi
2026-07-06 13:10:31 | INFO     | run                  |    - Data directory: data
2026-07-06 13:10:31 | INFO     | run                  |    - Log directory: logs
2026-07-06 13:10:31 | INFO     | run                  |    - Excluded symbols: {'XR', 'XT', 'XD', 'XS'}
2026-07-06 13:10:31 | INFO     | run                  | ======================================================================
2026-07-06 13:10:31 | INFO     | fetch_data           | Fetching data (Attempt 1/3)...
2026-07-06 13:10:31 | DEBUG    | fetch_data           | Establishing session with https://dps.psx.com.pk/
2026-07-06 13:10:34 | DEBUG    | fetch_data           | Requesting data from https://dps.psx.com.pk/market-watch
2026-07-06 13:10:36 | DEBUG    | fetch_data           | Response status: 200
2026-07-06 13:10:36 | DEBUG    | fetch_data           | Response content type: text/html; charset=utf-8
2026-07-06 13:10:36 | DEBUG    | fetch_data           | Response size: 475484 bytes
2026-07-06 13:10:36 | INFO     | fetch_data           | ✅ Data fetched successfully (Status: 200)
2026-07-06 13:10:36 | DEBUG    | parse_json           | Attempting JSON parsing...
2026-07-06 13:10:36 | DEBUG    | parse_json           | Response preview: <table class="tbl" data-page-length="25"><thead class="tbl__head"><!-- tr--><!--   th(colspan="11")--><!--   th.center(colspan="2", style="width: 110px;") TOTAL BUY ORDERS--><!--   th.center(colspan="2", style="width: 110px;") TOTAL SELL ORDERS--><tr><th data-name="symbol">SYMBOL</th><th data-name="sector">SECTOR</th><th data-name="listed">LISTED IN</th><th class="right" data-name="ldcp">LDCP</th><th class="right" data-name="open">OPEN</th><th class="right" data-name="high">HIGH</th><th class="r
2026-07-06 13:10:36 | WARNING  | parse_json           | ⚠️ JSON parsing failed: Expecting value: line 1 column 1 (char 0)
2026-07-06 13:10:36 | INFO     | run                  | JSON parsing failed, trying HTML fallback...
2026-07-06 13:10:36 | INFO     | parse_html           | Attempting HTML fallback parsing...
2026-07-06 13:10:36 | DEBUG    | parse_html           | Found 1 table(s) in HTML
2026-07-06 13:10:36 | DEBUG    | parse_html           | Table columns: ['SYMBOL', 'SECTOR', 'LISTED IN', 'LDCP', 'OPEN', 'HIGH', 'LOW', 'CURRENT', 'CHANGE', 'CHANGE (%)', 'VOLUME']
2026-07-06 13:10:36 | DEBUG    | parse_html           | Table shape: (495, 11)
2026-07-06 13:10:36 | INFO     | parse_html           | ✅ HTML parsed successfully (495 rows)
2026-07-06 13:10:36 | INFO     | clean_data           | Cleaning data...
2026-07-06 13:10:36 | DEBUG    | clean_data           | Initial shape: (495, 11)
2026-07-06 13:10:36 | DEBUG    | clean_data           | Initial columns: ['SYMBOL', 'SECTOR', 'LISTED IN', 'LDCP', 'OPEN', 'HIGH', 'LOW', 'CURRENT', 'CHANGE', 'CHANGE (%)', 'VOLUME']
2026-07-06 13:10:36 | DEBUG    | clean_data           | Removed 'LISTED IN' column
2026-07-06 13:10:36 | DEBUG    | clean_data           | Converted LDCP from float64 to numeric
2026-07-06 13:10:36 | DEBUG    | clean_data           | Converted OPEN from float64 to numeric
2026-07-06 13:10:36 | DEBUG    | clean_data           | Converted HIGH from float64 to numeric
2026-07-06 13:10:36 | DEBUG    | clean_data           | Converted LOW from float64 to numeric
2026-07-06 13:10:36 | DEBUG    | clean_data           | Converted CURRENT from float64 to numeric
2026-07-06 13:10:36 | DEBUG    | clean_data           | Converted CHANGE from float64 to numeric
2026-07-06 13:10:36 | WARNING  | clean_data           | Column CHANGE (%): 495 values could not be converted to numeric
2026-07-06 13:10:36 | DEBUG    | clean_data           | Converted CHANGE (%) from str to numeric
2026-07-06 13:10:36 | DEBUG    | clean_data           | Converted VOLUME from int64 to numeric
2026-07-06 13:10:36 | INFO     | clean_data           | ✅ Data cleaned (495 rows, 16 columns)
2026-07-06 13:10:36 | DEBUG    | clean_data           | Final columns: ['SYMBOL', 'SECTOR', 'LDCP', 'OPEN', 'HIGH', 'LOW', 'CURRENT', 'CHANGE', 'CHANGE (%)', 'VOLUME', 'YEAR', 'MONTH', 'DAY', 'HOUR', 'MINUTE', 'DATETIME']
2026-07-06 13:10:36 | DEBUG    | get_file_path        | Generated file path: data/2026/07/2026-07-06.xlsx
2026-07-06 13:10:36 | INFO     | save_data            | Saving data to: data/2026/07/2026-07-06.xlsx
2026-07-06 13:10:36 | DEBUG    | _create_backup       | Backup created: data/2026/07/backups/2026-07-06_backup_20260706_131036.xlsx
2026-07-06 13:10:36 | DEBUG    | _cleanup_old_backups | Removed old backup: 2026-07-06_backup_20260706_124418.xlsx
2026-07-06 13:10:36 | DEBUG    | save_data            | Existing file found, merging data...
2026-07-06 13:10:39 | DEBUG    | save_data            | Loaded 36502 existing rows
2026-07-06 13:10:39 | DEBUG    | save_data            | Combined to 36997 rows
2026-07-06 13:10:39 | DEBUG    | save_data            | Writing to temporary file...
2026-07-06 13:10:46 | DEBUG    | save_data            | Data written to temp file: /home/runner/work/Thalorae-BackLioraen/Thalorae-BackLioraen/data/2026/07/tmpz5zw31st.xlsx
2026-07-06 13:10:46 | DEBUG    | save_data            | Temp file moved to final location
2026-07-06 13:10:46 | INFO     | save_data            | ✅ Data saved successfully (36997 total rows, 2,762,716 bytes)
2026-07-06 13:10:46 | INFO     | run                  | ======================================================================
2026-07-06 13:10:46 | INFO     | run                  | 📊 EXECUTION SUMMARY:
2026-07-06 13:10:46 | INFO     | run                  |    ✅ Status: SUCCESS
2026-07-06 13:10:46 | INFO     | run                  |    - Rows processed: 495
2026-07-06 13:10:46 | INFO     | run                  |    - Unique symbols: 495
2026-07-06 13:10:46 | INFO     | run                  |    - Timestamp: 2026-07-06 18:10:31
2026-07-06 13:10:46 | INFO     | run                  |    - File: data/2026/07/2026-07-06.xlsx
2026-07-06 13:10:46 | INFO     | run                  | ======================================================================
2026-07-06 13:10:46 | DEBUG    | run                  | Sample data (first row):
2026-07-06 13:10:46 | DEBUG    | run                  | {'SYMBOL': 'TPLP', 'SECTOR': 838, 'LDCP': 11.64, 'OPEN': 11.87, 'HIGH': 12.74, 'LOW': 11.87, 'CURRENT': 12.54, 'CHANGE': 0.9, 'CHANGE (%)': nan, 'VOLUME': 66770551, 'YEAR': 2026, 'MONTH': 7, 'DAY': 6, 'HOUR': 18, 'MINUTE': 10, 'DATETIME': '2026-07-06 18:10'}
2026-07-06 13:10:46 | DEBUG    | close                | Session closed
2026-07-06 13:15:47 | INFO     | run                  | ======================================================================
2026-07-06 13:15:47 | INFO     | run                  | 🚀 MARKET DATA SCRAPER - SINGLE EXECUTION
2026-07-06 13:15:47 | INFO     | run                  | ======================================================================
2026-07-06 13:15:47 | INFO     | run                  | Execution Time: 2026-07-06 18:15:47 PKT
2026-07-06 13:15:47 | INFO     | run                  | Configuration:
2026-07-06 13:15:47 | INFO     | run                  |    - Timezone: Asia/Karachi
2026-07-06 13:15:47 | INFO     | run                  |    - Data directory: data
2026-07-06 13:15:47 | INFO     | run                  |    - Log directory: logs
2026-07-06 13:15:47 | INFO     | run                  |    - Excluded symbols: {'XR', 'XD', 'XT', 'XS'}
2026-07-06 13:15:47 | INFO     | run                  | ======================================================================
2026-07-06 13:15:47 | INFO     | fetch_data           | Fetching data (Attempt 1/3)...
2026-07-06 13:15:47 | DEBUG    | fetch_data           | Establishing session with https://dps.psx.com.pk/
2026-07-06 13:15:51 | DEBUG    | fetch_data           | Requesting data from https://dps.psx.com.pk/market-watch
2026-07-06 13:15:52 | DEBUG    | fetch_data           | Response status: 200
2026-07-06 13:15:52 | DEBUG    | fetch_data           | Response content type: text/html; charset=utf-8
2026-07-06 13:15:52 | DEBUG    | fetch_data           | Response size: 475484 bytes
2026-07-06 13:15:52 | INFO     | fetch_data           | ✅ Data fetched successfully (Status: 200)
2026-07-06 13:15:52 | DEBUG    | parse_json           | Attempting JSON parsing...
2026-07-06 13:15:52 | DEBUG    | parse_json           | Response preview: <table class="tbl" data-page-length="25"><thead class="tbl__head"><!-- tr--><!--   th(colspan="11")--><!--   th.center(colspan="2", style="width: 110px;") TOTAL BUY ORDERS--><!--   th.center(colspan="2", style="width: 110px;") TOTAL SELL ORDERS--><tr><th data-name="symbol">SYMBOL</th><th data-name="sector">SECTOR</th><th data-name="listed">LISTED IN</th><th class="right" data-name="ldcp">LDCP</th><th class="right" data-name="open">OPEN</th><th class="right" data-name="high">HIGH</th><th class="r
2026-07-06 13:15:52 | WARNING  | parse_json           | ⚠️ JSON parsing failed: Expecting value: line 1 column 1 (char 0)
2026-07-06 13:15:52 | INFO     | run                  | JSON parsing failed, trying HTML fallback...
2026-07-06 13:15:52 | INFO     | parse_html           | Attempting HTML fallback parsing...
2026-07-06 13:15:52 | DEBUG    | parse_html           | Found 1 table(s) in HTML
2026-07-06 13:15:52 | DEBUG    | parse_html           | Table columns: ['SYMBOL', 'SECTOR', 'LISTED IN', 'LDCP', 'OPEN', 'HIGH', 'LOW', 'CURRENT', 'CHANGE', 'CHANGE (%)', 'VOLUME']
2026-07-06 13:15:52 | DEBUG    | parse_html           | Table shape: (495, 11)
2026-07-06 13:15:52 | INFO     | parse_html           | ✅ HTML parsed successfully (495 rows)
2026-07-06 13:15:52 | INFO     | clean_data           | Cleaning data...
2026-07-06 13:15:52 | DEBUG    | clean_data           | Initial shape: (495, 11)
2026-07-06 13:15:52 | DEBUG    | clean_data           | Initial columns: ['SYMBOL', 'SECTOR', 'LISTED IN', 'LDCP', 'OPEN', 'HIGH', 'LOW', 'CURRENT', 'CHANGE', 'CHANGE (%)', 'VOLUME']
2026-07-06 13:15:52 | DEBUG    | clean_data           | Removed 'LISTED IN' column
2026-07-06 13:15:52 | DEBUG    | clean_data           | Converted LDCP from float64 to numeric
2026-07-06 13:15:52 | DEBUG    | clean_data           | Converted OPEN from float64 to numeric
2026-07-06 13:15:52 | DEBUG    | clean_data           | Converted HIGH from float64 to numeric
2026-07-06 13:15:52 | DEBUG    | clean_data           | Converted LOW from float64 to numeric
2026-07-06 13:15:52 | DEBUG    | clean_data           | Converted CURRENT from float64 to numeric
2026-07-06 13:15:52 | DEBUG    | clean_data           | Converted CHANGE from float64 to numeric
2026-07-06 13:15:52 | WARNING  | clean_data           | Column CHANGE (%): 495 values could not be converted to numeric
2026-07-06 13:15:52 | DEBUG    | clean_data           | Converted CHANGE (%) from str to numeric
2026-07-06 13:15:52 | DEBUG    | clean_data           | Converted VOLUME from int64 to numeric
2026-07-06 13:15:52 | INFO     | clean_data           | ✅ Data cleaned (495 rows, 16 columns)
2026-07-06 13:15:52 | DEBUG    | clean_data           | Final columns: ['SYMBOL', 'SECTOR', 'LDCP', 'OPEN', 'HIGH', 'LOW', 'CURRENT', 'CHANGE', 'CHANGE (%)', 'VOLUME', 'YEAR', 'MONTH', 'DAY', 'HOUR', 'MINUTE', 'DATETIME']
2026-07-06 13:15:52 | DEBUG    | get_file_path        | Generated file path: data/2026/07/2026-07-06.xlsx
2026-07-06 13:15:52 | INFO     | save_data            | Saving data to: data/2026/07/2026-07-06.xlsx
2026-07-06 13:15:52 | DEBUG    | _create_backup       | Backup created: data/2026/07/backups/2026-07-06_backup_20260706_131552.xlsx
2026-07-06 13:15:52 | DEBUG    | _cleanup_old_backups | Removed old backup: 2026-07-06_backup_20260706_124934.xlsx
2026-07-06 13:15:52 | DEBUG    | save_data            | Existing file found, merging data...
2026-07-06 13:15:55 | DEBUG    | save_data            | Loaded 36997 existing rows
2026-07-06 13:15:55 | DEBUG    | save_data            | Combined to 37492 rows
2026-07-06 13:15:55 | DEBUG    | save_data            | Writing to temporary file...
2026-07-06 13:16:02 | DEBUG    | save_data            | Data written to temp file: /home/runner/work/Thalorae-BackLioraen/Thalorae-BackLioraen/data/2026/07/tmpqls9tm4d.xlsx
2026-07-06 13:16:02 | DEBUG    | save_data            | Temp file moved to final location
2026-07-06 13:16:02 | INFO     | save_data            | ✅ Data saved successfully (37492 total rows, 2,800,143 bytes)
2026-07-06 13:16:02 | INFO     | run                  | ======================================================================
2026-07-06 13:16:02 | INFO     | run                  | 📊 EXECUTION SUMMARY:
2026-07-06 13:16:02 | INFO     | run                  |    ✅ Status: SUCCESS
2026-07-06 13:16:02 | INFO     | run                  |    - Rows processed: 495
2026-07-06 13:16:02 | INFO     | run                  |    - Unique symbols: 495
2026-07-06 13:16:02 | INFO     | run                  |    - Timestamp: 2026-07-06 18:15:47
2026-07-06 13:16:02 | INFO     | run                  |    - File: data/2026/07/2026-07-06.xlsx
2026-07-06 13:16:02 | INFO     | run                  | ======================================================================
2026-07-06 13:16:02 | DEBUG    | run                  | Sample data (first row):
2026-07-06 13:16:02 | DEBUG    | run                  | {'SYMBOL': 'TPLP', 'SECTOR': 838, 'LDCP': 11.64, 'OPEN': 11.87, 'HIGH': 12.74, 'LOW': 11.87, 'CURRENT': 12.54, 'CHANGE': 0.9, 'CHANGE (%)': nan, 'VOLUME': 66770551, 'YEAR': 2026, 'MONTH': 7, 'DAY': 6, 'HOUR': 18, 'MINUTE': 15, 'DATETIME': '2026-07-06 18:15'}
2026-07-06 13:16:02 | DEBUG    | close                | Session closed
2026-07-06 13:21:03 | INFO     | run                  | ======================================================================
2026-07-06 13:21:03 | INFO     | run                  | 🚀 MARKET DATA SCRAPER - SINGLE EXECUTION
2026-07-06 13:21:03 | INFO     | run                  | ======================================================================
2026-07-06 13:21:03 | INFO     | run                  | Execution Time: 2026-07-06 18:21:03 PKT
2026-07-06 13:21:03 | INFO     | run                  | Configuration:
2026-07-06 13:21:03 | INFO     | run                  |    - Timezone: Asia/Karachi
2026-07-06 13:21:03 | INFO     | run                  |    - Data directory: data
2026-07-06 13:21:03 | INFO     | run                  |    - Log directory: logs
2026-07-06 13:21:03 | INFO     | run                  |    - Excluded symbols: {'XR', 'XT', 'XD', 'XS'}
2026-07-06 13:21:03 | INFO     | run                  | ======================================================================
2026-07-06 13:21:03 | INFO     | fetch_data           | Fetching data (Attempt 1/3)...
2026-07-06 13:21:03 | DEBUG    | fetch_data           | Establishing session with https://dps.psx.com.pk/
2026-07-06 13:21:06 | DEBUG    | fetch_data           | Requesting data from https://dps.psx.com.pk/market-watch
2026-07-06 13:21:07 | DEBUG    | fetch_data           | Response status: 200
2026-07-06 13:21:07 | DEBUG    | fetch_data           | Response content type: text/html; charset=utf-8
2026-07-06 13:21:07 | DEBUG    | fetch_data           | Response size: 475484 bytes
2026-07-06 13:21:07 | INFO     | fetch_data           | ✅ Data fetched successfully (Status: 200)
2026-07-06 13:21:07 | DEBUG    | parse_json           | Attempting JSON parsing...
2026-07-06 13:21:07 | DEBUG    | parse_json           | Response preview: <table class="tbl" data-page-length="25"><thead class="tbl__head"><!-- tr--><!--   th(colspan="11")--><!--   th.center(colspan="2", style="width: 110px;") TOTAL BUY ORDERS--><!--   th.center(colspan="2", style="width: 110px;") TOTAL SELL ORDERS--><tr><th data-name="symbol">SYMBOL</th><th data-name="sector">SECTOR</th><th data-name="listed">LISTED IN</th><th class="right" data-name="ldcp">LDCP</th><th class="right" data-name="open">OPEN</th><th class="right" data-name="high">HIGH</th><th class="r
2026-07-06 13:21:07 | WARNING  | parse_json           | ⚠️ JSON parsing failed: Expecting value: line 1 column 1 (char 0)
2026-07-06 13:21:07 | INFO     | run                  | JSON parsing failed, trying HTML fallback...
2026-07-06 13:21:07 | INFO     | parse_html           | Attempting HTML fallback parsing...
2026-07-06 13:21:07 | DEBUG    | parse_html           | Found 1 table(s) in HTML
2026-07-06 13:21:07 | DEBUG    | parse_html           | Table columns: ['SYMBOL', 'SECTOR', 'LISTED IN', 'LDCP', 'OPEN', 'HIGH', 'LOW', 'CURRENT', 'CHANGE', 'CHANGE (%)', 'VOLUME']
2026-07-06 13:21:07 | DEBUG    | parse_html           | Table shape: (495, 11)
2026-07-06 13:21:07 | INFO     | parse_html           | ✅ HTML parsed successfully (495 rows)
2026-07-06 13:21:07 | INFO     | clean_data           | Cleaning data...
2026-07-06 13:21:07 | DEBUG    | clean_data           | Initial shape: (495, 11)
2026-07-06 13:21:07 | DEBUG    | clean_data           | Initial columns: ['SYMBOL', 'SECTOR', 'LISTED IN', 'LDCP', 'OPEN', 'HIGH', 'LOW', 'CURRENT', 'CHANGE', 'CHANGE (%)', 'VOLUME']
2026-07-06 13:21:07 | DEBUG    | clean_data           | Removed 'LISTED IN' column
2026-07-06 13:21:07 | DEBUG    | clean_data           | Converted LDCP from float64 to numeric
2026-07-06 13:21:07 | DEBUG    | clean_data           | Converted OPEN from float64 to numeric
2026-07-06 13:21:07 | DEBUG    | clean_data           | Converted HIGH from float64 to numeric
2026-07-06 13:21:07 | DEBUG    | clean_data           | Converted LOW from float64 to numeric
2026-07-06 13:21:07 | DEBUG    | clean_data           | Converted CURRENT from float64 to numeric
2026-07-06 13:21:07 | DEBUG    | clean_data           | Converted CHANGE from float64 to numeric
2026-07-06 13:21:07 | WARNING  | clean_data           | Column CHANGE (%): 495 values could not be converted to numeric
2026-07-06 13:21:07 | DEBUG    | clean_data           | Converted CHANGE (%) from str to numeric
2026-07-06 13:21:07 | DEBUG    | clean_data           | Converted VOLUME from int64 to numeric
2026-07-06 13:21:07 | INFO     | clean_data           | ✅ Data cleaned (495 rows, 16 columns)
2026-07-06 13:21:07 | DEBUG    | clean_data           | Final columns: ['SYMBOL', 'SECTOR', 'LDCP', 'OPEN', 'HIGH', 'LOW', 'CURRENT', 'CHANGE', 'CHANGE (%)', 'VOLUME', 'YEAR', 'MONTH', 'DAY', 'HOUR', 'MINUTE', 'DATETIME']
2026-07-06 13:21:07 | DEBUG    | get_file_path        | Generated file path: data/2026/07/2026-07-06.xlsx
2026-07-06 13:21:07 | INFO     | save_data            | Saving data to: data/2026/07/2026-07-06.xlsx
2026-07-06 13:21:07 | DEBUG    | _create_backup       | Backup created: data/2026/07/backups/2026-07-06_backup_20260706_132107.xlsx
2026-07-06 13:21:07 | DEBUG    | _cleanup_old_backups | Removed old backup: 2026-07-06_backup_20260706_125449.xlsx
2026-07-06 13:21:07 | DEBUG    | save_data            | Existing file found, merging data...
2026-07-06 13:21:11 | DEBUG    | save_data            | Loaded 37492 existing rows
2026-07-06 13:21:11 | DEBUG    | save_data            | Combined to 37987 rows
2026-07-06 13:21:11 | DEBUG    | save_data            | Writing to temporary file...
2026-07-06 13:21:18 | DEBUG    | save_data            | Data written to temp file: /home/runner/work/Thalorae-BackLioraen/Thalorae-BackLioraen/data/2026/07/tmp2w5dx8nc.xlsx
2026-07-06 13:21:18 | DEBUG    | save_data            | Temp file moved to final location
2026-07-06 13:21:18 | INFO     | save_data            | ✅ Data saved successfully (37987 total rows, 2,837,674 bytes)
2026-07-06 13:21:18 | INFO     | run                  | ======================================================================
2026-07-06 13:21:18 | INFO     | run                  | 📊 EXECUTION SUMMARY:
2026-07-06 13:21:18 | INFO     | run                  |    ✅ Status: SUCCESS
2026-07-06 13:21:18 | INFO     | run                  |    - Rows processed: 495
2026-07-06 13:21:18 | INFO     | run                  |    - Unique symbols: 495
2026-07-06 13:21:18 | INFO     | run                  |    - Timestamp: 2026-07-06 18:21:03
2026-07-06 13:21:18 | INFO     | run                  |    - File: data/2026/07/2026-07-06.xlsx
2026-07-06 13:21:18 | INFO     | run                  | ======================================================================
2026-07-06 13:21:18 | DEBUG    | run                  | Sample data (first row):
2026-07-06 13:21:18 | DEBUG    | run                  | {'SYMBOL': 'TPLP', 'SECTOR': 838, 'LDCP': 11.64, 'OPEN': 11.87, 'HIGH': 12.74, 'LOW': 11.87, 'CURRENT': 12.54, 'CHANGE': 0.9, 'CHANGE (%)': nan, 'VOLUME': 66770551, 'YEAR': 2026, 'MONTH': 7, 'DAY': 6, 'HOUR': 18, 'MINUTE': 21, 'DATETIME': '2026-07-06 18:21'}
2026-07-06 13:21:18 | DEBUG    | close                | Session closed
2026-07-06 13:26:18 | INFO     | run                  | ======================================================================
2026-07-06 13:26:18 | INFO     | run                  | 🚀 MARKET DATA SCRAPER - SINGLE EXECUTION
2026-07-06 13:26:18 | INFO     | run                  | ======================================================================
2026-07-06 13:26:18 | INFO     | run                  | Execution Time: 2026-07-06 18:26:18 PKT
2026-07-06 13:26:18 | INFO     | run                  | Configuration:
2026-07-06 13:26:18 | INFO     | run                  |    - Timezone: Asia/Karachi
2026-07-06 13:26:18 | INFO     | run                  |    - Data directory: data
2026-07-06 13:26:18 | INFO     | run                  |    - Log directory: logs
2026-07-06 13:26:18 | INFO     | run                  |    - Excluded symbols: {'XR', 'XT', 'XS', 'XD'}
2026-07-06 13:26:18 | INFO     | run                  | ======================================================================
2026-07-06 13:26:18 | INFO     | fetch_data           | Fetching data (Attempt 1/3)...
2026-07-06 13:26:18 | DEBUG    | fetch_data           | Establishing session with https://dps.psx.com.pk/
2026-07-06 13:26:22 | DEBUG    | fetch_data           | Requesting data from https://dps.psx.com.pk/market-watch
2026-07-06 13:26:23 | DEBUG    | fetch_data           | Response status: 200
2026-07-06 13:26:23 | DEBUG    | fetch_data           | Response content type: text/html; charset=utf-8
2026-07-06 13:26:23 | DEBUG    | fetch_data           | Response size: 475484 bytes
2026-07-06 13:26:23 | INFO     | fetch_data           | ✅ Data fetched successfully (Status: 200)
2026-07-06 13:26:23 | DEBUG    | parse_json           | Attempting JSON parsing...
2026-07-06 13:26:23 | DEBUG    | parse_json           | Response preview: <table class="tbl" data-page-length="25"><thead class="tbl__head"><!-- tr--><!--   th(colspan="11")--><!--   th.center(colspan="2", style="width: 110px;") TOTAL BUY ORDERS--><!--   th.center(colspan="2", style="width: 110px;") TOTAL SELL ORDERS--><tr><th data-name="symbol">SYMBOL</th><th data-name="sector">SECTOR</th><th data-name="listed">LISTED IN</th><th class="right" data-name="ldcp">LDCP</th><th class="right" data-name="open">OPEN</th><th class="right" data-name="high">HIGH</th><th class="r
2026-07-06 13:26:23 | WARNING  | parse_json           | ⚠️ JSON parsing failed: Expecting value: line 1 column 1 (char 0)
2026-07-06 13:26:23 | INFO     | run                  | JSON parsing failed, trying HTML fallback...
2026-07-06 13:26:23 | INFO     | parse_html           | Attempting HTML fallback parsing...
2026-07-06 13:26:23 | DEBUG    | parse_html           | Found 1 table(s) in HTML
2026-07-06 13:26:23 | DEBUG    | parse_html           | Table columns: ['SYMBOL', 'SECTOR', 'LISTED IN', 'LDCP', 'OPEN', 'HIGH', 'LOW', 'CURRENT', 'CHANGE', 'CHANGE (%)', 'VOLUME']
2026-07-06 13:26:23 | DEBUG    | parse_html           | Table shape: (495, 11)
2026-07-06 13:26:23 | INFO     | parse_html           | ✅ HTML parsed successfully (495 rows)
2026-07-06 13:26:23 | INFO     | clean_data           | Cleaning data...
2026-07-06 13:26:23 | DEBUG    | clean_data           | Initial shape: (495, 11)
2026-07-06 13:26:23 | DEBUG    | clean_data           | Initial columns: ['SYMBOL', 'SECTOR', 'LISTED IN', 'LDCP', 'OPEN', 'HIGH', 'LOW', 'CURRENT', 'CHANGE', 'CHANGE (%)', 'VOLUME']
2026-07-06 13:26:23 | DEBUG    | clean_data           | Removed 'LISTED IN' column
2026-07-06 13:26:23 | DEBUG    | clean_data           | Converted LDCP from float64 to numeric
2026-07-06 13:26:23 | DEBUG    | clean_data           | Converted OPEN from float64 to numeric
2026-07-06 13:26:23 | DEBUG    | clean_data           | Converted HIGH from float64 to numeric
2026-07-06 13:26:23 | DEBUG    | clean_data           | Converted LOW from float64 to numeric
2026-07-06 13:26:23 | DEBUG    | clean_data           | Converted CURRENT from float64 to numeric
2026-07-06 13:26:23 | DEBUG    | clean_data           | Converted CHANGE from float64 to numeric
2026-07-06 13:26:23 | WARNING  | clean_data           | Column CHANGE (%): 495 values could not be converted to numeric
2026-07-06 13:26:23 | DEBUG    | clean_data           | Converted CHANGE (%) from str to numeric
2026-07-06 13:26:23 | DEBUG    | clean_data           | Converted VOLUME from int64 to numeric
2026-07-06 13:26:23 | INFO     | clean_data           | ✅ Data cleaned (495 rows, 16 columns)
2026-07-06 13:26:23 | DEBUG    | clean_data           | Final columns: ['SYMBOL', 'SECTOR', 'LDCP', 'OPEN', 'HIGH', 'LOW', 'CURRENT', 'CHANGE', 'CHANGE (%)', 'VOLUME', 'YEAR', 'MONTH', 'DAY', 'HOUR', 'MINUTE', 'DATETIME']
2026-07-06 13:26:23 | DEBUG    | get_file_path        | Generated file path: data/2026/07/2026-07-06.xlsx
2026-07-06 13:26:23 | INFO     | save_data            | Saving data to: data/2026/07/2026-07-06.xlsx
2026-07-06 13:26:23 | DEBUG    | _create_backup       | Backup created: data/2026/07/backups/2026-07-06_backup_20260706_132623.xlsx
2026-07-06 13:26:23 | DEBUG    | _cleanup_old_backups | Removed old backup: 2026-07-06_backup_20260706_130004.xlsx
2026-07-06 13:26:23 | DEBUG    | save_data            | Existing file found, merging data...
2026-07-06 13:26:27 | DEBUG    | save_data            | Loaded 37987 existing rows
2026-07-06 13:26:27 | DEBUG    | save_data            | Combined to 38482 rows
2026-07-06 13:26:27 | DEBUG    | save_data            | Writing to temporary file...
2026-07-06 13:26:34 | DEBUG    | save_data            | Data written to temp file: /home/runner/work/Thalorae-BackLioraen/Thalorae-BackLioraen/data/2026/07/tmp2g2qcnl0.xlsx
2026-07-06 13:26:34 | DEBUG    | save_data            | Temp file moved to final location
2026-07-06 13:26:34 | INFO     | save_data            | ✅ Data saved successfully (38482 total rows, 2,875,183 bytes)
2026-07-06 13:26:34 | INFO     | run                  | ======================================================================
2026-07-06 13:26:34 | INFO     | run                  | 📊 EXECUTION SUMMARY:
2026-07-06 13:26:34 | INFO     | run                  |    ✅ Status: SUCCESS
2026-07-06 13:26:34 | INFO     | run                  |    - Rows processed: 495
2026-07-06 13:26:34 | INFO     | run                  |    - Unique symbols: 495
2026-07-06 13:26:34 | INFO     | run                  |    - Timestamp: 2026-07-06 18:26:18
2026-07-06 13:26:34 | INFO     | run                  |    - File: data/2026/07/2026-07-06.xlsx
2026-07-06 13:26:34 | INFO     | run                  | ======================================================================
2026-07-06 13:26:34 | DEBUG    | run                  | Sample data (first row):
2026-07-06 13:26:34 | DEBUG    | run                  | {'SYMBOL': 'TPLP', 'SECTOR': 838, 'LDCP': 11.64, 'OPEN': 11.87, 'HIGH': 12.74, 'LOW': 11.87, 'CURRENT': 12.54, 'CHANGE': 0.9, 'CHANGE (%)': nan, 'VOLUME': 66770551, 'YEAR': 2026, 'MONTH': 7, 'DAY': 6, 'HOUR': 18, 'MINUTE': 26, 'DATETIME': '2026-07-06 18:26'}
2026-07-06 13:26:34 | DEBUG    | close                | Session closed
2026-07-06 13:31:34 | INFO     | run                  | ======================================================================
2026-07-06 13:31:34 | INFO     | run                  | 🚀 MARKET DATA SCRAPER - SINGLE EXECUTION
2026-07-06 13:31:34 | INFO     | run                  | ======================================================================
2026-07-06 13:31:34 | INFO     | run                  | Execution Time: 2026-07-06 18:31:34 PKT
2026-07-06 13:31:34 | INFO     | run                  | Configuration:
2026-07-06 13:31:34 | INFO     | run                  |    - Timezone: Asia/Karachi
2026-07-06 13:31:34 | INFO     | run                  |    - Data directory: data
2026-07-06 13:31:34 | INFO     | run                  |    - Log directory: logs
2026-07-06 13:31:34 | INFO     | run                  |    - Excluded symbols: {'XS', 'XT', 'XD', 'XR'}
2026-07-06 13:31:34 | INFO     | run                  | ======================================================================
2026-07-06 13:31:34 | INFO     | fetch_data           | Fetching data (Attempt 1/3)...
2026-07-06 13:31:34 | DEBUG    | fetch_data           | Establishing session with https://dps.psx.com.pk/
2026-07-06 13:31:38 | DEBUG    | fetch_data           | Requesting data from https://dps.psx.com.pk/market-watch
2026-07-06 13:31:40 | DEBUG    | fetch_data           | Response status: 200
2026-07-06 13:31:40 | DEBUG    | fetch_data           | Response content type: text/html; charset=utf-8
2026-07-06 13:31:40 | DEBUG    | fetch_data           | Response size: 475484 bytes
2026-07-06 13:31:40 | INFO     | fetch_data           | ✅ Data fetched successfully (Status: 200)
2026-07-06 13:31:40 | DEBUG    | parse_json           | Attempting JSON parsing...
2026-07-06 13:31:40 | DEBUG    | parse_json           | Response preview: <table class="tbl" data-page-length="25"><thead class="tbl__head"><!-- tr--><!--   th(colspan="11")--><!--   th.center(colspan="2", style="width: 110px;") TOTAL BUY ORDERS--><!--   th.center(colspan="2", style="width: 110px;") TOTAL SELL ORDERS--><tr><th data-name="symbol">SYMBOL</th><th data-name="sector">SECTOR</th><th data-name="listed">LISTED IN</th><th class="right" data-name="ldcp">LDCP</th><th class="right" data-name="open">OPEN</th><th class="right" data-name="high">HIGH</th><th class="r
2026-07-06 13:31:40 | WARNING  | parse_json           | ⚠️ JSON parsing failed: Expecting value: line 1 column 1 (char 0)
2026-07-06 13:31:40 | INFO     | run                  | JSON parsing failed, trying HTML fallback...
2026-07-06 13:31:40 | INFO     | parse_html           | Attempting HTML fallback parsing...
2026-07-06 13:31:40 | DEBUG    | parse_html           | Found 1 table(s) in HTML
2026-07-06 13:31:40 | DEBUG    | parse_html           | Table columns: ['SYMBOL', 'SECTOR', 'LISTED IN', 'LDCP', 'OPEN', 'HIGH', 'LOW', 'CURRENT', 'CHANGE', 'CHANGE (%)', 'VOLUME']
2026-07-06 13:31:40 | DEBUG    | parse_html           | Table shape: (495, 11)
2026-07-06 13:31:40 | INFO     | parse_html           | ✅ HTML parsed successfully (495 rows)
2026-07-06 13:31:40 | INFO     | clean_data           | Cleaning data...
2026-07-06 13:31:40 | DEBUG    | clean_data           | Initial shape: (495, 11)
2026-07-06 13:31:40 | DEBUG    | clean_data           | Initial columns: ['SYMBOL', 'SECTOR', 'LISTED IN', 'LDCP', 'OPEN', 'HIGH', 'LOW', 'CURRENT', 'CHANGE', 'CHANGE (%)', 'VOLUME']
2026-07-06 13:31:40 | DEBUG    | clean_data           | Removed 'LISTED IN' column
2026-07-06 13:31:40 | DEBUG    | clean_data           | Converted LDCP from float64 to numeric
2026-07-06 13:31:40 | DEBUG    | clean_data           | Converted OPEN from float64 to numeric
2026-07-06 13:31:40 | DEBUG    | clean_data           | Converted HIGH from float64 to numeric
2026-07-06 13:31:40 | DEBUG    | clean_data           | Converted LOW from float64 to numeric
2026-07-06 13:31:40 | DEBUG    | clean_data           | Converted CURRENT from float64 to numeric
2026-07-06 13:31:40 | DEBUG    | clean_data           | Converted CHANGE from float64 to numeric
2026-07-06 13:31:40 | WARNING  | clean_data           | Column CHANGE (%): 495 values could not be converted to numeric
2026-07-06 13:31:40 | DEBUG    | clean_data           | Converted CHANGE (%) from str to numeric
2026-07-06 13:31:40 | DEBUG    | clean_data           | Converted VOLUME from int64 to numeric
2026-07-06 13:31:40 | INFO     | clean_data           | ✅ Data cleaned (495 rows, 16 columns)
2026-07-06 13:31:40 | DEBUG    | clean_data           | Final columns: ['SYMBOL', 'SECTOR', 'LDCP', 'OPEN', 'HIGH', 'LOW', 'CURRENT', 'CHANGE', 'CHANGE (%)', 'VOLUME', 'YEAR', 'MONTH', 'DAY', 'HOUR', 'MINUTE', 'DATETIME']
2026-07-06 13:31:40 | DEBUG    | get_file_path        | Generated file path: data/2026/07/2026-07-06.xlsx
2026-07-06 13:31:40 | INFO     | save_data            | Saving data to: data/2026/07/2026-07-06.xlsx
2026-07-06 13:31:40 | DEBUG    | _create_backup       | Backup created: data/2026/07/backups/2026-07-06_backup_20260706_133140.xlsx
2026-07-06 13:31:40 | DEBUG    | _cleanup_old_backups | Removed old backup: 2026-07-06_backup_20260706_130520.xlsx
2026-07-06 13:31:40 | DEBUG    | save_data            | Existing file found, merging data...
2026-07-06 13:31:44 | DEBUG    | save_data            | Loaded 38482 existing rows
2026-07-06 13:31:44 | DEBUG    | save_data            | Combined to 38977 rows
2026-07-06 13:31:44 | DEBUG    | save_data            | Writing to temporary file...
2026-07-06 13:31:51 | DEBUG    | save_data            | Data written to temp file: /home/runner/work/Thalorae-BackLioraen/Thalorae-BackLioraen/data/2026/07/tmpb1d0we21.xlsx
2026-07-06 13:31:51 | DEBUG    | save_data            | Temp file moved to final location
2026-07-06 13:31:51 | INFO     | save_data            | ✅ Data saved successfully (38977 total rows, 2,912,626 bytes)
2026-07-06 13:31:51 | INFO     | run                  | ======================================================================
2026-07-06 13:31:51 | INFO     | run                  | 📊 EXECUTION SUMMARY:
2026-07-06 13:31:51 | INFO     | run                  |    ✅ Status: SUCCESS
2026-07-06 13:31:51 | INFO     | run                  |    - Rows processed: 495
2026-07-06 13:31:51 | INFO     | run                  |    - Unique symbols: 495
2026-07-06 13:31:51 | INFO     | run                  |    - Timestamp: 2026-07-06 18:31:34
2026-07-06 13:31:51 | INFO     | run                  |    - File: data/2026/07/2026-07-06.xlsx
2026-07-06 13:31:51 | INFO     | run                  | ======================================================================
2026-07-06 13:31:51 | DEBUG    | run                  | Sample data (first row):
2026-07-06 13:31:51 | DEBUG    | run                  | {'SYMBOL': 'TPLP', 'SECTOR': 838, 'LDCP': 11.64, 'OPEN': 11.87, 'HIGH': 12.74, 'LOW': 11.87, 'CURRENT': 12.54, 'CHANGE': 0.9, 'CHANGE (%)': nan, 'VOLUME': 66770551, 'YEAR': 2026, 'MONTH': 7, 'DAY': 6, 'HOUR': 18, 'MINUTE': 31, 'DATETIME': '2026-07-06 18:31'}
2026-07-06 13:31:51 | DEBUG    | close                | Session closed
2026-07-06 13:36:52 | INFO     | run                  | ======================================================================
2026-07-06 13:36:52 | INFO     | run                  | 🚀 MARKET DATA SCRAPER - SINGLE EXECUTION
2026-07-06 13:36:52 | INFO     | run                  | ======================================================================
2026-07-06 13:36:52 | INFO     | run                  | Execution Time: 2026-07-06 18:36:52 PKT
2026-07-06 13:36:52 | INFO     | run                  | Configuration:
2026-07-06 13:36:52 | INFO     | run                  |    - Timezone: Asia/Karachi
2026-07-06 13:36:52 | INFO     | run                  |    - Data directory: data
2026-07-06 13:36:52 | INFO     | run                  |    - Log directory: logs
2026-07-06 13:36:52 | INFO     | run                  |    - Excluded symbols: {'XT', 'XD', 'XR', 'XS'}
2026-07-06 13:36:52 | INFO     | run                  | ======================================================================
2026-07-06 13:36:52 | INFO     | fetch_data           | Fetching data (Attempt 1/3)...
2026-07-06 13:36:52 | DEBUG    | fetch_data           | Establishing session with https://dps.psx.com.pk/
2026-07-06 13:36:56 | DEBUG    | fetch_data           | Requesting data from https://dps.psx.com.pk/market-watch
2026-07-06 13:36:57 | DEBUG    | fetch_data           | Response status: 200
2026-07-06 13:36:57 | DEBUG    | fetch_data           | Response content type: text/html; charset=utf-8
2026-07-06 13:36:57 | DEBUG    | fetch_data           | Response size: 475484 bytes
2026-07-06 13:36:57 | INFO     | fetch_data           | ✅ Data fetched successfully (Status: 200)
2026-07-06 13:36:57 | DEBUG    | parse_json           | Attempting JSON parsing...
2026-07-06 13:36:57 | DEBUG    | parse_json           | Response preview: <table class="tbl" data-page-length="25"><thead class="tbl__head"><!-- tr--><!--   th(colspan="11")--><!--   th.center(colspan="2", style="width: 110px;") TOTAL BUY ORDERS--><!--   th.center(colspan="2", style="width: 110px;") TOTAL SELL ORDERS--><tr><th data-name="symbol">SYMBOL</th><th data-name="sector">SECTOR</th><th data-name="listed">LISTED IN</th><th class="right" data-name="ldcp">LDCP</th><th class="right" data-name="open">OPEN</th><th class="right" data-name="high">HIGH</th><th class="r
2026-07-06 13:36:57 | WARNING  | parse_json           | ⚠️ JSON parsing failed: Expecting value: line 1 column 1 (char 0)
2026-07-06 13:36:57 | INFO     | run                  | JSON parsing failed, trying HTML fallback...
2026-07-06 13:36:57 | INFO     | parse_html           | Attempting HTML fallback parsing...
2026-07-06 13:36:58 | DEBUG    | parse_html           | Found 1 table(s) in HTML
2026-07-06 13:36:58 | DEBUG    | parse_html           | Table columns: ['SYMBOL', 'SECTOR', 'LISTED IN', 'LDCP', 'OPEN', 'HIGH', 'LOW', 'CURRENT', 'CHANGE', 'CHANGE (%)', 'VOLUME']
2026-07-06 13:36:58 | DEBUG    | parse_html           | Table shape: (495, 11)
2026-07-06 13:36:58 | INFO     | parse_html           | ✅ HTML parsed successfully (495 rows)
2026-07-06 13:36:58 | INFO     | clean_data           | Cleaning data...
2026-07-06 13:36:58 | DEBUG    | clean_data           | Initial shape: (495, 11)
2026-07-06 13:36:58 | DEBUG    | clean_data           | Initial columns: ['SYMBOL', 'SECTOR', 'LISTED IN', 'LDCP', 'OPEN', 'HIGH', 'LOW', 'CURRENT', 'CHANGE', 'CHANGE (%)', 'VOLUME']
2026-07-06 13:36:58 | DEBUG    | clean_data           | Removed 'LISTED IN' column
2026-07-06 13:36:58 | DEBUG    | clean_data           | Converted LDCP from float64 to numeric
2026-07-06 13:36:58 | DEBUG    | clean_data           | Converted OPEN from float64 to numeric
2026-07-06 13:36:58 | DEBUG    | clean_data           | Converted HIGH from float64 to numeric
2026-07-06 13:36:58 | DEBUG    | clean_data           | Converted LOW from float64 to numeric
2026-07-06 13:36:58 | DEBUG    | clean_data           | Converted CURRENT from float64 to numeric
2026-07-06 13:36:58 | DEBUG    | clean_data           | Converted CHANGE from float64 to numeric
2026-07-06 13:36:58 | WARNING  | clean_data           | Column CHANGE (%): 495 values could not be converted to numeric
2026-07-06 13:36:58 | DEBUG    | clean_data           | Converted CHANGE (%) from str to numeric
2026-07-06 13:36:58 | DEBUG    | clean_data           | Converted VOLUME from int64 to numeric
2026-07-06 13:36:58 | INFO     | clean_data           | ✅ Data cleaned (495 rows, 16 columns)
2026-07-06 13:36:58 | DEBUG    | clean_data           | Final columns: ['SYMBOL', 'SECTOR', 'LDCP', 'OPEN', 'HIGH', 'LOW', 'CURRENT', 'CHANGE', 'CHANGE (%)', 'VOLUME', 'YEAR', 'MONTH', 'DAY', 'HOUR', 'MINUTE', 'DATETIME']
2026-07-06 13:36:58 | DEBUG    | get_file_path        | Generated file path: data/2026/07/2026-07-06.xlsx
2026-07-06 13:36:58 | INFO     | save_data            | Saving data to: data/2026/07/2026-07-06.xlsx
2026-07-06 13:36:58 | DEBUG    | _create_backup       | Backup created: data/2026/07/backups/2026-07-06_backup_20260706_133658.xlsx
2026-07-06 13:36:58 | DEBUG    | _cleanup_old_backups | Removed old backup: 2026-07-06_backup_20260706_131036.xlsx
2026-07-06 13:36:58 | DEBUG    | save_data            | Existing file found, merging data...
2026-07-06 13:37:01 | DEBUG    | save_data            | Loaded 38977 existing rows
2026-07-06 13:37:01 | DEBUG    | save_data            | Combined to 39472 rows
2026-07-06 13:37:01 | DEBUG    | save_data            | Writing to temporary file...
2026-07-06 13:37:09 | DEBUG    | save_data            | Data written to temp file: /home/runner/work/Thalorae-BackLioraen/Thalorae-BackLioraen/data/2026/07/tmpsidjityg.xlsx
2026-07-06 13:37:09 | DEBUG    | save_data            | Temp file moved to final location
2026-07-06 13:37:09 | INFO     | save_data            | ✅ Data saved successfully (39472 total rows, 2,950,101 bytes)
2026-07-06 13:37:09 | INFO     | run                  | ======================================================================
2026-07-06 13:37:09 | INFO     | run                  | 📊 EXECUTION SUMMARY:
2026-07-06 13:37:09 | INFO     | run                  |    ✅ Status: SUCCESS
2026-07-06 13:37:09 | INFO     | run                  |    - Rows processed: 495
2026-07-06 13:37:09 | INFO     | run                  |    - Unique symbols: 495
2026-07-06 13:37:09 | INFO     | run                  |    - Timestamp: 2026-07-06 18:36:52
2026-07-06 13:37:09 | INFO     | run                  |    - File: data/2026/07/2026-07-06.xlsx
2026-07-06 13:37:09 | INFO     | run                  | ======================================================================
2026-07-06 13:37:09 | DEBUG    | run                  | Sample data (first row):
2026-07-06 13:37:09 | DEBUG    | run                  | {'SYMBOL': 'TPLP', 'SECTOR': 838, 'LDCP': 11.64, 'OPEN': 11.87, 'HIGH': 12.74, 'LOW': 11.87, 'CURRENT': 12.54, 'CHANGE': 0.9, 'CHANGE (%)': nan, 'VOLUME': 66770551, 'YEAR': 2026, 'MONTH': 7, 'DAY': 6, 'HOUR': 18, 'MINUTE': 36, 'DATETIME': '2026-07-06 18:36'}
2026-07-06 13:37:09 | DEBUG    | close                | Session closed
2026-07-06 13:42:09 | INFO     | run                  | ======================================================================
2026-07-06 13:42:09 | INFO     | run                  | 🚀 MARKET DATA SCRAPER - SINGLE EXECUTION
2026-07-06 13:42:09 | INFO     | run                  | ======================================================================
2026-07-06 13:42:09 | INFO     | run                  | Execution Time: 2026-07-06 18:42:09 PKT
2026-07-06 13:42:09 | INFO     | run                  | Configuration:
2026-07-06 13:42:09 | INFO     | run                  |    - Timezone: Asia/Karachi
2026-07-06 13:42:09 | INFO     | run                  |    - Data directory: data
2026-07-06 13:42:09 | INFO     | run                  |    - Log directory: logs
2026-07-06 13:42:09 | INFO     | run                  |    - Excluded symbols: {'XR', 'XD', 'XS', 'XT'}
2026-07-06 13:42:09 | INFO     | run                  | ======================================================================
2026-07-06 13:42:09 | INFO     | fetch_data           | Fetching data (Attempt 1/3)...
2026-07-06 13:42:09 | DEBUG    | fetch_data           | Establishing session with https://dps.psx.com.pk/
2026-07-06 13:42:12 | DEBUG    | fetch_data           | Requesting data from https://dps.psx.com.pk/market-watch
2026-07-06 13:42:15 | DEBUG    | fetch_data           | Response status: 200
2026-07-06 13:42:15 | DEBUG    | fetch_data           | Response content type: text/html; charset=utf-8
2026-07-06 13:42:15 | DEBUG    | fetch_data           | Response size: 475484 bytes
2026-07-06 13:42:15 | INFO     | fetch_data           | ✅ Data fetched successfully (Status: 200)
2026-07-06 13:42:15 | DEBUG    | parse_json           | Attempting JSON parsing...
2026-07-06 13:42:15 | DEBUG    | parse_json           | Response preview: <table class="tbl" data-page-length="25"><thead class="tbl__head"><!-- tr--><!--   th(colspan="11")--><!--   th.center(colspan="2", style="width: 110px;") TOTAL BUY ORDERS--><!--   th.center(colspan="2", style="width: 110px;") TOTAL SELL ORDERS--><tr><th data-name="symbol">SYMBOL</th><th data-name="sector">SECTOR</th><th data-name="listed">LISTED IN</th><th class="right" data-name="ldcp">LDCP</th><th class="right" data-name="open">OPEN</th><th class="right" data-name="high">HIGH</th><th class="r
2026-07-06 13:42:15 | WARNING  | parse_json           | ⚠️ JSON parsing failed: Expecting value: line 1 column 1 (char 0)
2026-07-06 13:42:15 | INFO     | run                  | JSON parsing failed, trying HTML fallback...
2026-07-06 13:42:15 | INFO     | parse_html           | Attempting HTML fallback parsing...
2026-07-06 13:42:15 | DEBUG    | parse_html           | Found 1 table(s) in HTML
2026-07-06 13:42:15 | DEBUG    | parse_html           | Table columns: ['SYMBOL', 'SECTOR', 'LISTED IN', 'LDCP', 'OPEN', 'HIGH', 'LOW', 'CURRENT', 'CHANGE', 'CHANGE (%)', 'VOLUME']
2026-07-06 13:42:15 | DEBUG    | parse_html           | Table shape: (495, 11)
2026-07-06 13:42:15 | INFO     | parse_html           | ✅ HTML parsed successfully (495 rows)
2026-07-06 13:42:15 | INFO     | clean_data           | Cleaning data...
2026-07-06 13:42:15 | DEBUG    | clean_data           | Initial shape: (495, 11)
2026-07-06 13:42:15 | DEBUG    | clean_data           | Initial columns: ['SYMBOL', 'SECTOR', 'LISTED IN', 'LDCP', 'OPEN', 'HIGH', 'LOW', 'CURRENT', 'CHANGE', 'CHANGE (%)', 'VOLUME']
2026-07-06 13:42:15 | DEBUG    | clean_data           | Removed 'LISTED IN' column
2026-07-06 13:42:15 | DEBUG    | clean_data           | Converted LDCP from float64 to numeric
2026-07-06 13:42:15 | DEBUG    | clean_data           | Converted OPEN from float64 to numeric
2026-07-06 13:42:15 | DEBUG    | clean_data           | Converted HIGH from float64 to numeric
2026-07-06 13:42:15 | DEBUG    | clean_data           | Converted LOW from float64 to numeric
2026-07-06 13:42:15 | DEBUG    | clean_data           | Converted CURRENT from float64 to numeric
2026-07-06 13:42:15 | DEBUG    | clean_data           | Converted CHANGE from float64 to numeric
2026-07-06 13:42:15 | WARNING  | clean_data           | Column CHANGE (%): 495 values could not be converted to numeric
2026-07-06 13:42:15 | DEBUG    | clean_data           | Converted CHANGE (%) from str to numeric
2026-07-06 13:42:15 | DEBUG    | clean_data           | Converted VOLUME from int64 to numeric
2026-07-06 13:42:15 | INFO     | clean_data           | ✅ Data cleaned (495 rows, 16 columns)
2026-07-06 13:42:15 | DEBUG    | clean_data           | Final columns: ['SYMBOL', 'SECTOR', 'LDCP', 'OPEN', 'HIGH', 'LOW', 'CURRENT', 'CHANGE', 'CHANGE (%)', 'VOLUME', 'YEAR', 'MONTH', 'DAY', 'HOUR', 'MINUTE', 'DATETIME']
2026-07-06 13:42:15 | DEBUG    | get_file_path        | Generated file path: data/2026/07/2026-07-06.xlsx
2026-07-06 13:42:15 | INFO     | save_data            | Saving data to: data/2026/07/2026-07-06.xlsx
2026-07-06 13:42:15 | DEBUG    | _create_backup       | Backup created: data/2026/07/backups/2026-07-06_backup_20260706_134215.xlsx
2026-07-06 13:42:15 | DEBUG    | _cleanup_old_backups | Removed old backup: 2026-07-06_backup_20260706_131552.xlsx
2026-07-06 13:42:15 | DEBUG    | save_data            | Existing file found, merging data...
2026-07-06 13:42:19 | DEBUG    | save_data            | Loaded 39472 existing rows
2026-07-06 13:42:19 | DEBUG    | save_data            | Combined to 39967 rows
2026-07-06 13:42:19 | DEBUG    | save_data            | Writing to temporary file...
2026-07-06 13:42:26 | DEBUG    | save_data            | Data written to temp file: /home/runner/work/Thalorae-BackLioraen/Thalorae-BackLioraen/data/2026/07/tmpd8qc8joa.xlsx
2026-07-06 13:42:26 | DEBUG    | save_data            | Temp file moved to final location
2026-07-06 13:42:26 | INFO     | save_data            | ✅ Data saved successfully (39967 total rows, 2,987,550 bytes)
2026-07-06 13:42:26 | INFO     | run                  | ======================================================================
2026-07-06 13:42:26 | INFO     | run                  | 📊 EXECUTION SUMMARY:
2026-07-06 13:42:26 | INFO     | run                  |    ✅ Status: SUCCESS
2026-07-06 13:42:26 | INFO     | run                  |    - Rows processed: 495
2026-07-06 13:42:26 | INFO     | run                  |    - Unique symbols: 495
2026-07-06 13:42:26 | INFO     | run                  |    - Timestamp: 2026-07-06 18:42:09
2026-07-06 13:42:26 | INFO     | run                  |    - File: data/2026/07/2026-07-06.xlsx
2026-07-06 13:42:26 | INFO     | run                  | ======================================================================
2026-07-06 13:42:26 | DEBUG    | run                  | Sample data (first row):
2026-07-06 13:42:26 | DEBUG    | run                  | {'SYMBOL': 'TPLP', 'SECTOR': 838, 'LDCP': 11.64, 'OPEN': 11.87, 'HIGH': 12.74, 'LOW': 11.87, 'CURRENT': 12.54, 'CHANGE': 0.9, 'CHANGE (%)': nan, 'VOLUME': 66770551, 'YEAR': 2026, 'MONTH': 7, 'DAY': 6, 'HOUR': 18, 'MINUTE': 42, 'DATETIME': '2026-07-06 18:42'}
2026-07-06 13:42:26 | DEBUG    | close                | Session closed
2026-07-06 13:47:27 | INFO     | run                  | ======================================================================
2026-07-06 13:47:27 | INFO     | run                  | 🚀 MARKET DATA SCRAPER - SINGLE EXECUTION
2026-07-06 13:47:27 | INFO     | run                  | ======================================================================
2026-07-06 13:47:27 | INFO     | run                  | Execution Time: 2026-07-06 18:47:27 PKT
2026-07-06 13:47:27 | INFO     | run                  | Configuration:
2026-07-06 13:47:27 | INFO     | run                  |    - Timezone: Asia/Karachi
2026-07-06 13:47:27 | INFO     | run                  |    - Data directory: data
2026-07-06 13:47:27 | INFO     | run                  |    - Log directory: logs
2026-07-06 13:47:27 | INFO     | run                  |    - Excluded symbols: {'XR', 'XT', 'XD', 'XS'}
2026-07-06 13:47:27 | INFO     | run                  | ======================================================================
2026-07-06 13:47:27 | INFO     | fetch_data           | Fetching data (Attempt 1/3)...
2026-07-06 13:47:27 | DEBUG    | fetch_data           | Establishing session with https://dps.psx.com.pk/
2026-07-06 13:47:30 | DEBUG    | fetch_data           | Requesting data from https://dps.psx.com.pk/market-watch
2026-07-06 13:47:31 | DEBUG    | fetch_data           | Response status: 200
2026-07-06 13:47:31 | DEBUG    | fetch_data           | Response content type: text/html; charset=utf-8
2026-07-06 13:47:31 | DEBUG    | fetch_data           | Response size: 475484 bytes
2026-07-06 13:47:31 | INFO     | fetch_data           | ✅ Data fetched successfully (Status: 200)
2026-07-06 13:47:31 | DEBUG    | parse_json           | Attempting JSON parsing...
2026-07-06 13:47:31 | DEBUG    | parse_json           | Response preview: <table class="tbl" data-page-length="25"><thead class="tbl__head"><!-- tr--><!--   th(colspan="11")--><!--   th.center(colspan="2", style="width: 110px;") TOTAL BUY ORDERS--><!--   th.center(colspan="2", style="width: 110px;") TOTAL SELL ORDERS--><tr><th data-name="symbol">SYMBOL</th><th data-name="sector">SECTOR</th><th data-name="listed">LISTED IN</th><th class="right" data-name="ldcp">LDCP</th><th class="right" data-name="open">OPEN</th><th class="right" data-name="high">HIGH</th><th class="r
2026-07-06 13:47:31 | WARNING  | parse_json           | ⚠️ JSON parsing failed: Expecting value: line 1 column 1 (char 0)
2026-07-06 13:47:31 | INFO     | run                  | JSON parsing failed, trying HTML fallback...
2026-07-06 13:47:31 | INFO     | parse_html           | Attempting HTML fallback parsing...
2026-07-06 13:47:31 | DEBUG    | parse_html           | Found 1 table(s) in HTML
2026-07-06 13:47:31 | DEBUG    | parse_html           | Table columns: ['SYMBOL', 'SECTOR', 'LISTED IN', 'LDCP', 'OPEN', 'HIGH', 'LOW', 'CURRENT', 'CHANGE', 'CHANGE (%)', 'VOLUME']
2026-07-06 13:47:31 | DEBUG    | parse_html           | Table shape: (495, 11)
2026-07-06 13:47:31 | INFO     | parse_html           | ✅ HTML parsed successfully (495 rows)
2026-07-06 13:47:31 | INFO     | clean_data           | Cleaning data...
2026-07-06 13:47:31 | DEBUG    | clean_data           | Initial shape: (495, 11)
2026-07-06 13:47:31 | DEBUG    | clean_data           | Initial columns: ['SYMBOL', 'SECTOR', 'LISTED IN', 'LDCP', 'OPEN', 'HIGH', 'LOW', 'CURRENT', 'CHANGE', 'CHANGE (%)', 'VOLUME']
2026-07-06 13:47:31 | DEBUG    | clean_data           | Removed 'LISTED IN' column
2026-07-06 13:47:31 | DEBUG    | clean_data           | Converted LDCP from float64 to numeric
2026-07-06 13:47:31 | DEBUG    | clean_data           | Converted OPEN from float64 to numeric
2026-07-06 13:47:31 | DEBUG    | clean_data           | Converted HIGH from float64 to numeric
2026-07-06 13:47:31 | DEBUG    | clean_data           | Converted LOW from float64 to numeric
2026-07-06 13:47:31 | DEBUG    | clean_data           | Converted CURRENT from float64 to numeric
2026-07-06 13:47:31 | DEBUG    | clean_data           | Converted CHANGE from float64 to numeric
2026-07-06 13:47:31 | WARNING  | clean_data           | Column CHANGE (%): 495 values could not be converted to numeric
2026-07-06 13:47:31 | DEBUG    | clean_data           | Converted CHANGE (%) from str to numeric
2026-07-06 13:47:31 | DEBUG    | clean_data           | Converted VOLUME from int64 to numeric
2026-07-06 13:47:31 | INFO     | clean_data           | ✅ Data cleaned (495 rows, 16 columns)
2026-07-06 13:47:31 | DEBUG    | clean_data           | Final columns: ['SYMBOL', 'SECTOR', 'LDCP', 'OPEN', 'HIGH', 'LOW', 'CURRENT', 'CHANGE', 'CHANGE (%)', 'VOLUME', 'YEAR', 'MONTH', 'DAY', 'HOUR', 'MINUTE', 'DATETIME']
2026-07-06 13:47:31 | DEBUG    | get_file_path        | Generated file path: data/2026/07/2026-07-06.xlsx
2026-07-06 13:47:31 | INFO     | save_data            | Saving data to: data/2026/07/2026-07-06.xlsx
2026-07-06 13:47:31 | DEBUG    | _create_backup       | Backup created: data/2026/07/backups/2026-07-06_backup_20260706_134731.xlsx
2026-07-06 13:47:31 | DEBUG    | _cleanup_old_backups | Removed old backup: 2026-07-06_backup_20260706_132107.xlsx
2026-07-06 13:47:31 | DEBUG    | save_data            | Existing file found, merging data...
2026-07-06 13:47:35 | DEBUG    | save_data            | Loaded 39967 existing rows
2026-07-06 13:47:35 | DEBUG    | save_data            | Combined to 40462 rows
2026-07-06 13:47:35 | DEBUG    | save_data            | Writing to temporary file...
2026-07-06 13:47:42 | DEBUG    | save_data            | Data written to temp file: /home/runner/work/Thalorae-BackLioraen/Thalorae-BackLioraen/data/2026/07/tmpmk0zn_hz.xlsx
2026-07-06 13:47:42 | DEBUG    | save_data            | Temp file moved to final location
2026-07-06 13:47:42 | INFO     | save_data            | ✅ Data saved successfully (40462 total rows, 3,025,039 bytes)
2026-07-06 13:47:42 | INFO     | run                  | ======================================================================
2026-07-06 13:47:42 | INFO     | run                  | 📊 EXECUTION SUMMARY:
2026-07-06 13:47:42 | INFO     | run                  |    ✅ Status: SUCCESS
2026-07-06 13:47:42 | INFO     | run                  |    - Rows processed: 495
2026-07-06 13:47:42 | INFO     | run                  |    - Unique symbols: 495
2026-07-06 13:47:42 | INFO     | run                  |    - Timestamp: 2026-07-06 18:47:27
2026-07-06 13:47:42 | INFO     | run                  |    - File: data/2026/07/2026-07-06.xlsx
2026-07-06 13:47:42 | INFO     | run                  | ======================================================================
2026-07-06 13:47:42 | DEBUG    | run                  | Sample data (first row):
2026-07-06 13:47:42 | DEBUG    | run                  | {'SYMBOL': 'TPLP', 'SECTOR': 838, 'LDCP': 11.64, 'OPEN': 11.87, 'HIGH': 12.74, 'LOW': 11.87, 'CURRENT': 12.54, 'CHANGE': 0.9, 'CHANGE (%)': nan, 'VOLUME': 66770551, 'YEAR': 2026, 'MONTH': 7, 'DAY': 6, 'HOUR': 18, 'MINUTE': 47, 'DATETIME': '2026-07-06 18:47'}
2026-07-06 13:47:42 | DEBUG    | close                | Session closed
2026-07-06 13:52:43 | INFO     | run                  | ======================================================================
2026-07-06 13:52:43 | INFO     | run                  | 🚀 MARKET DATA SCRAPER - SINGLE EXECUTION
2026-07-06 13:52:43 | INFO     | run                  | ======================================================================
2026-07-06 13:52:43 | INFO     | run                  | Execution Time: 2026-07-06 18:52:43 PKT
2026-07-06 13:52:43 | INFO     | run                  | Configuration:
2026-07-06 13:52:43 | INFO     | run                  |    - Timezone: Asia/Karachi
2026-07-06 13:52:43 | INFO     | run                  |    - Data directory: data
2026-07-06 13:52:43 | INFO     | run                  |    - Log directory: logs
2026-07-06 13:52:43 | INFO     | run                  |    - Excluded symbols: {'XD', 'XR', 'XT', 'XS'}
2026-07-06 13:52:43 | INFO     | run                  | ======================================================================
2026-07-06 13:52:43 | INFO     | fetch_data           | Fetching data (Attempt 1/3)...
2026-07-06 13:52:43 | DEBUG    | fetch_data           | Establishing session with https://dps.psx.com.pk/
2026-07-06 13:52:47 | DEBUG    | fetch_data           | Requesting data from https://dps.psx.com.pk/market-watch
2026-07-06 13:52:50 | DEBUG    | fetch_data           | Response status: 200
2026-07-06 13:52:50 | DEBUG    | fetch_data           | Response content type: text/html; charset=utf-8
2026-07-06 13:52:50 | DEBUG    | fetch_data           | Response size: 475484 bytes
2026-07-06 13:52:50 | INFO     | fetch_data           | ✅ Data fetched successfully (Status: 200)
2026-07-06 13:52:50 | DEBUG    | parse_json           | Attempting JSON parsing...
2026-07-06 13:52:50 | DEBUG    | parse_json           | Response preview: <table class="tbl" data-page-length="25"><thead class="tbl__head"><!-- tr--><!--   th(colspan="11")--><!--   th.center(colspan="2", style="width: 110px;") TOTAL BUY ORDERS--><!--   th.center(colspan="2", style="width: 110px;") TOTAL SELL ORDERS--><tr><th data-name="symbol">SYMBOL</th><th data-name="sector">SECTOR</th><th data-name="listed">LISTED IN</th><th class="right" data-name="ldcp">LDCP</th><th class="right" data-name="open">OPEN</th><th class="right" data-name="high">HIGH</th><th class="r
2026-07-06 13:52:50 | WARNING  | parse_json           | ⚠️ JSON parsing failed: Expecting value: line 1 column 1 (char 0)
2026-07-06 13:52:50 | INFO     | run                  | JSON parsing failed, trying HTML fallback...
2026-07-06 13:52:50 | INFO     | parse_html           | Attempting HTML fallback parsing...
2026-07-06 13:52:50 | DEBUG    | parse_html           | Found 1 table(s) in HTML
2026-07-06 13:52:50 | DEBUG    | parse_html           | Table columns: ['SYMBOL', 'SECTOR', 'LISTED IN', 'LDCP', 'OPEN', 'HIGH', 'LOW', 'CURRENT', 'CHANGE', 'CHANGE (%)', 'VOLUME']
2026-07-06 13:52:50 | DEBUG    | parse_html           | Table shape: (495, 11)
2026-07-06 13:52:50 | INFO     | parse_html           | ✅ HTML parsed successfully (495 rows)
2026-07-06 13:52:50 | INFO     | clean_data           | Cleaning data...
2026-07-06 13:52:50 | DEBUG    | clean_data           | Initial shape: (495, 11)
2026-07-06 13:52:50 | DEBUG    | clean_data           | Initial columns: ['SYMBOL', 'SECTOR', 'LISTED IN', 'LDCP', 'OPEN', 'HIGH', 'LOW', 'CURRENT', 'CHANGE', 'CHANGE (%)', 'VOLUME']
2026-07-06 13:52:50 | DEBUG    | clean_data           | Removed 'LISTED IN' column
2026-07-06 13:52:50 | DEBUG    | clean_data           | Converted LDCP from float64 to numeric
2026-07-06 13:52:50 | DEBUG    | clean_data           | Converted OPEN from float64 to numeric
2026-07-06 13:52:50 | DEBUG    | clean_data           | Converted HIGH from float64 to numeric
2026-07-06 13:52:50 | DEBUG    | clean_data           | Converted LOW from float64 to numeric
2026-07-06 13:52:50 | DEBUG    | clean_data           | Converted CURRENT from float64 to numeric
2026-07-06 13:52:50 | DEBUG    | clean_data           | Converted CHANGE from float64 to numeric
2026-07-06 13:52:50 | WARNING  | clean_data           | Column CHANGE (%): 495 values could not be converted to numeric
2026-07-06 13:52:50 | DEBUG    | clean_data           | Converted CHANGE (%) from str to numeric
2026-07-06 13:52:50 | DEBUG    | clean_data           | Converted VOLUME from int64 to numeric
2026-07-06 13:52:50 | INFO     | clean_data           | ✅ Data cleaned (495 rows, 16 columns)
2026-07-06 13:52:50 | DEBUG    | clean_data           | Final columns: ['SYMBOL', 'SECTOR', 'LDCP', 'OPEN', 'HIGH', 'LOW', 'CURRENT', 'CHANGE', 'CHANGE (%)', 'VOLUME', 'YEAR', 'MONTH', 'DAY', 'HOUR', 'MINUTE', 'DATETIME']
2026-07-06 13:52:50 | DEBUG    | get_file_path        | Generated file path: data/2026/07/2026-07-06.xlsx
2026-07-06 13:52:50 | INFO     | save_data            | Saving data to: data/2026/07/2026-07-06.xlsx
2026-07-06 13:52:50 | DEBUG    | _create_backup       | Backup created: data/2026/07/backups/2026-07-06_backup_20260706_135250.xlsx
2026-07-06 13:52:50 | DEBUG    | _cleanup_old_backups | Removed old backup: 2026-07-06_backup_20260706_132623.xlsx
2026-07-06 13:52:50 | DEBUG    | save_data            | Existing file found, merging data...
2026-07-06 13:52:54 | DEBUG    | save_data            | Loaded 40462 existing rows
2026-07-06 13:52:54 | DEBUG    | save_data            | Combined to 40957 rows
2026-07-06 13:52:54 | DEBUG    | save_data            | Writing to temporary file...
2026-07-06 13:53:01 | DEBUG    | save_data            | Data written to temp file: /home/runner/work/Thalorae-BackLioraen/Thalorae-BackLioraen/data/2026/07/tmp76zmidep.xlsx
2026-07-06 13:53:01 | DEBUG    | save_data            | Temp file moved to final location
2026-07-06 13:53:01 | INFO     | save_data            | ✅ Data saved successfully (40957 total rows, 3,062,502 bytes)
2026-07-06 13:53:01 | INFO     | run                  | ======================================================================
2026-07-06 13:53:01 | INFO     | run                  | 📊 EXECUTION SUMMARY:
2026-07-06 13:53:01 | INFO     | run                  |    ✅ Status: SUCCESS
2026-07-06 13:53:01 | INFO     | run                  |    - Rows processed: 495
2026-07-06 13:53:01 | INFO     | run                  |    - Unique symbols: 495
2026-07-06 13:53:01 | INFO     | run                  |    - Timestamp: 2026-07-06 18:52:43
2026-07-06 13:53:01 | INFO     | run                  |    - File: data/2026/07/2026-07-06.xlsx
2026-07-06 13:53:01 | INFO     | run                  | ======================================================================
2026-07-06 13:53:01 | DEBUG    | run                  | Sample data (first row):
2026-07-06 13:53:01 | DEBUG    | run                  | {'SYMBOL': 'TPLP', 'SECTOR': 838, 'LDCP': 11.64, 'OPEN': 11.87, 'HIGH': 12.74, 'LOW': 11.87, 'CURRENT': 12.54, 'CHANGE': 0.9, 'CHANGE (%)': nan, 'VOLUME': 66770551, 'YEAR': 2026, 'MONTH': 7, 'DAY': 6, 'HOUR': 18, 'MINUTE': 52, 'DATETIME': '2026-07-06 18:52'}
2026-07-06 13:53:01 | DEBUG    | close                | Session closed
2026-07-06 13:58:02 | INFO     | run                  | ======================================================================
2026-07-06 13:58:02 | INFO     | run                  | 🚀 MARKET DATA SCRAPER - SINGLE EXECUTION
2026-07-06 13:58:02 | INFO     | run                  | ======================================================================
2026-07-06 13:58:02 | INFO     | run                  | Execution Time: 2026-07-06 18:58:02 PKT
2026-07-06 13:58:02 | INFO     | run                  | Configuration:
2026-07-06 13:58:02 | INFO     | run                  |    - Timezone: Asia/Karachi
2026-07-06 13:58:02 | INFO     | run                  |    - Data directory: data
2026-07-06 13:58:02 | INFO     | run                  |    - Log directory: logs
2026-07-06 13:58:02 | INFO     | run                  |    - Excluded symbols: {'XD', 'XT', 'XS', 'XR'}
2026-07-06 13:58:02 | INFO     | run                  | ======================================================================
2026-07-06 13:58:02 | INFO     | fetch_data           | Fetching data (Attempt 1/3)...
2026-07-06 13:58:02 | DEBUG    | fetch_data           | Establishing session with https://dps.psx.com.pk/
2026-07-06 13:58:05 | DEBUG    | fetch_data           | Requesting data from https://dps.psx.com.pk/market-watch
2026-07-06 13:58:07 | DEBUG    | fetch_data           | Response status: 200
2026-07-06 13:58:07 | DEBUG    | fetch_data           | Response content type: text/html; charset=utf-8
2026-07-06 13:58:07 | DEBUG    | fetch_data           | Response size: 475484 bytes
2026-07-06 13:58:07 | INFO     | fetch_data           | ✅ Data fetched successfully (Status: 200)
2026-07-06 13:58:07 | DEBUG    | parse_json           | Attempting JSON parsing...
2026-07-06 13:58:07 | DEBUG    | parse_json           | Response preview: <table class="tbl" data-page-length="25"><thead class="tbl__head"><!-- tr--><!--   th(colspan="11")--><!--   th.center(colspan="2", style="width: 110px;") TOTAL BUY ORDERS--><!--   th.center(colspan="2", style="width: 110px;") TOTAL SELL ORDERS--><tr><th data-name="symbol">SYMBOL</th><th data-name="sector">SECTOR</th><th data-name="listed">LISTED IN</th><th class="right" data-name="ldcp">LDCP</th><th class="right" data-name="open">OPEN</th><th class="right" data-name="high">HIGH</th><th class="r
2026-07-06 13:58:07 | WARNING  | parse_json           | ⚠️ JSON parsing failed: Expecting value: line 1 column 1 (char 0)
2026-07-06 13:58:07 | INFO     | run                  | JSON parsing failed, trying HTML fallback...
2026-07-06 13:58:07 | INFO     | parse_html           | Attempting HTML fallback parsing...
2026-07-06 13:58:07 | DEBUG    | parse_html           | Found 1 table(s) in HTML
2026-07-06 13:58:07 | DEBUG    | parse_html           | Table columns: ['SYMBOL', 'SECTOR', 'LISTED IN', 'LDCP', 'OPEN', 'HIGH', 'LOW', 'CURRENT', 'CHANGE', 'CHANGE (%)', 'VOLUME']
2026-07-06 13:58:07 | DEBUG    | parse_html           | Table shape: (495, 11)
2026-07-06 13:58:07 | INFO     | parse_html           | ✅ HTML parsed successfully (495 rows)
2026-07-06 13:58:07 | INFO     | clean_data           | Cleaning data...
2026-07-06 13:58:07 | DEBUG    | clean_data           | Initial shape: (495, 11)
2026-07-06 13:58:07 | DEBUG    | clean_data           | Initial columns: ['SYMBOL', 'SECTOR', 'LISTED IN', 'LDCP', 'OPEN', 'HIGH', 'LOW', 'CURRENT', 'CHANGE', 'CHANGE (%)', 'VOLUME']
2026-07-06 13:58:07 | DEBUG    | clean_data           | Removed 'LISTED IN' column
2026-07-06 13:58:07 | DEBUG    | clean_data           | Converted LDCP from float64 to numeric
2026-07-06 13:58:07 | DEBUG    | clean_data           | Converted OPEN from float64 to numeric
2026-07-06 13:58:07 | DEBUG    | clean_data           | Converted HIGH from float64 to numeric
2026-07-06 13:58:07 | DEBUG    | clean_data           | Converted LOW from float64 to numeric
2026-07-06 13:58:07 | DEBUG    | clean_data           | Converted CURRENT from float64 to numeric
2026-07-06 13:58:07 | DEBUG    | clean_data           | Converted CHANGE from float64 to numeric
2026-07-06 13:58:07 | WARNING  | clean_data           | Column CHANGE (%): 495 values could not be converted to numeric
2026-07-06 13:58:07 | DEBUG    | clean_data           | Converted CHANGE (%) from str to numeric
2026-07-06 13:58:07 | DEBUG    | clean_data           | Converted VOLUME from int64 to numeric
2026-07-06 13:58:07 | INFO     | clean_data           | ✅ Data cleaned (495 rows, 16 columns)
2026-07-06 13:58:07 | DEBUG    | clean_data           | Final columns: ['SYMBOL', 'SECTOR', 'LDCP', 'OPEN', 'HIGH', 'LOW', 'CURRENT', 'CHANGE', 'CHANGE (%)', 'VOLUME', 'YEAR', 'MONTH', 'DAY', 'HOUR', 'MINUTE', 'DATETIME']
2026-07-06 13:58:07 | DEBUG    | get_file_path        | Generated file path: data/2026/07/2026-07-06.xlsx
2026-07-06 13:58:07 | INFO     | save_data            | Saving data to: data/2026/07/2026-07-06.xlsx
2026-07-06 13:58:07 | DEBUG    | _create_backup       | Backup created: data/2026/07/backups/2026-07-06_backup_20260706_135807.xlsx
2026-07-06 13:58:07 | DEBUG    | _cleanup_old_backups | Removed old backup: 2026-07-06_backup_20260706_133140.xlsx
2026-07-06 13:58:07 | DEBUG    | save_data            | Existing file found, merging data...
2026-07-06 13:58:11 | DEBUG    | save_data            | Loaded 40957 existing rows
2026-07-06 13:58:11 | DEBUG    | save_data            | Combined to 41452 rows
2026-07-06 13:58:11 | DEBUG    | save_data            | Writing to temporary file...
2026-07-06 13:58:18 | DEBUG    | save_data            | Data written to temp file: /home/runner/work/Thalorae-BackLioraen/Thalorae-BackLioraen/data/2026/07/tmph_ebby0i.xlsx
2026-07-06 13:58:18 | DEBUG    | save_data            | Temp file moved to final location
2026-07-06 13:58:18 | INFO     | save_data            | ✅ Data saved successfully (41452 total rows, 3,099,965 bytes)
2026-07-06 13:58:18 | INFO     | run                  | ======================================================================
2026-07-06 13:58:18 | INFO     | run                  | 📊 EXECUTION SUMMARY:
2026-07-06 13:58:18 | INFO     | run                  |    ✅ Status: SUCCESS
2026-07-06 13:58:18 | INFO     | run                  |    - Rows processed: 495
2026-07-06 13:58:18 | INFO     | run                  |    - Unique symbols: 495
2026-07-06 13:58:18 | INFO     | run                  |    - Timestamp: 2026-07-06 18:58:02
2026-07-06 13:58:18 | INFO     | run                  |    - File: data/2026/07/2026-07-06.xlsx
2026-07-06 13:58:18 | INFO     | run                  | ======================================================================
2026-07-06 13:58:18 | DEBUG    | run                  | Sample data (first row):
2026-07-06 13:58:18 | DEBUG    | run                  | {'SYMBOL': 'TPLP', 'SECTOR': 838, 'LDCP': 11.64, 'OPEN': 11.87, 'HIGH': 12.74, 'LOW': 11.87, 'CURRENT': 12.54, 'CHANGE': 0.9, 'CHANGE (%)': nan, 'VOLUME': 66770551, 'YEAR': 2026, 'MONTH': 7, 'DAY': 6, 'HOUR': 18, 'MINUTE': 58, 'DATETIME': '2026-07-06 18:58'}
2026-07-06 13:58:18 | DEBUG    | close                | Session closed
2026-07-06 14:03:19 | INFO     | run                  | ======================================================================
2026-07-06 14:03:19 | INFO     | run                  | 🚀 MARKET DATA SCRAPER - SINGLE EXECUTION
2026-07-06 14:03:19 | INFO     | run                  | ======================================================================
2026-07-06 14:03:19 | INFO     | run                  | Execution Time: 2026-07-06 19:03:19 PKT
2026-07-06 14:03:19 | INFO     | run                  | Configuration:
2026-07-06 14:03:19 | INFO     | run                  |    - Timezone: Asia/Karachi
2026-07-06 14:03:19 | INFO     | run                  |    - Data directory: data
2026-07-06 14:03:19 | INFO     | run                  |    - Log directory: logs
2026-07-06 14:03:19 | INFO     | run                  |    - Excluded symbols: {'XT', 'XR', 'XD', 'XS'}
2026-07-06 14:03:19 | INFO     | run                  | ======================================================================
2026-07-06 14:03:19 | INFO     | fetch_data           | Fetching data (Attempt 1/3)...
2026-07-06 14:03:19 | DEBUG    | fetch_data           | Establishing session with https://dps.psx.com.pk/
2026-07-06 14:03:22 | DEBUG    | fetch_data           | Requesting data from https://dps.psx.com.pk/market-watch
2026-07-06 14:03:23 | DEBUG    | fetch_data           | Response status: 200
2026-07-06 14:03:23 | DEBUG    | fetch_data           | Response content type: text/html; charset=utf-8
2026-07-06 14:03:23 | DEBUG    | fetch_data           | Response size: 475484 bytes
2026-07-06 14:03:23 | INFO     | fetch_data           | ✅ Data fetched successfully (Status: 200)
2026-07-06 14:03:23 | DEBUG    | parse_json           | Attempting JSON parsing...
2026-07-06 14:03:23 | DEBUG    | parse_json           | Response preview: <table class="tbl" data-page-length="25"><thead class="tbl__head"><!-- tr--><!--   th(colspan="11")--><!--   th.center(colspan="2", style="width: 110px;") TOTAL BUY ORDERS--><!--   th.center(colspan="2", style="width: 110px;") TOTAL SELL ORDERS--><tr><th data-name="symbol">SYMBOL</th><th data-name="sector">SECTOR</th><th data-name="listed">LISTED IN</th><th class="right" data-name="ldcp">LDCP</th><th class="right" data-name="open">OPEN</th><th class="right" data-name="high">HIGH</th><th class="r
2026-07-06 14:03:23 | WARNING  | parse_json           | ⚠️ JSON parsing failed: Expecting value: line 1 column 1 (char 0)
2026-07-06 14:03:23 | INFO     | run                  | JSON parsing failed, trying HTML fallback...
2026-07-06 14:03:23 | INFO     | parse_html           | Attempting HTML fallback parsing...
2026-07-06 14:03:23 | DEBUG    | parse_html           | Found 1 table(s) in HTML
2026-07-06 14:03:23 | DEBUG    | parse_html           | Table columns: ['SYMBOL', 'SECTOR', 'LISTED IN', 'LDCP', 'OPEN', 'HIGH', 'LOW', 'CURRENT', 'CHANGE', 'CHANGE (%)', 'VOLUME']
2026-07-06 14:03:23 | DEBUG    | parse_html           | Table shape: (495, 11)
2026-07-06 14:03:23 | INFO     | parse_html           | ✅ HTML parsed successfully (495 rows)
2026-07-06 14:03:23 | INFO     | clean_data           | Cleaning data...
2026-07-06 14:03:23 | DEBUG    | clean_data           | Initial shape: (495, 11)
2026-07-06 14:03:23 | DEBUG    | clean_data           | Initial columns: ['SYMBOL', 'SECTOR', 'LISTED IN', 'LDCP', 'OPEN', 'HIGH', 'LOW', 'CURRENT', 'CHANGE', 'CHANGE (%)', 'VOLUME']
2026-07-06 14:03:23 | DEBUG    | clean_data           | Removed 'LISTED IN' column
2026-07-06 14:03:23 | DEBUG    | clean_data           | Converted LDCP from float64 to numeric
2026-07-06 14:03:23 | DEBUG    | clean_data           | Converted OPEN from float64 to numeric
2026-07-06 14:03:23 | DEBUG    | clean_data           | Converted HIGH from float64 to numeric
2026-07-06 14:03:23 | DEBUG    | clean_data           | Converted LOW from float64 to numeric
2026-07-06 14:03:23 | DEBUG    | clean_data           | Converted CURRENT from float64 to numeric
2026-07-06 14:03:23 | DEBUG    | clean_data           | Converted CHANGE from float64 to numeric
2026-07-06 14:03:23 | WARNING  | clean_data           | Column CHANGE (%): 495 values could not be converted to numeric
2026-07-06 14:03:23 | DEBUG    | clean_data           | Converted CHANGE (%) from str to numeric
2026-07-06 14:03:23 | DEBUG    | clean_data           | Converted VOLUME from int64 to numeric
2026-07-06 14:03:23 | INFO     | clean_data           | ✅ Data cleaned (495 rows, 16 columns)
2026-07-06 14:03:23 | DEBUG    | clean_data           | Final columns: ['SYMBOL', 'SECTOR', 'LDCP', 'OPEN', 'HIGH', 'LOW', 'CURRENT', 'CHANGE', 'CHANGE (%)', 'VOLUME', 'YEAR', 'MONTH', 'DAY', 'HOUR', 'MINUTE', 'DATETIME']
2026-07-06 14:03:23 | DEBUG    | get_file_path        | Generated file path: data/2026/07/2026-07-06.xlsx
2026-07-06 14:03:23 | INFO     | save_data            | Saving data to: data/2026/07/2026-07-06.xlsx
2026-07-06 14:03:23 | DEBUG    | _create_backup       | Backup created: data/2026/07/backups/2026-07-06_backup_20260706_140323.xlsx
2026-07-06 14:03:23 | DEBUG    | _cleanup_old_backups | Removed old backup: 2026-07-06_backup_20260706_133658.xlsx
2026-07-06 14:03:23 | DEBUG    | save_data            | Existing file found, merging data...
2026-07-06 14:03:27 | DEBUG    | save_data            | Loaded 41452 existing rows
2026-07-06 14:03:27 | DEBUG    | save_data            | Combined to 41947 rows
2026-07-06 14:03:27 | DEBUG    | save_data            | Writing to temporary file...
2026-07-06 14:03:35 | DEBUG    | save_data            | Data written to temp file: /home/runner/work/Thalorae-BackLioraen/Thalorae-BackLioraen/data/2026/07/tmppel46tm5.xlsx
2026-07-06 14:03:35 | DEBUG    | save_data            | Temp file moved to final location
2026-07-06 14:03:35 | INFO     | save_data            | ✅ Data saved successfully (41947 total rows, 3,137,466 bytes)
2026-07-06 14:03:35 | INFO     | run                  | ======================================================================
2026-07-06 14:03:35 | INFO     | run                  | 📊 EXECUTION SUMMARY:
2026-07-06 14:03:35 | INFO     | run                  |    ✅ Status: SUCCESS
2026-07-06 14:03:35 | INFO     | run                  |    - Rows processed: 495
2026-07-06 14:03:35 | INFO     | run                  |    - Unique symbols: 495
2026-07-06 14:03:35 | INFO     | run                  |    - Timestamp: 2026-07-06 19:03:19
2026-07-06 14:03:35 | INFO     | run                  |    - File: data/2026/07/2026-07-06.xlsx
2026-07-06 14:03:35 | INFO     | run                  | ======================================================================
2026-07-06 14:03:35 | DEBUG    | run                  | Sample data (first row):
2026-07-06 14:03:35 | DEBUG    | run                  | {'SYMBOL': 'TPLP', 'SECTOR': 838, 'LDCP': 11.64, 'OPEN': 11.87, 'HIGH': 12.74, 'LOW': 11.87, 'CURRENT': 12.54, 'CHANGE': 0.9, 'CHANGE (%)': nan, 'VOLUME': 66770551, 'YEAR': 2026, 'MONTH': 7, 'DAY': 6, 'HOUR': 19, 'MINUTE': 3, 'DATETIME': '2026-07-06 19:03'}
2026-07-06 14:03:35 | DEBUG    | close                | Session closed
2026-07-06 14:08:36 | INFO     | run                  | ======================================================================
2026-07-06 14:08:36 | INFO     | run                  | 🚀 MARKET DATA SCRAPER - SINGLE EXECUTION
2026-07-06 14:08:36 | INFO     | run                  | ======================================================================
2026-07-06 14:08:36 | INFO     | run                  | Execution Time: 2026-07-06 19:08:36 PKT
2026-07-06 14:08:36 | INFO     | run                  | Configuration:
2026-07-06 14:08:36 | INFO     | run                  |    - Timezone: Asia/Karachi
2026-07-06 14:08:36 | INFO     | run                  |    - Data directory: data
2026-07-06 14:08:36 | INFO     | run                  |    - Log directory: logs
2026-07-06 14:08:36 | INFO     | run                  |    - Excluded symbols: {'XT', 'XR', 'XD', 'XS'}
2026-07-06 14:08:36 | INFO     | run                  | ======================================================================
2026-07-06 14:08:36 | INFO     | fetch_data           | Fetching data (Attempt 1/3)...
2026-07-06 14:08:36 | DEBUG    | fetch_data           | Establishing session with https://dps.psx.com.pk/
2026-07-06 14:08:39 | DEBUG    | fetch_data           | Requesting data from https://dps.psx.com.pk/market-watch
2026-07-06 14:08:42 | DEBUG    | fetch_data           | Response status: 200
2026-07-06 14:08:42 | DEBUG    | fetch_data           | Response content type: text/html; charset=utf-8
2026-07-06 14:08:42 | DEBUG    | fetch_data           | Response size: 475484 bytes
2026-07-06 14:08:42 | INFO     | fetch_data           | ✅ Data fetched successfully (Status: 200)
2026-07-06 14:08:42 | DEBUG    | parse_json           | Attempting JSON parsing...
2026-07-06 14:08:42 | DEBUG    | parse_json           | Response preview: <table class="tbl" data-page-length="25"><thead class="tbl__head"><!-- tr--><!--   th(colspan="11")--><!--   th.center(colspan="2", style="width: 110px;") TOTAL BUY ORDERS--><!--   th.center(colspan="2", style="width: 110px;") TOTAL SELL ORDERS--><tr><th data-name="symbol">SYMBOL</th><th data-name="sector">SECTOR</th><th data-name="listed">LISTED IN</th><th class="right" data-name="ldcp">LDCP</th><th class="right" data-name="open">OPEN</th><th class="right" data-name="high">HIGH</th><th class="r
2026-07-06 14:08:42 | WARNING  | parse_json           | ⚠️ JSON parsing failed: Expecting value: line 1 column 1 (char 0)
2026-07-06 14:08:42 | INFO     | run                  | JSON parsing failed, trying HTML fallback...
2026-07-06 14:08:42 | INFO     | parse_html           | Attempting HTML fallback parsing...
2026-07-06 14:08:42 | DEBUG    | parse_html           | Found 1 table(s) in HTML
2026-07-06 14:08:42 | DEBUG    | parse_html           | Table columns: ['SYMBOL', 'SECTOR', 'LISTED IN', 'LDCP', 'OPEN', 'HIGH', 'LOW', 'CURRENT', 'CHANGE', 'CHANGE (%)', 'VOLUME']
2026-07-06 14:08:42 | DEBUG    | parse_html           | Table shape: (495, 11)
2026-07-06 14:08:42 | INFO     | parse_html           | ✅ HTML parsed successfully (495 rows)
2026-07-06 14:08:42 | INFO     | clean_data           | Cleaning data...
2026-07-06 14:08:42 | DEBUG    | clean_data           | Initial shape: (495, 11)
2026-07-06 14:08:42 | DEBUG    | clean_data           | Initial columns: ['SYMBOL', 'SECTOR', 'LISTED IN', 'LDCP', 'OPEN', 'HIGH', 'LOW', 'CURRENT', 'CHANGE', 'CHANGE (%)', 'VOLUME']
2026-07-06 14:08:42 | DEBUG    | clean_data           | Removed 'LISTED IN' column
2026-07-06 14:08:42 | DEBUG    | clean_data           | Converted LDCP from float64 to numeric
2026-07-06 14:08:42 | DEBUG    | clean_data           | Converted OPEN from float64 to numeric
2026-07-06 14:08:42 | DEBUG    | clean_data           | Converted HIGH from float64 to numeric
2026-07-06 14:08:42 | DEBUG    | clean_data           | Converted LOW from float64 to numeric
2026-07-06 14:08:42 | DEBUG    | clean_data           | Converted CURRENT from float64 to numeric
2026-07-06 14:08:42 | DEBUG    | clean_data           | Converted CHANGE from float64 to numeric
2026-07-06 14:08:42 | WARNING  | clean_data           | Column CHANGE (%): 495 values could not be converted to numeric
2026-07-06 14:08:42 | DEBUG    | clean_data           | Converted CHANGE (%) from str to numeric
2026-07-06 14:08:42 | DEBUG    | clean_data           | Converted VOLUME from int64 to numeric
2026-07-06 14:08:42 | INFO     | clean_data           | ✅ Data cleaned (495 rows, 16 columns)
2026-07-06 14:08:42 | DEBUG    | clean_data           | Final columns: ['SYMBOL', 'SECTOR', 'LDCP', 'OPEN', 'HIGH', 'LOW', 'CURRENT', 'CHANGE', 'CHANGE (%)', 'VOLUME', 'YEAR', 'MONTH', 'DAY', 'HOUR', 'MINUTE', 'DATETIME']
2026-07-06 14:08:42 | DEBUG    | get_file_path        | Generated file path: data/2026/07/2026-07-06.xlsx
2026-07-06 14:08:42 | INFO     | save_data            | Saving data to: data/2026/07/2026-07-06.xlsx
2026-07-06 14:08:42 | DEBUG    | _create_backup       | Backup created: data/2026/07/backups/2026-07-06_backup_20260706_140842.xlsx
2026-07-06 14:08:42 | DEBUG    | _cleanup_old_backups | Removed old backup: 2026-07-06_backup_20260706_134215.xlsx
2026-07-06 14:08:42 | DEBUG    | save_data            | Existing file found, merging data...
2026-07-06 14:08:46 | DEBUG    | save_data            | Loaded 41947 existing rows
2026-07-06 14:08:46 | DEBUG    | save_data            | Combined to 42442 rows
2026-07-06 14:08:46 | DEBUG    | save_data            | Writing to temporary file...
2026-07-06 14:08:53 | DEBUG    | save_data            | Data written to temp file: /home/runner/work/Thalorae-BackLioraen/Thalorae-BackLioraen/data/2026/07/tmp71t_mh6_.xlsx
2026-07-06 14:08:53 | DEBUG    | save_data            | Temp file moved to final location
2026-07-06 14:08:53 | INFO     | save_data            | ✅ Data saved successfully (42442 total rows, 3,175,005 bytes)
2026-07-06 14:08:53 | INFO     | run                  | ======================================================================
2026-07-06 14:08:53 | INFO     | run                  | 📊 EXECUTION SUMMARY:
2026-07-06 14:08:53 | INFO     | run                  |    ✅ Status: SUCCESS
2026-07-06 14:08:53 | INFO     | run                  |    - Rows processed: 495
2026-07-06 14:08:53 | INFO     | run                  |    - Unique symbols: 495
2026-07-06 14:08:53 | INFO     | run                  |    - Timestamp: 2026-07-06 19:08:36
2026-07-06 14:08:53 | INFO     | run                  |    - File: data/2026/07/2026-07-06.xlsx
2026-07-06 14:08:53 | INFO     | run                  | ======================================================================
2026-07-06 14:08:53 | DEBUG    | run                  | Sample data (first row):
2026-07-06 14:08:53 | DEBUG    | run                  | {'SYMBOL': 'TPLP', 'SECTOR': 838, 'LDCP': 11.64, 'OPEN': 11.87, 'HIGH': 12.74, 'LOW': 11.87, 'CURRENT': 12.54, 'CHANGE': 0.9, 'CHANGE (%)': nan, 'VOLUME': 66770551, 'YEAR': 2026, 'MONTH': 7, 'DAY': 6, 'HOUR': 19, 'MINUTE': 8, 'DATETIME': '2026-07-06 19:08'}
2026-07-06 14:08:53 | DEBUG    | close                | Session closed
2026-07-06 14:13:54 | INFO     | run                  | ======================================================================
2026-07-06 14:13:54 | INFO     | run                  | 🚀 MARKET DATA SCRAPER - SINGLE EXECUTION
2026-07-06 14:13:54 | INFO     | run                  | ======================================================================
2026-07-06 14:13:54 | INFO     | run                  | Execution Time: 2026-07-06 19:13:54 PKT
2026-07-06 14:13:54 | INFO     | run                  | Configuration:
2026-07-06 14:13:54 | INFO     | run                  |    - Timezone: Asia/Karachi
2026-07-06 14:13:54 | INFO     | run                  |    - Data directory: data
2026-07-06 14:13:54 | INFO     | run                  |    - Log directory: logs
2026-07-06 14:13:54 | INFO     | run                  |    - Excluded symbols: {'XD', 'XT', 'XS', 'XR'}
2026-07-06 14:13:54 | INFO     | run                  | ======================================================================
2026-07-06 14:13:54 | INFO     | fetch_data           | Fetching data (Attempt 1/3)...
2026-07-06 14:13:54 | DEBUG    | fetch_data           | Establishing session with https://dps.psx.com.pk/
2026-07-06 14:13:58 | DEBUG    | fetch_data           | Requesting data from https://dps.psx.com.pk/market-watch
2026-07-06 14:14:00 | DEBUG    | fetch_data           | Response status: 200
2026-07-06 14:14:00 | DEBUG    | fetch_data           | Response content type: text/html; charset=utf-8
2026-07-06 14:14:00 | DEBUG    | fetch_data           | Response size: 475484 bytes
2026-07-06 14:14:00 | INFO     | fetch_data           | ✅ Data fetched successfully (Status: 200)
2026-07-06 14:14:00 | DEBUG    | parse_json           | Attempting JSON parsing...
2026-07-06 14:14:00 | DEBUG    | parse_json           | Response preview: <table class="tbl" data-page-length="25"><thead class="tbl__head"><!-- tr--><!--   th(colspan="11")--><!--   th.center(colspan="2", style="width: 110px;") TOTAL BUY ORDERS--><!--   th.center(colspan="2", style="width: 110px;") TOTAL SELL ORDERS--><tr><th data-name="symbol">SYMBOL</th><th data-name="sector">SECTOR</th><th data-name="listed">LISTED IN</th><th class="right" data-name="ldcp">LDCP</th><th class="right" data-name="open">OPEN</th><th class="right" data-name="high">HIGH</th><th class="r
2026-07-06 14:14:00 | WARNING  | parse_json           | ⚠️ JSON parsing failed: Expecting value: line 1 column 1 (char 0)
2026-07-06 14:14:00 | INFO     | run                  | JSON parsing failed, trying HTML fallback...
2026-07-06 14:14:00 | INFO     | parse_html           | Attempting HTML fallback parsing...
2026-07-06 14:14:00 | DEBUG    | parse_html           | Found 1 table(s) in HTML
2026-07-06 14:14:00 | DEBUG    | parse_html           | Table columns: ['SYMBOL', 'SECTOR', 'LISTED IN', 'LDCP', 'OPEN', 'HIGH', 'LOW', 'CURRENT', 'CHANGE', 'CHANGE (%)', 'VOLUME']
2026-07-06 14:14:00 | DEBUG    | parse_html           | Table shape: (495, 11)
2026-07-06 14:14:00 | INFO     | parse_html           | ✅ HTML parsed successfully (495 rows)
2026-07-06 14:14:00 | INFO     | clean_data           | Cleaning data...
2026-07-06 14:14:00 | DEBUG    | clean_data           | Initial shape: (495, 11)
2026-07-06 14:14:00 | DEBUG    | clean_data           | Initial columns: ['SYMBOL', 'SECTOR', 'LISTED IN', 'LDCP', 'OPEN', 'HIGH', 'LOW', 'CURRENT', 'CHANGE', 'CHANGE (%)', 'VOLUME']
2026-07-06 14:14:00 | DEBUG    | clean_data           | Removed 'LISTED IN' column
2026-07-06 14:14:00 | DEBUG    | clean_data           | Converted LDCP from float64 to numeric
2026-07-06 14:14:00 | DEBUG    | clean_data           | Converted OPEN from float64 to numeric
2026-07-06 14:14:00 | DEBUG    | clean_data           | Converted HIGH from float64 to numeric
2026-07-06 14:14:00 | DEBUG    | clean_data           | Converted LOW from float64 to numeric
2026-07-06 14:14:00 | DEBUG    | clean_data           | Converted CURRENT from float64 to numeric
2026-07-06 14:14:00 | DEBUG    | clean_data           | Converted CHANGE from float64 to numeric
2026-07-06 14:14:00 | WARNING  | clean_data           | Column CHANGE (%): 495 values could not be converted to numeric
2026-07-06 14:14:00 | DEBUG    | clean_data           | Converted CHANGE (%) from str to numeric
2026-07-06 14:14:00 | DEBUG    | clean_data           | Converted VOLUME from int64 to numeric
2026-07-06 14:14:00 | INFO     | clean_data           | ✅ Data cleaned (495 rows, 16 columns)
2026-07-06 14:14:00 | DEBUG    | clean_data           | Final columns: ['SYMBOL', 'SECTOR', 'LDCP', 'OPEN', 'HIGH', 'LOW', 'CURRENT', 'CHANGE', 'CHANGE (%)', 'VOLUME', 'YEAR', 'MONTH', 'DAY', 'HOUR', 'MINUTE', 'DATETIME']
2026-07-06 14:14:00 | DEBUG    | get_file_path        | Generated file path: data/2026/07/2026-07-06.xlsx
2026-07-06 14:14:00 | INFO     | save_data            | Saving data to: data/2026/07/2026-07-06.xlsx
2026-07-06 14:14:00 | DEBUG    | _create_backup       | Backup created: data/2026/07/backups/2026-07-06_backup_20260706_141400.xlsx
2026-07-06 14:14:00 | DEBUG    | _cleanup_old_backups | Removed old backup: 2026-07-06_backup_20260706_134731.xlsx
2026-07-06 14:14:00 | DEBUG    | save_data            | Existing file found, merging data...
2026-07-06 14:14:04 | DEBUG    | save_data            | Loaded 42442 existing rows
2026-07-06 14:14:04 | DEBUG    | save_data            | Combined to 42937 rows
2026-07-06 14:14:04 | DEBUG    | save_data            | Writing to temporary file...
2026-07-06 14:14:12 | DEBUG    | save_data            | Data written to temp file: /home/runner/work/Thalorae-BackLioraen/Thalorae-BackLioraen/data/2026/07/tmpu_y2xhao.xlsx
2026-07-06 14:14:12 | DEBUG    | save_data            | Temp file moved to final location
2026-07-06 14:14:12 | INFO     | save_data            | ✅ Data saved successfully (42937 total rows, 3,212,450 bytes)
2026-07-06 14:14:12 | INFO     | run                  | ======================================================================
2026-07-06 14:14:12 | INFO     | run                  | 📊 EXECUTION SUMMARY:
2026-07-06 14:14:12 | INFO     | run                  |    ✅ Status: SUCCESS
2026-07-06 14:14:12 | INFO     | run                  |    - Rows processed: 495
2026-07-06 14:14:12 | INFO     | run                  |    - Unique symbols: 495
2026-07-06 14:14:12 | INFO     | run                  |    - Timestamp: 2026-07-06 19:13:54
2026-07-06 14:14:12 | INFO     | run                  |    - File: data/2026/07/2026-07-06.xlsx
2026-07-06 14:14:12 | INFO     | run                  | ======================================================================
2026-07-06 14:14:12 | DEBUG    | run                  | Sample data (first row):
2026-07-06 14:14:12 | DEBUG    | run                  | {'SYMBOL': 'TPLP', 'SECTOR': 838, 'LDCP': 11.64, 'OPEN': 11.87, 'HIGH': 12.74, 'LOW': 11.87, 'CURRENT': 12.54, 'CHANGE': 0.9, 'CHANGE (%)': nan, 'VOLUME': 66770551, 'YEAR': 2026, 'MONTH': 7, 'DAY': 6, 'HOUR': 19, 'MINUTE': 13, 'DATETIME': '2026-07-06 19:13'}
2026-07-06 14:14:12 | DEBUG    | close                | Session closed
2026-07-06 14:19:13 | INFO     | run                  | ======================================================================
2026-07-06 14:19:13 | INFO     | run                  | 🚀 MARKET DATA SCRAPER - SINGLE EXECUTION
2026-07-06 14:19:13 | INFO     | run                  | ======================================================================
2026-07-06 14:19:13 | INFO     | run                  | Execution Time: 2026-07-06 19:19:13 PKT
2026-07-06 14:19:13 | INFO     | run                  | Configuration:
2026-07-06 14:19:13 | INFO     | run                  |    - Timezone: Asia/Karachi
2026-07-06 14:19:13 | INFO     | run                  |    - Data directory: data
2026-07-06 14:19:13 | INFO     | run                  |    - Log directory: logs
2026-07-06 14:19:13 | INFO     | run                  |    - Excluded symbols: {'XT', 'XR', 'XD', 'XS'}
2026-07-06 14:19:13 | INFO     | run                  | ======================================================================
2026-07-06 14:19:13 | INFO     | fetch_data           | Fetching data (Attempt 1/3)...
2026-07-06 14:19:13 | DEBUG    | fetch_data           | Establishing session with https://dps.psx.com.pk/
2026-07-06 14:19:16 | DEBUG    | fetch_data           | Requesting data from https://dps.psx.com.pk/market-watch
2026-07-06 14:19:19 | DEBUG    | fetch_data           | Response status: 200
2026-07-06 14:19:19 | DEBUG    | fetch_data           | Response content type: text/html; charset=utf-8
2026-07-06 14:19:19 | DEBUG    | fetch_data           | Response size: 475484 bytes
2026-07-06 14:19:19 | INFO     | fetch_data           | ✅ Data fetched successfully (Status: 200)
2026-07-06 14:19:19 | DEBUG    | parse_json           | Attempting JSON parsing...
2026-07-06 14:19:19 | DEBUG    | parse_json           | Response preview: <table class="tbl" data-page-length="25"><thead class="tbl__head"><!-- tr--><!--   th(colspan="11")--><!--   th.center(colspan="2", style="width: 110px;") TOTAL BUY ORDERS--><!--   th.center(colspan="2", style="width: 110px;") TOTAL SELL ORDERS--><tr><th data-name="symbol">SYMBOL</th><th data-name="sector">SECTOR</th><th data-name="listed">LISTED IN</th><th class="right" data-name="ldcp">LDCP</th><th class="right" data-name="open">OPEN</th><th class="right" data-name="high">HIGH</th><th class="r
2026-07-06 14:19:19 | WARNING  | parse_json           | ⚠️ JSON parsing failed: Expecting value: line 1 column 1 (char 0)
2026-07-06 14:19:19 | INFO     | run                  | JSON parsing failed, trying HTML fallback...
2026-07-06 14:19:19 | INFO     | parse_html           | Attempting HTML fallback parsing...
2026-07-06 14:19:19 | DEBUG    | parse_html           | Found 1 table(s) in HTML
2026-07-06 14:19:19 | DEBUG    | parse_html           | Table columns: ['SYMBOL', 'SECTOR', 'LISTED IN', 'LDCP', 'OPEN', 'HIGH', 'LOW', 'CURRENT', 'CHANGE', 'CHANGE (%)', 'VOLUME']
2026-07-06 14:19:19 | DEBUG    | parse_html           | Table shape: (495, 11)
2026-07-06 14:19:19 | INFO     | parse_html           | ✅ HTML parsed successfully (495 rows)
2026-07-06 14:19:19 | INFO     | clean_data           | Cleaning data...
2026-07-06 14:19:19 | DEBUG    | clean_data           | Initial shape: (495, 11)
2026-07-06 14:19:19 | DEBUG    | clean_data           | Initial columns: ['SYMBOL', 'SECTOR', 'LISTED IN', 'LDCP', 'OPEN', 'HIGH', 'LOW', 'CURRENT', 'CHANGE', 'CHANGE (%)', 'VOLUME']
2026-07-06 14:19:19 | DEBUG    | clean_data           | Removed 'LISTED IN' column
2026-07-06 14:19:19 | DEBUG    | clean_data           | Converted LDCP from float64 to numeric
2026-07-06 14:19:19 | DEBUG    | clean_data           | Converted OPEN from float64 to numeric
2026-07-06 14:19:19 | DEBUG    | clean_data           | Converted HIGH from float64 to numeric
2026-07-06 14:19:19 | DEBUG    | clean_data           | Converted LOW from float64 to numeric
2026-07-06 14:19:19 | DEBUG    | clean_data           | Converted CURRENT from float64 to numeric
2026-07-06 14:19:19 | DEBUG    | clean_data           | Converted CHANGE from float64 to numeric
2026-07-06 14:19:19 | WARNING  | clean_data           | Column CHANGE (%): 495 values could not be converted to numeric
2026-07-06 14:19:19 | DEBUG    | clean_data           | Converted CHANGE (%) from str to numeric
2026-07-06 14:19:19 | DEBUG    | clean_data           | Converted VOLUME from int64 to numeric
2026-07-06 14:19:19 | INFO     | clean_data           | ✅ Data cleaned (495 rows, 16 columns)
2026-07-06 14:19:19 | DEBUG    | clean_data           | Final columns: ['SYMBOL', 'SECTOR', 'LDCP', 'OPEN', 'HIGH', 'LOW', 'CURRENT', 'CHANGE', 'CHANGE (%)', 'VOLUME', 'YEAR', 'MONTH', 'DAY', 'HOUR', 'MINUTE', 'DATETIME']
2026-07-06 14:19:19 | DEBUG    | get_file_path        | Generated file path: data/2026/07/2026-07-06.xlsx
2026-07-06 14:19:19 | INFO     | save_data            | Saving data to: data/2026/07/2026-07-06.xlsx
2026-07-06 14:19:19 | DEBUG    | _create_backup       | Backup created: data/2026/07/backups/2026-07-06_backup_20260706_141919.xlsx
2026-07-06 14:19:19 | DEBUG    | _cleanup_old_backups | Removed old backup: 2026-07-06_backup_20260706_135250.xlsx
2026-07-06 14:19:19 | DEBUG    | save_data            | Existing file found, merging data...
2026-07-06 14:19:23 | DEBUG    | save_data            | Loaded 42937 existing rows
2026-07-06 14:19:23 | DEBUG    | save_data            | Combined to 43432 rows
2026-07-06 14:19:23 | DEBUG    | save_data            | Writing to temporary file...
2026-07-06 14:19:31 | DEBUG    | save_data            | Data written to temp file: /home/runner/work/Thalorae-BackLioraen/Thalorae-BackLioraen/data/2026/07/tmpyqw9dzsc.xlsx
2026-07-06 14:19:31 | DEBUG    | save_data            | Temp file moved to final location
2026-07-06 14:19:31 | INFO     | save_data            | ✅ Data saved successfully (43432 total rows, 3,249,769 bytes)
2026-07-06 14:19:31 | INFO     | run                  | ======================================================================
2026-07-06 14:19:31 | INFO     | run                  | 📊 EXECUTION SUMMARY:
2026-07-06 14:19:31 | INFO     | run                  |    ✅ Status: SUCCESS
2026-07-06 14:19:31 | INFO     | run                  |    - Rows processed: 495
2026-07-06 14:19:31 | INFO     | run                  |    - Unique symbols: 495
2026-07-06 14:19:31 | INFO     | run                  |    - Timestamp: 2026-07-06 19:19:13
2026-07-06 14:19:31 | INFO     | run                  |    - File: data/2026/07/2026-07-06.xlsx
2026-07-06 14:19:31 | INFO     | run                  | ======================================================================
2026-07-06 14:19:31 | DEBUG    | run                  | Sample data (first row):
2026-07-06 14:19:31 | DEBUG    | run                  | {'SYMBOL': 'TPLP', 'SECTOR': 838, 'LDCP': 11.64, 'OPEN': 11.87, 'HIGH': 12.74, 'LOW': 11.87, 'CURRENT': 12.54, 'CHANGE': 0.9, 'CHANGE (%)': nan, 'VOLUME': 66770551, 'YEAR': 2026, 'MONTH': 7, 'DAY': 6, 'HOUR': 19, 'MINUTE': 19, 'DATETIME': '2026-07-06 19:19'}
2026-07-06 14:19:31 | DEBUG    | close                | Session closed
2026-07-06 14:24:32 | INFO     | run                  | ======================================================================
2026-07-06 14:24:32 | INFO     | run                  | 🚀 MARKET DATA SCRAPER - SINGLE EXECUTION
2026-07-06 14:24:32 | INFO     | run                  | ======================================================================
2026-07-06 14:24:32 | INFO     | run                  | Execution Time: 2026-07-06 19:24:32 PKT
2026-07-06 14:24:32 | INFO     | run                  | Configuration:
2026-07-06 14:24:32 | INFO     | run                  |    - Timezone: Asia/Karachi
2026-07-06 14:24:32 | INFO     | run                  |    - Data directory: data
2026-07-06 14:24:32 | INFO     | run                  |    - Log directory: logs
2026-07-06 14:24:32 | INFO     | run                  |    - Excluded symbols: {'XD', 'XT', 'XR', 'XS'}
2026-07-06 14:24:32 | INFO     | run                  | ======================================================================
2026-07-06 14:24:32 | INFO     | fetch_data           | Fetching data (Attempt 1/3)...
2026-07-06 14:24:32 | DEBUG    | fetch_data           | Establishing session with https://dps.psx.com.pk/
2026-07-06 14:24:35 | DEBUG    | fetch_data           | Requesting data from https://dps.psx.com.pk/market-watch
2026-07-06 14:24:38 | DEBUG    | fetch_data           | Response status: 200
2026-07-06 14:24:38 | DEBUG    | fetch_data           | Response content type: text/html; charset=utf-8
2026-07-06 14:24:38 | DEBUG    | fetch_data           | Response size: 475484 bytes
2026-07-06 14:24:38 | INFO     | fetch_data           | ✅ Data fetched successfully (Status: 200)
2026-07-06 14:24:38 | DEBUG    | parse_json           | Attempting JSON parsing...
2026-07-06 14:24:38 | DEBUG    | parse_json           | Response preview: <table class="tbl" data-page-length="25"><thead class="tbl__head"><!-- tr--><!--   th(colspan="11")--><!--   th.center(colspan="2", style="width: 110px;") TOTAL BUY ORDERS--><!--   th.center(colspan="2", style="width: 110px;") TOTAL SELL ORDERS--><tr><th data-name="symbol">SYMBOL</th><th data-name="sector">SECTOR</th><th data-name="listed">LISTED IN</th><th class="right" data-name="ldcp">LDCP</th><th class="right" data-name="open">OPEN</th><th class="right" data-name="high">HIGH</th><th class="r
2026-07-06 14:24:38 | WARNING  | parse_json           | ⚠️ JSON parsing failed: Expecting value: line 1 column 1 (char 0)
2026-07-06 14:24:38 | INFO     | run                  | JSON parsing failed, trying HTML fallback...
2026-07-06 14:24:38 | INFO     | parse_html           | Attempting HTML fallback parsing...
2026-07-06 14:24:38 | DEBUG    | parse_html           | Found 1 table(s) in HTML
2026-07-06 14:24:38 | DEBUG    | parse_html           | Table columns: ['SYMBOL', 'SECTOR', 'LISTED IN', 'LDCP', 'OPEN', 'HIGH', 'LOW', 'CURRENT', 'CHANGE', 'CHANGE (%)', 'VOLUME']
2026-07-06 14:24:38 | DEBUG    | parse_html           | Table shape: (495, 11)
2026-07-06 14:24:38 | INFO     | parse_html           | ✅ HTML parsed successfully (495 rows)
2026-07-06 14:24:38 | INFO     | clean_data           | Cleaning data...
2026-07-06 14:24:38 | DEBUG    | clean_data           | Initial shape: (495, 11)
2026-07-06 14:24:38 | DEBUG    | clean_data           | Initial columns: ['SYMBOL', 'SECTOR', 'LISTED IN', 'LDCP', 'OPEN', 'HIGH', 'LOW', 'CURRENT', 'CHANGE', 'CHANGE (%)', 'VOLUME']
2026-07-06 14:24:38 | DEBUG    | clean_data           | Removed 'LISTED IN' column
2026-07-06 14:24:38 | DEBUG    | clean_data           | Converted LDCP from float64 to numeric
2026-07-06 14:24:38 | DEBUG    | clean_data           | Converted OPEN from float64 to numeric
2026-07-06 14:24:38 | DEBUG    | clean_data           | Converted HIGH from float64 to numeric
2026-07-06 14:24:38 | DEBUG    | clean_data           | Converted LOW from float64 to numeric
2026-07-06 14:24:38 | DEBUG    | clean_data           | Converted CURRENT from float64 to numeric
2026-07-06 14:24:38 | DEBUG    | clean_data           | Converted CHANGE from float64 to numeric
2026-07-06 14:24:38 | WARNING  | clean_data           | Column CHANGE (%): 495 values could not be converted to numeric
2026-07-06 14:24:38 | DEBUG    | clean_data           | Converted CHANGE (%) from str to numeric
2026-07-06 14:24:38 | DEBUG    | clean_data           | Converted VOLUME from int64 to numeric
2026-07-06 14:24:38 | INFO     | clean_data           | ✅ Data cleaned (495 rows, 16 columns)
2026-07-06 14:24:38 | DEBUG    | clean_data           | Final columns: ['SYMBOL', 'SECTOR', 'LDCP', 'OPEN', 'HIGH', 'LOW', 'CURRENT', 'CHANGE', 'CHANGE (%)', 'VOLUME', 'YEAR', 'MONTH', 'DAY', 'HOUR', 'MINUTE', 'DATETIME']
2026-07-06 14:24:38 | DEBUG    | get_file_path        | Generated file path: data/2026/07/2026-07-06.xlsx
2026-07-06 14:24:38 | INFO     | save_data            | Saving data to: data/2026/07/2026-07-06.xlsx
2026-07-06 14:24:38 | DEBUG    | _create_backup       | Backup created: data/2026/07/backups/2026-07-06_backup_20260706_142438.xlsx
2026-07-06 14:24:38 | DEBUG    | _cleanup_old_backups | Removed old backup: 2026-07-06_backup_20260706_135807.xlsx
2026-07-06 14:24:38 | DEBUG    | save_data            | Existing file found, merging data...
2026-07-06 14:24:42 | DEBUG    | save_data            | Loaded 43432 existing rows
2026-07-06 14:24:42 | DEBUG    | save_data            | Combined to 43927 rows
2026-07-06 14:24:42 | DEBUG    | save_data            | Writing to temporary file...
2026-07-06 14:24:50 | DEBUG    | save_data            | Data written to temp file: /home/runner/work/Thalorae-BackLioraen/Thalorae-BackLioraen/data/2026/07/tmpo74avm_a.xlsx
2026-07-06 14:24:50 | DEBUG    | save_data            | Temp file moved to final location
2026-07-06 14:24:50 | INFO     | save_data            | ✅ Data saved successfully (43927 total rows, 3,287,341 bytes)
2026-07-06 14:24:50 | INFO     | run                  | ======================================================================
2026-07-06 14:24:50 | INFO     | run                  | 📊 EXECUTION SUMMARY:
2026-07-06 14:24:50 | INFO     | run                  |    ✅ Status: SUCCESS
2026-07-06 14:24:50 | INFO     | run                  |    - Rows processed: 495
2026-07-06 14:24:50 | INFO     | run                  |    - Unique symbols: 495
2026-07-06 14:24:50 | INFO     | run                  |    - Timestamp: 2026-07-06 19:24:32
2026-07-06 14:24:50 | INFO     | run                  |    - File: data/2026/07/2026-07-06.xlsx
2026-07-06 14:24:50 | INFO     | run                  | ======================================================================
2026-07-06 14:24:50 | DEBUG    | run                  | Sample data (first row):
2026-07-06 14:24:50 | DEBUG    | run                  | {'SYMBOL': 'TPLP', 'SECTOR': 838, 'LDCP': 11.64, 'OPEN': 11.87, 'HIGH': 12.74, 'LOW': 11.87, 'CURRENT': 12.54, 'CHANGE': 0.9, 'CHANGE (%)': nan, 'VOLUME': 66770551, 'YEAR': 2026, 'MONTH': 7, 'DAY': 6, 'HOUR': 19, 'MINUTE': 24, 'DATETIME': '2026-07-06 19:24'}
2026-07-06 14:24:50 | DEBUG    | close                | Session closed
2026-07-06 14:29:51 | INFO     | run                  | ======================================================================
2026-07-06 14:29:51 | INFO     | run                  | 🚀 MARKET DATA SCRAPER - SINGLE EXECUTION
2026-07-06 14:29:51 | INFO     | run                  | ======================================================================
2026-07-06 14:29:51 | INFO     | run                  | Execution Time: 2026-07-06 19:29:51 PKT
2026-07-06 14:29:51 | INFO     | run                  | Configuration:
2026-07-06 14:29:51 | INFO     | run                  |    - Timezone: Asia/Karachi
2026-07-06 14:29:51 | INFO     | run                  |    - Data directory: data
2026-07-06 14:29:51 | INFO     | run                  |    - Log directory: logs
2026-07-06 14:29:51 | INFO     | run                  |    - Excluded symbols: {'XR', 'XD', 'XS', 'XT'}
2026-07-06 14:29:51 | INFO     | run                  | ======================================================================
2026-07-06 14:29:51 | INFO     | fetch_data           | Fetching data (Attempt 1/3)...
2026-07-06 14:29:51 | DEBUG    | fetch_data           | Establishing session with https://dps.psx.com.pk/
2026-07-06 14:29:54 | DEBUG    | fetch_data           | Requesting data from https://dps.psx.com.pk/market-watch
2026-07-06 14:29:56 | DEBUG    | fetch_data           | Response status: 200
2026-07-06 14:29:56 | DEBUG    | fetch_data           | Response content type: text/html; charset=utf-8
2026-07-06 14:29:56 | DEBUG    | fetch_data           | Response size: 475484 bytes
2026-07-06 14:29:56 | INFO     | fetch_data           | ✅ Data fetched successfully (Status: 200)
2026-07-06 14:29:56 | DEBUG    | parse_json           | Attempting JSON parsing...
2026-07-06 14:29:56 | DEBUG    | parse_json           | Response preview: <table class="tbl" data-page-length="25"><thead class="tbl__head"><!-- tr--><!--   th(colspan="11")--><!--   th.center(colspan="2", style="width: 110px;") TOTAL BUY ORDERS--><!--   th.center(colspan="2", style="width: 110px;") TOTAL SELL ORDERS--><tr><th data-name="symbol">SYMBOL</th><th data-name="sector">SECTOR</th><th data-name="listed">LISTED IN</th><th class="right" data-name="ldcp">LDCP</th><th class="right" data-name="open">OPEN</th><th class="right" data-name="high">HIGH</th><th class="r
2026-07-06 14:29:56 | WARNING  | parse_json           | ⚠️ JSON parsing failed: Expecting value: line 1 column 1 (char 0)
2026-07-06 14:29:56 | INFO     | run                  | JSON parsing failed, trying HTML fallback...
2026-07-06 14:29:56 | INFO     | parse_html           | Attempting HTML fallback parsing...
2026-07-06 14:29:56 | DEBUG    | parse_html           | Found 1 table(s) in HTML
2026-07-06 14:29:56 | DEBUG    | parse_html           | Table columns: ['SYMBOL', 'SECTOR', 'LISTED IN', 'LDCP', 'OPEN', 'HIGH', 'LOW', 'CURRENT', 'CHANGE', 'CHANGE (%)', 'VOLUME']
2026-07-06 14:29:56 | DEBUG    | parse_html           | Table shape: (495, 11)
2026-07-06 14:29:56 | INFO     | parse_html           | ✅ HTML parsed successfully (495 rows)
2026-07-06 14:29:56 | INFO     | clean_data           | Cleaning data...
2026-07-06 14:29:56 | DEBUG    | clean_data           | Initial shape: (495, 11)
2026-07-06 14:29:56 | DEBUG    | clean_data           | Initial columns: ['SYMBOL', 'SECTOR', 'LISTED IN', 'LDCP', 'OPEN', 'HIGH', 'LOW', 'CURRENT', 'CHANGE', 'CHANGE (%)', 'VOLUME']
2026-07-06 14:29:56 | DEBUG    | clean_data           | Removed 'LISTED IN' column
2026-07-06 14:29:56 | DEBUG    | clean_data           | Converted LDCP from float64 to numeric
2026-07-06 14:29:56 | DEBUG    | clean_data           | Converted OPEN from float64 to numeric
2026-07-06 14:29:56 | DEBUG    | clean_data           | Converted HIGH from float64 to numeric
2026-07-06 14:29:56 | DEBUG    | clean_data           | Converted LOW from float64 to numeric
2026-07-06 14:29:56 | DEBUG    | clean_data           | Converted CURRENT from float64 to numeric
2026-07-06 14:29:56 | DEBUG    | clean_data           | Converted CHANGE from float64 to numeric
2026-07-06 14:29:56 | WARNING  | clean_data           | Column CHANGE (%): 495 values could not be converted to numeric
2026-07-06 14:29:56 | DEBUG    | clean_data           | Converted CHANGE (%) from str to numeric
2026-07-06 14:29:56 | DEBUG    | clean_data           | Converted VOLUME from int64 to numeric
2026-07-06 14:29:56 | INFO     | clean_data           | ✅ Data cleaned (495 rows, 16 columns)
2026-07-06 14:29:56 | DEBUG    | clean_data           | Final columns: ['SYMBOL', 'SECTOR', 'LDCP', 'OPEN', 'HIGH', 'LOW', 'CURRENT', 'CHANGE', 'CHANGE (%)', 'VOLUME', 'YEAR', 'MONTH', 'DAY', 'HOUR', 'MINUTE', 'DATETIME']
2026-07-06 14:29:56 | DEBUG    | get_file_path        | Generated file path: data/2026/07/2026-07-06.xlsx
2026-07-06 14:29:56 | INFO     | save_data            | Saving data to: data/2026/07/2026-07-06.xlsx
2026-07-06 14:29:56 | DEBUG    | _create_backup       | Backup created: data/2026/07/backups/2026-07-06_backup_20260706_142956.xlsx
2026-07-06 14:29:56 | DEBUG    | _cleanup_old_backups | Removed old backup: 2026-07-06_backup_20260706_140323.xlsx
2026-07-06 14:29:56 | DEBUG    | save_data            | Existing file found, merging data...
2026-07-06 14:30:00 | DEBUG    | save_data            | Loaded 43927 existing rows
2026-07-06 14:30:00 | DEBUG    | save_data            | Combined to 44422 rows
2026-07-06 14:30:00 | DEBUG    | save_data            | Writing to temporary file...
2026-07-06 14:30:08 | DEBUG    | save_data            | Data written to temp file: /home/runner/work/Thalorae-BackLioraen/Thalorae-BackLioraen/data/2026/07/tmprbxdtaks.xlsx
2026-07-06 14:30:08 | DEBUG    | save_data            | Temp file moved to final location
2026-07-06 14:30:08 | INFO     | save_data            | ✅ Data saved successfully (44422 total rows, 3,324,880 bytes)
2026-07-06 14:30:08 | INFO     | run                  | ======================================================================
2026-07-06 14:30:08 | INFO     | run                  | 📊 EXECUTION SUMMARY:
2026-07-06 14:30:08 | INFO     | run                  |    ✅ Status: SUCCESS
2026-07-06 14:30:08 | INFO     | run                  |    - Rows processed: 495
2026-07-06 14:30:08 | INFO     | run                  |    - Unique symbols: 495
2026-07-06 14:30:08 | INFO     | run                  |    - Timestamp: 2026-07-06 19:29:51
2026-07-06 14:30:08 | INFO     | run                  |    - File: data/2026/07/2026-07-06.xlsx
2026-07-06 14:30:08 | INFO     | run                  | ======================================================================
2026-07-06 14:30:08 | DEBUG    | run                  | Sample data (first row):
2026-07-06 14:30:08 | DEBUG    | run                  | {'SYMBOL': 'TPLP', 'SECTOR': 838, 'LDCP': 11.64, 'OPEN': 11.87, 'HIGH': 12.74, 'LOW': 11.87, 'CURRENT': 12.54, 'CHANGE': 0.9, 'CHANGE (%)': nan, 'VOLUME': 66770551, 'YEAR': 2026, 'MONTH': 7, 'DAY': 6, 'HOUR': 19, 'MINUTE': 29, 'DATETIME': '2026-07-06 19:29'}
2026-07-06 14:30:08 | DEBUG    | close                | Session closed
2026-07-06 14:35:09 | INFO     | run                  | ======================================================================
2026-07-06 14:35:09 | INFO     | run                  | 🚀 MARKET DATA SCRAPER - SINGLE EXECUTION
2026-07-06 14:35:09 | INFO     | run                  | ======================================================================
2026-07-06 14:35:09 | INFO     | run                  | Execution Time: 2026-07-06 19:35:09 PKT
2026-07-06 14:35:09 | INFO     | run                  | Configuration:
2026-07-06 14:35:09 | INFO     | run                  |    - Timezone: Asia/Karachi
2026-07-06 14:35:09 | INFO     | run                  |    - Data directory: data
2026-07-06 14:35:09 | INFO     | run                  |    - Log directory: logs
2026-07-06 14:35:09 | INFO     | run                  |    - Excluded symbols: {'XD', 'XR', 'XS', 'XT'}
2026-07-06 14:35:09 | INFO     | run                  | ======================================================================
2026-07-06 14:35:09 | INFO     | fetch_data           | Fetching data (Attempt 1/3)...
2026-07-06 14:35:09 | DEBUG    | fetch_data           | Establishing session with https://dps.psx.com.pk/
2026-07-06 14:35:12 | DEBUG    | fetch_data           | Requesting data from https://dps.psx.com.pk/market-watch
2026-07-06 14:35:14 | DEBUG    | fetch_data           | Response status: 200
2026-07-06 14:35:14 | DEBUG    | fetch_data           | Response content type: text/html; charset=utf-8
2026-07-06 14:35:14 | DEBUG    | fetch_data           | Response size: 475484 bytes
2026-07-06 14:35:14 | INFO     | fetch_data           | ✅ Data fetched successfully (Status: 200)
2026-07-06 14:35:14 | DEBUG    | parse_json           | Attempting JSON parsing...
2026-07-06 14:35:14 | DEBUG    | parse_json           | Response preview: <table class="tbl" data-page-length="25"><thead class="tbl__head"><!-- tr--><!--   th(colspan="11")--><!--   th.center(colspan="2", style="width: 110px;") TOTAL BUY ORDERS--><!--   th.center(colspan="2", style="width: 110px;") TOTAL SELL ORDERS--><tr><th data-name="symbol">SYMBOL</th><th data-name="sector">SECTOR</th><th data-name="listed">LISTED IN</th><th class="right" data-name="ldcp">LDCP</th><th class="right" data-name="open">OPEN</th><th class="right" data-name="high">HIGH</th><th class="r
2026-07-06 14:35:14 | WARNING  | parse_json           | ⚠️ JSON parsing failed: Expecting value: line 1 column 1 (char 0)
2026-07-06 14:35:14 | INFO     | run                  | JSON parsing failed, trying HTML fallback...
2026-07-06 14:35:14 | INFO     | parse_html           | Attempting HTML fallback parsing...
2026-07-06 14:35:14 | DEBUG    | parse_html           | Found 1 table(s) in HTML
2026-07-06 14:35:14 | DEBUG    | parse_html           | Table columns: ['SYMBOL', 'SECTOR', 'LISTED IN', 'LDCP', 'OPEN', 'HIGH', 'LOW', 'CURRENT', 'CHANGE', 'CHANGE (%)', 'VOLUME']
2026-07-06 14:35:14 | DEBUG    | parse_html           | Table shape: (495, 11)
2026-07-06 14:35:14 | INFO     | parse_html           | ✅ HTML parsed successfully (495 rows)
2026-07-06 14:35:14 | INFO     | clean_data           | Cleaning data...
2026-07-06 14:35:14 | DEBUG    | clean_data           | Initial shape: (495, 11)
2026-07-06 14:35:14 | DEBUG    | clean_data           | Initial columns: ['SYMBOL', 'SECTOR', 'LISTED IN', 'LDCP', 'OPEN', 'HIGH', 'LOW', 'CURRENT', 'CHANGE', 'CHANGE (%)', 'VOLUME']
2026-07-06 14:35:14 | DEBUG    | clean_data           | Removed 'LISTED IN' column
2026-07-06 14:35:14 | DEBUG    | clean_data           | Converted LDCP from float64 to numeric
2026-07-06 14:35:14 | DEBUG    | clean_data           | Converted OPEN from float64 to numeric
2026-07-06 14:35:14 | DEBUG    | clean_data           | Converted HIGH from float64 to numeric
2026-07-06 14:35:14 | DEBUG    | clean_data           | Converted LOW from float64 to numeric
2026-07-06 14:35:14 | DEBUG    | clean_data           | Converted CURRENT from float64 to numeric
2026-07-06 14:35:14 | DEBUG    | clean_data           | Converted CHANGE from float64 to numeric
2026-07-06 14:35:14 | WARNING  | clean_data           | Column CHANGE (%): 495 values could not be converted to numeric
2026-07-06 14:35:14 | DEBUG    | clean_data           | Converted CHANGE (%) from str to numeric
2026-07-06 14:35:14 | DEBUG    | clean_data           | Converted VOLUME from int64 to numeric
2026-07-06 14:35:14 | INFO     | clean_data           | ✅ Data cleaned (495 rows, 16 columns)
2026-07-06 14:35:14 | DEBUG    | clean_data           | Final columns: ['SYMBOL', 'SECTOR', 'LDCP', 'OPEN', 'HIGH', 'LOW', 'CURRENT', 'CHANGE', 'CHANGE (%)', 'VOLUME', 'YEAR', 'MONTH', 'DAY', 'HOUR', 'MINUTE', 'DATETIME']
2026-07-06 14:35:14 | DEBUG    | get_file_path        | Generated file path: data/2026/07/2026-07-06.xlsx
2026-07-06 14:35:14 | INFO     | save_data            | Saving data to: data/2026/07/2026-07-06.xlsx
2026-07-06 14:35:14 | DEBUG    | _create_backup       | Backup created: data/2026/07/backups/2026-07-06_backup_20260706_143514.xlsx
2026-07-06 14:35:14 | DEBUG    | _cleanup_old_backups | Removed old backup: 2026-07-06_backup_20260706_140842.xlsx
2026-07-06 14:35:14 | DEBUG    | save_data            | Existing file found, merging data...
2026-07-06 14:35:18 | DEBUG    | save_data            | Loaded 44422 existing rows
2026-07-06 14:35:18 | DEBUG    | save_data            | Combined to 44917 rows
2026-07-06 14:35:18 | DEBUG    | save_data            | Writing to temporary file...
2026-07-06 14:35:26 | DEBUG    | save_data            | Data written to temp file: /home/runner/work/Thalorae-BackLioraen/Thalorae-BackLioraen/data/2026/07/tmpyhgwqz20.xlsx
2026-07-06 14:35:26 | DEBUG    | save_data            | Temp file moved to final location
2026-07-06 14:35:26 | INFO     | save_data            | ✅ Data saved successfully (44917 total rows, 3,362,319 bytes)
2026-07-06 14:35:26 | INFO     | run                  | ======================================================================
2026-07-06 14:35:26 | INFO     | run                  | 📊 EXECUTION SUMMARY:
2026-07-06 14:35:26 | INFO     | run                  |    ✅ Status: SUCCESS
2026-07-06 14:35:26 | INFO     | run                  |    - Rows processed: 495
2026-07-06 14:35:26 | INFO     | run                  |    - Unique symbols: 495
2026-07-06 14:35:26 | INFO     | run                  |    - Timestamp: 2026-07-06 19:35:09
2026-07-06 14:35:26 | INFO     | run                  |    - File: data/2026/07/2026-07-06.xlsx
2026-07-06 14:35:26 | INFO     | run                  | ======================================================================
2026-07-06 14:35:26 | DEBUG    | run                  | Sample data (first row):
2026-07-06 14:35:26 | DEBUG    | run                  | {'SYMBOL': 'TPLP', 'SECTOR': 838, 'LDCP': 11.64, 'OPEN': 11.87, 'HIGH': 12.74, 'LOW': 11.87, 'CURRENT': 12.54, 'CHANGE': 0.9, 'CHANGE (%)': nan, 'VOLUME': 66770551, 'YEAR': 2026, 'MONTH': 7, 'DAY': 6, 'HOUR': 19, 'MINUTE': 35, 'DATETIME': '2026-07-06 19:35'}
2026-07-06 14:35:26 | DEBUG    | close                | Session closed
2026-07-06 14:40:27 | INFO     | run                  | ======================================================================
2026-07-06 14:40:27 | INFO     | run                  | 🚀 MARKET DATA SCRAPER - SINGLE EXECUTION
2026-07-06 14:40:27 | INFO     | run                  | ======================================================================
2026-07-06 14:40:27 | INFO     | run                  | Execution Time: 2026-07-06 19:40:27 PKT
2026-07-06 14:40:27 | INFO     | run                  | Configuration:
2026-07-06 14:40:27 | INFO     | run                  |    - Timezone: Asia/Karachi
2026-07-06 14:40:27 | INFO     | run                  |    - Data directory: data
2026-07-06 14:40:27 | INFO     | run                  |    - Log directory: logs
2026-07-06 14:40:27 | INFO     | run                  |    - Excluded symbols: {'XR', 'XT', 'XD', 'XS'}
2026-07-06 14:40:27 | INFO     | run                  | ======================================================================
2026-07-06 14:40:27 | INFO     | fetch_data           | Fetching data (Attempt 1/3)...
2026-07-06 14:40:27 | DEBUG    | fetch_data           | Establishing session with https://dps.psx.com.pk/
2026-07-06 14:40:31 | DEBUG    | fetch_data           | Requesting data from https://dps.psx.com.pk/market-watch
2026-07-06 14:40:32 | DEBUG    | fetch_data           | Response status: 200
2026-07-06 14:40:32 | DEBUG    | fetch_data           | Response content type: text/html; charset=utf-8
2026-07-06 14:40:32 | DEBUG    | fetch_data           | Response size: 475484 bytes
2026-07-06 14:40:32 | INFO     | fetch_data           | ✅ Data fetched successfully (Status: 200)
2026-07-06 14:40:32 | DEBUG    | parse_json           | Attempting JSON parsing...
2026-07-06 14:40:32 | DEBUG    | parse_json           | Response preview: <table class="tbl" data-page-length="25"><thead class="tbl__head"><!-- tr--><!--   th(colspan="11")--><!--   th.center(colspan="2", style="width: 110px;") TOTAL BUY ORDERS--><!--   th.center(colspan="2", style="width: 110px;") TOTAL SELL ORDERS--><tr><th data-name="symbol">SYMBOL</th><th data-name="sector">SECTOR</th><th data-name="listed">LISTED IN</th><th class="right" data-name="ldcp">LDCP</th><th class="right" data-name="open">OPEN</th><th class="right" data-name="high">HIGH</th><th class="r
2026-07-06 14:40:32 | WARNING  | parse_json           | ⚠️ JSON parsing failed: Expecting value: line 1 column 1 (char 0)
2026-07-06 14:40:32 | INFO     | run                  | JSON parsing failed, trying HTML fallback...
2026-07-06 14:40:32 | INFO     | parse_html           | Attempting HTML fallback parsing...
2026-07-06 14:40:32 | DEBUG    | parse_html           | Found 1 table(s) in HTML
2026-07-06 14:40:32 | DEBUG    | parse_html           | Table columns: ['SYMBOL', 'SECTOR', 'LISTED IN', 'LDCP', 'OPEN', 'HIGH', 'LOW', 'CURRENT', 'CHANGE', 'CHANGE (%)', 'VOLUME']
2026-07-06 14:40:32 | DEBUG    | parse_html           | Table shape: (495, 11)
2026-07-06 14:40:32 | INFO     | parse_html           | ✅ HTML parsed successfully (495 rows)
2026-07-06 14:40:32 | INFO     | clean_data           | Cleaning data...
2026-07-06 14:40:32 | DEBUG    | clean_data           | Initial shape: (495, 11)
2026-07-06 14:40:32 | DEBUG    | clean_data           | Initial columns: ['SYMBOL', 'SECTOR', 'LISTED IN', 'LDCP', 'OPEN', 'HIGH', 'LOW', 'CURRENT', 'CHANGE', 'CHANGE (%)', 'VOLUME']
2026-07-06 14:40:32 | DEBUG    | clean_data           | Removed 'LISTED IN' column
2026-07-06 14:40:32 | DEBUG    | clean_data           | Converted LDCP from float64 to numeric
2026-07-06 14:40:32 | DEBUG    | clean_data           | Converted OPEN from float64 to numeric
2026-07-06 14:40:32 | DEBUG    | clean_data           | Converted HIGH from float64 to numeric
2026-07-06 14:40:32 | DEBUG    | clean_data           | Converted LOW from float64 to numeric
2026-07-06 14:40:32 | DEBUG    | clean_data           | Converted CURRENT from float64 to numeric
2026-07-06 14:40:32 | DEBUG    | clean_data           | Converted CHANGE from float64 to numeric
2026-07-06 14:40:32 | WARNING  | clean_data           | Column CHANGE (%): 495 values could not be converted to numeric
2026-07-06 14:40:32 | DEBUG    | clean_data           | Converted CHANGE (%) from str to numeric
2026-07-06 14:40:32 | DEBUG    | clean_data           | Converted VOLUME from int64 to numeric
2026-07-06 14:40:32 | INFO     | clean_data           | ✅ Data cleaned (495 rows, 16 columns)
2026-07-06 14:40:32 | DEBUG    | clean_data           | Final columns: ['SYMBOL', 'SECTOR', 'LDCP', 'OPEN', 'HIGH', 'LOW', 'CURRENT', 'CHANGE', 'CHANGE (%)', 'VOLUME', 'YEAR', 'MONTH', 'DAY', 'HOUR', 'MINUTE', 'DATETIME']
2026-07-06 14:40:32 | DEBUG    | get_file_path        | Generated file path: data/2026/07/2026-07-06.xlsx
2026-07-06 14:40:32 | INFO     | save_data            | Saving data to: data/2026/07/2026-07-06.xlsx
2026-07-06 14:40:32 | DEBUG    | _create_backup       | Backup created: data/2026/07/backups/2026-07-06_backup_20260706_144032.xlsx
2026-07-06 14:40:32 | DEBUG    | _cleanup_old_backups | Removed old backup: 2026-07-06_backup_20260706_141400.xlsx
2026-07-06 14:40:32 | DEBUG    | save_data            | Existing file found, merging data...
2026-07-06 14:40:37 | DEBUG    | save_data            | Loaded 44917 existing rows
2026-07-06 14:40:37 | DEBUG    | save_data            | Combined to 45412 rows
2026-07-06 14:40:37 | DEBUG    | save_data            | Writing to temporary file...
2026-07-06 14:40:45 | DEBUG    | save_data            | Data written to temp file: /home/runner/work/Thalorae-BackLioraen/Thalorae-BackLioraen/data/2026/07/tmppoi_0de8.xlsx
2026-07-06 14:40:45 | DEBUG    | save_data            | Temp file moved to final location
2026-07-06 14:40:45 | INFO     | save_data            | ✅ Data saved successfully (45412 total rows, 3,399,721 bytes)
2026-07-06 14:40:45 | INFO     | run                  | ======================================================================
2026-07-06 14:40:45 | INFO     | run                  | 📊 EXECUTION SUMMARY:
2026-07-06 14:40:45 | INFO     | run                  |    ✅ Status: SUCCESS
2026-07-06 14:40:45 | INFO     | run                  |    - Rows processed: 495
2026-07-06 14:40:45 | INFO     | run                  |    - Unique symbols: 495
2026-07-06 14:40:45 | INFO     | run                  |    - Timestamp: 2026-07-06 19:40:27
2026-07-06 14:40:45 | INFO     | run                  |    - File: data/2026/07/2026-07-06.xlsx
2026-07-06 14:40:45 | INFO     | run                  | ======================================================================
2026-07-06 14:40:45 | DEBUG    | run                  | Sample data (first row):
2026-07-06 14:40:45 | DEBUG    | run                  | {'SYMBOL': 'TPLP', 'SECTOR': 838, 'LDCP': 11.64, 'OPEN': 11.87, 'HIGH': 12.74, 'LOW': 11.87, 'CURRENT': 12.54, 'CHANGE': 0.9, 'CHANGE (%)': nan, 'VOLUME': 66770551, 'YEAR': 2026, 'MONTH': 7, 'DAY': 6, 'HOUR': 19, 'MINUTE': 40, 'DATETIME': '2026-07-06 19:40'}
2026-07-06 14:40:45 | DEBUG    | close                | Session closed
2026-07-06 14:45:46 | INFO     | run                  | ======================================================================
2026-07-06 14:45:46 | INFO     | run                  | 🚀 MARKET DATA SCRAPER - SINGLE EXECUTION
2026-07-06 14:45:46 | INFO     | run                  | ======================================================================
2026-07-06 14:45:46 | INFO     | run                  | Execution Time: 2026-07-06 19:45:46 PKT
2026-07-06 14:45:46 | INFO     | run                  | Configuration:
2026-07-06 14:45:46 | INFO     | run                  |    - Timezone: Asia/Karachi
2026-07-06 14:45:46 | INFO     | run                  |    - Data directory: data
2026-07-06 14:45:46 | INFO     | run                  |    - Log directory: logs
2026-07-06 14:45:46 | INFO     | run                  |    - Excluded symbols: {'XD', 'XT', 'XR', 'XS'}
2026-07-06 14:45:46 | INFO     | run                  | ======================================================================
2026-07-06 14:45:46 | INFO     | fetch_data           | Fetching data (Attempt 1/3)...
2026-07-06 14:45:46 | DEBUG    | fetch_data           | Establishing session with https://dps.psx.com.pk/
2026-07-06 14:45:50 | DEBUG    | fetch_data           | Requesting data from https://dps.psx.com.pk/market-watch
2026-07-06 14:45:52 | DEBUG    | fetch_data           | Response status: 200
2026-07-06 14:45:52 | DEBUG    | fetch_data           | Response content type: text/html; charset=utf-8
2026-07-06 14:45:52 | DEBUG    | fetch_data           | Response size: 475484 bytes
2026-07-06 14:45:52 | INFO     | fetch_data           | ✅ Data fetched successfully (Status: 200)
2026-07-06 14:45:52 | DEBUG    | parse_json           | Attempting JSON parsing...
2026-07-06 14:45:52 | DEBUG    | parse_json           | Response preview: <table class="tbl" data-page-length="25"><thead class="tbl__head"><!-- tr--><!--   th(colspan="11")--><!--   th.center(colspan="2", style="width: 110px;") TOTAL BUY ORDERS--><!--   th.center(colspan="2", style="width: 110px;") TOTAL SELL ORDERS--><tr><th data-name="symbol">SYMBOL</th><th data-name="sector">SECTOR</th><th data-name="listed">LISTED IN</th><th class="right" data-name="ldcp">LDCP</th><th class="right" data-name="open">OPEN</th><th class="right" data-name="high">HIGH</th><th class="r
2026-07-06 14:45:52 | WARNING  | parse_json           | ⚠️ JSON parsing failed: Expecting value: line 1 column 1 (char 0)
2026-07-06 14:45:52 | INFO     | run                  | JSON parsing failed, trying HTML fallback...
2026-07-06 14:45:52 | INFO     | parse_html           | Attempting HTML fallback parsing...
2026-07-06 14:45:52 | DEBUG    | parse_html           | Found 1 table(s) in HTML
2026-07-06 14:45:52 | DEBUG    | parse_html           | Table columns: ['SYMBOL', 'SECTOR', 'LISTED IN', 'LDCP', 'OPEN', 'HIGH', 'LOW', 'CURRENT', 'CHANGE', 'CHANGE (%)', 'VOLUME']
2026-07-06 14:45:52 | DEBUG    | parse_html           | Table shape: (495, 11)
2026-07-06 14:45:52 | INFO     | parse_html           | ✅ HTML parsed successfully (495 rows)
2026-07-06 14:45:52 | INFO     | clean_data           | Cleaning data...
2026-07-06 14:45:52 | DEBUG    | clean_data           | Initial shape: (495, 11)
2026-07-06 14:45:52 | DEBUG    | clean_data           | Initial columns: ['SYMBOL', 'SECTOR', 'LISTED IN', 'LDCP', 'OPEN', 'HIGH', 'LOW', 'CURRENT', 'CHANGE', 'CHANGE (%)', 'VOLUME']
2026-07-06 14:45:52 | DEBUG    | clean_data           | Removed 'LISTED IN' column
2026-07-06 14:45:52 | DEBUG    | clean_data           | Converted LDCP from float64 to numeric
2026-07-06 14:45:52 | DEBUG    | clean_data           | Converted OPEN from float64 to numeric
2026-07-06 14:45:52 | DEBUG    | clean_data           | Converted HIGH from float64 to numeric
2026-07-06 14:45:52 | DEBUG    | clean_data           | Converted LOW from float64 to numeric
2026-07-06 14:45:52 | DEBUG    | clean_data           | Converted CURRENT from float64 to numeric
2026-07-06 14:45:52 | DEBUG    | clean_data           | Converted CHANGE from float64 to numeric
2026-07-06 14:45:52 | WARNING  | clean_data           | Column CHANGE (%): 495 values could not be converted to numeric
2026-07-06 14:45:52 | DEBUG    | clean_data           | Converted CHANGE (%) from str to numeric
2026-07-06 14:45:52 | DEBUG    | clean_data           | Converted VOLUME from int64 to numeric
2026-07-06 14:45:52 | INFO     | clean_data           | ✅ Data cleaned (495 rows, 16 columns)
2026-07-06 14:45:52 | DEBUG    | clean_data           | Final columns: ['SYMBOL', 'SECTOR', 'LDCP', 'OPEN', 'HIGH', 'LOW', 'CURRENT', 'CHANGE', 'CHANGE (%)', 'VOLUME', 'YEAR', 'MONTH', 'DAY', 'HOUR', 'MINUTE', 'DATETIME']
2026-07-06 14:45:52 | DEBUG    | get_file_path        | Generated file path: data/2026/07/2026-07-06.xlsx
2026-07-06 14:45:52 | INFO     | save_data            | Saving data to: data/2026/07/2026-07-06.xlsx
2026-07-06 14:45:52 | DEBUG    | _create_backup       | Backup created: data/2026/07/backups/2026-07-06_backup_20260706_144552.xlsx
2026-07-06 14:45:52 | DEBUG    | _cleanup_old_backups | Removed old backup: 2026-07-06_backup_20260706_141919.xlsx
2026-07-06 14:45:52 | DEBUG    | save_data            | Existing file found, merging data...
2026-07-06 14:45:57 | DEBUG    | save_data            | Loaded 45412 existing rows
2026-07-06 14:45:57 | DEBUG    | save_data            | Combined to 45907 rows
2026-07-06 14:45:57 | DEBUG    | save_data            | Writing to temporary file...
2026-07-06 14:46:05 | DEBUG    | save_data            | Data written to temp file: /home/runner/work/Thalorae-BackLioraen/Thalorae-BackLioraen/data/2026/07/tmpnp81d0ec.xlsx
2026-07-06 14:46:05 | DEBUG    | save_data            | Temp file moved to final location
2026-07-06 14:46:05 | INFO     | save_data            | ✅ Data saved successfully (45907 total rows, 3,437,236 bytes)
2026-07-06 14:46:05 | INFO     | run                  | ======================================================================
2026-07-06 14:46:05 | INFO     | run                  | 📊 EXECUTION SUMMARY:
2026-07-06 14:46:05 | INFO     | run                  |    ✅ Status: SUCCESS
2026-07-06 14:46:05 | INFO     | run                  |    - Rows processed: 495
2026-07-06 14:46:05 | INFO     | run                  |    - Unique symbols: 495
2026-07-06 14:46:05 | INFO     | run                  |    - Timestamp: 2026-07-06 19:45:46
2026-07-06 14:46:05 | INFO     | run                  |    - File: data/2026/07/2026-07-06.xlsx
2026-07-06 14:46:05 | INFO     | run                  | ======================================================================
2026-07-06 14:46:05 | DEBUG    | run                  | Sample data (first row):
2026-07-06 14:46:05 | DEBUG    | run                  | {'SYMBOL': 'TPLP', 'SECTOR': 838, 'LDCP': 11.64, 'OPEN': 11.87, 'HIGH': 12.74, 'LOW': 11.87, 'CURRENT': 12.54, 'CHANGE': 0.9, 'CHANGE (%)': nan, 'VOLUME': 66770551, 'YEAR': 2026, 'MONTH': 7, 'DAY': 6, 'HOUR': 19, 'MINUTE': 45, 'DATETIME': '2026-07-06 19:45'}
2026-07-06 14:46:05 | DEBUG    | close                | Session closed
2026-07-06 14:51:06 | INFO     | run                  | ======================================================================
2026-07-06 14:51:06 | INFO     | run                  | 🚀 MARKET DATA SCRAPER - SINGLE EXECUTION
2026-07-06 14:51:06 | INFO     | run                  | ======================================================================
2026-07-06 14:51:06 | INFO     | run                  | Execution Time: 2026-07-06 19:51:06 PKT
2026-07-06 14:51:06 | INFO     | run                  | Configuration:
2026-07-06 14:51:06 | INFO     | run                  |    - Timezone: Asia/Karachi
2026-07-06 14:51:06 | INFO     | run                  |    - Data directory: data
2026-07-06 14:51:06 | INFO     | run                  |    - Log directory: logs
2026-07-06 14:51:06 | INFO     | run                  |    - Excluded symbols: {'XS', 'XD', 'XR', 'XT'}
2026-07-06 14:51:06 | INFO     | run                  | ======================================================================
2026-07-06 14:51:06 | INFO     | fetch_data           | Fetching data (Attempt 1/3)...
2026-07-06 14:51:06 | DEBUG    | fetch_data           | Establishing session with https://dps.psx.com.pk/
2026-07-06 14:51:09 | DEBUG    | fetch_data           | Requesting data from https://dps.psx.com.pk/market-watch
2026-07-06 14:51:10 | DEBUG    | fetch_data           | Response status: 200
2026-07-06 14:51:10 | DEBUG    | fetch_data           | Response content type: text/html; charset=utf-8
2026-07-06 14:51:10 | DEBUG    | fetch_data           | Response size: 475484 bytes
2026-07-06 14:51:10 | INFO     | fetch_data           | ✅ Data fetched successfully (Status: 200)
2026-07-06 14:51:10 | DEBUG    | parse_json           | Attempting JSON parsing...
2026-07-06 14:51:10 | DEBUG    | parse_json           | Response preview: <table class="tbl" data-page-length="25"><thead class="tbl__head"><!-- tr--><!--   th(colspan="11")--><!--   th.center(colspan="2", style="width: 110px;") TOTAL BUY ORDERS--><!--   th.center(colspan="2", style="width: 110px;") TOTAL SELL ORDERS--><tr><th data-name="symbol">SYMBOL</th><th data-name="sector">SECTOR</th><th data-name="listed">LISTED IN</th><th class="right" data-name="ldcp">LDCP</th><th class="right" data-name="open">OPEN</th><th class="right" data-name="high">HIGH</th><th class="r
2026-07-06 14:51:10 | WARNING  | parse_json           | ⚠️ JSON parsing failed: Expecting value: line 1 column 1 (char 0)
2026-07-06 14:51:10 | INFO     | run                  | JSON parsing failed, trying HTML fallback...
2026-07-06 14:51:10 | INFO     | parse_html           | Attempting HTML fallback parsing...
2026-07-06 14:51:10 | DEBUG    | parse_html           | Found 1 table(s) in HTML
2026-07-06 14:51:10 | DEBUG    | parse_html           | Table columns: ['SYMBOL', 'SECTOR', 'LISTED IN', 'LDCP', 'OPEN', 'HIGH', 'LOW', 'CURRENT', 'CHANGE', 'CHANGE (%)', 'VOLUME']
2026-07-06 14:51:10 | DEBUG    | parse_html           | Table shape: (495, 11)
2026-07-06 14:51:10 | INFO     | parse_html           | ✅ HTML parsed successfully (495 rows)
2026-07-06 14:51:10 | INFO     | clean_data           | Cleaning data...
2026-07-06 14:51:10 | DEBUG    | clean_data           | Initial shape: (495, 11)
2026-07-06 14:51:10 | DEBUG    | clean_data           | Initial columns: ['SYMBOL', 'SECTOR', 'LISTED IN', 'LDCP', 'OPEN', 'HIGH', 'LOW', 'CURRENT', 'CHANGE', 'CHANGE (%)', 'VOLUME']
2026-07-06 14:51:10 | DEBUG    | clean_data           | Removed 'LISTED IN' column
2026-07-06 14:51:10 | DEBUG    | clean_data           | Converted LDCP from float64 to numeric
2026-07-06 14:51:10 | DEBUG    | clean_data           | Converted OPEN from float64 to numeric
2026-07-06 14:51:10 | DEBUG    | clean_data           | Converted HIGH from float64 to numeric
2026-07-06 14:51:10 | DEBUG    | clean_data           | Converted LOW from float64 to numeric
2026-07-06 14:51:10 | DEBUG    | clean_data           | Converted CURRENT from float64 to numeric
2026-07-06 14:51:10 | DEBUG    | clean_data           | Converted CHANGE from float64 to numeric
2026-07-06 14:51:10 | WARNING  | clean_data           | Column CHANGE (%): 495 values could not be converted to numeric
2026-07-06 14:51:10 | DEBUG    | clean_data           | Converted CHANGE (%) from str to numeric
2026-07-06 14:51:10 | DEBUG    | clean_data           | Converted VOLUME from int64 to numeric
2026-07-06 14:51:10 | INFO     | clean_data           | ✅ Data cleaned (495 rows, 16 columns)
2026-07-06 14:51:10 | DEBUG    | clean_data           | Final columns: ['SYMBOL', 'SECTOR', 'LDCP', 'OPEN', 'HIGH', 'LOW', 'CURRENT', 'CHANGE', 'CHANGE (%)', 'VOLUME', 'YEAR', 'MONTH', 'DAY', 'HOUR', 'MINUTE', 'DATETIME']
2026-07-06 14:51:10 | DEBUG    | get_file_path        | Generated file path: data/2026/07/2026-07-06.xlsx
2026-07-06 14:51:10 | INFO     | save_data            | Saving data to: data/2026/07/2026-07-06.xlsx
2026-07-06 14:51:10 | DEBUG    | _create_backup       | Backup created: data/2026/07/backups/2026-07-06_backup_20260706_145110.xlsx
2026-07-06 14:51:10 | DEBUG    | _cleanup_old_backups | Removed old backup: 2026-07-06_backup_20260706_142438.xlsx
2026-07-06 14:51:10 | DEBUG    | save_data            | Existing file found, merging data...
2026-07-06 14:51:15 | DEBUG    | save_data            | Loaded 45907 existing rows
2026-07-06 14:51:15 | DEBUG    | save_data            | Combined to 46402 rows
2026-07-06 14:51:15 | DEBUG    | save_data            | Writing to temporary file...
2026-07-06 14:51:23 | DEBUG    | save_data            | Data written to temp file: /home/runner/work/Thalorae-BackLioraen/Thalorae-BackLioraen/data/2026/07/tmpc1nirml1.xlsx
2026-07-06 14:51:23 | DEBUG    | save_data            | Temp file moved to final location
2026-07-06 14:51:23 | INFO     | save_data            | ✅ Data saved successfully (46402 total rows, 3,474,709 bytes)
2026-07-06 14:51:23 | INFO     | run                  | ======================================================================
2026-07-06 14:51:23 | INFO     | run                  | 📊 EXECUTION SUMMARY:
2026-07-06 14:51:23 | INFO     | run                  |    ✅ Status: SUCCESS
2026-07-06 14:51:23 | INFO     | run                  |    - Rows processed: 495
2026-07-06 14:51:23 | INFO     | run                  |    - Unique symbols: 495
2026-07-06 14:51:23 | INFO     | run                  |    - Timestamp: 2026-07-06 19:51:06
2026-07-06 14:51:23 | INFO     | run                  |    - File: data/2026/07/2026-07-06.xlsx
2026-07-06 14:51:23 | INFO     | run                  | ======================================================================
2026-07-06 14:51:23 | DEBUG    | run                  | Sample data (first row):
2026-07-06 14:51:23 | DEBUG    | run                  | {'SYMBOL': 'TPLP', 'SECTOR': 838, 'LDCP': 11.64, 'OPEN': 11.87, 'HIGH': 12.74, 'LOW': 11.87, 'CURRENT': 12.54, 'CHANGE': 0.9, 'CHANGE (%)': nan, 'VOLUME': 66770551, 'YEAR': 2026, 'MONTH': 7, 'DAY': 6, 'HOUR': 19, 'MINUTE': 51, 'DATETIME': '2026-07-06 19:51'}
2026-07-06 14:51:23 | DEBUG    | close                | Session closed
2026-07-06 14:56:24 | INFO     | run                  | ======================================================================
2026-07-06 14:56:24 | INFO     | run                  | 🚀 MARKET DATA SCRAPER - SINGLE EXECUTION
2026-07-06 14:56:24 | INFO     | run                  | ======================================================================
2026-07-06 14:56:24 | INFO     | run                  | Execution Time: 2026-07-06 19:56:24 PKT
2026-07-06 14:56:24 | INFO     | run                  | Configuration:
2026-07-06 14:56:24 | INFO     | run                  |    - Timezone: Asia/Karachi
2026-07-06 14:56:24 | INFO     | run                  |    - Data directory: data
2026-07-06 14:56:24 | INFO     | run                  |    - Log directory: logs
2026-07-06 14:56:24 | INFO     | run                  |    - Excluded symbols: {'XS', 'XR', 'XD', 'XT'}
2026-07-06 14:56:24 | INFO     | run                  | ======================================================================
2026-07-06 14:56:24 | INFO     | fetch_data           | Fetching data (Attempt 1/3)...
2026-07-06 14:56:24 | DEBUG    | fetch_data           | Establishing session with https://dps.psx.com.pk/
2026-07-06 14:56:26 | DEBUG    | fetch_data           | Requesting data from https://dps.psx.com.pk/market-watch
2026-07-06 14:56:29 | DEBUG    | fetch_data           | Response status: 200
2026-07-06 14:56:29 | DEBUG    | fetch_data           | Response content type: text/html; charset=utf-8
2026-07-06 14:56:29 | DEBUG    | fetch_data           | Response size: 475484 bytes
2026-07-06 14:56:29 | INFO     | fetch_data           | ✅ Data fetched successfully (Status: 200)
2026-07-06 14:56:29 | DEBUG    | parse_json           | Attempting JSON parsing...
2026-07-06 14:56:29 | DEBUG    | parse_json           | Response preview: <table class="tbl" data-page-length="25"><thead class="tbl__head"><!-- tr--><!--   th(colspan="11")--><!--   th.center(colspan="2", style="width: 110px;") TOTAL BUY ORDERS--><!--   th.center(colspan="2", style="width: 110px;") TOTAL SELL ORDERS--><tr><th data-name="symbol">SYMBOL</th><th data-name="sector">SECTOR</th><th data-name="listed">LISTED IN</th><th class="right" data-name="ldcp">LDCP</th><th class="right" data-name="open">OPEN</th><th class="right" data-name="high">HIGH</th><th class="r
2026-07-06 14:56:29 | WARNING  | parse_json           | ⚠️ JSON parsing failed: Expecting value: line 1 column 1 (char 0)
2026-07-06 14:56:29 | INFO     | run                  | JSON parsing failed, trying HTML fallback...
2026-07-06 14:56:29 | INFO     | parse_html           | Attempting HTML fallback parsing...
2026-07-06 14:56:29 | DEBUG    | parse_html           | Found 1 table(s) in HTML
2026-07-06 14:56:29 | DEBUG    | parse_html           | Table columns: ['SYMBOL', 'SECTOR', 'LISTED IN', 'LDCP', 'OPEN', 'HIGH', 'LOW', 'CURRENT', 'CHANGE', 'CHANGE (%)', 'VOLUME']
2026-07-06 14:56:29 | DEBUG    | parse_html           | Table shape: (495, 11)
2026-07-06 14:56:29 | INFO     | parse_html           | ✅ HTML parsed successfully (495 rows)
2026-07-06 14:56:29 | INFO     | clean_data           | Cleaning data...
2026-07-06 14:56:29 | DEBUG    | clean_data           | Initial shape: (495, 11)
2026-07-06 14:56:29 | DEBUG    | clean_data           | Initial columns: ['SYMBOL', 'SECTOR', 'LISTED IN', 'LDCP', 'OPEN', 'HIGH', 'LOW', 'CURRENT', 'CHANGE', 'CHANGE (%)', 'VOLUME']
2026-07-06 14:56:29 | DEBUG    | clean_data           | Removed 'LISTED IN' column
2026-07-06 14:56:29 | DEBUG    | clean_data           | Converted LDCP from float64 to numeric
2026-07-06 14:56:29 | DEBUG    | clean_data           | Converted OPEN from float64 to numeric
2026-07-06 14:56:29 | DEBUG    | clean_data           | Converted HIGH from float64 to numeric
2026-07-06 14:56:29 | DEBUG    | clean_data           | Converted LOW from float64 to numeric
2026-07-06 14:56:29 | DEBUG    | clean_data           | Converted CURRENT from float64 to numeric
2026-07-06 14:56:29 | DEBUG    | clean_data           | Converted CHANGE from float64 to numeric
2026-07-06 14:56:29 | WARNING  | clean_data           | Column CHANGE (%): 495 values could not be converted to numeric
2026-07-06 14:56:29 | DEBUG    | clean_data           | Converted CHANGE (%) from str to numeric
2026-07-06 14:56:29 | DEBUG    | clean_data           | Converted VOLUME from int64 to numeric
2026-07-06 14:56:29 | INFO     | clean_data           | ✅ Data cleaned (495 rows, 16 columns)
2026-07-06 14:56:29 | DEBUG    | clean_data           | Final columns: ['SYMBOL', 'SECTOR', 'LDCP', 'OPEN', 'HIGH', 'LOW', 'CURRENT', 'CHANGE', 'CHANGE (%)', 'VOLUME', 'YEAR', 'MONTH', 'DAY', 'HOUR', 'MINUTE', 'DATETIME']
2026-07-06 14:56:29 | DEBUG    | get_file_path        | Generated file path: data/2026/07/2026-07-06.xlsx
2026-07-06 14:56:29 | INFO     | save_data            | Saving data to: data/2026/07/2026-07-06.xlsx
2026-07-06 14:56:29 | DEBUG    | _create_backup       | Backup created: data/2026/07/backups/2026-07-06_backup_20260706_145629.xlsx
2026-07-06 14:56:29 | DEBUG    | _cleanup_old_backups | Removed old backup: 2026-07-06_backup_20260706_142956.xlsx
2026-07-06 14:56:29 | DEBUG    | save_data            | Existing file found, merging data...
2026-07-06 14:56:34 | DEBUG    | save_data            | Loaded 46402 existing rows
2026-07-06 14:56:34 | DEBUG    | save_data            | Combined to 46897 rows
2026-07-06 14:56:34 | DEBUG    | save_data            | Writing to temporary file...
2026-07-06 14:56:42 | DEBUG    | save_data            | Data written to temp file: /home/runner/work/Thalorae-BackLioraen/Thalorae-BackLioraen/data/2026/07/tmpvkr9fdh2.xlsx
2026-07-06 14:56:42 | DEBUG    | save_data            | Temp file moved to final location
2026-07-06 14:56:42 | INFO     | save_data            | ✅ Data saved successfully (46897 total rows, 3,512,127 bytes)
2026-07-06 14:56:42 | INFO     | run                  | ======================================================================
2026-07-06 14:56:42 | INFO     | run                  | 📊 EXECUTION SUMMARY:
2026-07-06 14:56:42 | INFO     | run                  |    ✅ Status: SUCCESS
2026-07-06 14:56:42 | INFO     | run                  |    - Rows processed: 495
2026-07-06 14:56:42 | INFO     | run                  |    - Unique symbols: 495
2026-07-06 14:56:42 | INFO     | run                  |    - Timestamp: 2026-07-06 19:56:24
2026-07-06 14:56:42 | INFO     | run                  |    - File: data/2026/07/2026-07-06.xlsx
2026-07-06 14:56:42 | INFO     | run                  | ======================================================================
2026-07-06 14:56:42 | DEBUG    | run                  | Sample data (first row):
2026-07-06 14:56:42 | DEBUG    | run                  | {'SYMBOL': 'TPLP', 'SECTOR': 838, 'LDCP': 11.64, 'OPEN': 11.87, 'HIGH': 12.74, 'LOW': 11.87, 'CURRENT': 12.54, 'CHANGE': 0.9, 'CHANGE (%)': nan, 'VOLUME': 66770551, 'YEAR': 2026, 'MONTH': 7, 'DAY': 6, 'HOUR': 19, 'MINUTE': 56, 'DATETIME': '2026-07-06 19:56'}
2026-07-06 14:56:42 | DEBUG    | close                | Session closed
2026-07-06 15:01:43 | INFO     | run                  | ======================================================================
2026-07-06 15:01:43 | INFO     | run                  | 🚀 MARKET DATA SCRAPER - SINGLE EXECUTION
2026-07-06 15:01:43 | INFO     | run                  | ======================================================================
2026-07-06 15:01:43 | INFO     | run                  | Execution Time: 2026-07-06 20:01:43 PKT
2026-07-06 15:01:43 | INFO     | run                  | Configuration:
2026-07-06 15:01:43 | INFO     | run                  |    - Timezone: Asia/Karachi
2026-07-06 15:01:43 | INFO     | run                  |    - Data directory: data
2026-07-06 15:01:43 | INFO     | run                  |    - Log directory: logs
2026-07-06 15:01:43 | INFO     | run                  |    - Excluded symbols: {'XT', 'XD', 'XR', 'XS'}
2026-07-06 15:01:43 | INFO     | run                  | ======================================================================
2026-07-06 15:01:43 | INFO     | fetch_data           | Fetching data (Attempt 1/3)...
2026-07-06 15:01:43 | DEBUG    | fetch_data           | Establishing session with https://dps.psx.com.pk/
2026-07-06 15:01:46 | DEBUG    | fetch_data           | Requesting data from https://dps.psx.com.pk/market-watch
2026-07-06 15:01:47 | DEBUG    | fetch_data           | Response status: 200
2026-07-06 15:01:47 | DEBUG    | fetch_data           | Response content type: text/html; charset=utf-8
2026-07-06 15:01:47 | DEBUG    | fetch_data           | Response size: 475484 bytes
2026-07-06 15:01:47 | INFO     | fetch_data           | ✅ Data fetched successfully (Status: 200)
2026-07-06 15:01:47 | DEBUG    | parse_json           | Attempting JSON parsing...
2026-07-06 15:01:47 | DEBUG    | parse_json           | Response preview: <table class="tbl" data-page-length="25"><thead class="tbl__head"><!-- tr--><!--   th(colspan="11")--><!--   th.center(colspan="2", style="width: 110px;") TOTAL BUY ORDERS--><!--   th.center(colspan="2", style="width: 110px;") TOTAL SELL ORDERS--><tr><th data-name="symbol">SYMBOL</th><th data-name="sector">SECTOR</th><th data-name="listed">LISTED IN</th><th class="right" data-name="ldcp">LDCP</th><th class="right" data-name="open">OPEN</th><th class="right" data-name="high">HIGH</th><th class="r
2026-07-06 15:01:47 | WARNING  | parse_json           | ⚠️ JSON parsing failed: Expecting value: line 1 column 1 (char 0)
2026-07-06 15:01:47 | INFO     | run                  | JSON parsing failed, trying HTML fallback...
2026-07-06 15:01:47 | INFO     | parse_html           | Attempting HTML fallback parsing...
2026-07-06 15:01:48 | DEBUG    | parse_html           | Found 1 table(s) in HTML
2026-07-06 15:01:48 | DEBUG    | parse_html           | Table columns: ['SYMBOL', 'SECTOR', 'LISTED IN', 'LDCP', 'OPEN', 'HIGH', 'LOW', 'CURRENT', 'CHANGE', 'CHANGE (%)', 'VOLUME']
2026-07-06 15:01:48 | DEBUG    | parse_html           | Table shape: (495, 11)
2026-07-06 15:01:48 | INFO     | parse_html           | ✅ HTML parsed successfully (495 rows)
2026-07-06 15:01:48 | INFO     | clean_data           | Cleaning data...
2026-07-06 15:01:48 | DEBUG    | clean_data           | Initial shape: (495, 11)
2026-07-06 15:01:48 | DEBUG    | clean_data           | Initial columns: ['SYMBOL', 'SECTOR', 'LISTED IN', 'LDCP', 'OPEN', 'HIGH', 'LOW', 'CURRENT', 'CHANGE', 'CHANGE (%)', 'VOLUME']
2026-07-06 15:01:48 | DEBUG    | clean_data           | Removed 'LISTED IN' column
2026-07-06 15:01:48 | DEBUG    | clean_data           | Converted LDCP from float64 to numeric
2026-07-06 15:01:48 | DEBUG    | clean_data           | Converted OPEN from float64 to numeric
2026-07-06 15:01:48 | DEBUG    | clean_data           | Converted HIGH from float64 to numeric
2026-07-06 15:01:48 | DEBUG    | clean_data           | Converted LOW from float64 to numeric
2026-07-06 15:01:48 | DEBUG    | clean_data           | Converted CURRENT from float64 to numeric
2026-07-06 15:01:48 | DEBUG    | clean_data           | Converted CHANGE from float64 to numeric
2026-07-06 15:01:48 | WARNING  | clean_data           | Column CHANGE (%): 495 values could not be converted to numeric
2026-07-06 15:01:48 | DEBUG    | clean_data           | Converted CHANGE (%) from str to numeric
2026-07-06 15:01:48 | DEBUG    | clean_data           | Converted VOLUME from int64 to numeric
2026-07-06 15:01:48 | INFO     | clean_data           | ✅ Data cleaned (495 rows, 16 columns)
2026-07-06 15:01:48 | DEBUG    | clean_data           | Final columns: ['SYMBOL', 'SECTOR', 'LDCP', 'OPEN', 'HIGH', 'LOW', 'CURRENT', 'CHANGE', 'CHANGE (%)', 'VOLUME', 'YEAR', 'MONTH', 'DAY', 'HOUR', 'MINUTE', 'DATETIME']
2026-07-06 15:01:48 | DEBUG    | get_file_path        | Generated file path: data/2026/07/2026-07-06.xlsx
2026-07-06 15:01:48 | INFO     | save_data            | Saving data to: data/2026/07/2026-07-06.xlsx
2026-07-06 15:01:48 | DEBUG    | _create_backup       | Backup created: data/2026/07/backups/2026-07-06_backup_20260706_150148.xlsx
2026-07-06 15:01:48 | DEBUG    | _cleanup_old_backups | Removed old backup: 2026-07-06_backup_20260706_143514.xlsx
2026-07-06 15:01:48 | DEBUG    | save_data            | Existing file found, merging data...
2026-07-06 15:01:52 | DEBUG    | save_data            | Loaded 46897 existing rows
2026-07-06 15:01:52 | DEBUG    | save_data            | Combined to 47392 rows
2026-07-06 15:01:52 | DEBUG    | save_data            | Writing to temporary file...
2026-07-06 15:02:01 | DEBUG    | save_data            | Data written to temp file: /home/runner/work/Thalorae-BackLioraen/Thalorae-BackLioraen/data/2026/07/tmpchznhi20.xlsx
2026-07-06 15:02:01 | DEBUG    | save_data            | Temp file moved to final location
2026-07-06 15:02:01 | INFO     | save_data            | ✅ Data saved successfully (47392 total rows, 3,549,637 bytes)
2026-07-06 15:02:01 | INFO     | run                  | ======================================================================
2026-07-06 15:02:01 | INFO     | run                  | 📊 EXECUTION SUMMARY:
2026-07-06 15:02:01 | INFO     | run                  |    ✅ Status: SUCCESS
2026-07-06 15:02:01 | INFO     | run                  |    - Rows processed: 495
2026-07-06 15:02:01 | INFO     | run                  |    - Unique symbols: 495
2026-07-06 15:02:01 | INFO     | run                  |    - Timestamp: 2026-07-06 20:01:43
2026-07-06 15:02:01 | INFO     | run                  |    - File: data/2026/07/2026-07-06.xlsx
2026-07-06 15:02:01 | INFO     | run                  | ======================================================================
2026-07-06 15:02:01 | DEBUG    | run                  | Sample data (first row):
2026-07-06 15:02:01 | DEBUG    | run                  | {'SYMBOL': 'TPLP', 'SECTOR': 838, 'LDCP': 11.64, 'OPEN': 11.87, 'HIGH': 12.74, 'LOW': 11.87, 'CURRENT': 12.54, 'CHANGE': 0.9, 'CHANGE (%)': nan, 'VOLUME': 66770551, 'YEAR': 2026, 'MONTH': 7, 'DAY': 6, 'HOUR': 20, 'MINUTE': 1, 'DATETIME': '2026-07-06 20:01'}
2026-07-06 15:02:01 | DEBUG    | close                | Session closed
2026-07-06 15:07:02 | INFO     | run                  | ======================================================================
2026-07-06 15:07:02 | INFO     | run                  | 🚀 MARKET DATA SCRAPER - SINGLE EXECUTION
2026-07-06 15:07:02 | INFO     | run                  | ======================================================================
2026-07-06 15:07:02 | INFO     | run                  | Execution Time: 2026-07-06 20:07:02 PKT
2026-07-06 15:07:02 | INFO     | run                  | Configuration:
2026-07-06 15:07:02 | INFO     | run                  |    - Timezone: Asia/Karachi
2026-07-06 15:07:02 | INFO     | run                  |    - Data directory: data
2026-07-06 15:07:02 | INFO     | run                  |    - Log directory: logs
2026-07-06 15:07:02 | INFO     | run                  |    - Excluded symbols: {'XS', 'XT', 'XD', 'XR'}
2026-07-06 15:07:02 | INFO     | run                  | ======================================================================
2026-07-06 15:07:02 | INFO     | fetch_data           | Fetching data (Attempt 1/3)...
2026-07-06 15:07:02 | DEBUG    | fetch_data           | Establishing session with https://dps.psx.com.pk/
2026-07-06 15:07:05 | DEBUG    | fetch_data           | Requesting data from https://dps.psx.com.pk/market-watch
2026-07-06 15:07:06 | DEBUG    | fetch_data           | Response status: 200
2026-07-06 15:07:06 | DEBUG    | fetch_data           | Response content type: text/html; charset=utf-8
2026-07-06 15:07:06 | DEBUG    | fetch_data           | Response size: 475484 bytes
2026-07-06 15:07:06 | INFO     | fetch_data           | ✅ Data fetched successfully (Status: 200)
2026-07-06 15:07:06 | DEBUG    | parse_json           | Attempting JSON parsing...
2026-07-06 15:07:06 | DEBUG    | parse_json           | Response preview: <table class="tbl" data-page-length="25"><thead class="tbl__head"><!-- tr--><!--   th(colspan="11")--><!--   th.center(colspan="2", style="width: 110px;") TOTAL BUY ORDERS--><!--   th.center(colspan="2", style="width: 110px;") TOTAL SELL ORDERS--><tr><th data-name="symbol">SYMBOL</th><th data-name="sector">SECTOR</th><th data-name="listed">LISTED IN</th><th class="right" data-name="ldcp">LDCP</th><th class="right" data-name="open">OPEN</th><th class="right" data-name="high">HIGH</th><th class="r
2026-07-06 15:07:06 | WARNING  | parse_json           | ⚠️ JSON parsing failed: Expecting value: line 1 column 1 (char 0)
2026-07-06 15:07:06 | INFO     | run                  | JSON parsing failed, trying HTML fallback...
2026-07-06 15:07:06 | INFO     | parse_html           | Attempting HTML fallback parsing...
2026-07-06 15:07:06 | DEBUG    | parse_html           | Found 1 table(s) in HTML
2026-07-06 15:07:06 | DEBUG    | parse_html           | Table columns: ['SYMBOL', 'SECTOR', 'LISTED IN', 'LDCP', 'OPEN', 'HIGH', 'LOW', 'CURRENT', 'CHANGE', 'CHANGE (%)', 'VOLUME']
2026-07-06 15:07:06 | DEBUG    | parse_html           | Table shape: (495, 11)
2026-07-06 15:07:06 | INFO     | parse_html           | ✅ HTML parsed successfully (495 rows)
2026-07-06 15:07:06 | INFO     | clean_data           | Cleaning data...
2026-07-06 15:07:06 | DEBUG    | clean_data           | Initial shape: (495, 11)
2026-07-06 15:07:06 | DEBUG    | clean_data           | Initial columns: ['SYMBOL', 'SECTOR', 'LISTED IN', 'LDCP', 'OPEN', 'HIGH', 'LOW', 'CURRENT', 'CHANGE', 'CHANGE (%)', 'VOLUME']
2026-07-06 15:07:06 | DEBUG    | clean_data           | Removed 'LISTED IN' column
2026-07-06 15:07:06 | DEBUG    | clean_data           | Converted LDCP from float64 to numeric
2026-07-06 15:07:06 | DEBUG    | clean_data           | Converted OPEN from float64 to numeric
2026-07-06 15:07:06 | DEBUG    | clean_data           | Converted HIGH from float64 to numeric
2026-07-06 15:07:06 | DEBUG    | clean_data           | Converted LOW from float64 to numeric
2026-07-06 15:07:06 | DEBUG    | clean_data           | Converted CURRENT from float64 to numeric
2026-07-06 15:07:06 | DEBUG    | clean_data           | Converted CHANGE from float64 to numeric
2026-07-06 15:07:06 | WARNING  | clean_data           | Column CHANGE (%): 495 values could not be converted to numeric
2026-07-06 15:07:06 | DEBUG    | clean_data           | Converted CHANGE (%) from str to numeric
2026-07-06 15:07:06 | DEBUG    | clean_data           | Converted VOLUME from int64 to numeric
2026-07-06 15:07:06 | INFO     | clean_data           | ✅ Data cleaned (495 rows, 16 columns)
2026-07-06 15:07:06 | DEBUG    | clean_data           | Final columns: ['SYMBOL', 'SECTOR', 'LDCP', 'OPEN', 'HIGH', 'LOW', 'CURRENT', 'CHANGE', 'CHANGE (%)', 'VOLUME', 'YEAR', 'MONTH', 'DAY', 'HOUR', 'MINUTE', 'DATETIME']
2026-07-06 15:07:06 | DEBUG    | get_file_path        | Generated file path: data/2026/07/2026-07-06.xlsx
2026-07-06 15:07:06 | INFO     | save_data            | Saving data to: data/2026/07/2026-07-06.xlsx
2026-07-06 15:07:06 | DEBUG    | _create_backup       | Backup created: data/2026/07/backups/2026-07-06_backup_20260706_150706.xlsx
2026-07-06 15:07:06 | DEBUG    | _cleanup_old_backups | Removed old backup: 2026-07-06_backup_20260706_144032.xlsx
2026-07-06 15:07:06 | DEBUG    | save_data            | Existing file found, merging data...
2026-07-06 15:07:10 | DEBUG    | save_data            | Loaded 47392 existing rows
2026-07-06 15:07:10 | DEBUG    | save_data            | Combined to 47887 rows
2026-07-06 15:07:10 | DEBUG    | save_data            | Writing to temporary file...
2026-07-06 15:07:19 | DEBUG    | save_data            | Data written to temp file: /home/runner/work/Thalorae-BackLioraen/Thalorae-BackLioraen/data/2026/07/tmp63j9tx4_.xlsx
2026-07-06 15:07:19 | DEBUG    | save_data            | Temp file moved to final location
2026-07-06 15:07:19 | INFO     | save_data            | ✅ Data saved successfully (47887 total rows, 3,587,186 bytes)
2026-07-06 15:07:19 | INFO     | run                  | ======================================================================
2026-07-06 15:07:19 | INFO     | run                  | 📊 EXECUTION SUMMARY:
2026-07-06 15:07:19 | INFO     | run                  |    ✅ Status: SUCCESS
2026-07-06 15:07:19 | INFO     | run                  |    - Rows processed: 495
2026-07-06 15:07:19 | INFO     | run                  |    - Unique symbols: 495
2026-07-06 15:07:19 | INFO     | run                  |    - Timestamp: 2026-07-06 20:07:02
2026-07-06 15:07:19 | INFO     | run                  |    - File: data/2026/07/2026-07-06.xlsx
2026-07-06 15:07:19 | INFO     | run                  | ======================================================================
2026-07-06 15:07:19 | DEBUG    | run                  | Sample data (first row):
2026-07-06 15:07:19 | DEBUG    | run                  | {'SYMBOL': 'TPLP', 'SECTOR': 838, 'LDCP': 11.64, 'OPEN': 11.87, 'HIGH': 12.74, 'LOW': 11.87, 'CURRENT': 12.54, 'CHANGE': 0.9, 'CHANGE (%)': nan, 'VOLUME': 66770551, 'YEAR': 2026, 'MONTH': 7, 'DAY': 6, 'HOUR': 20, 'MINUTE': 7, 'DATETIME': '2026-07-06 20:07'}
2026-07-06 15:07:19 | DEBUG    | close                | Session closed
2026-07-06 15:12:20 | INFO     | run                  | ======================================================================
2026-07-06 15:12:20 | INFO     | run                  | 🚀 MARKET DATA SCRAPER - SINGLE EXECUTION
2026-07-06 15:12:20 | INFO     | run                  | ======================================================================
2026-07-06 15:12:20 | INFO     | run                  | Execution Time: 2026-07-06 20:12:20 PKT
2026-07-06 15:12:20 | INFO     | run                  | Configuration:
2026-07-06 15:12:20 | INFO     | run                  |    - Timezone: Asia/Karachi
2026-07-06 15:12:20 | INFO     | run                  |    - Data directory: data
2026-07-06 15:12:20 | INFO     | run                  |    - Log directory: logs
2026-07-06 15:12:20 | INFO     | run                  |    - Excluded symbols: {'XT', 'XR', 'XS', 'XD'}
2026-07-06 15:12:20 | INFO     | run                  | ======================================================================
2026-07-06 15:12:20 | INFO     | fetch_data           | Fetching data (Attempt 1/3)...
2026-07-06 15:12:20 | DEBUG    | fetch_data           | Establishing session with https://dps.psx.com.pk/
2026-07-06 15:12:23 | DEBUG    | fetch_data           | Requesting data from https://dps.psx.com.pk/market-watch
2026-07-06 15:12:25 | DEBUG    | fetch_data           | Response status: 200
2026-07-06 15:12:25 | DEBUG    | fetch_data           | Response content type: text/html; charset=utf-8
2026-07-06 15:12:25 | DEBUG    | fetch_data           | Response size: 475484 bytes
2026-07-06 15:12:25 | INFO     | fetch_data           | ✅ Data fetched successfully (Status: 200)
2026-07-06 15:12:25 | DEBUG    | parse_json           | Attempting JSON parsing...
2026-07-06 15:12:25 | DEBUG    | parse_json           | Response preview: <table class="tbl" data-page-length="25"><thead class="tbl__head"><!-- tr--><!--   th(colspan="11")--><!--   th.center(colspan="2", style="width: 110px;") TOTAL BUY ORDERS--><!--   th.center(colspan="2", style="width: 110px;") TOTAL SELL ORDERS--><tr><th data-name="symbol">SYMBOL</th><th data-name="sector">SECTOR</th><th data-name="listed">LISTED IN</th><th class="right" data-name="ldcp">LDCP</th><th class="right" data-name="open">OPEN</th><th class="right" data-name="high">HIGH</th><th class="r
2026-07-06 15:12:25 | WARNING  | parse_json           | ⚠️ JSON parsing failed: Expecting value: line 1 column 1 (char 0)
2026-07-06 15:12:25 | INFO     | run                  | JSON parsing failed, trying HTML fallback...
2026-07-06 15:12:25 | INFO     | parse_html           | Attempting HTML fallback parsing...
2026-07-06 15:12:25 | DEBUG    | parse_html           | Found 1 table(s) in HTML
2026-07-06 15:12:25 | DEBUG    | parse_html           | Table columns: ['SYMBOL', 'SECTOR', 'LISTED IN', 'LDCP', 'OPEN', 'HIGH', 'LOW', 'CURRENT', 'CHANGE', 'CHANGE (%)', 'VOLUME']
2026-07-06 15:12:25 | DEBUG    | parse_html           | Table shape: (495, 11)
2026-07-06 15:12:25 | INFO     | parse_html           | ✅ HTML parsed successfully (495 rows)
2026-07-06 15:12:25 | INFO     | clean_data           | Cleaning data...
2026-07-06 15:12:25 | DEBUG    | clean_data           | Initial shape: (495, 11)
2026-07-06 15:12:25 | DEBUG    | clean_data           | Initial columns: ['SYMBOL', 'SECTOR', 'LISTED IN', 'LDCP', 'OPEN', 'HIGH', 'LOW', 'CURRENT', 'CHANGE', 'CHANGE (%)', 'VOLUME']
2026-07-06 15:12:25 | DEBUG    | clean_data           | Removed 'LISTED IN' column
2026-07-06 15:12:25 | DEBUG    | clean_data           | Converted LDCP from float64 to numeric
2026-07-06 15:12:25 | DEBUG    | clean_data           | Converted OPEN from float64 to numeric
2026-07-06 15:12:25 | DEBUG    | clean_data           | Converted HIGH from float64 to numeric
2026-07-06 15:12:25 | DEBUG    | clean_data           | Converted LOW from float64 to numeric
2026-07-06 15:12:25 | DEBUG    | clean_data           | Converted CURRENT from float64 to numeric
2026-07-06 15:12:25 | DEBUG    | clean_data           | Converted CHANGE from float64 to numeric
2026-07-06 15:12:25 | WARNING  | clean_data           | Column CHANGE (%): 495 values could not be converted to numeric
2026-07-06 15:12:25 | DEBUG    | clean_data           | Converted CHANGE (%) from str to numeric
2026-07-06 15:12:25 | DEBUG    | clean_data           | Converted VOLUME from int64 to numeric
2026-07-06 15:12:25 | INFO     | clean_data           | ✅ Data cleaned (495 rows, 16 columns)
2026-07-06 15:12:25 | DEBUG    | clean_data           | Final columns: ['SYMBOL', 'SECTOR', 'LDCP', 'OPEN', 'HIGH', 'LOW', 'CURRENT', 'CHANGE', 'CHANGE (%)', 'VOLUME', 'YEAR', 'MONTH', 'DAY', 'HOUR', 'MINUTE', 'DATETIME']
2026-07-06 15:12:25 | DEBUG    | get_file_path        | Generated file path: data/2026/07/2026-07-06.xlsx
2026-07-06 15:12:25 | INFO     | save_data            | Saving data to: data/2026/07/2026-07-06.xlsx
2026-07-06 15:12:25 | DEBUG    | _create_backup       | Backup created: data/2026/07/backups/2026-07-06_backup_20260706_151225.xlsx
2026-07-06 15:12:25 | DEBUG    | _cleanup_old_backups | Removed old backup: 2026-07-06_backup_20260706_144552.xlsx
2026-07-06 15:12:25 | DEBUG    | save_data            | Existing file found, merging data...
2026-07-06 15:12:30 | DEBUG    | save_data            | Loaded 47887 existing rows
2026-07-06 15:12:30 | DEBUG    | save_data            | Combined to 48382 rows
2026-07-06 15:12:30 | DEBUG    | save_data            | Writing to temporary file...
2026-07-06 15:12:39 | DEBUG    | save_data            | Data written to temp file: /home/runner/work/Thalorae-BackLioraen/Thalorae-BackLioraen/data/2026/07/tmpat6808er.xlsx
2026-07-06 15:12:39 | DEBUG    | save_data            | Temp file moved to final location
2026-07-06 15:12:39 | INFO     | save_data            | ✅ Data saved successfully (48382 total rows, 3,624,723 bytes)
2026-07-06 15:12:39 | INFO     | run                  | ======================================================================
2026-07-06 15:12:39 | INFO     | run                  | 📊 EXECUTION SUMMARY:
2026-07-06 15:12:39 | INFO     | run                  |    ✅ Status: SUCCESS
2026-07-06 15:12:39 | INFO     | run                  |    - Rows processed: 495
2026-07-06 15:12:39 | INFO     | run                  |    - Unique symbols: 495
2026-07-06 15:12:39 | INFO     | run                  |    - Timestamp: 2026-07-06 20:12:20
2026-07-06 15:12:39 | INFO     | run                  |    - File: data/2026/07/2026-07-06.xlsx
2026-07-06 15:12:39 | INFO     | run                  | ======================================================================
2026-07-06 15:12:39 | DEBUG    | run                  | Sample data (first row):
2026-07-06 15:12:39 | DEBUG    | run                  | {'SYMBOL': 'TPLP', 'SECTOR': 838, 'LDCP': 11.64, 'OPEN': 11.87, 'HIGH': 12.74, 'LOW': 11.87, 'CURRENT': 12.54, 'CHANGE': 0.9, 'CHANGE (%)': nan, 'VOLUME': 66770551, 'YEAR': 2026, 'MONTH': 7, 'DAY': 6, 'HOUR': 20, 'MINUTE': 12, 'DATETIME': '2026-07-06 20:12'}
2026-07-06 15:12:39 | DEBUG    | close                | Session closed
2026-07-06 15:17:40 | INFO     | run                  | ======================================================================
2026-07-06 15:17:40 | INFO     | run                  | 🚀 MARKET DATA SCRAPER - SINGLE EXECUTION
2026-07-06 15:17:40 | INFO     | run                  | ======================================================================
2026-07-06 15:17:40 | INFO     | run                  | Execution Time: 2026-07-06 20:17:40 PKT
2026-07-06 15:17:40 | INFO     | run                  | Configuration:
2026-07-06 15:17:40 | INFO     | run                  |    - Timezone: Asia/Karachi
2026-07-06 15:17:40 | INFO     | run                  |    - Data directory: data
2026-07-06 15:17:40 | INFO     | run                  |    - Log directory: logs
2026-07-06 15:17:40 | INFO     | run                  |    - Excluded symbols: {'XD', 'XR', 'XT', 'XS'}
2026-07-06 15:17:40 | INFO     | run                  | ======================================================================
2026-07-06 15:17:40 | INFO     | fetch_data           | Fetching data (Attempt 1/3)...
2026-07-06 15:17:40 | DEBUG    | fetch_data           | Establishing session with https://dps.psx.com.pk/
2026-07-06 15:17:44 | DEBUG    | fetch_data           | Requesting data from https://dps.psx.com.pk/market-watch
2026-07-06 15:17:46 | DEBUG    | fetch_data           | Response status: 200
2026-07-06 15:17:46 | DEBUG    | fetch_data           | Response content type: text/html; charset=utf-8
2026-07-06 15:17:46 | DEBUG    | fetch_data           | Response size: 475484 bytes
2026-07-06 15:17:46 | INFO     | fetch_data           | ✅ Data fetched successfully (Status: 200)
2026-07-06 15:17:46 | DEBUG    | parse_json           | Attempting JSON parsing...
2026-07-06 15:17:46 | DEBUG    | parse_json           | Response preview: <table class="tbl" data-page-length="25"><thead class="tbl__head"><!-- tr--><!--   th(colspan="11")--><!--   th.center(colspan="2", style="width: 110px;") TOTAL BUY ORDERS--><!--   th.center(colspan="2", style="width: 110px;") TOTAL SELL ORDERS--><tr><th data-name="symbol">SYMBOL</th><th data-name="sector">SECTOR</th><th data-name="listed">LISTED IN</th><th class="right" data-name="ldcp">LDCP</th><th class="right" data-name="open">OPEN</th><th class="right" data-name="high">HIGH</th><th class="r
2026-07-06 15:17:46 | WARNING  | parse_json           | ⚠️ JSON parsing failed: Expecting value: line 1 column 1 (char 0)
2026-07-06 15:17:46 | INFO     | run                  | JSON parsing failed, trying HTML fallback...
2026-07-06 15:17:46 | INFO     | parse_html           | Attempting HTML fallback parsing...
2026-07-06 15:17:46 | DEBUG    | parse_html           | Found 1 table(s) in HTML
2026-07-06 15:17:46 | DEBUG    | parse_html           | Table columns: ['SYMBOL', 'SECTOR', 'LISTED IN', 'LDCP', 'OPEN', 'HIGH', 'LOW', 'CURRENT', 'CHANGE', 'CHANGE (%)', 'VOLUME']
2026-07-06 15:17:46 | DEBUG    | parse_html           | Table shape: (495, 11)
2026-07-06 15:17:46 | INFO     | parse_html           | ✅ HTML parsed successfully (495 rows)
2026-07-06 15:17:46 | INFO     | clean_data           | Cleaning data...
2026-07-06 15:17:46 | DEBUG    | clean_data           | Initial shape: (495, 11)
2026-07-06 15:17:46 | DEBUG    | clean_data           | Initial columns: ['SYMBOL', 'SECTOR', 'LISTED IN', 'LDCP', 'OPEN', 'HIGH', 'LOW', 'CURRENT', 'CHANGE', 'CHANGE (%)', 'VOLUME']
2026-07-06 15:17:46 | DEBUG    | clean_data           | Removed 'LISTED IN' column
2026-07-06 15:17:46 | DEBUG    | clean_data           | Converted LDCP from float64 to numeric
2026-07-06 15:17:46 | DEBUG    | clean_data           | Converted OPEN from float64 to numeric
2026-07-06 15:17:46 | DEBUG    | clean_data           | Converted HIGH from float64 to numeric
2026-07-06 15:17:46 | DEBUG    | clean_data           | Converted LOW from float64 to numeric
2026-07-06 15:17:46 | DEBUG    | clean_data           | Converted CURRENT from float64 to numeric
2026-07-06 15:17:46 | DEBUG    | clean_data           | Converted CHANGE from float64 to numeric
2026-07-06 15:17:46 | WARNING  | clean_data           | Column CHANGE (%): 495 values could not be converted to numeric
2026-07-06 15:17:46 | DEBUG    | clean_data           | Converted CHANGE (%) from str to numeric
2026-07-06 15:17:46 | DEBUG    | clean_data           | Converted VOLUME from int64 to numeric
2026-07-06 15:17:46 | INFO     | clean_data           | ✅ Data cleaned (495 rows, 16 columns)
2026-07-06 15:17:46 | DEBUG    | clean_data           | Final columns: ['SYMBOL', 'SECTOR', 'LDCP', 'OPEN', 'HIGH', 'LOW', 'CURRENT', 'CHANGE', 'CHANGE (%)', 'VOLUME', 'YEAR', 'MONTH', 'DAY', 'HOUR', 'MINUTE', 'DATETIME']
2026-07-06 15:17:46 | DEBUG    | get_file_path        | Generated file path: data/2026/07/2026-07-06.xlsx
2026-07-06 15:17:46 | INFO     | save_data            | Saving data to: data/2026/07/2026-07-06.xlsx
2026-07-06 15:17:46 | DEBUG    | _create_backup       | Backup created: data/2026/07/backups/2026-07-06_backup_20260706_151746.xlsx
2026-07-06 15:17:46 | DEBUG    | _cleanup_old_backups | Removed old backup: 2026-07-06_backup_20260706_145110.xlsx
2026-07-06 15:17:46 | DEBUG    | save_data            | Existing file found, merging data...
2026-07-06 15:17:51 | DEBUG    | save_data            | Loaded 48382 existing rows
2026-07-06 15:17:51 | DEBUG    | save_data            | Combined to 48877 rows
2026-07-06 15:17:51 | DEBUG    | save_data            | Writing to temporary file...
2026-07-06 15:18:00 | DEBUG    | save_data            | Data written to temp file: /home/runner/work/Thalorae-BackLioraen/Thalorae-BackLioraen/data/2026/07/tmpzyu964i7.xlsx
2026-07-06 15:18:00 | DEBUG    | save_data            | Temp file moved to final location
2026-07-06 15:18:00 | INFO     | save_data            | ✅ Data saved successfully (48877 total rows, 3,662,191 bytes)
2026-07-06 15:18:00 | INFO     | run                  | ======================================================================
2026-07-06 15:18:00 | INFO     | run                  | 📊 EXECUTION SUMMARY:
2026-07-06 15:18:00 | INFO     | run                  |    ✅ Status: SUCCESS
2026-07-06 15:18:00 | INFO     | run                  |    - Rows processed: 495
2026-07-06 15:18:00 | INFO     | run                  |    - Unique symbols: 495
2026-07-06 15:18:00 | INFO     | run                  |    - Timestamp: 2026-07-06 20:17:40
2026-07-06 15:18:00 | INFO     | run                  |    - File: data/2026/07/2026-07-06.xlsx
2026-07-06 15:18:00 | INFO     | run                  | ======================================================================
2026-07-06 15:18:00 | DEBUG    | run                  | Sample data (first row):
2026-07-06 15:18:00 | DEBUG    | run                  | {'SYMBOL': 'TPLP', 'SECTOR': 838, 'LDCP': 11.64, 'OPEN': 11.87, 'HIGH': 12.74, 'LOW': 11.87, 'CURRENT': 12.54, 'CHANGE': 0.9, 'CHANGE (%)': nan, 'VOLUME': 66770551, 'YEAR': 2026, 'MONTH': 7, 'DAY': 6, 'HOUR': 20, 'MINUTE': 17, 'DATETIME': '2026-07-06 20:17'}
2026-07-06 15:18:00 | DEBUG    | close                | Session closed
2026-07-06 15:23:01 | INFO     | run                  | ======================================================================
2026-07-06 15:23:01 | INFO     | run                  | 🚀 MARKET DATA SCRAPER - SINGLE EXECUTION
2026-07-06 15:23:01 | INFO     | run                  | ======================================================================
2026-07-06 15:23:01 | INFO     | run                  | Execution Time: 2026-07-06 20:23:01 PKT
2026-07-06 15:23:01 | INFO     | run                  | Configuration:
2026-07-06 15:23:01 | INFO     | run                  |    - Timezone: Asia/Karachi
2026-07-06 15:23:01 | INFO     | run                  |    - Data directory: data
2026-07-06 15:23:01 | INFO     | run                  |    - Log directory: logs
2026-07-06 15:23:01 | INFO     | run                  |    - Excluded symbols: {'XD', 'XR', 'XT', 'XS'}
2026-07-06 15:23:01 | INFO     | run                  | ======================================================================
2026-07-06 15:23:01 | INFO     | fetch_data           | Fetching data (Attempt 1/3)...
2026-07-06 15:23:01 | DEBUG    | fetch_data           | Establishing session with https://dps.psx.com.pk/
2026-07-06 15:23:04 | DEBUG    | fetch_data           | Requesting data from https://dps.psx.com.pk/market-watch
2026-07-06 15:23:05 | DEBUG    | fetch_data           | Response status: 200
2026-07-06 15:23:05 | DEBUG    | fetch_data           | Response content type: text/html; charset=utf-8
2026-07-06 15:23:05 | DEBUG    | fetch_data           | Response size: 475484 bytes
2026-07-06 15:23:05 | INFO     | fetch_data           | ✅ Data fetched successfully (Status: 200)
2026-07-06 15:23:05 | DEBUG    | parse_json           | Attempting JSON parsing...
2026-07-06 15:23:05 | DEBUG    | parse_json           | Response preview: <table class="tbl" data-page-length="25"><thead class="tbl__head"><!-- tr--><!--   th(colspan="11")--><!--   th.center(colspan="2", style="width: 110px;") TOTAL BUY ORDERS--><!--   th.center(colspan="2", style="width: 110px;") TOTAL SELL ORDERS--><tr><th data-name="symbol">SYMBOL</th><th data-name="sector">SECTOR</th><th data-name="listed">LISTED IN</th><th class="right" data-name="ldcp">LDCP</th><th class="right" data-name="open">OPEN</th><th class="right" data-name="high">HIGH</th><th class="r
2026-07-06 15:23:05 | WARNING  | parse_json           | ⚠️ JSON parsing failed: Expecting value: line 1 column 1 (char 0)
2026-07-06 15:23:05 | INFO     | run                  | JSON parsing failed, trying HTML fallback...
2026-07-06 15:23:05 | INFO     | parse_html           | Attempting HTML fallback parsing...
2026-07-06 15:23:05 | DEBUG    | parse_html           | Found 1 table(s) in HTML
2026-07-06 15:23:05 | DEBUG    | parse_html           | Table columns: ['SYMBOL', 'SECTOR', 'LISTED IN', 'LDCP', 'OPEN', 'HIGH', 'LOW', 'CURRENT', 'CHANGE', 'CHANGE (%)', 'VOLUME']
2026-07-06 15:23:05 | DEBUG    | parse_html           | Table shape: (495, 11)
2026-07-06 15:23:05 | INFO     | parse_html           | ✅ HTML parsed successfully (495 rows)
2026-07-06 15:23:05 | INFO     | clean_data           | Cleaning data...
2026-07-06 15:23:05 | DEBUG    | clean_data           | Initial shape: (495, 11)
2026-07-06 15:23:05 | DEBUG    | clean_data           | Initial columns: ['SYMBOL', 'SECTOR', 'LISTED IN', 'LDCP', 'OPEN', 'HIGH', 'LOW', 'CURRENT', 'CHANGE', 'CHANGE (%)', 'VOLUME']
2026-07-06 15:23:05 | DEBUG    | clean_data           | Removed 'LISTED IN' column
2026-07-06 15:23:05 | DEBUG    | clean_data           | Converted LDCP from float64 to numeric
2026-07-06 15:23:05 | DEBUG    | clean_data           | Converted OPEN from float64 to numeric
2026-07-06 15:23:05 | DEBUG    | clean_data           | Converted HIGH from float64 to numeric
2026-07-06 15:23:05 | DEBUG    | clean_data           | Converted LOW from float64 to numeric
2026-07-06 15:23:05 | DEBUG    | clean_data           | Converted CURRENT from float64 to numeric
2026-07-06 15:23:05 | DEBUG    | clean_data           | Converted CHANGE from float64 to numeric
2026-07-06 15:23:05 | WARNING  | clean_data           | Column CHANGE (%): 495 values could not be converted to numeric
2026-07-06 15:23:05 | DEBUG    | clean_data           | Converted CHANGE (%) from str to numeric
2026-07-06 15:23:05 | DEBUG    | clean_data           | Converted VOLUME from int64 to numeric
2026-07-06 15:23:05 | INFO     | clean_data           | ✅ Data cleaned (495 rows, 16 columns)
2026-07-06 15:23:05 | DEBUG    | clean_data           | Final columns: ['SYMBOL', 'SECTOR', 'LDCP', 'OPEN', 'HIGH', 'LOW', 'CURRENT', 'CHANGE', 'CHANGE (%)', 'VOLUME', 'YEAR', 'MONTH', 'DAY', 'HOUR', 'MINUTE', 'DATETIME']
2026-07-06 15:23:05 | DEBUG    | get_file_path        | Generated file path: data/2026/07/2026-07-06.xlsx
2026-07-06 15:23:05 | INFO     | save_data            | Saving data to: data/2026/07/2026-07-06.xlsx
2026-07-06 15:23:05 | DEBUG    | _create_backup       | Backup created: data/2026/07/backups/2026-07-06_backup_20260706_152305.xlsx
2026-07-06 15:23:05 | DEBUG    | _cleanup_old_backups | Removed old backup: 2026-07-06_backup_20260706_145629.xlsx
2026-07-06 15:23:05 | DEBUG    | save_data            | Existing file found, merging data...
2026-07-06 15:23:10 | DEBUG    | save_data            | Loaded 48877 existing rows
2026-07-06 15:23:10 | DEBUG    | save_data            | Combined to 49372 rows
2026-07-06 15:23:10 | DEBUG    | save_data            | Writing to temporary file...
2026-07-06 15:23:19 | DEBUG    | save_data            | Data written to temp file: /home/runner/work/Thalorae-BackLioraen/Thalorae-BackLioraen/data/2026/07/tmpnait1bw4.xlsx
2026-07-06 15:23:19 | DEBUG    | save_data            | Temp file moved to final location
2026-07-06 15:23:19 | INFO     | save_data            | ✅ Data saved successfully (49372 total rows, 3,699,654 bytes)
2026-07-06 15:23:19 | INFO     | run                  | ======================================================================
2026-07-06 15:23:19 | INFO     | run                  | 📊 EXECUTION SUMMARY:
2026-07-06 15:23:19 | INFO     | run                  |    ✅ Status: SUCCESS
2026-07-06 15:23:19 | INFO     | run                  |    - Rows processed: 495
2026-07-06 15:23:19 | INFO     | run                  |    - Unique symbols: 495
2026-07-06 15:23:19 | INFO     | run                  |    - Timestamp: 2026-07-06 20:23:01
2026-07-06 15:23:19 | INFO     | run                  |    - File: data/2026/07/2026-07-06.xlsx
2026-07-06 15:23:19 | INFO     | run                  | ======================================================================
2026-07-06 15:23:19 | DEBUG    | run                  | Sample data (first row):
2026-07-06 15:23:19 | DEBUG    | run                  | {'SYMBOL': 'TPLP', 'SECTOR': 838, 'LDCP': 11.64, 'OPEN': 11.87, 'HIGH': 12.74, 'LOW': 11.87, 'CURRENT': 12.54, 'CHANGE': 0.9, 'CHANGE (%)': nan, 'VOLUME': 66770551, 'YEAR': 2026, 'MONTH': 7, 'DAY': 6, 'HOUR': 20, 'MINUTE': 23, 'DATETIME': '2026-07-06 20:23'}
2026-07-06 15:23:19 | DEBUG    | close                | Session closed
2026-07-06 15:28:20 | INFO     | run                  | ======================================================================
2026-07-06 15:28:20 | INFO     | run                  | 🚀 MARKET DATA SCRAPER - SINGLE EXECUTION
2026-07-06 15:28:20 | INFO     | run                  | ======================================================================
2026-07-06 15:28:20 | INFO     | run                  | Execution Time: 2026-07-06 20:28:20 PKT
2026-07-06 15:28:20 | INFO     | run                  | Configuration:
2026-07-06 15:28:20 | INFO     | run                  |    - Timezone: Asia/Karachi
2026-07-06 15:28:20 | INFO     | run                  |    - Data directory: data
2026-07-06 15:28:20 | INFO     | run                  |    - Log directory: logs
2026-07-06 15:28:20 | INFO     | run                  |    - Excluded symbols: {'XS', 'XR', 'XT', 'XD'}
2026-07-06 15:28:20 | INFO     | run                  | ======================================================================
2026-07-06 15:28:20 | INFO     | fetch_data           | Fetching data (Attempt 1/3)...
2026-07-06 15:28:20 | DEBUG    | fetch_data           | Establishing session with https://dps.psx.com.pk/
2026-07-06 15:28:24 | DEBUG    | fetch_data           | Requesting data from https://dps.psx.com.pk/market-watch
2026-07-06 15:28:25 | DEBUG    | fetch_data           | Response status: 200
2026-07-06 15:28:25 | DEBUG    | fetch_data           | Response content type: text/html; charset=utf-8
2026-07-06 15:28:25 | DEBUG    | fetch_data           | Response size: 475484 bytes
2026-07-06 15:28:25 | INFO     | fetch_data           | ✅ Data fetched successfully (Status: 200)
2026-07-06 15:28:25 | DEBUG    | parse_json           | Attempting JSON parsing...
2026-07-06 15:28:25 | DEBUG    | parse_json           | Response preview: <table class="tbl" data-page-length="25"><thead class="tbl__head"><!-- tr--><!--   th(colspan="11")--><!--   th.center(colspan="2", style="width: 110px;") TOTAL BUY ORDERS--><!--   th.center(colspan="2", style="width: 110px;") TOTAL SELL ORDERS--><tr><th data-name="symbol">SYMBOL</th><th data-name="sector">SECTOR</th><th data-name="listed">LISTED IN</th><th class="right" data-name="ldcp">LDCP</th><th class="right" data-name="open">OPEN</th><th class="right" data-name="high">HIGH</th><th class="r
2026-07-06 15:28:25 | WARNING  | parse_json           | ⚠️ JSON parsing failed: Expecting value: line 1 column 1 (char 0)
2026-07-06 15:28:25 | INFO     | run                  | JSON parsing failed, trying HTML fallback...
2026-07-06 15:28:25 | INFO     | parse_html           | Attempting HTML fallback parsing...
2026-07-06 15:28:25 | DEBUG    | parse_html           | Found 1 table(s) in HTML
2026-07-06 15:28:25 | DEBUG    | parse_html           | Table columns: ['SYMBOL', 'SECTOR', 'LISTED IN', 'LDCP', 'OPEN', 'HIGH', 'LOW', 'CURRENT', 'CHANGE', 'CHANGE (%)', 'VOLUME']
2026-07-06 15:28:25 | DEBUG    | parse_html           | Table shape: (495, 11)
2026-07-06 15:28:25 | INFO     | parse_html           | ✅ HTML parsed successfully (495 rows)
2026-07-06 15:28:25 | INFO     | clean_data           | Cleaning data...
2026-07-06 15:28:25 | DEBUG    | clean_data           | Initial shape: (495, 11)
2026-07-06 15:28:25 | DEBUG    | clean_data           | Initial columns: ['SYMBOL', 'SECTOR', 'LISTED IN', 'LDCP', 'OPEN', 'HIGH', 'LOW', 'CURRENT', 'CHANGE', 'CHANGE (%)', 'VOLUME']
2026-07-06 15:28:25 | DEBUG    | clean_data           | Removed 'LISTED IN' column
2026-07-06 15:28:25 | DEBUG    | clean_data           | Converted LDCP from float64 to numeric
2026-07-06 15:28:25 | DEBUG    | clean_data           | Converted OPEN from float64 to numeric
2026-07-06 15:28:25 | DEBUG    | clean_data           | Converted HIGH from float64 to numeric
2026-07-06 15:28:25 | DEBUG    | clean_data           | Converted LOW from float64 to numeric
2026-07-06 15:28:25 | DEBUG    | clean_data           | Converted CURRENT from float64 to numeric
2026-07-06 15:28:25 | DEBUG    | clean_data           | Converted CHANGE from float64 to numeric
2026-07-06 15:28:25 | WARNING  | clean_data           | Column CHANGE (%): 495 values could not be converted to numeric
2026-07-06 15:28:25 | DEBUG    | clean_data           | Converted CHANGE (%) from str to numeric
2026-07-06 15:28:25 | DEBUG    | clean_data           | Converted VOLUME from int64 to numeric
2026-07-06 15:28:25 | INFO     | clean_data           | ✅ Data cleaned (495 rows, 16 columns)
2026-07-06 15:28:25 | DEBUG    | clean_data           | Final columns: ['SYMBOL', 'SECTOR', 'LDCP', 'OPEN', 'HIGH', 'LOW', 'CURRENT', 'CHANGE', 'CHANGE (%)', 'VOLUME', 'YEAR', 'MONTH', 'DAY', 'HOUR', 'MINUTE', 'DATETIME']
2026-07-06 15:28:25 | DEBUG    | get_file_path        | Generated file path: data/2026/07/2026-07-06.xlsx
2026-07-06 15:28:25 | INFO     | save_data            | Saving data to: data/2026/07/2026-07-06.xlsx
2026-07-06 15:28:25 | DEBUG    | _create_backup       | Backup created: data/2026/07/backups/2026-07-06_backup_20260706_152825.xlsx
2026-07-06 15:28:25 | DEBUG    | _cleanup_old_backups | Removed old backup: 2026-07-06_backup_20260706_150148.xlsx
2026-07-06 15:28:25 | DEBUG    | save_data            | Existing file found, merging data...
2026-07-06 15:28:30 | DEBUG    | save_data            | Loaded 49372 existing rows
2026-07-06 15:28:30 | DEBUG    | save_data            | Combined to 49867 rows
2026-07-06 15:28:30 | DEBUG    | save_data            | Writing to temporary file...
2026-07-06 15:28:39 | DEBUG    | save_data            | Data written to temp file: /home/runner/work/Thalorae-BackLioraen/Thalorae-BackLioraen/data/2026/07/tmp2n12aw76.xlsx
2026-07-06 15:28:39 | DEBUG    | save_data            | Temp file moved to final location
2026-07-06 15:28:39 | INFO     | save_data            | ✅ Data saved successfully (49867 total rows, 3,737,127 bytes)
2026-07-06 15:28:39 | INFO     | run                  | ======================================================================
2026-07-06 15:28:39 | INFO     | run                  | 📊 EXECUTION SUMMARY:
2026-07-06 15:28:39 | INFO     | run                  |    ✅ Status: SUCCESS
2026-07-06 15:28:39 | INFO     | run                  |    - Rows processed: 495
2026-07-06 15:28:39 | INFO     | run                  |    - Unique symbols: 495
2026-07-06 15:28:39 | INFO     | run                  |    - Timestamp: 2026-07-06 20:28:20
2026-07-06 15:28:39 | INFO     | run                  |    - File: data/2026/07/2026-07-06.xlsx
2026-07-06 15:28:39 | INFO     | run                  | ======================================================================
2026-07-06 15:28:39 | DEBUG    | run                  | Sample data (first row):
2026-07-06 15:28:39 | DEBUG    | run                  | {'SYMBOL': 'TPLP', 'SECTOR': 838, 'LDCP': 11.64, 'OPEN': 11.87, 'HIGH': 12.74, 'LOW': 11.87, 'CURRENT': 12.54, 'CHANGE': 0.9, 'CHANGE (%)': nan, 'VOLUME': 66770551, 'YEAR': 2026, 'MONTH': 7, 'DAY': 6, 'HOUR': 20, 'MINUTE': 28, 'DATETIME': '2026-07-06 20:28'}
2026-07-06 15:28:39 | DEBUG    | close                | Session closed
2026-07-06 15:33:40 | INFO     | run                  | ======================================================================
2026-07-06 15:33:40 | INFO     | run                  | 🚀 MARKET DATA SCRAPER - SINGLE EXECUTION
2026-07-06 15:33:40 | INFO     | run                  | ======================================================================
2026-07-06 15:33:40 | INFO     | run                  | Execution Time: 2026-07-06 20:33:40 PKT
2026-07-06 15:33:40 | INFO     | run                  | Configuration:
2026-07-06 15:33:40 | INFO     | run                  |    - Timezone: Asia/Karachi
2026-07-06 15:33:40 | INFO     | run                  |    - Data directory: data
2026-07-06 15:33:40 | INFO     | run                  |    - Log directory: logs
2026-07-06 15:33:40 | INFO     | run                  |    - Excluded symbols: {'XT', 'XR', 'XD', 'XS'}
2026-07-06 15:33:40 | INFO     | run                  | ======================================================================
2026-07-06 15:33:40 | INFO     | fetch_data           | Fetching data (Attempt 1/3)...
2026-07-06 15:33:40 | DEBUG    | fetch_data           | Establishing session with https://dps.psx.com.pk/
2026-07-06 15:33:43 | DEBUG    | fetch_data           | Requesting data from https://dps.psx.com.pk/market-watch
2026-07-06 15:33:45 | DEBUG    | fetch_data           | Response status: 200
2026-07-06 15:33:45 | DEBUG    | fetch_data           | Response content type: text/html; charset=utf-8
2026-07-06 15:33:45 | DEBUG    | fetch_data           | Response size: 475484 bytes
2026-07-06 15:33:45 | INFO     | fetch_data           | ✅ Data fetched successfully (Status: 200)
2026-07-06 15:33:45 | DEBUG    | parse_json           | Attempting JSON parsing...
2026-07-06 15:33:45 | DEBUG    | parse_json           | Response preview: <table class="tbl" data-page-length="25"><thead class="tbl__head"><!-- tr--><!--   th(colspan="11")--><!--   th.center(colspan="2", style="width: 110px;") TOTAL BUY ORDERS--><!--   th.center(colspan="2", style="width: 110px;") TOTAL SELL ORDERS--><tr><th data-name="symbol">SYMBOL</th><th data-name="sector">SECTOR</th><th data-name="listed">LISTED IN</th><th class="right" data-name="ldcp">LDCP</th><th class="right" data-name="open">OPEN</th><th class="right" data-name="high">HIGH</th><th class="r
2026-07-06 15:33:45 | WARNING  | parse_json           | ⚠️ JSON parsing failed: Expecting value: line 1 column 1 (char 0)
2026-07-06 15:33:45 | INFO     | run                  | JSON parsing failed, trying HTML fallback...
2026-07-06 15:33:45 | INFO     | parse_html           | Attempting HTML fallback parsing...
2026-07-06 15:33:45 | DEBUG    | parse_html           | Found 1 table(s) in HTML
2026-07-06 15:33:45 | DEBUG    | parse_html           | Table columns: ['SYMBOL', 'SECTOR', 'LISTED IN', 'LDCP', 'OPEN', 'HIGH', 'LOW', 'CURRENT', 'CHANGE', 'CHANGE (%)', 'VOLUME']
2026-07-06 15:33:45 | DEBUG    | parse_html           | Table shape: (495, 11)
2026-07-06 15:33:45 | INFO     | parse_html           | ✅ HTML parsed successfully (495 rows)
2026-07-06 15:33:45 | INFO     | clean_data           | Cleaning data...
2026-07-06 15:33:45 | DEBUG    | clean_data           | Initial shape: (495, 11)
2026-07-06 15:33:45 | DEBUG    | clean_data           | Initial columns: ['SYMBOL', 'SECTOR', 'LISTED IN', 'LDCP', 'OPEN', 'HIGH', 'LOW', 'CURRENT', 'CHANGE', 'CHANGE (%)', 'VOLUME']
2026-07-06 15:33:45 | DEBUG    | clean_data           | Removed 'LISTED IN' column
2026-07-06 15:33:45 | DEBUG    | clean_data           | Converted LDCP from float64 to numeric
2026-07-06 15:33:45 | DEBUG    | clean_data           | Converted OPEN from float64 to numeric
2026-07-06 15:33:45 | DEBUG    | clean_data           | Converted HIGH from float64 to numeric
2026-07-06 15:33:45 | DEBUG    | clean_data           | Converted LOW from float64 to numeric
2026-07-06 15:33:45 | DEBUG    | clean_data           | Converted CURRENT from float64 to numeric
2026-07-06 15:33:45 | DEBUG    | clean_data           | Converted CHANGE from float64 to numeric
2026-07-06 15:33:45 | WARNING  | clean_data           | Column CHANGE (%): 495 values could not be converted to numeric
2026-07-06 15:33:45 | DEBUG    | clean_data           | Converted CHANGE (%) from str to numeric
2026-07-06 15:33:45 | DEBUG    | clean_data           | Converted VOLUME from int64 to numeric
2026-07-06 15:33:45 | INFO     | clean_data           | ✅ Data cleaned (495 rows, 16 columns)
2026-07-06 15:33:45 | DEBUG    | clean_data           | Final columns: ['SYMBOL', 'SECTOR', 'LDCP', 'OPEN', 'HIGH', 'LOW', 'CURRENT', 'CHANGE', 'CHANGE (%)', 'VOLUME', 'YEAR', 'MONTH', 'DAY', 'HOUR', 'MINUTE', 'DATETIME']
2026-07-06 15:33:45 | DEBUG    | get_file_path        | Generated file path: data/2026/07/2026-07-06.xlsx
2026-07-06 15:33:45 | INFO     | save_data            | Saving data to: data/2026/07/2026-07-06.xlsx
2026-07-06 15:33:45 | DEBUG    | _create_backup       | Backup created: data/2026/07/backups/2026-07-06_backup_20260706_153345.xlsx
2026-07-06 15:33:45 | DEBUG    | _cleanup_old_backups | Removed old backup: 2026-07-06_backup_20260706_150706.xlsx
2026-07-06 15:33:45 | DEBUG    | save_data            | Existing file found, merging data...
2026-07-06 15:33:49 | DEBUG    | save_data            | Loaded 49867 existing rows
2026-07-06 15:33:49 | DEBUG    | save_data            | Combined to 50362 rows
2026-07-06 15:33:49 | DEBUG    | save_data            | Writing to temporary file...
2026-07-06 15:33:59 | DEBUG    | save_data            | Data written to temp file: /home/runner/work/Thalorae-BackLioraen/Thalorae-BackLioraen/data/2026/07/tmpyknz7mh_.xlsx
2026-07-06 15:33:59 | DEBUG    | save_data            | Temp file moved to final location
2026-07-06 15:33:59 | INFO     | save_data            | ✅ Data saved successfully (50362 total rows, 3,774,617 bytes)
2026-07-06 15:33:59 | INFO     | run                  | ======================================================================
2026-07-06 15:33:59 | INFO     | run                  | 📊 EXECUTION SUMMARY:
2026-07-06 15:33:59 | INFO     | run                  |    ✅ Status: SUCCESS
2026-07-06 15:33:59 | INFO     | run                  |    - Rows processed: 495
2026-07-06 15:33:59 | INFO     | run                  |    - Unique symbols: 495
2026-07-06 15:33:59 | INFO     | run                  |    - Timestamp: 2026-07-06 20:33:40
2026-07-06 15:33:59 | INFO     | run                  |    - File: data/2026/07/2026-07-06.xlsx
2026-07-06 15:33:59 | INFO     | run                  | ======================================================================
2026-07-06 15:33:59 | DEBUG    | run                  | Sample data (first row):
2026-07-06 15:33:59 | DEBUG    | run                  | {'SYMBOL': 'TPLP', 'SECTOR': 838, 'LDCP': 11.64, 'OPEN': 11.87, 'HIGH': 12.74, 'LOW': 11.87, 'CURRENT': 12.54, 'CHANGE': 0.9, 'CHANGE (%)': nan, 'VOLUME': 66770551, 'YEAR': 2026, 'MONTH': 7, 'DAY': 6, 'HOUR': 20, 'MINUTE': 33, 'DATETIME': '2026-07-06 20:33'}
2026-07-06 15:33:59 | DEBUG    | close                | Session closed
2026-07-06 15:38:59 | INFO     | run                  | ======================================================================
2026-07-06 15:38:59 | INFO     | run                  | 🚀 MARKET DATA SCRAPER - SINGLE EXECUTION
2026-07-06 15:38:59 | INFO     | run                  | ======================================================================
2026-07-06 15:38:59 | INFO     | run                  | Execution Time: 2026-07-06 20:38:59 PKT
2026-07-06 15:38:59 | INFO     | run                  | Configuration:
2026-07-06 15:38:59 | INFO     | run                  |    - Timezone: Asia/Karachi
2026-07-06 15:38:59 | INFO     | run                  |    - Data directory: data
2026-07-06 15:38:59 | INFO     | run                  |    - Log directory: logs
2026-07-06 15:38:59 | INFO     | run                  |    - Excluded symbols: {'XT', 'XD', 'XR', 'XS'}
2026-07-06 15:38:59 | INFO     | run                  | ======================================================================
2026-07-06 15:38:59 | INFO     | fetch_data           | Fetching data (Attempt 1/3)...
2026-07-06 15:38:59 | DEBUG    | fetch_data           | Establishing session with https://dps.psx.com.pk/
2026-07-06 15:39:02 | DEBUG    | fetch_data           | Requesting data from https://dps.psx.com.pk/market-watch
2026-07-06 15:39:05 | DEBUG    | fetch_data           | Response status: 200
2026-07-06 15:39:05 | DEBUG    | fetch_data           | Response content type: text/html; charset=utf-8
2026-07-06 15:39:05 | DEBUG    | fetch_data           | Response size: 475484 bytes
2026-07-06 15:39:05 | INFO     | fetch_data           | ✅ Data fetched successfully (Status: 200)
2026-07-06 15:39:05 | DEBUG    | parse_json           | Attempting JSON parsing...
2026-07-06 15:39:05 | DEBUG    | parse_json           | Response preview: <table class="tbl" data-page-length="25"><thead class="tbl__head"><!-- tr--><!--   th(colspan="11")--><!--   th.center(colspan="2", style="width: 110px;") TOTAL BUY ORDERS--><!--   th.center(colspan="2", style="width: 110px;") TOTAL SELL ORDERS--><tr><th data-name="symbol">SYMBOL</th><th data-name="sector">SECTOR</th><th data-name="listed">LISTED IN</th><th class="right" data-name="ldcp">LDCP</th><th class="right" data-name="open">OPEN</th><th class="right" data-name="high">HIGH</th><th class="r
2026-07-06 15:39:05 | WARNING  | parse_json           | ⚠️ JSON parsing failed: Expecting value: line 1 column 1 (char 0)
2026-07-06 15:39:05 | INFO     | run                  | JSON parsing failed, trying HTML fallback...
2026-07-06 15:39:05 | INFO     | parse_html           | Attempting HTML fallback parsing...
2026-07-06 15:39:05 | DEBUG    | parse_html           | Found 1 table(s) in HTML
2026-07-06 15:39:05 | DEBUG    | parse_html           | Table columns: ['SYMBOL', 'SECTOR', 'LISTED IN', 'LDCP', 'OPEN', 'HIGH', 'LOW', 'CURRENT', 'CHANGE', 'CHANGE (%)', 'VOLUME']
2026-07-06 15:39:05 | DEBUG    | parse_html           | Table shape: (495, 11)
2026-07-06 15:39:05 | INFO     | parse_html           | ✅ HTML parsed successfully (495 rows)
2026-07-06 15:39:05 | INFO     | clean_data           | Cleaning data...
2026-07-06 15:39:05 | DEBUG    | clean_data           | Initial shape: (495, 11)
2026-07-06 15:39:05 | DEBUG    | clean_data           | Initial columns: ['SYMBOL', 'SECTOR', 'LISTED IN', 'LDCP', 'OPEN', 'HIGH', 'LOW', 'CURRENT', 'CHANGE', 'CHANGE (%)', 'VOLUME']
2026-07-06 15:39:05 | DEBUG    | clean_data           | Removed 'LISTED IN' column
2026-07-06 15:39:05 | DEBUG    | clean_data           | Converted LDCP from float64 to numeric
2026-07-06 15:39:05 | DEBUG    | clean_data           | Converted OPEN from float64 to numeric
2026-07-06 15:39:05 | DEBUG    | clean_data           | Converted HIGH from float64 to numeric
2026-07-06 15:39:05 | DEBUG    | clean_data           | Converted LOW from float64 to numeric
2026-07-06 15:39:05 | DEBUG    | clean_data           | Converted CURRENT from float64 to numeric
2026-07-06 15:39:05 | DEBUG    | clean_data           | Converted CHANGE from float64 to numeric
2026-07-06 15:39:05 | WARNING  | clean_data           | Column CHANGE (%): 495 values could not be converted to numeric
2026-07-06 15:39:05 | DEBUG    | clean_data           | Converted CHANGE (%) from str to numeric
2026-07-06 15:39:05 | DEBUG    | clean_data           | Converted VOLUME from int64 to numeric
2026-07-06 15:39:05 | INFO     | clean_data           | ✅ Data cleaned (495 rows, 16 columns)
2026-07-06 15:39:05 | DEBUG    | clean_data           | Final columns: ['SYMBOL', 'SECTOR', 'LDCP', 'OPEN', 'HIGH', 'LOW', 'CURRENT', 'CHANGE', 'CHANGE (%)', 'VOLUME', 'YEAR', 'MONTH', 'DAY', 'HOUR', 'MINUTE', 'DATETIME']
2026-07-06 15:39:05 | DEBUG    | get_file_path        | Generated file path: data/2026/07/2026-07-06.xlsx
2026-07-06 15:39:05 | INFO     | save_data            | Saving data to: data/2026/07/2026-07-06.xlsx
2026-07-06 15:39:05 | DEBUG    | _create_backup       | Backup created: data/2026/07/backups/2026-07-06_backup_20260706_153905.xlsx
2026-07-06 15:39:05 | DEBUG    | _cleanup_old_backups | Removed old backup: 2026-07-06_backup_20260706_151225.xlsx
2026-07-06 15:39:05 | DEBUG    | save_data            | Existing file found, merging data...
2026-07-06 15:39:10 | DEBUG    | save_data            | Loaded 50362 existing rows
2026-07-06 15:39:10 | DEBUG    | save_data            | Combined to 50857 rows
2026-07-06 15:39:10 | DEBUG    | save_data            | Writing to temporary file...
2026-07-06 15:39:20 | DEBUG    | save_data            | Data written to temp file: /home/runner/work/Thalorae-BackLioraen/Thalorae-BackLioraen/data/2026/07/tmp3va47wbu.xlsx
2026-07-06 15:39:20 | DEBUG    | save_data            | Temp file moved to final location
2026-07-06 15:39:20 | INFO     | save_data            | ✅ Data saved successfully (50857 total rows, 3,812,076 bytes)
2026-07-06 15:39:20 | INFO     | run                  | ======================================================================
2026-07-06 15:39:20 | INFO     | run                  | 📊 EXECUTION SUMMARY:
2026-07-06 15:39:20 | INFO     | run                  |    ✅ Status: SUCCESS
2026-07-06 15:39:20 | INFO     | run                  |    - Rows processed: 495
2026-07-06 15:39:20 | INFO     | run                  |    - Unique symbols: 495
2026-07-06 15:39:20 | INFO     | run                  |    - Timestamp: 2026-07-06 20:38:59
2026-07-06 15:39:20 | INFO     | run                  |    - File: data/2026/07/2026-07-06.xlsx
2026-07-06 15:39:20 | INFO     | run                  | ======================================================================
2026-07-06 15:39:20 | DEBUG    | run                  | Sample data (first row):
2026-07-06 15:39:20 | DEBUG    | run                  | {'SYMBOL': 'TPLP', 'SECTOR': 838, 'LDCP': 11.64, 'OPEN': 11.87, 'HIGH': 12.74, 'LOW': 11.87, 'CURRENT': 12.54, 'CHANGE': 0.9, 'CHANGE (%)': nan, 'VOLUME': 66770551, 'YEAR': 2026, 'MONTH': 7, 'DAY': 6, 'HOUR': 20, 'MINUTE': 38, 'DATETIME': '2026-07-06 20:38'}
2026-07-06 15:39:20 | DEBUG    | close                | Session closed
2026-07-06 15:44:20 | INFO     | run                  | ======================================================================
2026-07-06 15:44:20 | INFO     | run                  | 🚀 MARKET DATA SCRAPER - SINGLE EXECUTION
2026-07-06 15:44:20 | INFO     | run                  | ======================================================================
2026-07-06 15:44:20 | INFO     | run                  | Execution Time: 2026-07-06 20:44:20 PKT
2026-07-06 15:44:20 | INFO     | run                  | Configuration:
2026-07-06 15:44:20 | INFO     | run                  |    - Timezone: Asia/Karachi
2026-07-06 15:44:20 | INFO     | run                  |    - Data directory: data
2026-07-06 15:44:20 | INFO     | run                  |    - Log directory: logs
2026-07-06 15:44:20 | INFO     | run                  |    - Excluded symbols: {'XD', 'XR', 'XT', 'XS'}
2026-07-06 15:44:20 | INFO     | run                  | ======================================================================
2026-07-06 15:44:20 | INFO     | fetch_data           | Fetching data (Attempt 1/3)...
2026-07-06 15:44:20 | DEBUG    | fetch_data           | Establishing session with https://dps.psx.com.pk/
2026-07-06 15:44:23 | DEBUG    | fetch_data           | Requesting data from https://dps.psx.com.pk/market-watch
2026-07-06 15:44:25 | DEBUG    | fetch_data           | Response status: 200
2026-07-06 15:44:25 | DEBUG    | fetch_data           | Response content type: text/html; charset=utf-8
2026-07-06 15:44:25 | DEBUG    | fetch_data           | Response size: 475484 bytes
2026-07-06 15:44:25 | INFO     | fetch_data           | ✅ Data fetched successfully (Status: 200)
2026-07-06 15:44:25 | DEBUG    | parse_json           | Attempting JSON parsing...
2026-07-06 15:44:25 | DEBUG    | parse_json           | Response preview: <table class="tbl" data-page-length="25"><thead class="tbl__head"><!-- tr--><!--   th(colspan="11")--><!--   th.center(colspan="2", style="width: 110px;") TOTAL BUY ORDERS--><!--   th.center(colspan="2", style="width: 110px;") TOTAL SELL ORDERS--><tr><th data-name="symbol">SYMBOL</th><th data-name="sector">SECTOR</th><th data-name="listed">LISTED IN</th><th class="right" data-name="ldcp">LDCP</th><th class="right" data-name="open">OPEN</th><th class="right" data-name="high">HIGH</th><th class="r
2026-07-06 15:44:25 | WARNING  | parse_json           | ⚠️ JSON parsing failed: Expecting value: line 1 column 1 (char 0)
2026-07-06 15:44:25 | INFO     | run                  | JSON parsing failed, trying HTML fallback...
2026-07-06 15:44:25 | INFO     | parse_html           | Attempting HTML fallback parsing...
2026-07-06 15:44:25 | DEBUG    | parse_html           | Found 1 table(s) in HTML
2026-07-06 15:44:25 | DEBUG    | parse_html           | Table columns: ['SYMBOL', 'SECTOR', 'LISTED IN', 'LDCP', 'OPEN', 'HIGH', 'LOW', 'CURRENT', 'CHANGE', 'CHANGE (%)', 'VOLUME']
2026-07-06 15:44:25 | DEBUG    | parse_html           | Table shape: (495, 11)
2026-07-06 15:44:25 | INFO     | parse_html           | ✅ HTML parsed successfully (495 rows)
2026-07-06 15:44:25 | INFO     | clean_data           | Cleaning data...
2026-07-06 15:44:25 | DEBUG    | clean_data           | Initial shape: (495, 11)
2026-07-06 15:44:25 | DEBUG    | clean_data           | Initial columns: ['SYMBOL', 'SECTOR', 'LISTED IN', 'LDCP', 'OPEN', 'HIGH', 'LOW', 'CURRENT', 'CHANGE', 'CHANGE (%)', 'VOLUME']
2026-07-06 15:44:25 | DEBUG    | clean_data           | Removed 'LISTED IN' column
2026-07-06 15:44:25 | DEBUG    | clean_data           | Converted LDCP from float64 to numeric
2026-07-06 15:44:25 | DEBUG    | clean_data           | Converted OPEN from float64 to numeric
2026-07-06 15:44:25 | DEBUG    | clean_data           | Converted HIGH from float64 to numeric
2026-07-06 15:44:25 | DEBUG    | clean_data           | Converted LOW from float64 to numeric
2026-07-06 15:44:25 | DEBUG    | clean_data           | Converted CURRENT from float64 to numeric
2026-07-06 15:44:25 | DEBUG    | clean_data           | Converted CHANGE from float64 to numeric
2026-07-06 15:44:25 | WARNING  | clean_data           | Column CHANGE (%): 495 values could not be converted to numeric
2026-07-06 15:44:25 | DEBUG    | clean_data           | Converted CHANGE (%) from str to numeric
2026-07-06 15:44:25 | DEBUG    | clean_data           | Converted VOLUME from int64 to numeric
2026-07-06 15:44:25 | INFO     | clean_data           | ✅ Data cleaned (495 rows, 16 columns)
2026-07-06 15:44:25 | DEBUG    | clean_data           | Final columns: ['SYMBOL', 'SECTOR', 'LDCP', 'OPEN', 'HIGH', 'LOW', 'CURRENT', 'CHANGE', 'CHANGE (%)', 'VOLUME', 'YEAR', 'MONTH', 'DAY', 'HOUR', 'MINUTE', 'DATETIME']
2026-07-06 15:44:25 | DEBUG    | get_file_path        | Generated file path: data/2026/07/2026-07-06.xlsx
2026-07-06 15:44:25 | INFO     | save_data            | Saving data to: data/2026/07/2026-07-06.xlsx
2026-07-06 15:44:25 | DEBUG    | _create_backup       | Backup created: data/2026/07/backups/2026-07-06_backup_20260706_154425.xlsx
2026-07-06 15:44:25 | DEBUG    | _cleanup_old_backups | Removed old backup: 2026-07-06_backup_20260706_151746.xlsx
2026-07-06 15:44:25 | DEBUG    | save_data            | Existing file found, merging data...
2026-07-06 15:44:30 | DEBUG    | save_data            | Loaded 50857 existing rows
2026-07-06 15:44:30 | DEBUG    | save_data            | Combined to 51352 rows
2026-07-06 15:44:30 | DEBUG    | save_data            | Writing to temporary file...
2026-07-06 15:44:40 | DEBUG    | save_data            | Data written to temp file: /home/runner/work/Thalorae-BackLioraen/Thalorae-BackLioraen/data/2026/07/tmplr_ia2wg.xlsx
2026-07-06 15:44:40 | DEBUG    | save_data            | Temp file moved to final location
2026-07-06 15:44:40 | INFO     | save_data            | ✅ Data saved successfully (51352 total rows, 3,849,571 bytes)
2026-07-06 15:44:40 | INFO     | run                  | ======================================================================
2026-07-06 15:44:40 | INFO     | run                  | 📊 EXECUTION SUMMARY:
2026-07-06 15:44:40 | INFO     | run                  |    ✅ Status: SUCCESS
2026-07-06 15:44:40 | INFO     | run                  |    - Rows processed: 495
2026-07-06 15:44:40 | INFO     | run                  |    - Unique symbols: 495
2026-07-06 15:44:40 | INFO     | run                  |    - Timestamp: 2026-07-06 20:44:20
2026-07-06 15:44:40 | INFO     | run                  |    - File: data/2026/07/2026-07-06.xlsx
2026-07-06 15:44:40 | INFO     | run                  | ======================================================================
2026-07-06 15:44:40 | DEBUG    | run                  | Sample data (first row):
2026-07-06 15:44:40 | DEBUG    | run                  | {'SYMBOL': 'TPLP', 'SECTOR': 838, 'LDCP': 11.64, 'OPEN': 11.87, 'HIGH': 12.74, 'LOW': 11.87, 'CURRENT': 12.54, 'CHANGE': 0.9, 'CHANGE (%)': nan, 'VOLUME': 66770551, 'YEAR': 2026, 'MONTH': 7, 'DAY': 6, 'HOUR': 20, 'MINUTE': 44, 'DATETIME': '2026-07-06 20:44'}
2026-07-06 15:44:40 | DEBUG    | close                | Session closed
2026-07-06 15:49:41 | INFO     | run                  | ======================================================================
2026-07-06 15:49:41 | INFO     | run                  | 🚀 MARKET DATA SCRAPER - SINGLE EXECUTION
2026-07-06 15:49:41 | INFO     | run                  | ======================================================================
2026-07-06 15:49:41 | INFO     | run                  | Execution Time: 2026-07-06 20:49:41 PKT
2026-07-06 15:49:41 | INFO     | run                  | Configuration:
2026-07-06 15:49:41 | INFO     | run                  |    - Timezone: Asia/Karachi
2026-07-06 15:49:41 | INFO     | run                  |    - Data directory: data
2026-07-06 15:49:41 | INFO     | run                  |    - Log directory: logs
2026-07-06 15:49:41 | INFO     | run                  |    - Excluded symbols: {'XR', 'XT', 'XD', 'XS'}
2026-07-06 15:49:41 | INFO     | run                  | ======================================================================
2026-07-06 15:49:41 | INFO     | fetch_data           | Fetching data (Attempt 1/3)...
2026-07-06 15:49:41 | DEBUG    | fetch_data           | Establishing session with https://dps.psx.com.pk/
2026-07-06 15:49:44 | DEBUG    | fetch_data           | Requesting data from https://dps.psx.com.pk/market-watch
2026-07-06 15:49:46 | DEBUG    | fetch_data           | Response status: 200
2026-07-06 15:49:46 | DEBUG    | fetch_data           | Response content type: text/html; charset=utf-8
2026-07-06 15:49:46 | DEBUG    | fetch_data           | Response size: 475484 bytes
2026-07-06 15:49:46 | INFO     | fetch_data           | ✅ Data fetched successfully (Status: 200)
2026-07-06 15:49:46 | DEBUG    | parse_json           | Attempting JSON parsing...
2026-07-06 15:49:46 | DEBUG    | parse_json           | Response preview: <table class="tbl" data-page-length="25"><thead class="tbl__head"><!-- tr--><!--   th(colspan="11")--><!--   th.center(colspan="2", style="width: 110px;") TOTAL BUY ORDERS--><!--   th.center(colspan="2", style="width: 110px;") TOTAL SELL ORDERS--><tr><th data-name="symbol">SYMBOL</th><th data-name="sector">SECTOR</th><th data-name="listed">LISTED IN</th><th class="right" data-name="ldcp">LDCP</th><th class="right" data-name="open">OPEN</th><th class="right" data-name="high">HIGH</th><th class="r
2026-07-06 15:49:46 | WARNING  | parse_json           | ⚠️ JSON parsing failed: Expecting value: line 1 column 1 (char 0)
2026-07-06 15:49:46 | INFO     | run                  | JSON parsing failed, trying HTML fallback...
2026-07-06 15:49:46 | INFO     | parse_html           | Attempting HTML fallback parsing...
2026-07-06 15:49:46 | DEBUG    | parse_html           | Found 1 table(s) in HTML
2026-07-06 15:49:46 | DEBUG    | parse_html           | Table columns: ['SYMBOL', 'SECTOR', 'LISTED IN', 'LDCP', 'OPEN', 'HIGH', 'LOW', 'CURRENT', 'CHANGE', 'CHANGE (%)', 'VOLUME']
2026-07-06 15:49:46 | DEBUG    | parse_html           | Table shape: (495, 11)
2026-07-06 15:49:46 | INFO     | parse_html           | ✅ HTML parsed successfully (495 rows)
2026-07-06 15:49:46 | INFO     | clean_data           | Cleaning data...
2026-07-06 15:49:46 | DEBUG    | clean_data           | Initial shape: (495, 11)
2026-07-06 15:49:46 | DEBUG    | clean_data           | Initial columns: ['SYMBOL', 'SECTOR', 'LISTED IN', 'LDCP', 'OPEN', 'HIGH', 'LOW', 'CURRENT', 'CHANGE', 'CHANGE (%)', 'VOLUME']
2026-07-06 15:49:46 | DEBUG    | clean_data           | Removed 'LISTED IN' column
2026-07-06 15:49:46 | DEBUG    | clean_data           | Converted LDCP from float64 to numeric
2026-07-06 15:49:46 | DEBUG    | clean_data           | Converted OPEN from float64 to numeric
2026-07-06 15:49:46 | DEBUG    | clean_data           | Converted HIGH from float64 to numeric
2026-07-06 15:49:46 | DEBUG    | clean_data           | Converted LOW from float64 to numeric
2026-07-06 15:49:46 | DEBUG    | clean_data           | Converted CURRENT from float64 to numeric
2026-07-06 15:49:46 | DEBUG    | clean_data           | Converted CHANGE from float64 to numeric
2026-07-06 15:49:46 | WARNING  | clean_data           | Column CHANGE (%): 495 values could not be converted to numeric
2026-07-06 15:49:46 | DEBUG    | clean_data           | Converted CHANGE (%) from str to numeric
2026-07-06 15:49:46 | DEBUG    | clean_data           | Converted VOLUME from int64 to numeric
2026-07-06 15:49:46 | INFO     | clean_data           | ✅ Data cleaned (495 rows, 16 columns)
2026-07-06 15:49:46 | DEBUG    | clean_data           | Final columns: ['SYMBOL', 'SECTOR', 'LDCP', 'OPEN', 'HIGH', 'LOW', 'CURRENT', 'CHANGE', 'CHANGE (%)', 'VOLUME', 'YEAR', 'MONTH', 'DAY', 'HOUR', 'MINUTE', 'DATETIME']
2026-07-06 15:49:46 | DEBUG    | get_file_path        | Generated file path: data/2026/07/2026-07-06.xlsx
2026-07-06 15:49:46 | INFO     | save_data            | Saving data to: data/2026/07/2026-07-06.xlsx
2026-07-06 15:49:46 | DEBUG    | _create_backup       | Backup created: data/2026/07/backups/2026-07-06_backup_20260706_154946.xlsx
2026-07-06 15:49:46 | DEBUG    | _cleanup_old_backups | Removed old backup: 2026-07-06_backup_20260706_152305.xlsx
2026-07-06 15:49:46 | DEBUG    | save_data            | Existing file found, merging data...
2026-07-06 15:49:51 | DEBUG    | save_data            | Loaded 51352 existing rows
2026-07-06 15:49:51 | DEBUG    | save_data            | Combined to 51847 rows
2026-07-06 15:49:51 | DEBUG    | save_data            | Writing to temporary file...
2026-07-06 15:50:01 | DEBUG    | save_data            | Data written to temp file: /home/runner/work/Thalorae-BackLioraen/Thalorae-BackLioraen/data/2026/07/tmpuhbfqyol.xlsx
2026-07-06 15:50:01 | DEBUG    | save_data            | Temp file moved to final location
2026-07-06 15:50:01 | INFO     | save_data            | ✅ Data saved successfully (51847 total rows, 3,887,036 bytes)
2026-07-06 15:50:01 | INFO     | run                  | ======================================================================
2026-07-06 15:50:01 | INFO     | run                  | 📊 EXECUTION SUMMARY:
2026-07-06 15:50:01 | INFO     | run                  |    ✅ Status: SUCCESS
2026-07-06 15:50:01 | INFO     | run                  |    - Rows processed: 495
2026-07-06 15:50:01 | INFO     | run                  |    - Unique symbols: 495
2026-07-06 15:50:01 | INFO     | run                  |    - Timestamp: 2026-07-06 20:49:41
2026-07-06 15:50:01 | INFO     | run                  |    - File: data/2026/07/2026-07-06.xlsx
2026-07-06 15:50:01 | INFO     | run                  | ======================================================================
2026-07-06 15:50:01 | DEBUG    | run                  | Sample data (first row):
2026-07-06 15:50:01 | DEBUG    | run                  | {'SYMBOL': 'TPLP', 'SECTOR': 838, 'LDCP': 11.64, 'OPEN': 11.87, 'HIGH': 12.74, 'LOW': 11.87, 'CURRENT': 12.54, 'CHANGE': 0.9, 'CHANGE (%)': nan, 'VOLUME': 66770551, 'YEAR': 2026, 'MONTH': 7, 'DAY': 6, 'HOUR': 20, 'MINUTE': 49, 'DATETIME': '2026-07-06 20:49'}
2026-07-06 15:50:01 | DEBUG    | close                | Session closed
2026-07-06 15:55:02 | INFO     | run                  | ======================================================================
2026-07-06 15:55:02 | INFO     | run                  | 🚀 MARKET DATA SCRAPER - SINGLE EXECUTION
2026-07-06 15:55:02 | INFO     | run                  | ======================================================================
2026-07-06 15:55:02 | INFO     | run                  | Execution Time: 2026-07-06 20:55:02 PKT
2026-07-06 15:55:02 | INFO     | run                  | Configuration:
2026-07-06 15:55:02 | INFO     | run                  |    - Timezone: Asia/Karachi
2026-07-06 15:55:02 | INFO     | run                  |    - Data directory: data
2026-07-06 15:55:02 | INFO     | run                  |    - Log directory: logs
2026-07-06 15:55:02 | INFO     | run                  |    - Excluded symbols: {'XS', 'XD', 'XT', 'XR'}
2026-07-06 15:55:02 | INFO     | run                  | ======================================================================
2026-07-06 15:55:02 | INFO     | fetch_data           | Fetching data (Attempt 1/3)...
2026-07-06 15:55:02 | DEBUG    | fetch_data           | Establishing session with https://dps.psx.com.pk/
2026-07-06 15:55:05 | DEBUG    | fetch_data           | Requesting data from https://dps.psx.com.pk/market-watch
2026-07-06 15:55:08 | DEBUG    | fetch_data           | Response status: 200
2026-07-06 15:55:08 | DEBUG    | fetch_data           | Response content type: text/html; charset=utf-8
2026-07-06 15:55:08 | DEBUG    | fetch_data           | Response size: 475484 bytes
2026-07-06 15:55:08 | INFO     | fetch_data           | ✅ Data fetched successfully (Status: 200)
2026-07-06 15:55:08 | DEBUG    | parse_json           | Attempting JSON parsing...
2026-07-06 15:55:08 | DEBUG    | parse_json           | Response preview: <table class="tbl" data-page-length="25"><thead class="tbl__head"><!-- tr--><!--   th(colspan="11")--><!--   th.center(colspan="2", style="width: 110px;") TOTAL BUY ORDERS--><!--   th.center(colspan="2", style="width: 110px;") TOTAL SELL ORDERS--><tr><th data-name="symbol">SYMBOL</th><th data-name="sector">SECTOR</th><th data-name="listed">LISTED IN</th><th class="right" data-name="ldcp">LDCP</th><th class="right" data-name="open">OPEN</th><th class="right" data-name="high">HIGH</th><th class="r
2026-07-06 15:55:08 | WARNING  | parse_json           | ⚠️ JSON parsing failed: Expecting value: line 1 column 1 (char 0)
2026-07-06 15:55:08 | INFO     | run                  | JSON parsing failed, trying HTML fallback...
2026-07-06 15:55:08 | INFO     | parse_html           | Attempting HTML fallback parsing...
2026-07-06 15:55:08 | DEBUG    | parse_html           | Found 1 table(s) in HTML
2026-07-06 15:55:08 | DEBUG    | parse_html           | Table columns: ['SYMBOL', 'SECTOR', 'LISTED IN', 'LDCP', 'OPEN', 'HIGH', 'LOW', 'CURRENT', 'CHANGE', 'CHANGE (%)', 'VOLUME']
2026-07-06 15:55:08 | DEBUG    | parse_html           | Table shape: (495, 11)
2026-07-06 15:55:08 | INFO     | parse_html           | ✅ HTML parsed successfully (495 rows)
2026-07-06 15:55:08 | INFO     | clean_data           | Cleaning data...
2026-07-06 15:55:08 | DEBUG    | clean_data           | Initial shape: (495, 11)
2026-07-06 15:55:08 | DEBUG    | clean_data           | Initial columns: ['SYMBOL', 'SECTOR', 'LISTED IN', 'LDCP', 'OPEN', 'HIGH', 'LOW', 'CURRENT', 'CHANGE', 'CHANGE (%)', 'VOLUME']
2026-07-06 15:55:08 | DEBUG    | clean_data           | Removed 'LISTED IN' column
2026-07-06 15:55:08 | DEBUG    | clean_data           | Converted LDCP from float64 to numeric
2026-07-06 15:55:08 | DEBUG    | clean_data           | Converted OPEN from float64 to numeric
2026-07-06 15:55:08 | DEBUG    | clean_data           | Converted HIGH from float64 to numeric
2026-07-06 15:55:08 | DEBUG    | clean_data           | Converted LOW from float64 to numeric
2026-07-06 15:55:08 | DEBUG    | clean_data           | Converted CURRENT from float64 to numeric
2026-07-06 15:55:08 | DEBUG    | clean_data           | Converted CHANGE from float64 to numeric
2026-07-06 15:55:08 | WARNING  | clean_data           | Column CHANGE (%): 495 values could not be converted to numeric
2026-07-06 15:55:08 | DEBUG    | clean_data           | Converted CHANGE (%) from str to numeric
2026-07-06 15:55:08 | DEBUG    | clean_data           | Converted VOLUME from int64 to numeric
2026-07-06 15:55:08 | INFO     | clean_data           | ✅ Data cleaned (495 rows, 16 columns)
2026-07-06 15:55:08 | DEBUG    | clean_data           | Final columns: ['SYMBOL', 'SECTOR', 'LDCP', 'OPEN', 'HIGH', 'LOW', 'CURRENT', 'CHANGE', 'CHANGE (%)', 'VOLUME', 'YEAR', 'MONTH', 'DAY', 'HOUR', 'MINUTE', 'DATETIME']
2026-07-06 15:55:08 | DEBUG    | get_file_path        | Generated file path: data/2026/07/2026-07-06.xlsx
2026-07-06 15:55:08 | INFO     | save_data            | Saving data to: data/2026/07/2026-07-06.xlsx
2026-07-06 15:55:08 | DEBUG    | _create_backup       | Backup created: data/2026/07/backups/2026-07-06_backup_20260706_155508.xlsx
2026-07-06 15:55:08 | DEBUG    | _cleanup_old_backups | Removed old backup: 2026-07-06_backup_20260706_152825.xlsx
2026-07-06 15:55:08 | DEBUG    | save_data            | Existing file found, merging data...
2026-07-06 15:55:13 | DEBUG    | save_data            | Loaded 51847 existing rows
2026-07-06 15:55:13 | DEBUG    | save_data            | Combined to 52342 rows
2026-07-06 15:55:13 | DEBUG    | save_data            | Writing to temporary file...
2026-07-06 15:55:23 | DEBUG    | save_data            | Data written to temp file: /home/runner/work/Thalorae-BackLioraen/Thalorae-BackLioraen/data/2026/07/tmpfmkup6n1.xlsx
2026-07-06 15:55:23 | DEBUG    | save_data            | Temp file moved to final location
2026-07-06 15:55:23 | INFO     | save_data            | ✅ Data saved successfully (52342 total rows, 3,924,472 bytes)
2026-07-06 15:55:23 | INFO     | run                  | ======================================================================
2026-07-06 15:55:23 | INFO     | run                  | 📊 EXECUTION SUMMARY:
2026-07-06 15:55:23 | INFO     | run                  |    ✅ Status: SUCCESS
2026-07-06 15:55:23 | INFO     | run                  |    - Rows processed: 495
2026-07-06 15:55:23 | INFO     | run                  |    - Unique symbols: 495
2026-07-06 15:55:23 | INFO     | run                  |    - Timestamp: 2026-07-06 20:55:02
2026-07-06 15:55:23 | INFO     | run                  |    - File: data/2026/07/2026-07-06.xlsx
2026-07-06 15:55:23 | INFO     | run                  | ======================================================================
2026-07-06 15:55:23 | DEBUG    | run                  | Sample data (first row):
2026-07-06 15:55:23 | DEBUG    | run                  | {'SYMBOL': 'TPLP', 'SECTOR': 838, 'LDCP': 11.64, 'OPEN': 11.87, 'HIGH': 12.74, 'LOW': 11.87, 'CURRENT': 12.54, 'CHANGE': 0.9, 'CHANGE (%)': nan, 'VOLUME': 66770551, 'YEAR': 2026, 'MONTH': 7, 'DAY': 6, 'HOUR': 20, 'MINUTE': 55, 'DATETIME': '2026-07-06 20:55'}
2026-07-06 15:55:23 | DEBUG    | close                | Session closed
2026-07-06 16:00:24 | INFO     | run                  | ======================================================================
2026-07-06 16:00:24 | INFO     | run                  | 🚀 MARKET DATA SCRAPER - SINGLE EXECUTION
2026-07-06 16:00:24 | INFO     | run                  | ======================================================================
2026-07-06 16:00:24 | INFO     | run                  | Execution Time: 2026-07-06 21:00:24 PKT
2026-07-06 16:00:24 | INFO     | run                  | Configuration:
2026-07-06 16:00:24 | INFO     | run                  |    - Timezone: Asia/Karachi
2026-07-06 16:00:24 | INFO     | run                  |    - Data directory: data
2026-07-06 16:00:24 | INFO     | run                  |    - Log directory: logs
2026-07-06 16:00:24 | INFO     | run                  |    - Excluded symbols: {'XD', 'XR', 'XT', 'XS'}
2026-07-06 16:00:24 | INFO     | run                  | ======================================================================
2026-07-06 16:00:24 | INFO     | fetch_data           | Fetching data (Attempt 1/3)...
2026-07-06 16:00:24 | DEBUG    | fetch_data           | Establishing session with https://dps.psx.com.pk/
2026-07-06 16:00:26 | DEBUG    | fetch_data           | Requesting data from https://dps.psx.com.pk/market-watch
2026-07-06 16:00:28 | DEBUG    | fetch_data           | Response status: 200
2026-07-06 16:00:28 | DEBUG    | fetch_data           | Response content type: text/html; charset=utf-8
2026-07-06 16:00:28 | DEBUG    | fetch_data           | Response size: 475484 bytes
2026-07-06 16:00:28 | INFO     | fetch_data           | ✅ Data fetched successfully (Status: 200)
2026-07-06 16:00:28 | DEBUG    | parse_json           | Attempting JSON parsing...
2026-07-06 16:00:28 | DEBUG    | parse_json           | Response preview: <table class="tbl" data-page-length="25"><thead class="tbl__head"><!-- tr--><!--   th(colspan="11")--><!--   th.center(colspan="2", style="width: 110px;") TOTAL BUY ORDERS--><!--   th.center(colspan="2", style="width: 110px;") TOTAL SELL ORDERS--><tr><th data-name="symbol">SYMBOL</th><th data-name="sector">SECTOR</th><th data-name="listed">LISTED IN</th><th class="right" data-name="ldcp">LDCP</th><th class="right" data-name="open">OPEN</th><th class="right" data-name="high">HIGH</th><th class="r
2026-07-06 16:00:28 | WARNING  | parse_json           | ⚠️ JSON parsing failed: Expecting value: line 1 column 1 (char 0)
2026-07-06 16:00:28 | INFO     | run                  | JSON parsing failed, trying HTML fallback...
2026-07-06 16:00:28 | INFO     | parse_html           | Attempting HTML fallback parsing...
2026-07-06 16:00:28 | DEBUG    | parse_html           | Found 1 table(s) in HTML
2026-07-06 16:00:28 | DEBUG    | parse_html           | Table columns: ['SYMBOL', 'SECTOR', 'LISTED IN', 'LDCP', 'OPEN', 'HIGH', 'LOW', 'CURRENT', 'CHANGE', 'CHANGE (%)', 'VOLUME']
2026-07-06 16:00:28 | DEBUG    | parse_html           | Table shape: (495, 11)
2026-07-06 16:00:28 | INFO     | parse_html           | ✅ HTML parsed successfully (495 rows)
2026-07-06 16:00:28 | INFO     | clean_data           | Cleaning data...
2026-07-06 16:00:28 | DEBUG    | clean_data           | Initial shape: (495, 11)
2026-07-06 16:00:28 | DEBUG    | clean_data           | Initial columns: ['SYMBOL', 'SECTOR', 'LISTED IN', 'LDCP', 'OPEN', 'HIGH', 'LOW', 'CURRENT', 'CHANGE', 'CHANGE (%)', 'VOLUME']
2026-07-06 16:00:28 | DEBUG    | clean_data           | Removed 'LISTED IN' column
2026-07-06 16:00:28 | DEBUG    | clean_data           | Converted LDCP from float64 to numeric
2026-07-06 16:00:28 | DEBUG    | clean_data           | Converted OPEN from float64 to numeric
2026-07-06 16:00:28 | DEBUG    | clean_data           | Converted HIGH from float64 to numeric
2026-07-06 16:00:28 | DEBUG    | clean_data           | Converted LOW from float64 to numeric
2026-07-06 16:00:28 | DEBUG    | clean_data           | Converted CURRENT from float64 to numeric
2026-07-06 16:00:28 | DEBUG    | clean_data           | Converted CHANGE from float64 to numeric
2026-07-06 16:00:28 | WARNING  | clean_data           | Column CHANGE (%): 495 values could not be converted to numeric
2026-07-06 16:00:28 | DEBUG    | clean_data           | Converted CHANGE (%) from str to numeric
2026-07-06 16:00:28 | DEBUG    | clean_data           | Converted VOLUME from int64 to numeric
2026-07-06 16:00:28 | INFO     | clean_data           | ✅ Data cleaned (495 rows, 16 columns)
2026-07-06 16:00:28 | DEBUG    | clean_data           | Final columns: ['SYMBOL', 'SECTOR', 'LDCP', 'OPEN', 'HIGH', 'LOW', 'CURRENT', 'CHANGE', 'CHANGE (%)', 'VOLUME', 'YEAR', 'MONTH', 'DAY', 'HOUR', 'MINUTE', 'DATETIME']
2026-07-06 16:00:28 | DEBUG    | get_file_path        | Generated file path: data/2026/07/2026-07-06.xlsx
2026-07-06 16:00:28 | INFO     | save_data            | Saving data to: data/2026/07/2026-07-06.xlsx
2026-07-06 16:00:28 | DEBUG    | _create_backup       | Backup created: data/2026/07/backups/2026-07-06_backup_20260706_160028.xlsx
2026-07-06 16:00:28 | DEBUG    | _cleanup_old_backups | Removed old backup: 2026-07-06_backup_20260706_153345.xlsx
2026-07-06 16:00:28 | DEBUG    | save_data            | Existing file found, merging data...
2026-07-06 16:00:33 | DEBUG    | save_data            | Loaded 52342 existing rows
2026-07-06 16:00:33 | DEBUG    | save_data            | Combined to 52837 rows
2026-07-06 16:00:33 | DEBUG    | save_data            | Writing to temporary file...
2026-07-06 16:00:43 | DEBUG    | save_data            | Data written to temp file: /home/runner/work/Thalorae-BackLioraen/Thalorae-BackLioraen/data/2026/07/tmp4_3ymjbp.xlsx
2026-07-06 16:00:43 | DEBUG    | save_data            | Temp file moved to final location
2026-07-06 16:00:43 | INFO     | save_data            | ✅ Data saved successfully (52837 total rows, 3,962,013 bytes)
2026-07-06 16:00:43 | INFO     | run                  | ======================================================================
2026-07-06 16:00:43 | INFO     | run                  | 📊 EXECUTION SUMMARY:
2026-07-06 16:00:43 | INFO     | run                  |    ✅ Status: SUCCESS
2026-07-06 16:00:43 | INFO     | run                  |    - Rows processed: 495
2026-07-06 16:00:43 | INFO     | run                  |    - Unique symbols: 495
2026-07-06 16:00:43 | INFO     | run                  |    - Timestamp: 2026-07-06 21:00:24
2026-07-06 16:00:43 | INFO     | run                  |    - File: data/2026/07/2026-07-06.xlsx
2026-07-06 16:00:43 | INFO     | run                  | ======================================================================
2026-07-06 16:00:43 | DEBUG    | run                  | Sample data (first row):
2026-07-06 16:00:43 | DEBUG    | run                  | {'SYMBOL': 'TPLP', 'SECTOR': 838, 'LDCP': 11.64, 'OPEN': 11.87, 'HIGH': 12.74, 'LOW': 11.87, 'CURRENT': 12.54, 'CHANGE': 0.9, 'CHANGE (%)': nan, 'VOLUME': 66770551, 'YEAR': 2026, 'MONTH': 7, 'DAY': 6, 'HOUR': 21, 'MINUTE': 0, 'DATETIME': '2026-07-06 21:00'}
2026-07-06 16:00:43 | DEBUG    | close                | Session closed
2026-07-06 16:05:44 | INFO     | run                  | ======================================================================
2026-07-06 16:05:44 | INFO     | run                  | 🚀 MARKET DATA SCRAPER - SINGLE EXECUTION
2026-07-06 16:05:44 | INFO     | run                  | ======================================================================
2026-07-06 16:05:44 | INFO     | run                  | Execution Time: 2026-07-06 21:05:44 PKT
2026-07-06 16:05:44 | INFO     | run                  | Configuration:
2026-07-06 16:05:44 | INFO     | run                  |    - Timezone: Asia/Karachi
2026-07-06 16:05:44 | INFO     | run                  |    - Data directory: data
2026-07-06 16:05:44 | INFO     | run                  |    - Log directory: logs
2026-07-06 16:05:44 | INFO     | run                  |    - Excluded symbols: {'XS', 'XR', 'XT', 'XD'}
2026-07-06 16:05:44 | INFO     | run                  | ======================================================================
2026-07-06 16:05:44 | INFO     | fetch_data           | Fetching data (Attempt 1/3)...
2026-07-06 16:05:44 | DEBUG    | fetch_data           | Establishing session with https://dps.psx.com.pk/
2026-07-06 16:05:48 | DEBUG    | fetch_data           | Requesting data from https://dps.psx.com.pk/market-watch
2026-07-06 16:05:49 | DEBUG    | fetch_data           | Response status: 200
2026-07-06 16:05:49 | DEBUG    | fetch_data           | Response content type: text/html; charset=utf-8
2026-07-06 16:05:49 | DEBUG    | fetch_data           | Response size: 475484 bytes
2026-07-06 16:05:49 | INFO     | fetch_data           | ✅ Data fetched successfully (Status: 200)
2026-07-06 16:05:49 | DEBUG    | parse_json           | Attempting JSON parsing...
2026-07-06 16:05:49 | DEBUG    | parse_json           | Response preview: <table class="tbl" data-page-length="25"><thead class="tbl__head"><!-- tr--><!--   th(colspan="11")--><!--   th.center(colspan="2", style="width: 110px;") TOTAL BUY ORDERS--><!--   th.center(colspan="2", style="width: 110px;") TOTAL SELL ORDERS--><tr><th data-name="symbol">SYMBOL</th><th data-name="sector">SECTOR</th><th data-name="listed">LISTED IN</th><th class="right" data-name="ldcp">LDCP</th><th class="right" data-name="open">OPEN</th><th class="right" data-name="high">HIGH</th><th class="r
2026-07-06 16:05:49 | WARNING  | parse_json           | ⚠️ JSON parsing failed: Expecting value: line 1 column 1 (char 0)
2026-07-06 16:05:49 | INFO     | run                  | JSON parsing failed, trying HTML fallback...
2026-07-06 16:05:49 | INFO     | parse_html           | Attempting HTML fallback parsing...
2026-07-06 16:05:49 | DEBUG    | parse_html           | Found 1 table(s) in HTML
2026-07-06 16:05:49 | DEBUG    | parse_html           | Table columns: ['SYMBOL', 'SECTOR', 'LISTED IN', 'LDCP', 'OPEN', 'HIGH', 'LOW', 'CURRENT', 'CHANGE', 'CHANGE (%)', 'VOLUME']
2026-07-06 16:05:49 | DEBUG    | parse_html           | Table shape: (495, 11)
2026-07-06 16:05:49 | INFO     | parse_html           | ✅ HTML parsed successfully (495 rows)
2026-07-06 16:05:49 | INFO     | clean_data           | Cleaning data...
2026-07-06 16:05:49 | DEBUG    | clean_data           | Initial shape: (495, 11)
2026-07-06 16:05:49 | DEBUG    | clean_data           | Initial columns: ['SYMBOL', 'SECTOR', 'LISTED IN', 'LDCP', 'OPEN', 'HIGH', 'LOW', 'CURRENT', 'CHANGE', 'CHANGE (%)', 'VOLUME']
2026-07-06 16:05:49 | DEBUG    | clean_data           | Removed 'LISTED IN' column
2026-07-06 16:05:49 | DEBUG    | clean_data           | Converted LDCP from float64 to numeric
2026-07-06 16:05:49 | DEBUG    | clean_data           | Converted OPEN from float64 to numeric
2026-07-06 16:05:49 | DEBUG    | clean_data           | Converted HIGH from float64 to numeric
2026-07-06 16:05:49 | DEBUG    | clean_data           | Converted LOW from float64 to numeric
2026-07-06 16:05:49 | DEBUG    | clean_data           | Converted CURRENT from float64 to numeric
2026-07-06 16:05:49 | DEBUG    | clean_data           | Converted CHANGE from float64 to numeric
2026-07-06 16:05:49 | WARNING  | clean_data           | Column CHANGE (%): 495 values could not be converted to numeric
2026-07-06 16:05:49 | DEBUG    | clean_data           | Converted CHANGE (%) from str to numeric
2026-07-06 16:05:49 | DEBUG    | clean_data           | Converted VOLUME from int64 to numeric
2026-07-06 16:05:49 | INFO     | clean_data           | ✅ Data cleaned (495 rows, 16 columns)
2026-07-06 16:05:49 | DEBUG    | clean_data           | Final columns: ['SYMBOL', 'SECTOR', 'LDCP', 'OPEN', 'HIGH', 'LOW', 'CURRENT', 'CHANGE', 'CHANGE (%)', 'VOLUME', 'YEAR', 'MONTH', 'DAY', 'HOUR', 'MINUTE', 'DATETIME']
2026-07-06 16:05:49 | DEBUG    | get_file_path        | Generated file path: data/2026/07/2026-07-06.xlsx
2026-07-06 16:05:49 | INFO     | save_data            | Saving data to: data/2026/07/2026-07-06.xlsx
2026-07-06 16:05:49 | DEBUG    | _create_backup       | Backup created: data/2026/07/backups/2026-07-06_backup_20260706_160549.xlsx
2026-07-06 16:05:49 | DEBUG    | _cleanup_old_backups | Removed old backup: 2026-07-06_backup_20260706_153905.xlsx
2026-07-06 16:05:49 | DEBUG    | save_data            | Existing file found, merging data...
2026-07-06 16:05:54 | DEBUG    | save_data            | Loaded 52837 existing rows
2026-07-06 16:05:54 | DEBUG    | save_data            | Combined to 53332 rows
2026-07-06 16:05:54 | DEBUG    | save_data            | Writing to temporary file...
2026-07-06 16:06:04 | DEBUG    | save_data            | Data written to temp file: /home/runner/work/Thalorae-BackLioraen/Thalorae-BackLioraen/data/2026/07/tmptwt6zp5u.xlsx
2026-07-06 16:06:04 | DEBUG    | save_data            | Temp file moved to final location
2026-07-06 16:06:04 | INFO     | save_data            | ✅ Data saved successfully (53332 total rows, 3,999,464 bytes)
2026-07-06 16:06:04 | INFO     | run                  | ======================================================================
2026-07-06 16:06:04 | INFO     | run                  | 📊 EXECUTION SUMMARY:
2026-07-06 16:06:04 | INFO     | run                  |    ✅ Status: SUCCESS
2026-07-06 16:06:04 | INFO     | run                  |    - Rows processed: 495
2026-07-06 16:06:04 | INFO     | run                  |    - Unique symbols: 495
2026-07-06 16:06:04 | INFO     | run                  |    - Timestamp: 2026-07-06 21:05:44
2026-07-06 16:06:04 | INFO     | run                  |    - File: data/2026/07/2026-07-06.xlsx
2026-07-06 16:06:04 | INFO     | run                  | ======================================================================
2026-07-06 16:06:04 | DEBUG    | run                  | Sample data (first row):
2026-07-06 16:06:04 | DEBUG    | run                  | {'SYMBOL': 'TPLP', 'SECTOR': 838, 'LDCP': 11.64, 'OPEN': 11.87, 'HIGH': 12.74, 'LOW': 11.87, 'CURRENT': 12.54, 'CHANGE': 0.9, 'CHANGE (%)': nan, 'VOLUME': 66770551, 'YEAR': 2026, 'MONTH': 7, 'DAY': 6, 'HOUR': 21, 'MINUTE': 5, 'DATETIME': '2026-07-06 21:05'}
2026-07-06 16:06:04 | DEBUG    | close                | Session closed
2026-07-06 16:11:05 | INFO     | run                  | ======================================================================
2026-07-06 16:11:05 | INFO     | run                  | 🚀 MARKET DATA SCRAPER - SINGLE EXECUTION
2026-07-06 16:11:05 | INFO     | run                  | ======================================================================
2026-07-06 16:11:05 | INFO     | run                  | Execution Time: 2026-07-06 21:11:05 PKT
2026-07-06 16:11:05 | INFO     | run                  | Configuration:
2026-07-06 16:11:05 | INFO     | run                  |    - Timezone: Asia/Karachi
2026-07-06 16:11:05 | INFO     | run                  |    - Data directory: data
2026-07-06 16:11:05 | INFO     | run                  |    - Log directory: logs
2026-07-06 16:11:05 | INFO     | run                  |    - Excluded symbols: {'XR', 'XD', 'XS', 'XT'}
2026-07-06 16:11:05 | INFO     | run                  | ======================================================================
2026-07-06 16:11:05 | INFO     | fetch_data           | Fetching data (Attempt 1/3)...
2026-07-06 16:11:05 | DEBUG    | fetch_data           | Establishing session with https://dps.psx.com.pk/
2026-07-06 16:11:08 | DEBUG    | fetch_data           | Requesting data from https://dps.psx.com.pk/market-watch
2026-07-06 16:11:10 | DEBUG    | fetch_data           | Response status: 200
2026-07-06 16:11:10 | DEBUG    | fetch_data           | Response content type: text/html; charset=utf-8
2026-07-06 16:11:10 | DEBUG    | fetch_data           | Response size: 475484 bytes
2026-07-06 16:11:10 | INFO     | fetch_data           | ✅ Data fetched successfully (Status: 200)
2026-07-06 16:11:10 | DEBUG    | parse_json           | Attempting JSON parsing...
2026-07-06 16:11:10 | DEBUG    | parse_json           | Response preview: <table class="tbl" data-page-length="25"><thead class="tbl__head"><!-- tr--><!--   th(colspan="11")--><!--   th.center(colspan="2", style="width: 110px;") TOTAL BUY ORDERS--><!--   th.center(colspan="2", style="width: 110px;") TOTAL SELL ORDERS--><tr><th data-name="symbol">SYMBOL</th><th data-name="sector">SECTOR</th><th data-name="listed">LISTED IN</th><th class="right" data-name="ldcp">LDCP</th><th class="right" data-name="open">OPEN</th><th class="right" data-name="high">HIGH</th><th class="r
2026-07-06 16:11:10 | WARNING  | parse_json           | ⚠️ JSON parsing failed: Expecting value: line 1 column 1 (char 0)
2026-07-06 16:11:10 | INFO     | run                  | JSON parsing failed, trying HTML fallback...
2026-07-06 16:11:10 | INFO     | parse_html           | Attempting HTML fallback parsing...
2026-07-06 16:11:10 | DEBUG    | parse_html           | Found 1 table(s) in HTML
2026-07-06 16:11:10 | DEBUG    | parse_html           | Table columns: ['SYMBOL', 'SECTOR', 'LISTED IN', 'LDCP', 'OPEN', 'HIGH', 'LOW', 'CURRENT', 'CHANGE', 'CHANGE (%)', 'VOLUME']
2026-07-06 16:11:10 | DEBUG    | parse_html           | Table shape: (495, 11)
2026-07-06 16:11:10 | INFO     | parse_html           | ✅ HTML parsed successfully (495 rows)
2026-07-06 16:11:10 | INFO     | clean_data           | Cleaning data...
2026-07-06 16:11:10 | DEBUG    | clean_data           | Initial shape: (495, 11)
2026-07-06 16:11:10 | DEBUG    | clean_data           | Initial columns: ['SYMBOL', 'SECTOR', 'LISTED IN', 'LDCP', 'OPEN', 'HIGH', 'LOW', 'CURRENT', 'CHANGE', 'CHANGE (%)', 'VOLUME']
2026-07-06 16:11:10 | DEBUG    | clean_data           | Removed 'LISTED IN' column
2026-07-06 16:11:10 | DEBUG    | clean_data           | Converted LDCP from float64 to numeric
2026-07-06 16:11:10 | DEBUG    | clean_data           | Converted OPEN from float64 to numeric
2026-07-06 16:11:10 | DEBUG    | clean_data           | Converted HIGH from float64 to numeric
2026-07-06 16:11:10 | DEBUG    | clean_data           | Converted LOW from float64 to numeric
2026-07-06 16:11:10 | DEBUG    | clean_data           | Converted CURRENT from float64 to numeric
2026-07-06 16:11:10 | DEBUG    | clean_data           | Converted CHANGE from float64 to numeric
2026-07-06 16:11:10 | WARNING  | clean_data           | Column CHANGE (%): 495 values could not be converted to numeric
2026-07-06 16:11:10 | DEBUG    | clean_data           | Converted CHANGE (%) from str to numeric
2026-07-06 16:11:10 | DEBUG    | clean_data           | Converted VOLUME from int64 to numeric
2026-07-06 16:11:10 | INFO     | clean_data           | ✅ Data cleaned (495 rows, 16 columns)
2026-07-06 16:11:10 | DEBUG    | clean_data           | Final columns: ['SYMBOL', 'SECTOR', 'LDCP', 'OPEN', 'HIGH', 'LOW', 'CURRENT', 'CHANGE', 'CHANGE (%)', 'VOLUME', 'YEAR', 'MONTH', 'DAY', 'HOUR', 'MINUTE', 'DATETIME']
2026-07-06 16:11:10 | DEBUG    | get_file_path        | Generated file path: data/2026/07/2026-07-06.xlsx
2026-07-06 16:11:10 | INFO     | save_data            | Saving data to: data/2026/07/2026-07-06.xlsx
2026-07-06 16:11:10 | DEBUG    | _create_backup       | Backup created: data/2026/07/backups/2026-07-06_backup_20260706_161110.xlsx
2026-07-06 16:11:10 | DEBUG    | _cleanup_old_backups | Removed old backup: 2026-07-06_backup_20260706_154425.xlsx
2026-07-06 16:11:10 | DEBUG    | save_data            | Existing file found, merging data...
2026-07-06 16:11:15 | DEBUG    | save_data            | Loaded 53332 existing rows
2026-07-06 16:11:15 | DEBUG    | save_data            | Combined to 53827 rows
2026-07-06 16:11:15 | DEBUG    | save_data            | Writing to temporary file...
2026-07-06 16:11:25 | DEBUG    | save_data            | Data written to temp file: /home/runner/work/Thalorae-BackLioraen/Thalorae-BackLioraen/data/2026/07/tmpn6fhbcw_.xlsx
2026-07-06 16:11:25 | DEBUG    | save_data            | Temp file moved to final location
2026-07-06 16:11:25 | INFO     | save_data            | ✅ Data saved successfully (53827 total rows, 4,036,979 bytes)
2026-07-06 16:11:25 | INFO     | run                  | ======================================================================
2026-07-06 16:11:25 | INFO     | run                  | 📊 EXECUTION SUMMARY:
2026-07-06 16:11:25 | INFO     | run                  |    ✅ Status: SUCCESS
2026-07-06 16:11:25 | INFO     | run                  |    - Rows processed: 495
2026-07-06 16:11:25 | INFO     | run                  |    - Unique symbols: 495
2026-07-06 16:11:25 | INFO     | run                  |    - Timestamp: 2026-07-06 21:11:05
2026-07-06 16:11:25 | INFO     | run                  |    - File: data/2026/07/2026-07-06.xlsx
2026-07-06 16:11:25 | INFO     | run                  | ======================================================================
2026-07-06 16:11:25 | DEBUG    | run                  | Sample data (first row):
2026-07-06 16:11:25 | DEBUG    | run                  | {'SYMBOL': 'TPLP', 'SECTOR': 838, 'LDCP': 11.64, 'OPEN': 11.87, 'HIGH': 12.74, 'LOW': 11.87, 'CURRENT': 12.54, 'CHANGE': 0.9, 'CHANGE (%)': nan, 'VOLUME': 66770551, 'YEAR': 2026, 'MONTH': 7, 'DAY': 6, 'HOUR': 21, 'MINUTE': 11, 'DATETIME': '2026-07-06 21:11'}
2026-07-06 16:11:25 | DEBUG    | close                | Session closed
2026-07-06 16:16:26 | INFO     | run                  | ======================================================================
2026-07-06 16:16:26 | INFO     | run                  | 🚀 MARKET DATA SCRAPER - SINGLE EXECUTION
2026-07-06 16:16:26 | INFO     | run                  | ======================================================================
2026-07-06 16:16:26 | INFO     | run                  | Execution Time: 2026-07-06 21:16:26 PKT
2026-07-06 16:16:26 | INFO     | run                  | Configuration:
2026-07-06 16:16:26 | INFO     | run                  |    - Timezone: Asia/Karachi
2026-07-06 16:16:26 | INFO     | run                  |    - Data directory: data
2026-07-06 16:16:26 | INFO     | run                  |    - Log directory: logs
2026-07-06 16:16:26 | INFO     | run                  |    - Excluded symbols: {'XT', 'XD', 'XR', 'XS'}
2026-07-06 16:16:26 | INFO     | run                  | ======================================================================
2026-07-06 16:16:26 | INFO     | fetch_data           | Fetching data (Attempt 1/3)...
2026-07-06 16:16:26 | DEBUG    | fetch_data           | Establishing session with https://dps.psx.com.pk/
2026-07-06 16:16:29 | DEBUG    | fetch_data           | Requesting data from https://dps.psx.com.pk/market-watch
2026-07-06 16:16:30 | DEBUG    | fetch_data           | Response status: 200
2026-07-06 16:16:30 | DEBUG    | fetch_data           | Response content type: text/html; charset=utf-8
2026-07-06 16:16:30 | DEBUG    | fetch_data           | Response size: 475484 bytes
2026-07-06 16:16:30 | INFO     | fetch_data           | ✅ Data fetched successfully (Status: 200)
2026-07-06 16:16:30 | DEBUG    | parse_json           | Attempting JSON parsing...
2026-07-06 16:16:30 | DEBUG    | parse_json           | Response preview: <table class="tbl" data-page-length="25"><thead class="tbl__head"><!-- tr--><!--   th(colspan="11")--><!--   th.center(colspan="2", style="width: 110px;") TOTAL BUY ORDERS--><!--   th.center(colspan="2", style="width: 110px;") TOTAL SELL ORDERS--><tr><th data-name="symbol">SYMBOL</th><th data-name="sector">SECTOR</th><th data-name="listed">LISTED IN</th><th class="right" data-name="ldcp">LDCP</th><th class="right" data-name="open">OPEN</th><th class="right" data-name="high">HIGH</th><th class="r
2026-07-06 16:16:30 | WARNING  | parse_json           | ⚠️ JSON parsing failed: Expecting value: line 1 column 1 (char 0)
2026-07-06 16:16:30 | INFO     | run                  | JSON parsing failed, trying HTML fallback...
2026-07-06 16:16:30 | INFO     | parse_html           | Attempting HTML fallback parsing...
2026-07-06 16:16:30 | DEBUG    | parse_html           | Found 1 table(s) in HTML
2026-07-06 16:16:30 | DEBUG    | parse_html           | Table columns: ['SYMBOL', 'SECTOR', 'LISTED IN', 'LDCP', 'OPEN', 'HIGH', 'LOW', 'CURRENT', 'CHANGE', 'CHANGE (%)', 'VOLUME']
2026-07-06 16:16:30 | DEBUG    | parse_html           | Table shape: (495, 11)
2026-07-06 16:16:30 | INFO     | parse_html           | ✅ HTML parsed successfully (495 rows)
2026-07-06 16:16:30 | INFO     | clean_data           | Cleaning data...
2026-07-06 16:16:30 | DEBUG    | clean_data           | Initial shape: (495, 11)
2026-07-06 16:16:30 | DEBUG    | clean_data           | Initial columns: ['SYMBOL', 'SECTOR', 'LISTED IN', 'LDCP', 'OPEN', 'HIGH', 'LOW', 'CURRENT', 'CHANGE', 'CHANGE (%)', 'VOLUME']
2026-07-06 16:16:30 | DEBUG    | clean_data           | Removed 'LISTED IN' column
2026-07-06 16:16:30 | DEBUG    | clean_data           | Converted LDCP from float64 to numeric
2026-07-06 16:16:30 | DEBUG    | clean_data           | Converted OPEN from float64 to numeric
2026-07-06 16:16:30 | DEBUG    | clean_data           | Converted HIGH from float64 to numeric
2026-07-06 16:16:30 | DEBUG    | clean_data           | Converted LOW from float64 to numeric
2026-07-06 16:16:30 | DEBUG    | clean_data           | Converted CURRENT from float64 to numeric
2026-07-06 16:16:30 | DEBUG    | clean_data           | Converted CHANGE from float64 to numeric
2026-07-06 16:16:30 | WARNING  | clean_data           | Column CHANGE (%): 495 values could not be converted to numeric
2026-07-06 16:16:30 | DEBUG    | clean_data           | Converted CHANGE (%) from str to numeric
2026-07-06 16:16:30 | DEBUG    | clean_data           | Converted VOLUME from int64 to numeric
2026-07-06 16:16:30 | INFO     | clean_data           | ✅ Data cleaned (495 rows, 16 columns)
2026-07-06 16:16:30 | DEBUG    | clean_data           | Final columns: ['SYMBOL', 'SECTOR', 'LDCP', 'OPEN', 'HIGH', 'LOW', 'CURRENT', 'CHANGE', 'CHANGE (%)', 'VOLUME', 'YEAR', 'MONTH', 'DAY', 'HOUR', 'MINUTE', 'DATETIME']
2026-07-06 16:16:30 | DEBUG    | get_file_path        | Generated file path: data/2026/07/2026-07-06.xlsx
2026-07-06 16:16:30 | INFO     | save_data            | Saving data to: data/2026/07/2026-07-06.xlsx
2026-07-06 16:16:30 | DEBUG    | _create_backup       | Backup created: data/2026/07/backups/2026-07-06_backup_20260706_161630.xlsx
2026-07-06 16:16:30 | DEBUG    | _cleanup_old_backups | Removed old backup: 2026-07-06_backup_20260706_154946.xlsx
2026-07-06 16:16:30 | DEBUG    | save_data            | Existing file found, merging data...
2026-07-06 16:16:36 | DEBUG    | save_data            | Loaded 53827 existing rows
2026-07-06 16:16:36 | DEBUG    | save_data            | Combined to 54322 rows
2026-07-06 16:16:36 | DEBUG    | save_data            | Writing to temporary file...
2026-07-06 16:16:46 | DEBUG    | save_data            | Data written to temp file: /home/runner/work/Thalorae-BackLioraen/Thalorae-BackLioraen/data/2026/07/tmp06ey4t1u.xlsx
2026-07-06 16:16:46 | DEBUG    | save_data            | Temp file moved to final location
2026-07-06 16:16:46 | INFO     | save_data            | ✅ Data saved successfully (54322 total rows, 4,074,475 bytes)
2026-07-06 16:16:46 | INFO     | run                  | ======================================================================
2026-07-06 16:16:46 | INFO     | run                  | 📊 EXECUTION SUMMARY:
2026-07-06 16:16:46 | INFO     | run                  |    ✅ Status: SUCCESS
2026-07-06 16:16:46 | INFO     | run                  |    - Rows processed: 495
2026-07-06 16:16:46 | INFO     | run                  |    - Unique symbols: 495
2026-07-06 16:16:46 | INFO     | run                  |    - Timestamp: 2026-07-06 21:16:26
2026-07-06 16:16:46 | INFO     | run                  |    - File: data/2026/07/2026-07-06.xlsx
2026-07-06 16:16:46 | INFO     | run                  | ======================================================================
2026-07-06 16:16:46 | DEBUG    | run                  | Sample data (first row):
2026-07-06 16:16:46 | DEBUG    | run                  | {'SYMBOL': 'TPLP', 'SECTOR': 838, 'LDCP': 11.64, 'OPEN': 11.87, 'HIGH': 12.74, 'LOW': 11.87, 'CURRENT': 12.54, 'CHANGE': 0.9, 'CHANGE (%)': nan, 'VOLUME': 66770551, 'YEAR': 2026, 'MONTH': 7, 'DAY': 6, 'HOUR': 21, 'MINUTE': 16, 'DATETIME': '2026-07-06 21:16'}
2026-07-06 16:16:46 | DEBUG    | close                | Session closed
2026-07-06 16:21:46 | INFO     | run                  | ======================================================================
2026-07-06 16:21:46 | INFO     | run                  | 🚀 MARKET DATA SCRAPER - SINGLE EXECUTION
2026-07-06 16:21:46 | INFO     | run                  | ======================================================================
2026-07-06 16:21:46 | INFO     | run                  | Execution Time: 2026-07-06 21:21:46 PKT
2026-07-06 16:21:46 | INFO     | run                  | Configuration:
2026-07-06 16:21:46 | INFO     | run                  |    - Timezone: Asia/Karachi
2026-07-06 16:21:46 | INFO     | run                  |    - Data directory: data
2026-07-06 16:21:46 | INFO     | run                  |    - Log directory: logs
2026-07-06 16:21:46 | INFO     | run                  |    - Excluded symbols: {'XT', 'XD', 'XS', 'XR'}
2026-07-06 16:21:46 | INFO     | run                  | ======================================================================
2026-07-06 16:21:46 | INFO     | fetch_data           | Fetching data (Attempt 1/3)...
2026-07-06 16:21:46 | DEBUG    | fetch_data           | Establishing session with https://dps.psx.com.pk/
2026-07-06 16:21:49 | DEBUG    | fetch_data           | Requesting data from https://dps.psx.com.pk/market-watch
2026-07-06 16:21:51 | DEBUG    | fetch_data           | Response status: 200
2026-07-06 16:21:51 | DEBUG    | fetch_data           | Response content type: text/html; charset=utf-8
2026-07-06 16:21:51 | DEBUG    | fetch_data           | Response size: 475484 bytes
2026-07-06 16:21:51 | INFO     | fetch_data           | ✅ Data fetched successfully (Status: 200)
2026-07-06 16:21:51 | DEBUG    | parse_json           | Attempting JSON parsing...
2026-07-06 16:21:51 | DEBUG    | parse_json           | Response preview: <table class="tbl" data-page-length="25"><thead class="tbl__head"><!-- tr--><!--   th(colspan="11")--><!--   th.center(colspan="2", style="width: 110px;") TOTAL BUY ORDERS--><!--   th.center(colspan="2", style="width: 110px;") TOTAL SELL ORDERS--><tr><th data-name="symbol">SYMBOL</th><th data-name="sector">SECTOR</th><th data-name="listed">LISTED IN</th><th class="right" data-name="ldcp">LDCP</th><th class="right" data-name="open">OPEN</th><th class="right" data-name="high">HIGH</th><th class="r
2026-07-06 16:21:51 | WARNING  | parse_json           | ⚠️ JSON parsing failed: Expecting value: line 1 column 1 (char 0)
2026-07-06 16:21:51 | INFO     | run                  | JSON parsing failed, trying HTML fallback...
2026-07-06 16:21:51 | INFO     | parse_html           | Attempting HTML fallback parsing...
2026-07-06 16:21:51 | DEBUG    | parse_html           | Found 1 table(s) in HTML
2026-07-06 16:21:51 | DEBUG    | parse_html           | Table columns: ['SYMBOL', 'SECTOR', 'LISTED IN', 'LDCP', 'OPEN', 'HIGH', 'LOW', 'CURRENT', 'CHANGE', 'CHANGE (%)', 'VOLUME']
2026-07-06 16:21:51 | DEBUG    | parse_html           | Table shape: (495, 11)
2026-07-06 16:21:51 | INFO     | parse_html           | ✅ HTML parsed successfully (495 rows)
2026-07-06 16:21:51 | INFO     | clean_data           | Cleaning data...
2026-07-06 16:21:51 | DEBUG    | clean_data           | Initial shape: (495, 11)
2026-07-06 16:21:51 | DEBUG    | clean_data           | Initial columns: ['SYMBOL', 'SECTOR', 'LISTED IN', 'LDCP', 'OPEN', 'HIGH', 'LOW', 'CURRENT', 'CHANGE', 'CHANGE (%)', 'VOLUME']
2026-07-06 16:21:51 | DEBUG    | clean_data           | Removed 'LISTED IN' column
2026-07-06 16:21:51 | DEBUG    | clean_data           | Converted LDCP from float64 to numeric
2026-07-06 16:21:51 | DEBUG    | clean_data           | Converted OPEN from float64 to numeric
2026-07-06 16:21:51 | DEBUG    | clean_data           | Converted HIGH from float64 to numeric
2026-07-06 16:21:51 | DEBUG    | clean_data           | Converted LOW from float64 to numeric
2026-07-06 16:21:51 | DEBUG    | clean_data           | Converted CURRENT from float64 to numeric
2026-07-06 16:21:51 | DEBUG    | clean_data           | Converted CHANGE from float64 to numeric
2026-07-06 16:21:51 | WARNING  | clean_data           | Column CHANGE (%): 495 values could not be converted to numeric
2026-07-06 16:21:51 | DEBUG    | clean_data           | Converted CHANGE (%) from str to numeric
2026-07-06 16:21:51 | DEBUG    | clean_data           | Converted VOLUME from int64 to numeric
2026-07-06 16:21:51 | INFO     | clean_data           | ✅ Data cleaned (495 rows, 16 columns)
2026-07-06 16:21:51 | DEBUG    | clean_data           | Final columns: ['SYMBOL', 'SECTOR', 'LDCP', 'OPEN', 'HIGH', 'LOW', 'CURRENT', 'CHANGE', 'CHANGE (%)', 'VOLUME', 'YEAR', 'MONTH', 'DAY', 'HOUR', 'MINUTE', 'DATETIME']
2026-07-06 16:21:51 | DEBUG    | get_file_path        | Generated file path: data/2026/07/2026-07-06.xlsx
2026-07-06 16:21:51 | INFO     | save_data            | Saving data to: data/2026/07/2026-07-06.xlsx
2026-07-06 16:21:51 | DEBUG    | _create_backup       | Backup created: data/2026/07/backups/2026-07-06_backup_20260706_162151.xlsx
2026-07-06 16:21:51 | DEBUG    | _cleanup_old_backups | Removed old backup: 2026-07-06_backup_20260706_155508.xlsx
2026-07-06 16:21:51 | DEBUG    | save_data            | Existing file found, merging data...
2026-07-06 16:21:56 | DEBUG    | save_data            | Loaded 54322 existing rows
2026-07-06 16:21:56 | DEBUG    | save_data            | Combined to 54817 rows
2026-07-06 16:21:56 | DEBUG    | save_data            | Writing to temporary file...
2026-07-06 16:22:06 | DEBUG    | save_data            | Data written to temp file: /home/runner/work/Thalorae-BackLioraen/Thalorae-BackLioraen/data/2026/07/tmphkk4jryk.xlsx
2026-07-06 16:22:06 | DEBUG    | save_data            | Temp file moved to final location
2026-07-06 16:22:06 | INFO     | save_data            | ✅ Data saved successfully (54817 total rows, 4,111,770 bytes)
2026-07-06 16:22:06 | INFO     | run                  | ======================================================================
2026-07-06 16:22:06 | INFO     | run                  | 📊 EXECUTION SUMMARY:
2026-07-06 16:22:06 | INFO     | run                  |    ✅ Status: SUCCESS
2026-07-06 16:22:06 | INFO     | run                  |    - Rows processed: 495
2026-07-06 16:22:06 | INFO     | run                  |    - Unique symbols: 495
2026-07-06 16:22:06 | INFO     | run                  |    - Timestamp: 2026-07-06 21:21:46
2026-07-06 16:22:06 | INFO     | run                  |    - File: data/2026/07/2026-07-06.xlsx
2026-07-06 16:22:06 | INFO     | run                  | ======================================================================
2026-07-06 16:22:06 | DEBUG    | run                  | Sample data (first row):
2026-07-06 16:22:06 | DEBUG    | run                  | {'SYMBOL': 'TPLP', 'SECTOR': 838, 'LDCP': 11.64, 'OPEN': 11.87, 'HIGH': 12.74, 'LOW': 11.87, 'CURRENT': 12.54, 'CHANGE': 0.9, 'CHANGE (%)': nan, 'VOLUME': 66770551, 'YEAR': 2026, 'MONTH': 7, 'DAY': 6, 'HOUR': 21, 'MINUTE': 21, 'DATETIME': '2026-07-06 21:21'}
2026-07-06 16:22:06 | DEBUG    | close                | Session closed
2026-07-06 16:27:07 | INFO     | run                  | ======================================================================
2026-07-06 16:27:07 | INFO     | run                  | 🚀 MARKET DATA SCRAPER - SINGLE EXECUTION
2026-07-06 16:27:07 | INFO     | run                  | ======================================================================
2026-07-06 16:27:07 | INFO     | run                  | Execution Time: 2026-07-06 21:27:07 PKT
2026-07-06 16:27:07 | INFO     | run                  | Configuration:
2026-07-06 16:27:07 | INFO     | run                  |    - Timezone: Asia/Karachi
2026-07-06 16:27:07 | INFO     | run                  |    - Data directory: data
2026-07-06 16:27:07 | INFO     | run                  |    - Log directory: logs
2026-07-06 16:27:07 | INFO     | run                  |    - Excluded symbols: {'XD', 'XS', 'XT', 'XR'}
2026-07-06 16:27:07 | INFO     | run                  | ======================================================================
2026-07-06 16:27:07 | INFO     | fetch_data           | Fetching data (Attempt 1/3)...
2026-07-06 16:27:07 | DEBUG    | fetch_data           | Establishing session with https://dps.psx.com.pk/
2026-07-06 16:27:10 | DEBUG    | fetch_data           | Requesting data from https://dps.psx.com.pk/market-watch
2026-07-06 16:27:12 | DEBUG    | fetch_data           | Response status: 200
2026-07-06 16:27:12 | DEBUG    | fetch_data           | Response content type: text/html; charset=utf-8
2026-07-06 16:27:12 | DEBUG    | fetch_data           | Response size: 475484 bytes
2026-07-06 16:27:12 | INFO     | fetch_data           | ✅ Data fetched successfully (Status: 200)
2026-07-06 16:27:12 | DEBUG    | parse_json           | Attempting JSON parsing...
2026-07-06 16:27:12 | DEBUG    | parse_json           | Response preview: <table class="tbl" data-page-length="25"><thead class="tbl__head"><!-- tr--><!--   th(colspan="11")--><!--   th.center(colspan="2", style="width: 110px;") TOTAL BUY ORDERS--><!--   th.center(colspan="2", style="width: 110px;") TOTAL SELL ORDERS--><tr><th data-name="symbol">SYMBOL</th><th data-name="sector">SECTOR</th><th data-name="listed">LISTED IN</th><th class="right" data-name="ldcp">LDCP</th><th class="right" data-name="open">OPEN</th><th class="right" data-name="high">HIGH</th><th class="r
2026-07-06 16:27:12 | WARNING  | parse_json           | ⚠️ JSON parsing failed: Expecting value: line 1 column 1 (char 0)
2026-07-06 16:27:12 | INFO     | run                  | JSON parsing failed, trying HTML fallback...
2026-07-06 16:27:12 | INFO     | parse_html           | Attempting HTML fallback parsing...
2026-07-06 16:27:12 | DEBUG    | parse_html           | Found 1 table(s) in HTML
2026-07-06 16:27:12 | DEBUG    | parse_html           | Table columns: ['SYMBOL', 'SECTOR', 'LISTED IN', 'LDCP', 'OPEN', 'HIGH', 'LOW', 'CURRENT', 'CHANGE', 'CHANGE (%)', 'VOLUME']
2026-07-06 16:27:12 | DEBUG    | parse_html           | Table shape: (495, 11)
2026-07-06 16:27:12 | INFO     | parse_html           | ✅ HTML parsed successfully (495 rows)
2026-07-06 16:27:12 | INFO     | clean_data           | Cleaning data...
2026-07-06 16:27:12 | DEBUG    | clean_data           | Initial shape: (495, 11)
2026-07-06 16:27:12 | DEBUG    | clean_data           | Initial columns: ['SYMBOL', 'SECTOR', 'LISTED IN', 'LDCP', 'OPEN', 'HIGH', 'LOW', 'CURRENT', 'CHANGE', 'CHANGE (%)', 'VOLUME']
2026-07-06 16:27:12 | DEBUG    | clean_data           | Removed 'LISTED IN' column
2026-07-06 16:27:12 | DEBUG    | clean_data           | Converted LDCP from float64 to numeric
2026-07-06 16:27:12 | DEBUG    | clean_data           | Converted OPEN from float64 to numeric
2026-07-06 16:27:12 | DEBUG    | clean_data           | Converted HIGH from float64 to numeric
2026-07-06 16:27:12 | DEBUG    | clean_data           | Converted LOW from float64 to numeric
2026-07-06 16:27:12 | DEBUG    | clean_data           | Converted CURRENT from float64 to numeric
2026-07-06 16:27:12 | DEBUG    | clean_data           | Converted CHANGE from float64 to numeric
2026-07-06 16:27:12 | WARNING  | clean_data           | Column CHANGE (%): 495 values could not be converted to numeric
2026-07-06 16:27:12 | DEBUG    | clean_data           | Converted CHANGE (%) from str to numeric
2026-07-06 16:27:12 | DEBUG    | clean_data           | Converted VOLUME from int64 to numeric
2026-07-06 16:27:12 | INFO     | clean_data           | ✅ Data cleaned (495 rows, 16 columns)
2026-07-06 16:27:12 | DEBUG    | clean_data           | Final columns: ['SYMBOL', 'SECTOR', 'LDCP', 'OPEN', 'HIGH', 'LOW', 'CURRENT', 'CHANGE', 'CHANGE (%)', 'VOLUME', 'YEAR', 'MONTH', 'DAY', 'HOUR', 'MINUTE', 'DATETIME']
2026-07-06 16:27:12 | DEBUG    | get_file_path        | Generated file path: data/2026/07/2026-07-06.xlsx
2026-07-06 16:27:12 | INFO     | save_data            | Saving data to: data/2026/07/2026-07-06.xlsx
2026-07-06 16:27:12 | DEBUG    | _create_backup       | Backup created: data/2026/07/backups/2026-07-06_backup_20260706_162712.xlsx
2026-07-06 16:27:12 | DEBUG    | _cleanup_old_backups | Removed old backup: 2026-07-06_backup_20260706_160028.xlsx
2026-07-06 16:27:12 | DEBUG    | save_data            | Existing file found, merging data...
2026-07-06 16:27:18 | DEBUG    | save_data            | Loaded 54817 existing rows
2026-07-06 16:27:18 | DEBUG    | save_data            | Combined to 55312 rows
2026-07-06 16:27:18 | DEBUG    | save_data            | Writing to temporary file...
2026-07-06 16:27:28 | DEBUG    | save_data            | Data written to temp file: /home/runner/work/Thalorae-BackLioraen/Thalorae-BackLioraen/data/2026/07/tmpzrpiyglx.xlsx
2026-07-06 16:27:28 | DEBUG    | save_data            | Temp file moved to final location
2026-07-06 16:27:28 | INFO     | save_data            | ✅ Data saved successfully (55312 total rows, 4,149,259 bytes)
2026-07-06 16:27:28 | INFO     | run                  | ======================================================================
2026-07-06 16:27:28 | INFO     | run                  | 📊 EXECUTION SUMMARY:
2026-07-06 16:27:28 | INFO     | run                  |    ✅ Status: SUCCESS
2026-07-06 16:27:28 | INFO     | run                  |    - Rows processed: 495
2026-07-06 16:27:28 | INFO     | run                  |    - Unique symbols: 495
2026-07-06 16:27:28 | INFO     | run                  |    - Timestamp: 2026-07-06 21:27:07
2026-07-06 16:27:28 | INFO     | run                  |    - File: data/2026/07/2026-07-06.xlsx
2026-07-06 16:27:28 | INFO     | run                  | ======================================================================
2026-07-06 16:27:28 | DEBUG    | run                  | Sample data (first row):
2026-07-06 16:27:28 | DEBUG    | run                  | {'SYMBOL': 'TPLP', 'SECTOR': 838, 'LDCP': 11.64, 'OPEN': 11.87, 'HIGH': 12.74, 'LOW': 11.87, 'CURRENT': 12.54, 'CHANGE': 0.9, 'CHANGE (%)': nan, 'VOLUME': 66770551, 'YEAR': 2026, 'MONTH': 7, 'DAY': 6, 'HOUR': 21, 'MINUTE': 27, 'DATETIME': '2026-07-06 21:27'}
2026-07-06 16:27:28 | DEBUG    | close                | Session closed
2026-07-06 16:32:29 | INFO     | run                  | ======================================================================
2026-07-06 16:32:29 | INFO     | run                  | 🚀 MARKET DATA SCRAPER - SINGLE EXECUTION
2026-07-06 16:32:29 | INFO     | run                  | ======================================================================
2026-07-06 16:32:29 | INFO     | run                  | Execution Time: 2026-07-06 21:32:29 PKT
2026-07-06 16:32:29 | INFO     | run                  | Configuration:
2026-07-06 16:32:29 | INFO     | run                  |    - Timezone: Asia/Karachi
2026-07-06 16:32:29 | INFO     | run                  |    - Data directory: data
2026-07-06 16:32:29 | INFO     | run                  |    - Log directory: logs
2026-07-06 16:32:29 | INFO     | run                  |    - Excluded symbols: {'XD', 'XS', 'XT', 'XR'}
2026-07-06 16:32:29 | INFO     | run                  | ======================================================================
2026-07-06 16:32:29 | INFO     | fetch_data           | Fetching data (Attempt 1/3)...
2026-07-06 16:32:29 | DEBUG    | fetch_data           | Establishing session with https://dps.psx.com.pk/
2026-07-06 16:32:31 | DEBUG    | fetch_data           | Requesting data from https://dps.psx.com.pk/market-watch
2026-07-06 16:32:33 | DEBUG    | fetch_data           | Response status: 200
2026-07-06 16:32:33 | DEBUG    | fetch_data           | Response content type: text/html; charset=utf-8
2026-07-06 16:32:33 | DEBUG    | fetch_data           | Response size: 475484 bytes
2026-07-06 16:32:33 | INFO     | fetch_data           | ✅ Data fetched successfully (Status: 200)
2026-07-06 16:32:33 | DEBUG    | parse_json           | Attempting JSON parsing...
2026-07-06 16:32:33 | DEBUG    | parse_json           | Response preview: <table class="tbl" data-page-length="25"><thead class="tbl__head"><!-- tr--><!--   th(colspan="11")--><!--   th.center(colspan="2", style="width: 110px;") TOTAL BUY ORDERS--><!--   th.center(colspan="2", style="width: 110px;") TOTAL SELL ORDERS--><tr><th data-name="symbol">SYMBOL</th><th data-name="sector">SECTOR</th><th data-name="listed">LISTED IN</th><th class="right" data-name="ldcp">LDCP</th><th class="right" data-name="open">OPEN</th><th class="right" data-name="high">HIGH</th><th class="r
2026-07-06 16:32:33 | WARNING  | parse_json           | ⚠️ JSON parsing failed: Expecting value: line 1 column 1 (char 0)
2026-07-06 16:32:33 | INFO     | run                  | JSON parsing failed, trying HTML fallback...
2026-07-06 16:32:33 | INFO     | parse_html           | Attempting HTML fallback parsing...
2026-07-06 16:32:33 | DEBUG    | parse_html           | Found 1 table(s) in HTML
2026-07-06 16:32:33 | DEBUG    | parse_html           | Table columns: ['SYMBOL', 'SECTOR', 'LISTED IN', 'LDCP', 'OPEN', 'HIGH', 'LOW', 'CURRENT', 'CHANGE', 'CHANGE (%)', 'VOLUME']
2026-07-06 16:32:33 | DEBUG    | parse_html           | Table shape: (495, 11)
2026-07-06 16:32:33 | INFO     | parse_html           | ✅ HTML parsed successfully (495 rows)
2026-07-06 16:32:33 | INFO     | clean_data           | Cleaning data...
2026-07-06 16:32:33 | DEBUG    | clean_data           | Initial shape: (495, 11)
2026-07-06 16:32:33 | DEBUG    | clean_data           | Initial columns: ['SYMBOL', 'SECTOR', 'LISTED IN', 'LDCP', 'OPEN', 'HIGH', 'LOW', 'CURRENT', 'CHANGE', 'CHANGE (%)', 'VOLUME']
2026-07-06 16:32:33 | DEBUG    | clean_data           | Removed 'LISTED IN' column
2026-07-06 16:32:33 | DEBUG    | clean_data           | Converted LDCP from float64 to numeric
2026-07-06 16:32:33 | DEBUG    | clean_data           | Converted OPEN from float64 to numeric
2026-07-06 16:32:33 | DEBUG    | clean_data           | Converted HIGH from float64 to numeric
2026-07-06 16:32:33 | DEBUG    | clean_data           | Converted LOW from float64 to numeric
2026-07-06 16:32:33 | DEBUG    | clean_data           | Converted CURRENT from float64 to numeric
2026-07-06 16:32:33 | DEBUG    | clean_data           | Converted CHANGE from float64 to numeric
2026-07-06 16:32:33 | WARNING  | clean_data           | Column CHANGE (%): 495 values could not be converted to numeric
2026-07-06 16:32:33 | DEBUG    | clean_data           | Converted CHANGE (%) from str to numeric
2026-07-06 16:32:33 | DEBUG    | clean_data           | Converted VOLUME from int64 to numeric
2026-07-06 16:32:33 | INFO     | clean_data           | ✅ Data cleaned (495 rows, 16 columns)
2026-07-06 16:32:33 | DEBUG    | clean_data           | Final columns: ['SYMBOL', 'SECTOR', 'LDCP', 'OPEN', 'HIGH', 'LOW', 'CURRENT', 'CHANGE', 'CHANGE (%)', 'VOLUME', 'YEAR', 'MONTH', 'DAY', 'HOUR', 'MINUTE', 'DATETIME']
2026-07-06 16:32:33 | DEBUG    | get_file_path        | Generated file path: data/2026/07/2026-07-06.xlsx
2026-07-06 16:32:33 | INFO     | save_data            | Saving data to: data/2026/07/2026-07-06.xlsx
2026-07-06 16:32:33 | DEBUG    | _create_backup       | Backup created: data/2026/07/backups/2026-07-06_backup_20260706_163233.xlsx
2026-07-06 16:32:33 | DEBUG    | _cleanup_old_backups | Removed old backup: 2026-07-06_backup_20260706_160549.xlsx
2026-07-06 16:32:33 | DEBUG    | save_data            | Existing file found, merging data...
2026-07-06 16:32:38 | DEBUG    | save_data            | Loaded 55312 existing rows
2026-07-06 16:32:38 | DEBUG    | save_data            | Combined to 55807 rows
2026-07-06 16:32:38 | DEBUG    | save_data            | Writing to temporary file...
2026-07-06 16:32:49 | DEBUG    | save_data            | Data written to temp file: /home/runner/work/Thalorae-BackLioraen/Thalorae-BackLioraen/data/2026/07/tmpsaoq6a8_.xlsx
2026-07-06 16:32:49 | DEBUG    | save_data            | Temp file moved to final location
2026-07-06 16:32:49 | INFO     | save_data            | ✅ Data saved successfully (55807 total rows, 4,186,735 bytes)
2026-07-06 16:32:49 | INFO     | run                  | ======================================================================
2026-07-06 16:32:49 | INFO     | run                  | 📊 EXECUTION SUMMARY:
2026-07-06 16:32:49 | INFO     | run                  |    ✅ Status: SUCCESS
2026-07-06 16:32:49 | INFO     | run                  |    - Rows processed: 495
2026-07-06 16:32:49 | INFO     | run                  |    - Unique symbols: 495
2026-07-06 16:32:49 | INFO     | run                  |    - Timestamp: 2026-07-06 21:32:29
2026-07-06 16:32:49 | INFO     | run                  |    - File: data/2026/07/2026-07-06.xlsx
2026-07-06 16:32:49 | INFO     | run                  | ======================================================================
2026-07-06 16:32:49 | DEBUG    | run                  | Sample data (first row):
2026-07-06 16:32:49 | DEBUG    | run                  | {'SYMBOL': 'TPLP', 'SECTOR': 838, 'LDCP': 11.64, 'OPEN': 11.87, 'HIGH': 12.74, 'LOW': 11.87, 'CURRENT': 12.54, 'CHANGE': 0.9, 'CHANGE (%)': nan, 'VOLUME': 66770551, 'YEAR': 2026, 'MONTH': 7, 'DAY': 6, 'HOUR': 21, 'MINUTE': 32, 'DATETIME': '2026-07-06 21:32'}
2026-07-06 16:32:49 | DEBUG    | close                | Session closed
2026-07-06 16:37:49 | INFO     | run                  | ======================================================================
2026-07-06 16:37:49 | INFO     | run                  | 🚀 MARKET DATA SCRAPER - SINGLE EXECUTION
2026-07-06 16:37:49 | INFO     | run                  | ======================================================================
2026-07-06 16:37:49 | INFO     | run                  | Execution Time: 2026-07-06 21:37:49 PKT
2026-07-06 16:37:49 | INFO     | run                  | Configuration:
2026-07-06 16:37:49 | INFO     | run                  |    - Timezone: Asia/Karachi
2026-07-06 16:37:49 | INFO     | run                  |    - Data directory: data
2026-07-06 16:37:49 | INFO     | run                  |    - Log directory: logs
2026-07-06 16:37:49 | INFO     | run                  |    - Excluded symbols: {'XR', 'XS', 'XD', 'XT'}
2026-07-06 16:37:49 | INFO     | run                  | ======================================================================
2026-07-06 16:37:49 | INFO     | fetch_data           | Fetching data (Attempt 1/3)...
2026-07-06 16:37:49 | DEBUG    | fetch_data           | Establishing session with https://dps.psx.com.pk/
2026-07-06 16:37:52 | DEBUG    | fetch_data           | Requesting data from https://dps.psx.com.pk/market-watch
2026-07-06 16:37:53 | DEBUG    | fetch_data           | Response status: 200
2026-07-06 16:37:53 | DEBUG    | fetch_data           | Response content type: text/html; charset=utf-8
2026-07-06 16:37:53 | DEBUG    | fetch_data           | Response size: 475484 bytes
2026-07-06 16:37:53 | INFO     | fetch_data           | ✅ Data fetched successfully (Status: 200)
2026-07-06 16:37:53 | DEBUG    | parse_json           | Attempting JSON parsing...
2026-07-06 16:37:53 | DEBUG    | parse_json           | Response preview: <table class="tbl" data-page-length="25"><thead class="tbl__head"><!-- tr--><!--   th(colspan="11")--><!--   th.center(colspan="2", style="width: 110px;") TOTAL BUY ORDERS--><!--   th.center(colspan="2", style="width: 110px;") TOTAL SELL ORDERS--><tr><th data-name="symbol">SYMBOL</th><th data-name="sector">SECTOR</th><th data-name="listed">LISTED IN</th><th class="right" data-name="ldcp">LDCP</th><th class="right" data-name="open">OPEN</th><th class="right" data-name="high">HIGH</th><th class="r
2026-07-06 16:37:53 | WARNING  | parse_json           | ⚠️ JSON parsing failed: Expecting value: line 1 column 1 (char 0)
2026-07-06 16:37:53 | INFO     | run                  | JSON parsing failed, trying HTML fallback...
2026-07-06 16:37:53 | INFO     | parse_html           | Attempting HTML fallback parsing...
2026-07-06 16:37:54 | DEBUG    | parse_html           | Found 1 table(s) in HTML
2026-07-06 16:37:54 | DEBUG    | parse_html           | Table columns: ['SYMBOL', 'SECTOR', 'LISTED IN', 'LDCP', 'OPEN', 'HIGH', 'LOW', 'CURRENT', 'CHANGE', 'CHANGE (%)', 'VOLUME']
2026-07-06 16:37:54 | DEBUG    | parse_html           | Table shape: (495, 11)
2026-07-06 16:37:54 | INFO     | parse_html           | ✅ HTML parsed successfully (495 rows)
2026-07-06 16:37:54 | INFO     | clean_data           | Cleaning data...
2026-07-06 16:37:54 | DEBUG    | clean_data           | Initial shape: (495, 11)
2026-07-06 16:37:54 | DEBUG    | clean_data           | Initial columns: ['SYMBOL', 'SECTOR', 'LISTED IN', 'LDCP', 'OPEN', 'HIGH', 'LOW', 'CURRENT', 'CHANGE', 'CHANGE (%)', 'VOLUME']
2026-07-06 16:37:54 | DEBUG    | clean_data           | Removed 'LISTED IN' column
2026-07-06 16:37:54 | DEBUG    | clean_data           | Converted LDCP from float64 to numeric
2026-07-06 16:37:54 | DEBUG    | clean_data           | Converted OPEN from float64 to numeric
2026-07-06 16:37:54 | DEBUG    | clean_data           | Converted HIGH from float64 to numeric
2026-07-06 16:37:54 | DEBUG    | clean_data           | Converted LOW from float64 to numeric
2026-07-06 16:37:54 | DEBUG    | clean_data           | Converted CURRENT from float64 to numeric
2026-07-06 16:37:54 | DEBUG    | clean_data           | Converted CHANGE from float64 to numeric
2026-07-06 16:37:54 | WARNING  | clean_data           | Column CHANGE (%): 495 values could not be converted to numeric
2026-07-06 16:37:54 | DEBUG    | clean_data           | Converted CHANGE (%) from str to numeric
2026-07-06 16:37:54 | DEBUG    | clean_data           | Converted VOLUME from int64 to numeric
2026-07-06 16:37:54 | INFO     | clean_data           | ✅ Data cleaned (495 rows, 16 columns)
2026-07-06 16:37:54 | DEBUG    | clean_data           | Final columns: ['SYMBOL', 'SECTOR', 'LDCP', 'OPEN', 'HIGH', 'LOW', 'CURRENT', 'CHANGE', 'CHANGE (%)', 'VOLUME', 'YEAR', 'MONTH', 'DAY', 'HOUR', 'MINUTE', 'DATETIME']
2026-07-06 16:37:54 | DEBUG    | get_file_path        | Generated file path: data/2026/07/2026-07-06.xlsx
2026-07-06 16:37:54 | INFO     | save_data            | Saving data to: data/2026/07/2026-07-06.xlsx
2026-07-06 16:37:54 | DEBUG    | _create_backup       | Backup created: data/2026/07/backups/2026-07-06_backup_20260706_163754.xlsx
2026-07-06 16:37:54 | DEBUG    | _cleanup_old_backups | Removed old backup: 2026-07-06_backup_20260706_161110.xlsx
2026-07-06 16:37:54 | DEBUG    | save_data            | Existing file found, merging data...
2026-07-06 16:37:59 | DEBUG    | save_data            | Loaded 55807 existing rows
2026-07-06 16:37:59 | DEBUG    | save_data            | Combined to 56302 rows
2026-07-06 16:37:59 | DEBUG    | save_data            | Writing to temporary file...
2026-07-06 16:38:09 | DEBUG    | save_data            | Data written to temp file: /home/runner/work/Thalorae-BackLioraen/Thalorae-BackLioraen/data/2026/07/tmp0x36lw09.xlsx
2026-07-06 16:38:09 | DEBUG    | save_data            | Temp file moved to final location
2026-07-06 16:38:09 | INFO     | save_data            | ✅ Data saved successfully (56302 total rows, 4,224,188 bytes)
2026-07-06 16:38:09 | INFO     | run                  | ======================================================================
2026-07-06 16:38:09 | INFO     | run                  | 📊 EXECUTION SUMMARY:
2026-07-06 16:38:09 | INFO     | run                  |    ✅ Status: SUCCESS
2026-07-06 16:38:09 | INFO     | run                  |    - Rows processed: 495
2026-07-06 16:38:09 | INFO     | run                  |    - Unique symbols: 495
2026-07-06 16:38:09 | INFO     | run                  |    - Timestamp: 2026-07-06 21:37:49
2026-07-06 16:38:09 | INFO     | run                  |    - File: data/2026/07/2026-07-06.xlsx
2026-07-06 16:38:09 | INFO     | run                  | ======================================================================
2026-07-06 16:38:09 | DEBUG    | run                  | Sample data (first row):
2026-07-06 16:38:09 | DEBUG    | run                  | {'SYMBOL': 'TPLP', 'SECTOR': 838, 'LDCP': 11.64, 'OPEN': 11.87, 'HIGH': 12.74, 'LOW': 11.87, 'CURRENT': 12.54, 'CHANGE': 0.9, 'CHANGE (%)': nan, 'VOLUME': 66770551, 'YEAR': 2026, 'MONTH': 7, 'DAY': 6, 'HOUR': 21, 'MINUTE': 37, 'DATETIME': '2026-07-06 21:37'}
2026-07-06 16:38:09 | DEBUG    | close                | Session closed
2026-07-06 16:43:10 | INFO     | run                  | ======================================================================
2026-07-06 16:43:10 | INFO     | run                  | 🚀 MARKET DATA SCRAPER - SINGLE EXECUTION
2026-07-06 16:43:10 | INFO     | run                  | ======================================================================
2026-07-06 16:43:10 | INFO     | run                  | Execution Time: 2026-07-06 21:43:10 PKT
2026-07-06 16:43:10 | INFO     | run                  | Configuration:
2026-07-06 16:43:10 | INFO     | run                  |    - Timezone: Asia/Karachi
2026-07-06 16:43:10 | INFO     | run                  |    - Data directory: data
2026-07-06 16:43:10 | INFO     | run                  |    - Log directory: logs
2026-07-06 16:43:10 | INFO     | run                  |    - Excluded symbols: {'XD', 'XS', 'XR', 'XT'}
2026-07-06 16:43:10 | INFO     | run                  | ======================================================================
2026-07-06 16:43:10 | INFO     | fetch_data           | Fetching data (Attempt 1/3)...
2026-07-06 16:43:10 | DEBUG    | fetch_data           | Establishing session with https://dps.psx.com.pk/
2026-07-06 16:43:14 | DEBUG    | fetch_data           | Requesting data from https://dps.psx.com.pk/market-watch
2026-07-06 16:43:16 | DEBUG    | fetch_data           | Response status: 200
2026-07-06 16:43:16 | DEBUG    | fetch_data           | Response content type: text/html; charset=utf-8
2026-07-06 16:43:16 | DEBUG    | fetch_data           | Response size: 475484 bytes
2026-07-06 16:43:16 | INFO     | fetch_data           | ✅ Data fetched successfully (Status: 200)
2026-07-06 16:43:16 | DEBUG    | parse_json           | Attempting JSON parsing...
2026-07-06 16:43:16 | DEBUG    | parse_json           | Response preview: <table class="tbl" data-page-length="25"><thead class="tbl__head"><!-- tr--><!--   th(colspan="11")--><!--   th.center(colspan="2", style="width: 110px;") TOTAL BUY ORDERS--><!--   th.center(colspan="2", style="width: 110px;") TOTAL SELL ORDERS--><tr><th data-name="symbol">SYMBOL</th><th data-name="sector">SECTOR</th><th data-name="listed">LISTED IN</th><th class="right" data-name="ldcp">LDCP</th><th class="right" data-name="open">OPEN</th><th class="right" data-name="high">HIGH</th><th class="r
2026-07-06 16:43:16 | WARNING  | parse_json           | ⚠️ JSON parsing failed: Expecting value: line 1 column 1 (char 0)
2026-07-06 16:43:16 | INFO     | run                  | JSON parsing failed, trying HTML fallback...
2026-07-06 16:43:16 | INFO     | parse_html           | Attempting HTML fallback parsing...
2026-07-06 16:43:16 | DEBUG    | parse_html           | Found 1 table(s) in HTML
2026-07-06 16:43:16 | DEBUG    | parse_html           | Table columns: ['SYMBOL', 'SECTOR', 'LISTED IN', 'LDCP', 'OPEN', 'HIGH', 'LOW', 'CURRENT', 'CHANGE', 'CHANGE (%)', 'VOLUME']
2026-07-06 16:43:16 | DEBUG    | parse_html           | Table shape: (495, 11)
2026-07-06 16:43:16 | INFO     | parse_html           | ✅ HTML parsed successfully (495 rows)
2026-07-06 16:43:16 | INFO     | clean_data           | Cleaning data...
2026-07-06 16:43:16 | DEBUG    | clean_data           | Initial shape: (495, 11)
2026-07-06 16:43:16 | DEBUG    | clean_data           | Initial columns: ['SYMBOL', 'SECTOR', 'LISTED IN', 'LDCP', 'OPEN', 'HIGH', 'LOW', 'CURRENT', 'CHANGE', 'CHANGE (%)', 'VOLUME']
2026-07-06 16:43:16 | DEBUG    | clean_data           | Removed 'LISTED IN' column
2026-07-06 16:43:16 | DEBUG    | clean_data           | Converted LDCP from float64 to numeric
2026-07-06 16:43:16 | DEBUG    | clean_data           | Converted OPEN from float64 to numeric
2026-07-06 16:43:16 | DEBUG    | clean_data           | Converted HIGH from float64 to numeric
2026-07-06 16:43:16 | DEBUG    | clean_data           | Converted LOW from float64 to numeric
2026-07-06 16:43:16 | DEBUG    | clean_data           | Converted CURRENT from float64 to numeric
2026-07-06 16:43:16 | DEBUG    | clean_data           | Converted CHANGE from float64 to numeric
2026-07-06 16:43:16 | WARNING  | clean_data           | Column CHANGE (%): 495 values could not be converted to numeric
2026-07-06 16:43:16 | DEBUG    | clean_data           | Converted CHANGE (%) from str to numeric
2026-07-06 16:43:16 | DEBUG    | clean_data           | Converted VOLUME from int64 to numeric
2026-07-06 16:43:16 | INFO     | clean_data           | ✅ Data cleaned (495 rows, 16 columns)
2026-07-06 16:43:16 | DEBUG    | clean_data           | Final columns: ['SYMBOL', 'SECTOR', 'LDCP', 'OPEN', 'HIGH', 'LOW', 'CURRENT', 'CHANGE', 'CHANGE (%)', 'VOLUME', 'YEAR', 'MONTH', 'DAY', 'HOUR', 'MINUTE', 'DATETIME']
2026-07-06 16:43:16 | DEBUG    | get_file_path        | Generated file path: data/2026/07/2026-07-06.xlsx
2026-07-06 16:43:16 | INFO     | save_data            | Saving data to: data/2026/07/2026-07-06.xlsx
2026-07-06 16:43:16 | DEBUG    | _create_backup       | Backup created: data/2026/07/backups/2026-07-06_backup_20260706_164316.xlsx
2026-07-06 16:43:16 | DEBUG    | _cleanup_old_backups | Removed old backup: 2026-07-06_backup_20260706_161630.xlsx
2026-07-06 16:43:16 | DEBUG    | save_data            | Existing file found, merging data...
2026-07-06 16:43:21 | DEBUG    | save_data            | Loaded 56302 existing rows
2026-07-06 16:43:21 | DEBUG    | save_data            | Combined to 56797 rows
2026-07-06 16:43:21 | DEBUG    | save_data            | Writing to temporary file...
2026-07-06 16:43:32 | DEBUG    | save_data            | Data written to temp file: /home/runner/work/Thalorae-BackLioraen/Thalorae-BackLioraen/data/2026/07/tmp8esdwyqp.xlsx
2026-07-06 16:43:32 | DEBUG    | save_data            | Temp file moved to final location
2026-07-06 16:43:32 | INFO     | save_data            | ✅ Data saved successfully (56797 total rows, 4,261,625 bytes)
2026-07-06 16:43:32 | INFO     | run                  | ======================================================================
2026-07-06 16:43:32 | INFO     | run                  | 📊 EXECUTION SUMMARY:
2026-07-06 16:43:32 | INFO     | run                  |    ✅ Status: SUCCESS
2026-07-06 16:43:32 | INFO     | run                  |    - Rows processed: 495
2026-07-06 16:43:32 | INFO     | run                  |    - Unique symbols: 495
2026-07-06 16:43:32 | INFO     | run                  |    - Timestamp: 2026-07-06 21:43:10
2026-07-06 16:43:32 | INFO     | run                  |    - File: data/2026/07/2026-07-06.xlsx
2026-07-06 16:43:32 | INFO     | run                  | ======================================================================
2026-07-06 16:43:32 | DEBUG    | run                  | Sample data (first row):
2026-07-06 16:43:32 | DEBUG    | run                  | {'SYMBOL': 'TPLP', 'SECTOR': 838, 'LDCP': 11.64, 'OPEN': 11.87, 'HIGH': 12.74, 'LOW': 11.87, 'CURRENT': 12.54, 'CHANGE': 0.9, 'CHANGE (%)': nan, 'VOLUME': 66770551, 'YEAR': 2026, 'MONTH': 7, 'DAY': 6, 'HOUR': 21, 'MINUTE': 43, 'DATETIME': '2026-07-06 21:43'}
2026-07-06 16:43:32 | DEBUG    | close                | Session closed
2026-07-06 16:48:33 | INFO     | run                  | ======================================================================
2026-07-06 16:48:33 | INFO     | run                  | 🚀 MARKET DATA SCRAPER - SINGLE EXECUTION
2026-07-06 16:48:33 | INFO     | run                  | ======================================================================
2026-07-06 16:48:33 | INFO     | run                  | Execution Time: 2026-07-06 21:48:33 PKT
2026-07-06 16:48:33 | INFO     | run                  | Configuration:
2026-07-06 16:48:33 | INFO     | run                  |    - Timezone: Asia/Karachi
2026-07-06 16:48:33 | INFO     | run                  |    - Data directory: data
2026-07-06 16:48:33 | INFO     | run                  |    - Log directory: logs
2026-07-06 16:48:33 | INFO     | run                  |    - Excluded symbols: {'XD', 'XT', 'XS', 'XR'}
2026-07-06 16:48:33 | INFO     | run                  | ======================================================================
2026-07-06 16:48:33 | INFO     | fetch_data           | Fetching data (Attempt 1/3)...
2026-07-06 16:48:33 | DEBUG    | fetch_data           | Establishing session with https://dps.psx.com.pk/
2026-07-06 16:48:36 | DEBUG    | fetch_data           | Requesting data from https://dps.psx.com.pk/market-watch
2026-07-06 16:48:38 | DEBUG    | fetch_data           | Response status: 200
2026-07-06 16:48:38 | DEBUG    | fetch_data           | Response content type: text/html; charset=utf-8
2026-07-06 16:48:38 | DEBUG    | fetch_data           | Response size: 475484 bytes
2026-07-06 16:48:38 | INFO     | fetch_data           | ✅ Data fetched successfully (Status: 200)
2026-07-06 16:48:38 | DEBUG    | parse_json           | Attempting JSON parsing...
2026-07-06 16:48:38 | DEBUG    | parse_json           | Response preview: <table class="tbl" data-page-length="25"><thead class="tbl__head"><!-- tr--><!--   th(colspan="11")--><!--   th.center(colspan="2", style="width: 110px;") TOTAL BUY ORDERS--><!--   th.center(colspan="2", style="width: 110px;") TOTAL SELL ORDERS--><tr><th data-name="symbol">SYMBOL</th><th data-name="sector">SECTOR</th><th data-name="listed">LISTED IN</th><th class="right" data-name="ldcp">LDCP</th><th class="right" data-name="open">OPEN</th><th class="right" data-name="high">HIGH</th><th class="r
2026-07-06 16:48:38 | WARNING  | parse_json           | ⚠️ JSON parsing failed: Expecting value: line 1 column 1 (char 0)
2026-07-06 16:48:38 | INFO     | run                  | JSON parsing failed, trying HTML fallback...
2026-07-06 16:48:38 | INFO     | parse_html           | Attempting HTML fallback parsing...
2026-07-06 16:48:38 | DEBUG    | parse_html           | Found 1 table(s) in HTML
2026-07-06 16:48:38 | DEBUG    | parse_html           | Table columns: ['SYMBOL', 'SECTOR', 'LISTED IN', 'LDCP', 'OPEN', 'HIGH', 'LOW', 'CURRENT', 'CHANGE', 'CHANGE (%)', 'VOLUME']
2026-07-06 16:48:38 | DEBUG    | parse_html           | Table shape: (495, 11)
2026-07-06 16:48:38 | INFO     | parse_html           | ✅ HTML parsed successfully (495 rows)
2026-07-06 16:48:38 | INFO     | clean_data           | Cleaning data...
2026-07-06 16:48:38 | DEBUG    | clean_data           | Initial shape: (495, 11)
2026-07-06 16:48:38 | DEBUG    | clean_data           | Initial columns: ['SYMBOL', 'SECTOR', 'LISTED IN', 'LDCP', 'OPEN', 'HIGH', 'LOW', 'CURRENT', 'CHANGE', 'CHANGE (%)', 'VOLUME']
2026-07-06 16:48:38 | DEBUG    | clean_data           | Removed 'LISTED IN' column
2026-07-06 16:48:38 | DEBUG    | clean_data           | Converted LDCP from float64 to numeric
2026-07-06 16:48:38 | DEBUG    | clean_data           | Converted OPEN from float64 to numeric
2026-07-06 16:48:38 | DEBUG    | clean_data           | Converted HIGH from float64 to numeric
2026-07-06 16:48:38 | DEBUG    | clean_data           | Converted LOW from float64 to numeric
2026-07-06 16:48:38 | DEBUG    | clean_data           | Converted CURRENT from float64 to numeric
2026-07-06 16:48:38 | DEBUG    | clean_data           | Converted CHANGE from float64 to numeric
2026-07-06 16:48:38 | WARNING  | clean_data           | Column CHANGE (%): 495 values could not be converted to numeric
2026-07-06 16:48:38 | DEBUG    | clean_data           | Converted CHANGE (%) from str to numeric
2026-07-06 16:48:38 | DEBUG    | clean_data           | Converted VOLUME from int64 to numeric
2026-07-06 16:48:38 | INFO     | clean_data           | ✅ Data cleaned (495 rows, 16 columns)
2026-07-06 16:48:38 | DEBUG    | clean_data           | Final columns: ['SYMBOL', 'SECTOR', 'LDCP', 'OPEN', 'HIGH', 'LOW', 'CURRENT', 'CHANGE', 'CHANGE (%)', 'VOLUME', 'YEAR', 'MONTH', 'DAY', 'HOUR', 'MINUTE', 'DATETIME']
2026-07-06 16:48:38 | DEBUG    | get_file_path        | Generated file path: data/2026/07/2026-07-06.xlsx
2026-07-06 16:48:38 | INFO     | save_data            | Saving data to: data/2026/07/2026-07-06.xlsx
2026-07-06 16:48:38 | DEBUG    | _create_backup       | Backup created: data/2026/07/backups/2026-07-06_backup_20260706_164838.xlsx
2026-07-06 16:48:38 | DEBUG    | _cleanup_old_backups | Removed old backup: 2026-07-06_backup_20260706_162151.xlsx
2026-07-06 16:48:38 | DEBUG    | save_data            | Existing file found, merging data...
2026-07-06 16:48:43 | DEBUG    | save_data            | Loaded 56797 existing rows
2026-07-06 16:48:43 | DEBUG    | save_data            | Combined to 57292 rows
2026-07-06 16:48:43 | DEBUG    | save_data            | Writing to temporary file...
2026-07-06 16:48:54 | DEBUG    | save_data            | Data written to temp file: /home/runner/work/Thalorae-BackLioraen/Thalorae-BackLioraen/data/2026/07/tmpfke3jk90.xlsx
2026-07-06 16:48:54 | DEBUG    | save_data            | Temp file moved to final location
2026-07-06 16:48:54 | INFO     | save_data            | ✅ Data saved successfully (57292 total rows, 4,299,060 bytes)
2026-07-06 16:48:54 | INFO     | run                  | ======================================================================
2026-07-06 16:48:54 | INFO     | run                  | 📊 EXECUTION SUMMARY:
2026-07-06 16:48:54 | INFO     | run                  |    ✅ Status: SUCCESS
2026-07-06 16:48:54 | INFO     | run                  |    - Rows processed: 495
2026-07-06 16:48:54 | INFO     | run                  |    - Unique symbols: 495
2026-07-06 16:48:54 | INFO     | run                  |    - Timestamp: 2026-07-06 21:48:33
2026-07-06 16:48:54 | INFO     | run                  |    - File: data/2026/07/2026-07-06.xlsx
2026-07-06 16:48:54 | INFO     | run                  | ======================================================================
2026-07-06 16:48:54 | DEBUG    | run                  | Sample data (first row):
2026-07-06 16:48:54 | DEBUG    | run                  | {'SYMBOL': 'TPLP', 'SECTOR': 838, 'LDCP': 11.64, 'OPEN': 11.87, 'HIGH': 12.74, 'LOW': 11.87, 'CURRENT': 12.54, 'CHANGE': 0.9, 'CHANGE (%)': nan, 'VOLUME': 66770551, 'YEAR': 2026, 'MONTH': 7, 'DAY': 6, 'HOUR': 21, 'MINUTE': 48, 'DATETIME': '2026-07-06 21:48'}
2026-07-06 16:48:54 | DEBUG    | close                | Session closed
2026-07-06 16:53:55 | INFO     | run                  | ======================================================================
2026-07-06 16:53:55 | INFO     | run                  | 🚀 MARKET DATA SCRAPER - SINGLE EXECUTION
2026-07-06 16:53:55 | INFO     | run                  | ======================================================================
2026-07-06 16:53:55 | INFO     | run                  | Execution Time: 2026-07-06 21:53:55 PKT
2026-07-06 16:53:55 | INFO     | run                  | Configuration:
2026-07-06 16:53:55 | INFO     | run                  |    - Timezone: Asia/Karachi
2026-07-06 16:53:55 | INFO     | run                  |    - Data directory: data
2026-07-06 16:53:55 | INFO     | run                  |    - Log directory: logs
2026-07-06 16:53:55 | INFO     | run                  |    - Excluded symbols: {'XT', 'XD', 'XR', 'XS'}
2026-07-06 16:53:55 | INFO     | run                  | ======================================================================
2026-07-06 16:53:55 | INFO     | fetch_data           | Fetching data (Attempt 1/3)...
2026-07-06 16:53:55 | DEBUG    | fetch_data           | Establishing session with https://dps.psx.com.pk/
2026-07-06 16:53:58 | DEBUG    | fetch_data           | Requesting data from https://dps.psx.com.pk/market-watch
2026-07-06 16:54:00 | DEBUG    | fetch_data           | Response status: 200
2026-07-06 16:54:00 | DEBUG    | fetch_data           | Response content type: text/html; charset=utf-8
2026-07-06 16:54:00 | DEBUG    | fetch_data           | Response size: 475484 bytes
2026-07-06 16:54:00 | INFO     | fetch_data           | ✅ Data fetched successfully (Status: 200)
2026-07-06 16:54:00 | DEBUG    | parse_json           | Attempting JSON parsing...
2026-07-06 16:54:00 | DEBUG    | parse_json           | Response preview: <table class="tbl" data-page-length="25"><thead class="tbl__head"><!-- tr--><!--   th(colspan="11")--><!--   th.center(colspan="2", style="width: 110px;") TOTAL BUY ORDERS--><!--   th.center(colspan="2", style="width: 110px;") TOTAL SELL ORDERS--><tr><th data-name="symbol">SYMBOL</th><th data-name="sector">SECTOR</th><th data-name="listed">LISTED IN</th><th class="right" data-name="ldcp">LDCP</th><th class="right" data-name="open">OPEN</th><th class="right" data-name="high">HIGH</th><th class="r
2026-07-06 16:54:00 | WARNING  | parse_json           | ⚠️ JSON parsing failed: Expecting value: line 1 column 1 (char 0)
2026-07-06 16:54:00 | INFO     | run                  | JSON parsing failed, trying HTML fallback...
2026-07-06 16:54:00 | INFO     | parse_html           | Attempting HTML fallback parsing...
2026-07-06 16:54:00 | DEBUG    | parse_html           | Found 1 table(s) in HTML
2026-07-06 16:54:00 | DEBUG    | parse_html           | Table columns: ['SYMBOL', 'SECTOR', 'LISTED IN', 'LDCP', 'OPEN', 'HIGH', 'LOW', 'CURRENT', 'CHANGE', 'CHANGE (%)', 'VOLUME']
2026-07-06 16:54:00 | DEBUG    | parse_html           | Table shape: (495, 11)
2026-07-06 16:54:00 | INFO     | parse_html           | ✅ HTML parsed successfully (495 rows)
2026-07-06 16:54:00 | INFO     | clean_data           | Cleaning data...
2026-07-06 16:54:00 | DEBUG    | clean_data           | Initial shape: (495, 11)
2026-07-06 16:54:00 | DEBUG    | clean_data           | Initial columns: ['SYMBOL', 'SECTOR', 'LISTED IN', 'LDCP', 'OPEN', 'HIGH', 'LOW', 'CURRENT', 'CHANGE', 'CHANGE (%)', 'VOLUME']
2026-07-06 16:54:00 | DEBUG    | clean_data           | Removed 'LISTED IN' column
2026-07-06 16:54:00 | DEBUG    | clean_data           | Converted LDCP from float64 to numeric
2026-07-06 16:54:00 | DEBUG    | clean_data           | Converted OPEN from float64 to numeric
2026-07-06 16:54:00 | DEBUG    | clean_data           | Converted HIGH from float64 to numeric
2026-07-06 16:54:00 | DEBUG    | clean_data           | Converted LOW from float64 to numeric
2026-07-06 16:54:00 | DEBUG    | clean_data           | Converted CURRENT from float64 to numeric
2026-07-06 16:54:00 | DEBUG    | clean_data           | Converted CHANGE from float64 to numeric
2026-07-06 16:54:00 | WARNING  | clean_data           | Column CHANGE (%): 495 values could not be converted to numeric
2026-07-06 16:54:00 | DEBUG    | clean_data           | Converted CHANGE (%) from str to numeric
2026-07-06 16:54:00 | DEBUG    | clean_data           | Converted VOLUME from int64 to numeric
2026-07-06 16:54:00 | INFO     | clean_data           | ✅ Data cleaned (495 rows, 16 columns)
2026-07-06 16:54:00 | DEBUG    | clean_data           | Final columns: ['SYMBOL', 'SECTOR', 'LDCP', 'OPEN', 'HIGH', 'LOW', 'CURRENT', 'CHANGE', 'CHANGE (%)', 'VOLUME', 'YEAR', 'MONTH', 'DAY', 'HOUR', 'MINUTE', 'DATETIME']
2026-07-06 16:54:00 | DEBUG    | get_file_path        | Generated file path: data/2026/07/2026-07-06.xlsx
2026-07-06 16:54:00 | INFO     | save_data            | Saving data to: data/2026/07/2026-07-06.xlsx
2026-07-06 16:54:00 | DEBUG    | _create_backup       | Backup created: data/2026/07/backups/2026-07-06_backup_20260706_165400.xlsx
2026-07-06 16:54:00 | DEBUG    | _cleanup_old_backups | Removed old backup: 2026-07-06_backup_20260706_162712.xlsx
2026-07-06 16:54:00 | DEBUG    | save_data            | Existing file found, merging data...
2026-07-06 16:54:05 | DEBUG    | save_data            | Loaded 57292 existing rows
2026-07-06 16:54:05 | DEBUG    | save_data            | Combined to 57787 rows
2026-07-06 16:54:05 | DEBUG    | save_data            | Writing to temporary file...
2026-07-06 16:54:16 | DEBUG    | save_data            | Data written to temp file: /home/runner/work/Thalorae-BackLioraen/Thalorae-BackLioraen/data/2026/07/tmpww4yee_4.xlsx
2026-07-06 16:54:16 | DEBUG    | save_data            | Temp file moved to final location
2026-07-06 16:54:16 | INFO     | save_data            | ✅ Data saved successfully (57787 total rows, 4,336,538 bytes)
2026-07-06 16:54:16 | INFO     | run                  | ======================================================================
2026-07-06 16:54:16 | INFO     | run                  | 📊 EXECUTION SUMMARY:
2026-07-06 16:54:16 | INFO     | run                  |    ✅ Status: SUCCESS
2026-07-06 16:54:16 | INFO     | run                  |    - Rows processed: 495
2026-07-06 16:54:16 | INFO     | run                  |    - Unique symbols: 495
2026-07-06 16:54:16 | INFO     | run                  |    - Timestamp: 2026-07-06 21:53:55
2026-07-06 16:54:16 | INFO     | run                  |    - File: data/2026/07/2026-07-06.xlsx
2026-07-06 16:54:16 | INFO     | run                  | ======================================================================
2026-07-06 16:54:16 | DEBUG    | run                  | Sample data (first row):
2026-07-06 16:54:16 | DEBUG    | run                  | {'SYMBOL': 'TPLP', 'SECTOR': 838, 'LDCP': 11.64, 'OPEN': 11.87, 'HIGH': 12.74, 'LOW': 11.87, 'CURRENT': 12.54, 'CHANGE': 0.9, 'CHANGE (%)': nan, 'VOLUME': 66770551, 'YEAR': 2026, 'MONTH': 7, 'DAY': 6, 'HOUR': 21, 'MINUTE': 53, 'DATETIME': '2026-07-06 21:53'}
2026-07-06 16:54:16 | DEBUG    | close                | Session closed
2026-07-06 16:59:17 | INFO     | run                  | ======================================================================
2026-07-06 16:59:17 | INFO     | run                  | 🚀 MARKET DATA SCRAPER - SINGLE EXECUTION
2026-07-06 16:59:17 | INFO     | run                  | ======================================================================
2026-07-06 16:59:17 | INFO     | run                  | Execution Time: 2026-07-06 21:59:17 PKT
2026-07-06 16:59:17 | INFO     | run                  | Configuration:
2026-07-06 16:59:17 | INFO     | run                  |    - Timezone: Asia/Karachi
2026-07-06 16:59:17 | INFO     | run                  |    - Data directory: data
2026-07-06 16:59:17 | INFO     | run                  |    - Log directory: logs
2026-07-06 16:59:17 | INFO     | run                  |    - Excluded symbols: {'XT', 'XD', 'XS', 'XR'}
2026-07-06 16:59:17 | INFO     | run                  | ======================================================================
2026-07-06 16:59:17 | INFO     | fetch_data           | Fetching data (Attempt 1/3)...
2026-07-06 16:59:17 | DEBUG    | fetch_data           | Establishing session with https://dps.psx.com.pk/
2026-07-06 16:59:21 | DEBUG    | fetch_data           | Requesting data from https://dps.psx.com.pk/market-watch
2026-07-06 16:59:22 | DEBUG    | fetch_data           | Response status: 200
2026-07-06 16:59:22 | DEBUG    | fetch_data           | Response content type: text/html; charset=utf-8
2026-07-06 16:59:22 | DEBUG    | fetch_data           | Response size: 475484 bytes
2026-07-06 16:59:22 | INFO     | fetch_data           | ✅ Data fetched successfully (Status: 200)
2026-07-06 16:59:22 | DEBUG    | parse_json           | Attempting JSON parsing...
2026-07-06 16:59:22 | DEBUG    | parse_json           | Response preview: <table class="tbl" data-page-length="25"><thead class="tbl__head"><!-- tr--><!--   th(colspan="11")--><!--   th.center(colspan="2", style="width: 110px;") TOTAL BUY ORDERS--><!--   th.center(colspan="2", style="width: 110px;") TOTAL SELL ORDERS--><tr><th data-name="symbol">SYMBOL</th><th data-name="sector">SECTOR</th><th data-name="listed">LISTED IN</th><th class="right" data-name="ldcp">LDCP</th><th class="right" data-name="open">OPEN</th><th class="right" data-name="high">HIGH</th><th class="r
2026-07-06 16:59:22 | WARNING  | parse_json           | ⚠️ JSON parsing failed: Expecting value: line 1 column 1 (char 0)
2026-07-06 16:59:22 | INFO     | run                  | JSON parsing failed, trying HTML fallback...
2026-07-06 16:59:22 | INFO     | parse_html           | Attempting HTML fallback parsing...
2026-07-06 16:59:22 | DEBUG    | parse_html           | Found 1 table(s) in HTML
2026-07-06 16:59:22 | DEBUG    | parse_html           | Table columns: ['SYMBOL', 'SECTOR', 'LISTED IN', 'LDCP', 'OPEN', 'HIGH', 'LOW', 'CURRENT', 'CHANGE', 'CHANGE (%)', 'VOLUME']
2026-07-06 16:59:22 | DEBUG    | parse_html           | Table shape: (495, 11)
2026-07-06 16:59:22 | INFO     | parse_html           | ✅ HTML parsed successfully (495 rows)
2026-07-06 16:59:22 | INFO     | clean_data           | Cleaning data...
2026-07-06 16:59:22 | DEBUG    | clean_data           | Initial shape: (495, 11)
2026-07-06 16:59:22 | DEBUG    | clean_data           | Initial columns: ['SYMBOL', 'SECTOR', 'LISTED IN', 'LDCP', 'OPEN', 'HIGH', 'LOW', 'CURRENT', 'CHANGE', 'CHANGE (%)', 'VOLUME']
2026-07-06 16:59:22 | DEBUG    | clean_data           | Removed 'LISTED IN' column
2026-07-06 16:59:22 | DEBUG    | clean_data           | Converted LDCP from float64 to numeric
2026-07-06 16:59:22 | DEBUG    | clean_data           | Converted OPEN from float64 to numeric
2026-07-06 16:59:22 | DEBUG    | clean_data           | Converted HIGH from float64 to numeric
2026-07-06 16:59:22 | DEBUG    | clean_data           | Converted LOW from float64 to numeric
2026-07-06 16:59:22 | DEBUG    | clean_data           | Converted CURRENT from float64 to numeric
2026-07-06 16:59:22 | DEBUG    | clean_data           | Converted CHANGE from float64 to numeric
2026-07-06 16:59:22 | WARNING  | clean_data           | Column CHANGE (%): 495 values could not be converted to numeric
2026-07-06 16:59:22 | DEBUG    | clean_data           | Converted CHANGE (%) from str to numeric
2026-07-06 16:59:22 | DEBUG    | clean_data           | Converted VOLUME from int64 to numeric
2026-07-06 16:59:22 | INFO     | clean_data           | ✅ Data cleaned (495 rows, 16 columns)
2026-07-06 16:59:22 | DEBUG    | clean_data           | Final columns: ['SYMBOL', 'SECTOR', 'LDCP', 'OPEN', 'HIGH', 'LOW', 'CURRENT', 'CHANGE', 'CHANGE (%)', 'VOLUME', 'YEAR', 'MONTH', 'DAY', 'HOUR', 'MINUTE', 'DATETIME']
2026-07-06 16:59:22 | DEBUG    | get_file_path        | Generated file path: data/2026/07/2026-07-06.xlsx
2026-07-06 16:59:22 | INFO     | save_data            | Saving data to: data/2026/07/2026-07-06.xlsx
2026-07-06 16:59:22 | DEBUG    | _create_backup       | Backup created: data/2026/07/backups/2026-07-06_backup_20260706_165922.xlsx
2026-07-06 16:59:22 | DEBUG    | _cleanup_old_backups | Removed old backup: 2026-07-06_backup_20260706_163233.xlsx
2026-07-06 16:59:22 | DEBUG    | save_data            | Existing file found, merging data...
2026-07-06 16:59:27 | DEBUG    | save_data            | Loaded 57787 existing rows
2026-07-06 16:59:27 | DEBUG    | save_data            | Combined to 58282 rows
2026-07-06 16:59:27 | DEBUG    | save_data            | Writing to temporary file...
2026-07-06 16:59:38 | DEBUG    | save_data            | Data written to temp file: /home/runner/work/Thalorae-BackLioraen/Thalorae-BackLioraen/data/2026/07/tmpv04w5io7.xlsx
2026-07-06 16:59:38 | DEBUG    | save_data            | Temp file moved to final location
2026-07-06 16:59:38 | INFO     | save_data            | ✅ Data saved successfully (58282 total rows, 4,373,998 bytes)
2026-07-06 16:59:38 | INFO     | run                  | ======================================================================
2026-07-06 16:59:38 | INFO     | run                  | 📊 EXECUTION SUMMARY:
2026-07-06 16:59:38 | INFO     | run                  |    ✅ Status: SUCCESS
2026-07-06 16:59:38 | INFO     | run                  |    - Rows processed: 495
2026-07-06 16:59:38 | INFO     | run                  |    - Unique symbols: 495
2026-07-06 16:59:38 | INFO     | run                  |    - Timestamp: 2026-07-06 21:59:17
2026-07-06 16:59:38 | INFO     | run                  |    - File: data/2026/07/2026-07-06.xlsx
2026-07-06 16:59:38 | INFO     | run                  | ======================================================================
2026-07-06 16:59:38 | DEBUG    | run                  | Sample data (first row):
2026-07-06 16:59:38 | DEBUG    | run                  | {'SYMBOL': 'TPLP', 'SECTOR': 838, 'LDCP': 11.64, 'OPEN': 11.87, 'HIGH': 12.74, 'LOW': 11.87, 'CURRENT': 12.54, 'CHANGE': 0.9, 'CHANGE (%)': nan, 'VOLUME': 66770551, 'YEAR': 2026, 'MONTH': 7, 'DAY': 6, 'HOUR': 21, 'MINUTE': 59, 'DATETIME': '2026-07-06 21:59'}
2026-07-06 16:59:38 | DEBUG    | close                | Session closed
