2026-07-03 02:44:59 | INFO     | run                  | ======================================================================
2026-07-03 02:44:59 | INFO     | run                  | 🚀 MARKET DATA SCRAPER - SINGLE EXECUTION
2026-07-03 02:44:59 | INFO     | run                  | ======================================================================
2026-07-03 02:44:59 | INFO     | run                  | Execution Time: 2026-07-03 07:44:59 PKT
2026-07-03 02:44:59 | INFO     | run                  | Configuration:
2026-07-03 02:44:59 | INFO     | run                  |    - Timezone: Asia/Karachi
2026-07-03 02:44:59 | INFO     | run                  |    - Data directory: data
2026-07-03 02:44:59 | INFO     | run                  |    - Log directory: logs
2026-07-03 02:44:59 | INFO     | run                  |    - Excluded symbols: {'XT', 'XD', 'XS', 'XR'}
2026-07-03 02:44:59 | INFO     | run                  | ======================================================================
2026-07-03 02:44:59 | INFO     | fetch_data           | Fetching data (Attempt 1/3)...
2026-07-03 02:44:59 | DEBUG    | fetch_data           | Establishing session with https://dps.psx.com.pk/
2026-07-03 02:45:02 | DEBUG    | fetch_data           | Requesting data from https://dps.psx.com.pk/market-watch
2026-07-03 02:45:05 | DEBUG    | fetch_data           | Response status: 200
2026-07-03 02:45:05 | DEBUG    | fetch_data           | Response content type: text/html; charset=utf-8
2026-07-03 02:45:05 | DEBUG    | fetch_data           | Response size: 474353 bytes
2026-07-03 02:45:05 | INFO     | fetch_data           | ✅ Data fetched successfully (Status: 200)
2026-07-03 02:45:05 | DEBUG    | parse_json           | Attempting JSON parsing...
2026-07-03 02:45:05 | DEBUG    | parse_json           | Response preview: <table class="tbl" data-page-length="25"><thead class="tbl__head"><!-- tr--><!--   th(colspan="11")--><!--   th.center(colspan="2", style="width: 110px;") TOTAL BUY ORDERS--><!--   th.center(colspan="2", style="width: 110px;") TOTAL SELL ORDERS--><tr><th data-name="symbol">SYMBOL</th><th data-name="sector">SECTOR</th><th data-name="listed">LISTED IN</th><th class="right" data-name="ldcp">LDCP</th><th class="right" data-name="open">OPEN</th><th class="right" data-name="high">HIGH</th><th class="r
2026-07-03 02:45:05 | WARNING  | parse_json           | ⚠️ JSON parsing failed: Expecting value: line 1 column 1 (char 0)
2026-07-03 02:45:05 | INFO     | run                  | JSON parsing failed, trying HTML fallback...
2026-07-03 02:45:05 | INFO     | parse_html           | Attempting HTML fallback parsing...
2026-07-03 02:45:05 | DEBUG    | parse_html           | Found 1 table(s) in HTML
2026-07-03 02:45:05 | DEBUG    | parse_html           | Table columns: ['SYMBOL', 'SECTOR', 'LISTED IN', 'LDCP', 'OPEN', 'HIGH', 'LOW', 'CURRENT', 'CHANGE', 'CHANGE (%)', 'VOLUME']
2026-07-03 02:45:05 | DEBUG    | parse_html           | Table shape: (494, 11)
2026-07-03 02:45:05 | INFO     | parse_html           | ✅ HTML parsed successfully (494 rows)
2026-07-03 02:45:05 | INFO     | clean_data           | Cleaning data...
2026-07-03 02:45:05 | DEBUG    | clean_data           | Initial shape: (494, 11)
2026-07-03 02:45:05 | DEBUG    | clean_data           | Initial columns: ['SYMBOL', 'SECTOR', 'LISTED IN', 'LDCP', 'OPEN', 'HIGH', 'LOW', 'CURRENT', 'CHANGE', 'CHANGE (%)', 'VOLUME']
2026-07-03 02:45:05 | DEBUG    | clean_data           | Removed 'LISTED IN' column
2026-07-03 02:45:05 | DEBUG    | clean_data           | Converted LDCP from float64 to numeric
2026-07-03 02:45:05 | DEBUG    | clean_data           | Converted OPEN from float64 to numeric
2026-07-03 02:45:05 | DEBUG    | clean_data           | Converted HIGH from float64 to numeric
2026-07-03 02:45:05 | DEBUG    | clean_data           | Converted LOW from float64 to numeric
2026-07-03 02:45:05 | DEBUG    | clean_data           | Converted CURRENT from float64 to numeric
2026-07-03 02:45:05 | DEBUG    | clean_data           | Converted CHANGE from float64 to numeric
2026-07-03 02:45:05 | WARNING  | clean_data           | Column CHANGE (%): 494 values could not be converted to numeric
2026-07-03 02:45:05 | DEBUG    | clean_data           | Converted CHANGE (%) from str to numeric
2026-07-03 02:45:05 | DEBUG    | clean_data           | Converted VOLUME from int64 to numeric
2026-07-03 02:45:05 | INFO     | clean_data           | ✅ Data cleaned (494 rows, 16 columns)
2026-07-03 02:45:05 | DEBUG    | clean_data           | Final columns: ['SYMBOL', 'SECTOR', 'LDCP', 'OPEN', 'HIGH', 'LOW', 'CURRENT', 'CHANGE', 'CHANGE (%)', 'VOLUME', 'YEAR', 'MONTH', 'DAY', 'HOUR', 'MINUTE', 'DATETIME']
2026-07-03 02:45:05 | DEBUG    | get_file_path        | Generated file path: data/2026/07/2026-07-03.xlsx
2026-07-03 02:45:05 | INFO     | save_data            | Saving data to: data/2026/07/2026-07-03.xlsx
2026-07-03 02:45:05 | DEBUG    | save_data            | Writing to temporary file...
2026-07-03 02:45:05 | DEBUG    | save_data            | Data written to temp file: /home/runner/work/Thalorae-BackLioraen/Thalorae-BackLioraen/data/2026/07/tmpb4la1stz.xlsx
2026-07-03 02:45:05 | DEBUG    | save_data            | Temp file moved to final location
2026-07-03 02:45:05 | INFO     | save_data            | ✅ Data saved successfully (494 total rows, 41,836 bytes)
2026-07-03 02:45:05 | INFO     | run                  | ======================================================================
2026-07-03 02:45:05 | INFO     | run                  | 📊 EXECUTION SUMMARY:
2026-07-03 02:45:05 | INFO     | run                  |    ✅ Status: SUCCESS
2026-07-03 02:45:05 | INFO     | run                  |    - Rows processed: 494
2026-07-03 02:45:05 | INFO     | run                  |    - Unique symbols: 494
2026-07-03 02:45:05 | INFO     | run                  |    - Timestamp: 2026-07-03 07:44:59
2026-07-03 02:45:05 | INFO     | run                  |    - File: data/2026/07/2026-07-03.xlsx
2026-07-03 02:45:05 | INFO     | run                  | ======================================================================
2026-07-03 02:45:05 | DEBUG    | run                  | Sample data (first row):
2026-07-03 02:45:05 | DEBUG    | run                  | {'SYMBOL': 'TPLP', 'SECTOR': 838.0, 'LDCP': 11.23, 'OPEN': 10.99, 'HIGH': 11.79, 'LOW': 10.95, 'CURRENT': 11.23, 'CHANGE': 0.51, 'CHANGE (%)': nan, 'VOLUME': 84688111, 'YEAR': 2026, 'MONTH': 7, 'DAY': 3, 'HOUR': 7, 'MINUTE': 44, 'DATETIME': '2026-07-03 07:44'}
2026-07-03 02:45:05 | DEBUG    | close                | Session closed
2026-07-03 02:50:06 | INFO     | run                  | ======================================================================
2026-07-03 02:50:06 | INFO     | run                  | 🚀 MARKET DATA SCRAPER - SINGLE EXECUTION
2026-07-03 02:50:06 | INFO     | run                  | ======================================================================
2026-07-03 02:50:06 | INFO     | run                  | Execution Time: 2026-07-03 07:50:06 PKT
2026-07-03 02:50:06 | INFO     | run                  | Configuration:
2026-07-03 02:50:06 | INFO     | run                  |    - Timezone: Asia/Karachi
2026-07-03 02:50:06 | INFO     | run                  |    - Data directory: data
2026-07-03 02:50:06 | INFO     | run                  |    - Log directory: logs
2026-07-03 02:50:06 | INFO     | run                  |    - Excluded symbols: {'XT', 'XD', 'XR', 'XS'}
2026-07-03 02:50:06 | INFO     | run                  | ======================================================================
2026-07-03 02:50:06 | INFO     | fetch_data           | Fetching data (Attempt 1/3)...
2026-07-03 02:50:06 | DEBUG    | fetch_data           | Establishing session with https://dps.psx.com.pk/
2026-07-03 02:50:08 | DEBUG    | fetch_data           | Requesting data from https://dps.psx.com.pk/market-watch
2026-07-03 02:50:11 | DEBUG    | fetch_data           | Response status: 200
2026-07-03 02:50:11 | DEBUG    | fetch_data           | Response content type: text/html; charset=utf-8
2026-07-03 02:50:11 | DEBUG    | fetch_data           | Response size: 474353 bytes
2026-07-03 02:50:11 | INFO     | fetch_data           | ✅ Data fetched successfully (Status: 200)
2026-07-03 02:50:11 | DEBUG    | parse_json           | Attempting JSON parsing...
2026-07-03 02:50:11 | DEBUG    | parse_json           | Response preview: <table class="tbl" data-page-length="25"><thead class="tbl__head"><!-- tr--><!--   th(colspan="11")--><!--   th.center(colspan="2", style="width: 110px;") TOTAL BUY ORDERS--><!--   th.center(colspan="2", style="width: 110px;") TOTAL SELL ORDERS--><tr><th data-name="symbol">SYMBOL</th><th data-name="sector">SECTOR</th><th data-name="listed">LISTED IN</th><th class="right" data-name="ldcp">LDCP</th><th class="right" data-name="open">OPEN</th><th class="right" data-name="high">HIGH</th><th class="r
2026-07-03 02:50:11 | WARNING  | parse_json           | ⚠️ JSON parsing failed: Expecting value: line 1 column 1 (char 0)
2026-07-03 02:50:11 | INFO     | run                  | JSON parsing failed, trying HTML fallback...
2026-07-03 02:50:11 | INFO     | parse_html           | Attempting HTML fallback parsing...
2026-07-03 02:50:11 | DEBUG    | parse_html           | Found 1 table(s) in HTML
2026-07-03 02:50:11 | DEBUG    | parse_html           | Table columns: ['SYMBOL', 'SECTOR', 'LISTED IN', 'LDCP', 'OPEN', 'HIGH', 'LOW', 'CURRENT', 'CHANGE', 'CHANGE (%)', 'VOLUME']
2026-07-03 02:50:11 | DEBUG    | parse_html           | Table shape: (494, 11)
2026-07-03 02:50:11 | INFO     | parse_html           | ✅ HTML parsed successfully (494 rows)
2026-07-03 02:50:11 | INFO     | clean_data           | Cleaning data...
2026-07-03 02:50:11 | DEBUG    | clean_data           | Initial shape: (494, 11)
2026-07-03 02:50:11 | DEBUG    | clean_data           | Initial columns: ['SYMBOL', 'SECTOR', 'LISTED IN', 'LDCP', 'OPEN', 'HIGH', 'LOW', 'CURRENT', 'CHANGE', 'CHANGE (%)', 'VOLUME']
2026-07-03 02:50:11 | DEBUG    | clean_data           | Removed 'LISTED IN' column
2026-07-03 02:50:11 | DEBUG    | clean_data           | Converted LDCP from float64 to numeric
2026-07-03 02:50:11 | DEBUG    | clean_data           | Converted OPEN from float64 to numeric
2026-07-03 02:50:11 | DEBUG    | clean_data           | Converted HIGH from float64 to numeric
2026-07-03 02:50:11 | DEBUG    | clean_data           | Converted LOW from float64 to numeric
2026-07-03 02:50:11 | DEBUG    | clean_data           | Converted CURRENT from float64 to numeric
2026-07-03 02:50:11 | DEBUG    | clean_data           | Converted CHANGE from float64 to numeric
2026-07-03 02:50:11 | WARNING  | clean_data           | Column CHANGE (%): 494 values could not be converted to numeric
2026-07-03 02:50:11 | DEBUG    | clean_data           | Converted CHANGE (%) from str to numeric
2026-07-03 02:50:11 | DEBUG    | clean_data           | Converted VOLUME from int64 to numeric
2026-07-03 02:50:11 | INFO     | clean_data           | ✅ Data cleaned (494 rows, 16 columns)
2026-07-03 02:50:11 | DEBUG    | clean_data           | Final columns: ['SYMBOL', 'SECTOR', 'LDCP', 'OPEN', 'HIGH', 'LOW', 'CURRENT', 'CHANGE', 'CHANGE (%)', 'VOLUME', 'YEAR', 'MONTH', 'DAY', 'HOUR', 'MINUTE', 'DATETIME']
2026-07-03 02:50:11 | DEBUG    | get_file_path        | Generated file path: data/2026/07/2026-07-03.xlsx
2026-07-03 02:50:11 | INFO     | save_data            | Saving data to: data/2026/07/2026-07-03.xlsx
2026-07-03 02:50:11 | DEBUG    | _create_backup       | Backup created: data/2026/07/backups/2026-07-03_backup_20260703_025011.xlsx
2026-07-03 02:50:11 | DEBUG    | save_data            | Existing file found, merging data...
2026-07-03 02:50:11 | DEBUG    | save_data            | Loaded 494 existing rows
2026-07-03 02:50:11 | DEBUG    | save_data            | Combined to 988 rows
2026-07-03 02:50:11 | DEBUG    | save_data            | Writing to temporary file...
2026-07-03 02:50:11 | DEBUG    | save_data            | Data written to temp file: /home/runner/work/Thalorae-BackLioraen/Thalorae-BackLioraen/data/2026/07/tmpe8co8opu.xlsx
2026-07-03 02:50:11 | DEBUG    | save_data            | Temp file moved to final location
2026-07-03 02:50:11 | INFO     | save_data            | ✅ Data saved successfully (988 total rows, 78,179 bytes)
2026-07-03 02:50:11 | INFO     | run                  | ======================================================================
2026-07-03 02:50:11 | INFO     | run                  | 📊 EXECUTION SUMMARY:
2026-07-03 02:50:11 | INFO     | run                  |    ✅ Status: SUCCESS
2026-07-03 02:50:11 | INFO     | run                  |    - Rows processed: 494
2026-07-03 02:50:11 | INFO     | run                  |    - Unique symbols: 494
2026-07-03 02:50:11 | INFO     | run                  |    - Timestamp: 2026-07-03 07:50:06
2026-07-03 02:50:11 | INFO     | run                  |    - File: data/2026/07/2026-07-03.xlsx
2026-07-03 02:50:11 | INFO     | run                  | ======================================================================
2026-07-03 02:50:11 | DEBUG    | run                  | Sample data (first row):
2026-07-03 02:50:11 | DEBUG    | run                  | {'SYMBOL': 'TPLP', 'SECTOR': 838.0, 'LDCP': 11.23, 'OPEN': 10.99, 'HIGH': 11.79, 'LOW': 10.95, 'CURRENT': 11.23, 'CHANGE': 0.51, 'CHANGE (%)': nan, 'VOLUME': 84688111, 'YEAR': 2026, 'MONTH': 7, 'DAY': 3, 'HOUR': 7, 'MINUTE': 50, 'DATETIME': '2026-07-03 07:50'}
2026-07-03 02:50:11 | DEBUG    | close                | Session closed
2026-07-03 02:55:12 | INFO     | run                  | ======================================================================
2026-07-03 02:55:12 | INFO     | run                  | 🚀 MARKET DATA SCRAPER - SINGLE EXECUTION
2026-07-03 02:55:12 | INFO     | run                  | ======================================================================
2026-07-03 02:55:12 | INFO     | run                  | Execution Time: 2026-07-03 07:55:12 PKT
2026-07-03 02:55:12 | INFO     | run                  | Configuration:
2026-07-03 02:55:12 | INFO     | run                  |    - Timezone: Asia/Karachi
2026-07-03 02:55:12 | INFO     | run                  |    - Data directory: data
2026-07-03 02:55:12 | INFO     | run                  |    - Log directory: logs
2026-07-03 02:55:12 | INFO     | run                  |    - Excluded symbols: {'XD', 'XR', 'XS', 'XT'}
2026-07-03 02:55:12 | INFO     | run                  | ======================================================================
2026-07-03 02:55:12 | INFO     | fetch_data           | Fetching data (Attempt 1/3)...
2026-07-03 02:55:12 | DEBUG    | fetch_data           | Establishing session with https://dps.psx.com.pk/
2026-07-03 02:55:15 | DEBUG    | fetch_data           | Requesting data from https://dps.psx.com.pk/market-watch
2026-07-03 02:55:16 | DEBUG    | fetch_data           | Response status: 200
2026-07-03 02:55:16 | DEBUG    | fetch_data           | Response content type: text/html; charset=utf-8
2026-07-03 02:55:16 | DEBUG    | fetch_data           | Response size: 474353 bytes
2026-07-03 02:55:16 | INFO     | fetch_data           | ✅ Data fetched successfully (Status: 200)
2026-07-03 02:55:16 | DEBUG    | parse_json           | Attempting JSON parsing...
2026-07-03 02:55:16 | DEBUG    | parse_json           | Response preview: <table class="tbl" data-page-length="25"><thead class="tbl__head"><!-- tr--><!--   th(colspan="11")--><!--   th.center(colspan="2", style="width: 110px;") TOTAL BUY ORDERS--><!--   th.center(colspan="2", style="width: 110px;") TOTAL SELL ORDERS--><tr><th data-name="symbol">SYMBOL</th><th data-name="sector">SECTOR</th><th data-name="listed">LISTED IN</th><th class="right" data-name="ldcp">LDCP</th><th class="right" data-name="open">OPEN</th><th class="right" data-name="high">HIGH</th><th class="r
2026-07-03 02:55:16 | WARNING  | parse_json           | ⚠️ JSON parsing failed: Expecting value: line 1 column 1 (char 0)
2026-07-03 02:55:16 | INFO     | run                  | JSON parsing failed, trying HTML fallback...
2026-07-03 02:55:16 | INFO     | parse_html           | Attempting HTML fallback parsing...
2026-07-03 02:55:16 | DEBUG    | parse_html           | Found 1 table(s) in HTML
2026-07-03 02:55:16 | DEBUG    | parse_html           | Table columns: ['SYMBOL', 'SECTOR', 'LISTED IN', 'LDCP', 'OPEN', 'HIGH', 'LOW', 'CURRENT', 'CHANGE', 'CHANGE (%)', 'VOLUME']
2026-07-03 02:55:16 | DEBUG    | parse_html           | Table shape: (494, 11)
2026-07-03 02:55:16 | INFO     | parse_html           | ✅ HTML parsed successfully (494 rows)
2026-07-03 02:55:16 | INFO     | clean_data           | Cleaning data...
2026-07-03 02:55:16 | DEBUG    | clean_data           | Initial shape: (494, 11)
2026-07-03 02:55:16 | DEBUG    | clean_data           | Initial columns: ['SYMBOL', 'SECTOR', 'LISTED IN', 'LDCP', 'OPEN', 'HIGH', 'LOW', 'CURRENT', 'CHANGE', 'CHANGE (%)', 'VOLUME']
2026-07-03 02:55:16 | DEBUG    | clean_data           | Removed 'LISTED IN' column
2026-07-03 02:55:16 | DEBUG    | clean_data           | Converted LDCP from float64 to numeric
2026-07-03 02:55:16 | DEBUG    | clean_data           | Converted OPEN from float64 to numeric
2026-07-03 02:55:16 | DEBUG    | clean_data           | Converted HIGH from float64 to numeric
2026-07-03 02:55:16 | DEBUG    | clean_data           | Converted LOW from float64 to numeric
2026-07-03 02:55:16 | DEBUG    | clean_data           | Converted CURRENT from float64 to numeric
2026-07-03 02:55:16 | DEBUG    | clean_data           | Converted CHANGE from float64 to numeric
2026-07-03 02:55:16 | WARNING  | clean_data           | Column CHANGE (%): 494 values could not be converted to numeric
2026-07-03 02:55:16 | DEBUG    | clean_data           | Converted CHANGE (%) from str to numeric
2026-07-03 02:55:16 | DEBUG    | clean_data           | Converted VOLUME from int64 to numeric
2026-07-03 02:55:16 | INFO     | clean_data           | ✅ Data cleaned (494 rows, 16 columns)
2026-07-03 02:55:16 | DEBUG    | clean_data           | Final columns: ['SYMBOL', 'SECTOR', 'LDCP', 'OPEN', 'HIGH', 'LOW', 'CURRENT', 'CHANGE', 'CHANGE (%)', 'VOLUME', 'YEAR', 'MONTH', 'DAY', 'HOUR', 'MINUTE', 'DATETIME']
2026-07-03 02:55:16 | DEBUG    | get_file_path        | Generated file path: data/2026/07/2026-07-03.xlsx
2026-07-03 02:55:16 | INFO     | save_data            | Saving data to: data/2026/07/2026-07-03.xlsx
2026-07-03 02:55:16 | DEBUG    | _create_backup       | Backup created: data/2026/07/backups/2026-07-03_backup_20260703_025516.xlsx
2026-07-03 02:55:16 | DEBUG    | save_data            | Existing file found, merging data...
2026-07-03 02:55:16 | DEBUG    | save_data            | Loaded 988 existing rows
2026-07-03 02:55:16 | DEBUG    | save_data            | Combined to 1482 rows
2026-07-03 02:55:16 | DEBUG    | save_data            | Writing to temporary file...
2026-07-03 02:55:17 | DEBUG    | save_data            | Data written to temp file: /home/runner/work/Thalorae-BackLioraen/Thalorae-BackLioraen/data/2026/07/tmp16_g87i2.xlsx
2026-07-03 02:55:17 | DEBUG    | save_data            | Temp file moved to final location
2026-07-03 02:55:17 | INFO     | save_data            | ✅ Data saved successfully (1482 total rows, 114,680 bytes)
2026-07-03 02:55:17 | INFO     | run                  | ======================================================================
2026-07-03 02:55:17 | INFO     | run                  | 📊 EXECUTION SUMMARY:
2026-07-03 02:55:17 | INFO     | run                  |    ✅ Status: SUCCESS
2026-07-03 02:55:17 | INFO     | run                  |    - Rows processed: 494
2026-07-03 02:55:17 | INFO     | run                  |    - Unique symbols: 494
2026-07-03 02:55:17 | INFO     | run                  |    - Timestamp: 2026-07-03 07:55:12
2026-07-03 02:55:17 | INFO     | run                  |    - File: data/2026/07/2026-07-03.xlsx
2026-07-03 02:55:17 | INFO     | run                  | ======================================================================
2026-07-03 02:55:17 | DEBUG    | run                  | Sample data (first row):
2026-07-03 02:55:17 | DEBUG    | run                  | {'SYMBOL': 'TPLP', 'SECTOR': 838.0, 'LDCP': 11.23, 'OPEN': 10.99, 'HIGH': 11.79, 'LOW': 10.95, 'CURRENT': 11.23, 'CHANGE': 0.51, 'CHANGE (%)': nan, 'VOLUME': 84688111, 'YEAR': 2026, 'MONTH': 7, 'DAY': 3, 'HOUR': 7, 'MINUTE': 55, 'DATETIME': '2026-07-03 07:55'}
2026-07-03 02:55:17 | DEBUG    | close                | Session closed
2026-07-03 03:00:17 | INFO     | run                  | ======================================================================
2026-07-03 03:00:17 | INFO     | run                  | 🚀 MARKET DATA SCRAPER - SINGLE EXECUTION
2026-07-03 03:00:17 | INFO     | run                  | ======================================================================
2026-07-03 03:00:17 | INFO     | run                  | Execution Time: 2026-07-03 08:00:17 PKT
2026-07-03 03:00:17 | INFO     | run                  | Configuration:
2026-07-03 03:00:17 | INFO     | run                  |    - Timezone: Asia/Karachi
2026-07-03 03:00:17 | INFO     | run                  |    - Data directory: data
2026-07-03 03:00:17 | INFO     | run                  |    - Log directory: logs
2026-07-03 03:00:17 | INFO     | run                  |    - Excluded symbols: {'XD', 'XR', 'XT', 'XS'}
2026-07-03 03:00:17 | INFO     | run                  | ======================================================================
2026-07-03 03:00:17 | INFO     | fetch_data           | Fetching data (Attempt 1/3)...
2026-07-03 03:00:17 | DEBUG    | fetch_data           | Establishing session with https://dps.psx.com.pk/
2026-07-03 03:00:20 | DEBUG    | fetch_data           | Requesting data from https://dps.psx.com.pk/market-watch
2026-07-03 03:00:21 | DEBUG    | fetch_data           | Response status: 200
2026-07-03 03:00:21 | DEBUG    | fetch_data           | Response content type: text/html; charset=utf-8
2026-07-03 03:00:21 | DEBUG    | fetch_data           | Response size: 474353 bytes
2026-07-03 03:00:21 | INFO     | fetch_data           | ✅ Data fetched successfully (Status: 200)
2026-07-03 03:00:21 | DEBUG    | parse_json           | Attempting JSON parsing...
2026-07-03 03:00:21 | DEBUG    | parse_json           | Response preview: <table class="tbl" data-page-length="25"><thead class="tbl__head"><!-- tr--><!--   th(colspan="11")--><!--   th.center(colspan="2", style="width: 110px;") TOTAL BUY ORDERS--><!--   th.center(colspan="2", style="width: 110px;") TOTAL SELL ORDERS--><tr><th data-name="symbol">SYMBOL</th><th data-name="sector">SECTOR</th><th data-name="listed">LISTED IN</th><th class="right" data-name="ldcp">LDCP</th><th class="right" data-name="open">OPEN</th><th class="right" data-name="high">HIGH</th><th class="r
2026-07-03 03:00:21 | WARNING  | parse_json           | ⚠️ JSON parsing failed: Expecting value: line 1 column 1 (char 0)
2026-07-03 03:00:21 | INFO     | run                  | JSON parsing failed, trying HTML fallback...
2026-07-03 03:00:21 | INFO     | parse_html           | Attempting HTML fallback parsing...
2026-07-03 03:00:21 | DEBUG    | parse_html           | Found 1 table(s) in HTML
2026-07-03 03:00:21 | DEBUG    | parse_html           | Table columns: ['SYMBOL', 'SECTOR', 'LISTED IN', 'LDCP', 'OPEN', 'HIGH', 'LOW', 'CURRENT', 'CHANGE', 'CHANGE (%)', 'VOLUME']
2026-07-03 03:00:21 | DEBUG    | parse_html           | Table shape: (494, 11)
2026-07-03 03:00:21 | INFO     | parse_html           | ✅ HTML parsed successfully (494 rows)
2026-07-03 03:00:21 | INFO     | clean_data           | Cleaning data...
2026-07-03 03:00:21 | DEBUG    | clean_data           | Initial shape: (494, 11)
2026-07-03 03:00:21 | DEBUG    | clean_data           | Initial columns: ['SYMBOL', 'SECTOR', 'LISTED IN', 'LDCP', 'OPEN', 'HIGH', 'LOW', 'CURRENT', 'CHANGE', 'CHANGE (%)', 'VOLUME']
2026-07-03 03:00:21 | DEBUG    | clean_data           | Removed 'LISTED IN' column
2026-07-03 03:00:21 | DEBUG    | clean_data           | Converted LDCP from float64 to numeric
2026-07-03 03:00:21 | DEBUG    | clean_data           | Converted OPEN from float64 to numeric
2026-07-03 03:00:21 | DEBUG    | clean_data           | Converted HIGH from float64 to numeric
2026-07-03 03:00:21 | DEBUG    | clean_data           | Converted LOW from float64 to numeric
2026-07-03 03:00:21 | DEBUG    | clean_data           | Converted CURRENT from float64 to numeric
2026-07-03 03:00:21 | DEBUG    | clean_data           | Converted CHANGE from float64 to numeric
2026-07-03 03:00:21 | WARNING  | clean_data           | Column CHANGE (%): 494 values could not be converted to numeric
2026-07-03 03:00:21 | DEBUG    | clean_data           | Converted CHANGE (%) from str to numeric
2026-07-03 03:00:21 | DEBUG    | clean_data           | Converted VOLUME from int64 to numeric
2026-07-03 03:00:21 | INFO     | clean_data           | ✅ Data cleaned (494 rows, 16 columns)
2026-07-03 03:00:21 | DEBUG    | clean_data           | Final columns: ['SYMBOL', 'SECTOR', 'LDCP', 'OPEN', 'HIGH', 'LOW', 'CURRENT', 'CHANGE', 'CHANGE (%)', 'VOLUME', 'YEAR', 'MONTH', 'DAY', 'HOUR', 'MINUTE', 'DATETIME']
2026-07-03 03:00:21 | DEBUG    | get_file_path        | Generated file path: data/2026/07/2026-07-03.xlsx
2026-07-03 03:00:21 | INFO     | save_data            | Saving data to: data/2026/07/2026-07-03.xlsx
2026-07-03 03:00:21 | DEBUG    | _create_backup       | Backup created: data/2026/07/backups/2026-07-03_backup_20260703_030021.xlsx
2026-07-03 03:00:21 | DEBUG    | save_data            | Existing file found, merging data...
2026-07-03 03:00:22 | DEBUG    | save_data            | Loaded 1482 existing rows
2026-07-03 03:00:22 | DEBUG    | save_data            | Combined to 1976 rows
2026-07-03 03:00:22 | DEBUG    | save_data            | Writing to temporary file...
2026-07-03 03:00:22 | DEBUG    | save_data            | Data written to temp file: /home/runner/work/Thalorae-BackLioraen/Thalorae-BackLioraen/data/2026/07/tmpklg27gq9.xlsx
2026-07-03 03:00:22 | DEBUG    | save_data            | Temp file moved to final location
2026-07-03 03:00:22 | INFO     | save_data            | ✅ Data saved successfully (1976 total rows, 151,547 bytes)
2026-07-03 03:00:22 | INFO     | run                  | ======================================================================
2026-07-03 03:00:22 | INFO     | run                  | 📊 EXECUTION SUMMARY:
2026-07-03 03:00:22 | INFO     | run                  |    ✅ Status: SUCCESS
2026-07-03 03:00:22 | INFO     | run                  |    - Rows processed: 494
2026-07-03 03:00:22 | INFO     | run                  |    - Unique symbols: 494
2026-07-03 03:00:22 | INFO     | run                  |    - Timestamp: 2026-07-03 08:00:17
2026-07-03 03:00:22 | INFO     | run                  |    - File: data/2026/07/2026-07-03.xlsx
2026-07-03 03:00:22 | INFO     | run                  | ======================================================================
2026-07-03 03:00:22 | DEBUG    | run                  | Sample data (first row):
2026-07-03 03:00:22 | DEBUG    | run                  | {'SYMBOL': 'TPLP', 'SECTOR': 838.0, 'LDCP': 11.23, 'OPEN': 10.99, 'HIGH': 11.79, 'LOW': 10.95, 'CURRENT': 11.23, 'CHANGE': 0.51, 'CHANGE (%)': nan, 'VOLUME': 84688111, 'YEAR': 2026, 'MONTH': 7, 'DAY': 3, 'HOUR': 8, 'MINUTE': 0, 'DATETIME': '2026-07-03 08:00'}
2026-07-03 03:00:22 | DEBUG    | close                | Session closed
2026-07-03 03:05:22 | INFO     | run                  | ======================================================================
2026-07-03 03:05:22 | INFO     | run                  | 🚀 MARKET DATA SCRAPER - SINGLE EXECUTION
2026-07-03 03:05:22 | INFO     | run                  | ======================================================================
2026-07-03 03:05:22 | INFO     | run                  | Execution Time: 2026-07-03 08:05:22 PKT
2026-07-03 03:05:22 | INFO     | run                  | Configuration:
2026-07-03 03:05:22 | INFO     | run                  |    - Timezone: Asia/Karachi
2026-07-03 03:05:22 | INFO     | run                  |    - Data directory: data
2026-07-03 03:05:22 | INFO     | run                  |    - Log directory: logs
2026-07-03 03:05:22 | INFO     | run                  |    - Excluded symbols: {'XD', 'XS', 'XT', 'XR'}
2026-07-03 03:05:22 | INFO     | run                  | ======================================================================
2026-07-03 03:05:22 | INFO     | fetch_data           | Fetching data (Attempt 1/3)...
2026-07-03 03:05:22 | DEBUG    | fetch_data           | Establishing session with https://dps.psx.com.pk/
2026-07-03 03:05:26 | DEBUG    | fetch_data           | Requesting data from https://dps.psx.com.pk/market-watch
2026-07-03 03:05:28 | DEBUG    | fetch_data           | Response status: 200
2026-07-03 03:05:28 | DEBUG    | fetch_data           | Response content type: text/html; charset=utf-8
2026-07-03 03:05:28 | DEBUG    | fetch_data           | Response size: 474353 bytes
2026-07-03 03:05:28 | INFO     | fetch_data           | ✅ Data fetched successfully (Status: 200)
2026-07-03 03:05:28 | DEBUG    | parse_json           | Attempting JSON parsing...
2026-07-03 03:05:28 | DEBUG    | parse_json           | Response preview: <table class="tbl" data-page-length="25"><thead class="tbl__head"><!-- tr--><!--   th(colspan="11")--><!--   th.center(colspan="2", style="width: 110px;") TOTAL BUY ORDERS--><!--   th.center(colspan="2", style="width: 110px;") TOTAL SELL ORDERS--><tr><th data-name="symbol">SYMBOL</th><th data-name="sector">SECTOR</th><th data-name="listed">LISTED IN</th><th class="right" data-name="ldcp">LDCP</th><th class="right" data-name="open">OPEN</th><th class="right" data-name="high">HIGH</th><th class="r
2026-07-03 03:05:28 | WARNING  | parse_json           | ⚠️ JSON parsing failed: Expecting value: line 1 column 1 (char 0)
2026-07-03 03:05:28 | INFO     | run                  | JSON parsing failed, trying HTML fallback...
2026-07-03 03:05:28 | INFO     | parse_html           | Attempting HTML fallback parsing...
2026-07-03 03:05:28 | DEBUG    | parse_html           | Found 1 table(s) in HTML
2026-07-03 03:05:28 | DEBUG    | parse_html           | Table columns: ['SYMBOL', 'SECTOR', 'LISTED IN', 'LDCP', 'OPEN', 'HIGH', 'LOW', 'CURRENT', 'CHANGE', 'CHANGE (%)', 'VOLUME']
2026-07-03 03:05:28 | DEBUG    | parse_html           | Table shape: (494, 11)
2026-07-03 03:05:28 | INFO     | parse_html           | ✅ HTML parsed successfully (494 rows)
2026-07-03 03:05:28 | INFO     | clean_data           | Cleaning data...
2026-07-03 03:05:28 | DEBUG    | clean_data           | Initial shape: (494, 11)
2026-07-03 03:05:28 | DEBUG    | clean_data           | Initial columns: ['SYMBOL', 'SECTOR', 'LISTED IN', 'LDCP', 'OPEN', 'HIGH', 'LOW', 'CURRENT', 'CHANGE', 'CHANGE (%)', 'VOLUME']
2026-07-03 03:05:28 | DEBUG    | clean_data           | Removed 'LISTED IN' column
2026-07-03 03:05:28 | DEBUG    | clean_data           | Converted LDCP from float64 to numeric
2026-07-03 03:05:28 | DEBUG    | clean_data           | Converted OPEN from float64 to numeric
2026-07-03 03:05:28 | DEBUG    | clean_data           | Converted HIGH from float64 to numeric
2026-07-03 03:05:28 | DEBUG    | clean_data           | Converted LOW from float64 to numeric
2026-07-03 03:05:28 | DEBUG    | clean_data           | Converted CURRENT from float64 to numeric
2026-07-03 03:05:28 | DEBUG    | clean_data           | Converted CHANGE from float64 to numeric
2026-07-03 03:05:28 | WARNING  | clean_data           | Column CHANGE (%): 494 values could not be converted to numeric
2026-07-03 03:05:28 | DEBUG    | clean_data           | Converted CHANGE (%) from str to numeric
2026-07-03 03:05:28 | DEBUG    | clean_data           | Converted VOLUME from int64 to numeric
2026-07-03 03:05:28 | INFO     | clean_data           | ✅ Data cleaned (494 rows, 16 columns)
2026-07-03 03:05:28 | DEBUG    | clean_data           | Final columns: ['SYMBOL', 'SECTOR', 'LDCP', 'OPEN', 'HIGH', 'LOW', 'CURRENT', 'CHANGE', 'CHANGE (%)', 'VOLUME', 'YEAR', 'MONTH', 'DAY', 'HOUR', 'MINUTE', 'DATETIME']
2026-07-03 03:05:28 | DEBUG    | get_file_path        | Generated file path: data/2026/07/2026-07-03.xlsx
2026-07-03 03:05:28 | INFO     | save_data            | Saving data to: data/2026/07/2026-07-03.xlsx
2026-07-03 03:05:28 | DEBUG    | _create_backup       | Backup created: data/2026/07/backups/2026-07-03_backup_20260703_030528.xlsx
2026-07-03 03:05:28 | DEBUG    | save_data            | Existing file found, merging data...
2026-07-03 03:05:28 | DEBUG    | save_data            | Loaded 1976 existing rows
2026-07-03 03:05:28 | DEBUG    | save_data            | Combined to 2470 rows
2026-07-03 03:05:28 | DEBUG    | save_data            | Writing to temporary file...
2026-07-03 03:05:29 | DEBUG    | save_data            | Data written to temp file: /home/runner/work/Thalorae-BackLioraen/Thalorae-BackLioraen/data/2026/07/tmpe7cwsucx.xlsx
2026-07-03 03:05:29 | DEBUG    | save_data            | Temp file moved to final location
2026-07-03 03:05:29 | INFO     | save_data            | ✅ Data saved successfully (2470 total rows, 188,397 bytes)
2026-07-03 03:05:29 | INFO     | run                  | ======================================================================
2026-07-03 03:05:29 | INFO     | run                  | 📊 EXECUTION SUMMARY:
2026-07-03 03:05:29 | INFO     | run                  |    ✅ Status: SUCCESS
2026-07-03 03:05:29 | INFO     | run                  |    - Rows processed: 494
2026-07-03 03:05:29 | INFO     | run                  |    - Unique symbols: 494
2026-07-03 03:05:29 | INFO     | run                  |    - Timestamp: 2026-07-03 08:05:22
2026-07-03 03:05:29 | INFO     | run                  |    - File: data/2026/07/2026-07-03.xlsx
2026-07-03 03:05:29 | INFO     | run                  | ======================================================================
2026-07-03 03:05:29 | DEBUG    | run                  | Sample data (first row):
2026-07-03 03:05:29 | DEBUG    | run                  | {'SYMBOL': 'TPLP', 'SECTOR': 838.0, 'LDCP': 11.23, 'OPEN': 10.99, 'HIGH': 11.79, 'LOW': 10.95, 'CURRENT': 11.23, 'CHANGE': 0.51, 'CHANGE (%)': nan, 'VOLUME': 84688111, 'YEAR': 2026, 'MONTH': 7, 'DAY': 3, 'HOUR': 8, 'MINUTE': 5, 'DATETIME': '2026-07-03 08:05'}
2026-07-03 03:05:29 | DEBUG    | close                | Session closed
2026-07-03 03:10:29 | INFO     | run                  | ======================================================================
2026-07-03 03:10:29 | INFO     | run                  | 🚀 MARKET DATA SCRAPER - SINGLE EXECUTION
2026-07-03 03:10:29 | INFO     | run                  | ======================================================================
2026-07-03 03:10:29 | INFO     | run                  | Execution Time: 2026-07-03 08:10:29 PKT
2026-07-03 03:10:29 | INFO     | run                  | Configuration:
2026-07-03 03:10:29 | INFO     | run                  |    - Timezone: Asia/Karachi
2026-07-03 03:10:29 | INFO     | run                  |    - Data directory: data
2026-07-03 03:10:29 | INFO     | run                  |    - Log directory: logs
2026-07-03 03:10:29 | INFO     | run                  |    - Excluded symbols: {'XT', 'XD', 'XR', 'XS'}
2026-07-03 03:10:29 | INFO     | run                  | ======================================================================
2026-07-03 03:10:29 | INFO     | fetch_data           | Fetching data (Attempt 1/3)...
2026-07-03 03:10:29 | DEBUG    | fetch_data           | Establishing session with https://dps.psx.com.pk/
2026-07-03 03:10:32 | DEBUG    | fetch_data           | Requesting data from https://dps.psx.com.pk/market-watch
2026-07-03 03:10:34 | DEBUG    | fetch_data           | Response status: 200
2026-07-03 03:10:34 | DEBUG    | fetch_data           | Response content type: text/html; charset=utf-8
2026-07-03 03:10:34 | DEBUG    | fetch_data           | Response size: 474353 bytes
2026-07-03 03:10:34 | INFO     | fetch_data           | ✅ Data fetched successfully (Status: 200)
2026-07-03 03:10:34 | DEBUG    | parse_json           | Attempting JSON parsing...
2026-07-03 03:10:34 | DEBUG    | parse_json           | Response preview: <table class="tbl" data-page-length="25"><thead class="tbl__head"><!-- tr--><!--   th(colspan="11")--><!--   th.center(colspan="2", style="width: 110px;") TOTAL BUY ORDERS--><!--   th.center(colspan="2", style="width: 110px;") TOTAL SELL ORDERS--><tr><th data-name="symbol">SYMBOL</th><th data-name="sector">SECTOR</th><th data-name="listed">LISTED IN</th><th class="right" data-name="ldcp">LDCP</th><th class="right" data-name="open">OPEN</th><th class="right" data-name="high">HIGH</th><th class="r
2026-07-03 03:10:34 | WARNING  | parse_json           | ⚠️ JSON parsing failed: Expecting value: line 1 column 1 (char 0)
2026-07-03 03:10:34 | INFO     | run                  | JSON parsing failed, trying HTML fallback...
2026-07-03 03:10:34 | INFO     | parse_html           | Attempting HTML fallback parsing...
2026-07-03 03:10:34 | DEBUG    | parse_html           | Found 1 table(s) in HTML
2026-07-03 03:10:34 | DEBUG    | parse_html           | Table columns: ['SYMBOL', 'SECTOR', 'LISTED IN', 'LDCP', 'OPEN', 'HIGH', 'LOW', 'CURRENT', 'CHANGE', 'CHANGE (%)', 'VOLUME']
2026-07-03 03:10:34 | DEBUG    | parse_html           | Table shape: (494, 11)
2026-07-03 03:10:34 | INFO     | parse_html           | ✅ HTML parsed successfully (494 rows)
2026-07-03 03:10:34 | INFO     | clean_data           | Cleaning data...
2026-07-03 03:10:34 | DEBUG    | clean_data           | Initial shape: (494, 11)
2026-07-03 03:10:34 | DEBUG    | clean_data           | Initial columns: ['SYMBOL', 'SECTOR', 'LISTED IN', 'LDCP', 'OPEN', 'HIGH', 'LOW', 'CURRENT', 'CHANGE', 'CHANGE (%)', 'VOLUME']
2026-07-03 03:10:34 | DEBUG    | clean_data           | Removed 'LISTED IN' column
2026-07-03 03:10:34 | DEBUG    | clean_data           | Converted LDCP from float64 to numeric
2026-07-03 03:10:34 | DEBUG    | clean_data           | Converted OPEN from float64 to numeric
2026-07-03 03:10:34 | DEBUG    | clean_data           | Converted HIGH from float64 to numeric
2026-07-03 03:10:34 | DEBUG    | clean_data           | Converted LOW from float64 to numeric
2026-07-03 03:10:34 | DEBUG    | clean_data           | Converted CURRENT from float64 to numeric
2026-07-03 03:10:34 | DEBUG    | clean_data           | Converted CHANGE from float64 to numeric
2026-07-03 03:10:34 | WARNING  | clean_data           | Column CHANGE (%): 494 values could not be converted to numeric
2026-07-03 03:10:34 | DEBUG    | clean_data           | Converted CHANGE (%) from str to numeric
2026-07-03 03:10:34 | DEBUG    | clean_data           | Converted VOLUME from int64 to numeric
2026-07-03 03:10:34 | INFO     | clean_data           | ✅ Data cleaned (494 rows, 16 columns)
2026-07-03 03:10:34 | DEBUG    | clean_data           | Final columns: ['SYMBOL', 'SECTOR', 'LDCP', 'OPEN', 'HIGH', 'LOW', 'CURRENT', 'CHANGE', 'CHANGE (%)', 'VOLUME', 'YEAR', 'MONTH', 'DAY', 'HOUR', 'MINUTE', 'DATETIME']
2026-07-03 03:10:34 | DEBUG    | get_file_path        | Generated file path: data/2026/07/2026-07-03.xlsx
2026-07-03 03:10:34 | INFO     | save_data            | Saving data to: data/2026/07/2026-07-03.xlsx
2026-07-03 03:10:34 | DEBUG    | _create_backup       | Backup created: data/2026/07/backups/2026-07-03_backup_20260703_031034.xlsx
2026-07-03 03:10:34 | DEBUG    | save_data            | Existing file found, merging data...
2026-07-03 03:10:34 | DEBUG    | save_data            | Loaded 2470 existing rows
2026-07-03 03:10:34 | DEBUG    | save_data            | Combined to 2964 rows
2026-07-03 03:10:34 | DEBUG    | save_data            | Writing to temporary file...
2026-07-03 03:10:35 | DEBUG    | save_data            | Data written to temp file: /home/runner/work/Thalorae-BackLioraen/Thalorae-BackLioraen/data/2026/07/tmp1ytj6ou1.xlsx
2026-07-03 03:10:35 | DEBUG    | save_data            | Temp file moved to final location
2026-07-03 03:10:35 | INFO     | save_data            | ✅ Data saved successfully (2964 total rows, 225,262 bytes)
2026-07-03 03:10:35 | INFO     | run                  | ======================================================================
2026-07-03 03:10:35 | INFO     | run                  | 📊 EXECUTION SUMMARY:
2026-07-03 03:10:35 | INFO     | run                  |    ✅ Status: SUCCESS
2026-07-03 03:10:35 | INFO     | run                  |    - Rows processed: 494
2026-07-03 03:10:35 | INFO     | run                  |    - Unique symbols: 494
2026-07-03 03:10:35 | INFO     | run                  |    - Timestamp: 2026-07-03 08:10:29
2026-07-03 03:10:35 | INFO     | run                  |    - File: data/2026/07/2026-07-03.xlsx
2026-07-03 03:10:35 | INFO     | run                  | ======================================================================
2026-07-03 03:10:35 | DEBUG    | run                  | Sample data (first row):
2026-07-03 03:10:35 | DEBUG    | run                  | {'SYMBOL': 'TPLP', 'SECTOR': 838.0, 'LDCP': 11.23, 'OPEN': 10.99, 'HIGH': 11.79, 'LOW': 10.95, 'CURRENT': 11.23, 'CHANGE': 0.51, 'CHANGE (%)': nan, 'VOLUME': 84688111, 'YEAR': 2026, 'MONTH': 7, 'DAY': 3, 'HOUR': 8, 'MINUTE': 10, 'DATETIME': '2026-07-03 08:10'}
2026-07-03 03:10:35 | DEBUG    | close                | Session closed
2026-07-03 03:15:35 | INFO     | run                  | ======================================================================
2026-07-03 03:15:35 | INFO     | run                  | 🚀 MARKET DATA SCRAPER - SINGLE EXECUTION
2026-07-03 03:15:35 | INFO     | run                  | ======================================================================
2026-07-03 03:15:35 | INFO     | run                  | Execution Time: 2026-07-03 08:15:35 PKT
2026-07-03 03:15:35 | INFO     | run                  | Configuration:
2026-07-03 03:15:35 | INFO     | run                  |    - Timezone: Asia/Karachi
2026-07-03 03:15:35 | INFO     | run                  |    - Data directory: data
2026-07-03 03:15:35 | INFO     | run                  |    - Log directory: logs
2026-07-03 03:15:35 | INFO     | run                  |    - Excluded symbols: {'XT', 'XD', 'XS', 'XR'}
2026-07-03 03:15:35 | INFO     | run                  | ======================================================================
2026-07-03 03:15:35 | INFO     | fetch_data           | Fetching data (Attempt 1/3)...
2026-07-03 03:15:35 | DEBUG    | fetch_data           | Establishing session with https://dps.psx.com.pk/
2026-07-03 03:15:38 | DEBUG    | fetch_data           | Requesting data from https://dps.psx.com.pk/market-watch
2026-07-03 03:15:40 | DEBUG    | fetch_data           | Response status: 200
2026-07-03 03:15:40 | DEBUG    | fetch_data           | Response content type: text/html; charset=utf-8
2026-07-03 03:15:40 | DEBUG    | fetch_data           | Response size: 474353 bytes
2026-07-03 03:15:40 | INFO     | fetch_data           | ✅ Data fetched successfully (Status: 200)
2026-07-03 03:15:40 | DEBUG    | parse_json           | Attempting JSON parsing...
2026-07-03 03:15:40 | DEBUG    | parse_json           | Response preview: <table class="tbl" data-page-length="25"><thead class="tbl__head"><!-- tr--><!--   th(colspan="11")--><!--   th.center(colspan="2", style="width: 110px;") TOTAL BUY ORDERS--><!--   th.center(colspan="2", style="width: 110px;") TOTAL SELL ORDERS--><tr><th data-name="symbol">SYMBOL</th><th data-name="sector">SECTOR</th><th data-name="listed">LISTED IN</th><th class="right" data-name="ldcp">LDCP</th><th class="right" data-name="open">OPEN</th><th class="right" data-name="high">HIGH</th><th class="r
2026-07-03 03:15:40 | WARNING  | parse_json           | ⚠️ JSON parsing failed: Expecting value: line 1 column 1 (char 0)
2026-07-03 03:15:40 | INFO     | run                  | JSON parsing failed, trying HTML fallback...
2026-07-03 03:15:40 | INFO     | parse_html           | Attempting HTML fallback parsing...
2026-07-03 03:15:41 | DEBUG    | parse_html           | Found 1 table(s) in HTML
2026-07-03 03:15:41 | DEBUG    | parse_html           | Table columns: ['SYMBOL', 'SECTOR', 'LISTED IN', 'LDCP', 'OPEN', 'HIGH', 'LOW', 'CURRENT', 'CHANGE', 'CHANGE (%)', 'VOLUME']
2026-07-03 03:15:41 | DEBUG    | parse_html           | Table shape: (494, 11)
2026-07-03 03:15:41 | INFO     | parse_html           | ✅ HTML parsed successfully (494 rows)
2026-07-03 03:15:41 | INFO     | clean_data           | Cleaning data...
2026-07-03 03:15:41 | DEBUG    | clean_data           | Initial shape: (494, 11)
2026-07-03 03:15:41 | DEBUG    | clean_data           | Initial columns: ['SYMBOL', 'SECTOR', 'LISTED IN', 'LDCP', 'OPEN', 'HIGH', 'LOW', 'CURRENT', 'CHANGE', 'CHANGE (%)', 'VOLUME']
2026-07-03 03:15:41 | DEBUG    | clean_data           | Removed 'LISTED IN' column
2026-07-03 03:15:41 | DEBUG    | clean_data           | Converted LDCP from float64 to numeric
2026-07-03 03:15:41 | DEBUG    | clean_data           | Converted OPEN from float64 to numeric
2026-07-03 03:15:41 | DEBUG    | clean_data           | Converted HIGH from float64 to numeric
2026-07-03 03:15:41 | DEBUG    | clean_data           | Converted LOW from float64 to numeric
2026-07-03 03:15:41 | DEBUG    | clean_data           | Converted CURRENT from float64 to numeric
2026-07-03 03:15:41 | DEBUG    | clean_data           | Converted CHANGE from float64 to numeric
2026-07-03 03:15:41 | WARNING  | clean_data           | Column CHANGE (%): 494 values could not be converted to numeric
2026-07-03 03:15:41 | DEBUG    | clean_data           | Converted CHANGE (%) from str to numeric
2026-07-03 03:15:41 | DEBUG    | clean_data           | Converted VOLUME from int64 to numeric
2026-07-03 03:15:41 | INFO     | clean_data           | ✅ Data cleaned (494 rows, 16 columns)
2026-07-03 03:15:41 | DEBUG    | clean_data           | Final columns: ['SYMBOL', 'SECTOR', 'LDCP', 'OPEN', 'HIGH', 'LOW', 'CURRENT', 'CHANGE', 'CHANGE (%)', 'VOLUME', 'YEAR', 'MONTH', 'DAY', 'HOUR', 'MINUTE', 'DATETIME']
2026-07-03 03:15:41 | DEBUG    | get_file_path        | Generated file path: data/2026/07/2026-07-03.xlsx
2026-07-03 03:15:41 | INFO     | save_data            | Saving data to: data/2026/07/2026-07-03.xlsx
2026-07-03 03:15:41 | DEBUG    | _create_backup       | Backup created: data/2026/07/backups/2026-07-03_backup_20260703_031541.xlsx
2026-07-03 03:15:41 | DEBUG    | _cleanup_old_backups | Removed old backup: 2026-07-03_backup_20260703_025011.xlsx
2026-07-03 03:15:41 | DEBUG    | save_data            | Existing file found, merging data...
2026-07-03 03:15:41 | DEBUG    | save_data            | Loaded 2964 existing rows
2026-07-03 03:15:41 | DEBUG    | save_data            | Combined to 3458 rows
2026-07-03 03:15:41 | DEBUG    | save_data            | Writing to temporary file...
2026-07-03 03:15:41 | DEBUG    | save_data            | Data written to temp file: /home/runner/work/Thalorae-BackLioraen/Thalorae-BackLioraen/data/2026/07/tmpl8wz6yaw.xlsx
2026-07-03 03:15:41 | DEBUG    | save_data            | Temp file moved to final location
2026-07-03 03:15:41 | INFO     | save_data            | ✅ Data saved successfully (3458 total rows, 262,130 bytes)
2026-07-03 03:15:41 | INFO     | run                  | ======================================================================
2026-07-03 03:15:41 | INFO     | run                  | 📊 EXECUTION SUMMARY:
2026-07-03 03:15:41 | INFO     | run                  |    ✅ Status: SUCCESS
2026-07-03 03:15:41 | INFO     | run                  |    - Rows processed: 494
2026-07-03 03:15:41 | INFO     | run                  |    - Unique symbols: 494
2026-07-03 03:15:41 | INFO     | run                  |    - Timestamp: 2026-07-03 08:15:35
2026-07-03 03:15:41 | INFO     | run                  |    - File: data/2026/07/2026-07-03.xlsx
2026-07-03 03:15:41 | INFO     | run                  | ======================================================================
2026-07-03 03:15:41 | DEBUG    | run                  | Sample data (first row):
2026-07-03 03:15:41 | DEBUG    | run                  | {'SYMBOL': 'TPLP', 'SECTOR': 838.0, 'LDCP': 11.23, 'OPEN': 10.99, 'HIGH': 11.79, 'LOW': 10.95, 'CURRENT': 11.23, 'CHANGE': 0.51, 'CHANGE (%)': nan, 'VOLUME': 84688111, 'YEAR': 2026, 'MONTH': 7, 'DAY': 3, 'HOUR': 8, 'MINUTE': 15, 'DATETIME': '2026-07-03 08:15'}
2026-07-03 03:15:41 | DEBUG    | close                | Session closed
2026-07-03 03:20:42 | INFO     | run                  | ======================================================================
2026-07-03 03:20:42 | INFO     | run                  | 🚀 MARKET DATA SCRAPER - SINGLE EXECUTION
2026-07-03 03:20:42 | INFO     | run                  | ======================================================================
2026-07-03 03:20:42 | INFO     | run                  | Execution Time: 2026-07-03 08:20:42 PKT
2026-07-03 03:20:42 | INFO     | run                  | Configuration:
2026-07-03 03:20:42 | INFO     | run                  |    - Timezone: Asia/Karachi
2026-07-03 03:20:42 | INFO     | run                  |    - Data directory: data
2026-07-03 03:20:42 | INFO     | run                  |    - Log directory: logs
2026-07-03 03:20:42 | INFO     | run                  |    - Excluded symbols: {'XD', 'XS', 'XR', 'XT'}
2026-07-03 03:20:42 | INFO     | run                  | ======================================================================
2026-07-03 03:20:42 | INFO     | fetch_data           | Fetching data (Attempt 1/3)...
2026-07-03 03:20:42 | DEBUG    | fetch_data           | Establishing session with https://dps.psx.com.pk/
2026-07-03 03:20:45 | DEBUG    | fetch_data           | Requesting data from https://dps.psx.com.pk/market-watch
2026-07-03 03:20:46 | DEBUG    | fetch_data           | Response status: 200
2026-07-03 03:20:46 | DEBUG    | fetch_data           | Response content type: text/html; charset=utf-8
2026-07-03 03:20:46 | DEBUG    | fetch_data           | Response size: 474353 bytes
2026-07-03 03:20:46 | INFO     | fetch_data           | ✅ Data fetched successfully (Status: 200)
2026-07-03 03:20:46 | DEBUG    | parse_json           | Attempting JSON parsing...
2026-07-03 03:20:46 | DEBUG    | parse_json           | Response preview: <table class="tbl" data-page-length="25"><thead class="tbl__head"><!-- tr--><!--   th(colspan="11")--><!--   th.center(colspan="2", style="width: 110px;") TOTAL BUY ORDERS--><!--   th.center(colspan="2", style="width: 110px;") TOTAL SELL ORDERS--><tr><th data-name="symbol">SYMBOL</th><th data-name="sector">SECTOR</th><th data-name="listed">LISTED IN</th><th class="right" data-name="ldcp">LDCP</th><th class="right" data-name="open">OPEN</th><th class="right" data-name="high">HIGH</th><th class="r
2026-07-03 03:20:46 | WARNING  | parse_json           | ⚠️ JSON parsing failed: Expecting value: line 1 column 1 (char 0)
2026-07-03 03:20:46 | INFO     | run                  | JSON parsing failed, trying HTML fallback...
2026-07-03 03:20:46 | INFO     | parse_html           | Attempting HTML fallback parsing...
2026-07-03 03:20:46 | DEBUG    | parse_html           | Found 1 table(s) in HTML
2026-07-03 03:20:46 | DEBUG    | parse_html           | Table columns: ['SYMBOL', 'SECTOR', 'LISTED IN', 'LDCP', 'OPEN', 'HIGH', 'LOW', 'CURRENT', 'CHANGE', 'CHANGE (%)', 'VOLUME']
2026-07-03 03:20:46 | DEBUG    | parse_html           | Table shape: (494, 11)
2026-07-03 03:20:46 | INFO     | parse_html           | ✅ HTML parsed successfully (494 rows)
2026-07-03 03:20:46 | INFO     | clean_data           | Cleaning data...
2026-07-03 03:20:46 | DEBUG    | clean_data           | Initial shape: (494, 11)
2026-07-03 03:20:46 | DEBUG    | clean_data           | Initial columns: ['SYMBOL', 'SECTOR', 'LISTED IN', 'LDCP', 'OPEN', 'HIGH', 'LOW', 'CURRENT', 'CHANGE', 'CHANGE (%)', 'VOLUME']
2026-07-03 03:20:46 | DEBUG    | clean_data           | Removed 'LISTED IN' column
2026-07-03 03:20:46 | DEBUG    | clean_data           | Converted LDCP from float64 to numeric
2026-07-03 03:20:46 | DEBUG    | clean_data           | Converted OPEN from float64 to numeric
2026-07-03 03:20:46 | DEBUG    | clean_data           | Converted HIGH from float64 to numeric
2026-07-03 03:20:46 | DEBUG    | clean_data           | Converted LOW from float64 to numeric
2026-07-03 03:20:46 | DEBUG    | clean_data           | Converted CURRENT from float64 to numeric
2026-07-03 03:20:46 | DEBUG    | clean_data           | Converted CHANGE from float64 to numeric
2026-07-03 03:20:46 | WARNING  | clean_data           | Column CHANGE (%): 494 values could not be converted to numeric
2026-07-03 03:20:46 | DEBUG    | clean_data           | Converted CHANGE (%) from str to numeric
2026-07-03 03:20:46 | DEBUG    | clean_data           | Converted VOLUME from int64 to numeric
2026-07-03 03:20:46 | INFO     | clean_data           | ✅ Data cleaned (494 rows, 16 columns)
2026-07-03 03:20:46 | DEBUG    | clean_data           | Final columns: ['SYMBOL', 'SECTOR', 'LDCP', 'OPEN', 'HIGH', 'LOW', 'CURRENT', 'CHANGE', 'CHANGE (%)', 'VOLUME', 'YEAR', 'MONTH', 'DAY', 'HOUR', 'MINUTE', 'DATETIME']
2026-07-03 03:20:46 | DEBUG    | get_file_path        | Generated file path: data/2026/07/2026-07-03.xlsx
2026-07-03 03:20:46 | INFO     | save_data            | Saving data to: data/2026/07/2026-07-03.xlsx
2026-07-03 03:20:46 | DEBUG    | _create_backup       | Backup created: data/2026/07/backups/2026-07-03_backup_20260703_032046.xlsx
2026-07-03 03:20:46 | DEBUG    | _cleanup_old_backups | Removed old backup: 2026-07-03_backup_20260703_025516.xlsx
2026-07-03 03:20:46 | DEBUG    | save_data            | Existing file found, merging data...
2026-07-03 03:20:47 | DEBUG    | save_data            | Loaded 3458 existing rows
2026-07-03 03:20:47 | DEBUG    | save_data            | Combined to 3952 rows
2026-07-03 03:20:47 | DEBUG    | save_data            | Writing to temporary file...
2026-07-03 03:20:47 | DEBUG    | save_data            | Data written to temp file: /home/runner/work/Thalorae-BackLioraen/Thalorae-BackLioraen/data/2026/07/tmprgc68v87.xlsx
2026-07-03 03:20:47 | DEBUG    | save_data            | Temp file moved to final location
2026-07-03 03:20:47 | INFO     | save_data            | ✅ Data saved successfully (3952 total rows, 298,986 bytes)
2026-07-03 03:20:47 | INFO     | run                  | ======================================================================
2026-07-03 03:20:47 | INFO     | run                  | 📊 EXECUTION SUMMARY:
2026-07-03 03:20:47 | INFO     | run                  |    ✅ Status: SUCCESS
2026-07-03 03:20:47 | INFO     | run                  |    - Rows processed: 494
2026-07-03 03:20:47 | INFO     | run                  |    - Unique symbols: 494
2026-07-03 03:20:47 | INFO     | run                  |    - Timestamp: 2026-07-03 08:20:42
2026-07-03 03:20:47 | INFO     | run                  |    - File: data/2026/07/2026-07-03.xlsx
2026-07-03 03:20:47 | INFO     | run                  | ======================================================================
2026-07-03 03:20:47 | DEBUG    | run                  | Sample data (first row):
2026-07-03 03:20:47 | DEBUG    | run                  | {'SYMBOL': 'TPLP', 'SECTOR': 838.0, 'LDCP': 11.23, 'OPEN': 10.99, 'HIGH': 11.79, 'LOW': 10.95, 'CURRENT': 11.23, 'CHANGE': 0.51, 'CHANGE (%)': nan, 'VOLUME': 84688111, 'YEAR': 2026, 'MONTH': 7, 'DAY': 3, 'HOUR': 8, 'MINUTE': 20, 'DATETIME': '2026-07-03 08:20'}
2026-07-03 03:20:47 | DEBUG    | close                | Session closed
2026-07-03 03:25:48 | INFO     | run                  | ======================================================================
2026-07-03 03:25:48 | INFO     | run                  | 🚀 MARKET DATA SCRAPER - SINGLE EXECUTION
2026-07-03 03:25:48 | INFO     | run                  | ======================================================================
2026-07-03 03:25:48 | INFO     | run                  | Execution Time: 2026-07-03 08:25:48 PKT
2026-07-03 03:25:48 | INFO     | run                  | Configuration:
2026-07-03 03:25:48 | INFO     | run                  |    - Timezone: Asia/Karachi
2026-07-03 03:25:48 | INFO     | run                  |    - Data directory: data
2026-07-03 03:25:48 | INFO     | run                  |    - Log directory: logs
2026-07-03 03:25:48 | INFO     | run                  |    - Excluded symbols: {'XR', 'XT', 'XD', 'XS'}
2026-07-03 03:25:48 | INFO     | run                  | ======================================================================
2026-07-03 03:25:48 | INFO     | fetch_data           | Fetching data (Attempt 1/3)...
2026-07-03 03:25:48 | DEBUG    | fetch_data           | Establishing session with https://dps.psx.com.pk/
2026-07-03 03:25:52 | DEBUG    | fetch_data           | Requesting data from https://dps.psx.com.pk/market-watch
2026-07-03 03:25:53 | DEBUG    | fetch_data           | Response status: 200
2026-07-03 03:25:53 | DEBUG    | fetch_data           | Response content type: text/html; charset=utf-8
2026-07-03 03:25:53 | DEBUG    | fetch_data           | Response size: 474353 bytes
2026-07-03 03:25:53 | INFO     | fetch_data           | ✅ Data fetched successfully (Status: 200)
2026-07-03 03:25:53 | DEBUG    | parse_json           | Attempting JSON parsing...
2026-07-03 03:25:53 | DEBUG    | parse_json           | Response preview: <table class="tbl" data-page-length="25"><thead class="tbl__head"><!-- tr--><!--   th(colspan="11")--><!--   th.center(colspan="2", style="width: 110px;") TOTAL BUY ORDERS--><!--   th.center(colspan="2", style="width: 110px;") TOTAL SELL ORDERS--><tr><th data-name="symbol">SYMBOL</th><th data-name="sector">SECTOR</th><th data-name="listed">LISTED IN</th><th class="right" data-name="ldcp">LDCP</th><th class="right" data-name="open">OPEN</th><th class="right" data-name="high">HIGH</th><th class="r
2026-07-03 03:25:53 | WARNING  | parse_json           | ⚠️ JSON parsing failed: Expecting value: line 1 column 1 (char 0)
2026-07-03 03:25:53 | INFO     | run                  | JSON parsing failed, trying HTML fallback...
2026-07-03 03:25:53 | INFO     | parse_html           | Attempting HTML fallback parsing...
2026-07-03 03:25:53 | DEBUG    | parse_html           | Found 1 table(s) in HTML
2026-07-03 03:25:53 | DEBUG    | parse_html           | Table columns: ['SYMBOL', 'SECTOR', 'LISTED IN', 'LDCP', 'OPEN', 'HIGH', 'LOW', 'CURRENT', 'CHANGE', 'CHANGE (%)', 'VOLUME']
2026-07-03 03:25:53 | DEBUG    | parse_html           | Table shape: (494, 11)
2026-07-03 03:25:53 | INFO     | parse_html           | ✅ HTML parsed successfully (494 rows)
2026-07-03 03:25:53 | INFO     | clean_data           | Cleaning data...
2026-07-03 03:25:53 | DEBUG    | clean_data           | Initial shape: (494, 11)
2026-07-03 03:25:53 | DEBUG    | clean_data           | Initial columns: ['SYMBOL', 'SECTOR', 'LISTED IN', 'LDCP', 'OPEN', 'HIGH', 'LOW', 'CURRENT', 'CHANGE', 'CHANGE (%)', 'VOLUME']
2026-07-03 03:25:53 | DEBUG    | clean_data           | Removed 'LISTED IN' column
2026-07-03 03:25:53 | DEBUG    | clean_data           | Converted LDCP from float64 to numeric
2026-07-03 03:25:53 | DEBUG    | clean_data           | Converted OPEN from float64 to numeric
2026-07-03 03:25:53 | DEBUG    | clean_data           | Converted HIGH from float64 to numeric
2026-07-03 03:25:53 | DEBUG    | clean_data           | Converted LOW from float64 to numeric
2026-07-03 03:25:53 | DEBUG    | clean_data           | Converted CURRENT from float64 to numeric
2026-07-03 03:25:53 | DEBUG    | clean_data           | Converted CHANGE from float64 to numeric
2026-07-03 03:25:53 | WARNING  | clean_data           | Column CHANGE (%): 494 values could not be converted to numeric
2026-07-03 03:25:53 | DEBUG    | clean_data           | Converted CHANGE (%) from str to numeric
2026-07-03 03:25:53 | DEBUG    | clean_data           | Converted VOLUME from int64 to numeric
2026-07-03 03:25:53 | INFO     | clean_data           | ✅ Data cleaned (494 rows, 16 columns)
2026-07-03 03:25:53 | DEBUG    | clean_data           | Final columns: ['SYMBOL', 'SECTOR', 'LDCP', 'OPEN', 'HIGH', 'LOW', 'CURRENT', 'CHANGE', 'CHANGE (%)', 'VOLUME', 'YEAR', 'MONTH', 'DAY', 'HOUR', 'MINUTE', 'DATETIME']
2026-07-03 03:25:53 | DEBUG    | get_file_path        | Generated file path: data/2026/07/2026-07-03.xlsx
2026-07-03 03:25:53 | INFO     | save_data            | Saving data to: data/2026/07/2026-07-03.xlsx
2026-07-03 03:25:53 | DEBUG    | _create_backup       | Backup created: data/2026/07/backups/2026-07-03_backup_20260703_032553.xlsx
2026-07-03 03:25:53 | DEBUG    | _cleanup_old_backups | Removed old backup: 2026-07-03_backup_20260703_030021.xlsx
2026-07-03 03:25:53 | DEBUG    | save_data            | Existing file found, merging data...
2026-07-03 03:25:54 | DEBUG    | save_data            | Loaded 3952 existing rows
2026-07-03 03:25:54 | DEBUG    | save_data            | Combined to 4446 rows
2026-07-03 03:25:54 | DEBUG    | save_data            | Writing to temporary file...
2026-07-03 03:25:54 | DEBUG    | save_data            | Data written to temp file: /home/runner/work/Thalorae-BackLioraen/Thalorae-BackLioraen/data/2026/07/tmp2exbhe6r.xlsx
2026-07-03 03:25:54 | DEBUG    | save_data            | Temp file moved to final location
2026-07-03 03:25:54 | INFO     | save_data            | ✅ Data saved successfully (4446 total rows, 335,863 bytes)
2026-07-03 03:25:54 | INFO     | run                  | ======================================================================
2026-07-03 03:25:54 | INFO     | run                  | 📊 EXECUTION SUMMARY:
2026-07-03 03:25:54 | INFO     | run                  |    ✅ Status: SUCCESS
2026-07-03 03:25:54 | INFO     | run                  |    - Rows processed: 494
2026-07-03 03:25:54 | INFO     | run                  |    - Unique symbols: 494
2026-07-03 03:25:54 | INFO     | run                  |    - Timestamp: 2026-07-03 08:25:48
2026-07-03 03:25:54 | INFO     | run                  |    - File: data/2026/07/2026-07-03.xlsx
2026-07-03 03:25:54 | INFO     | run                  | ======================================================================
2026-07-03 03:25:54 | DEBUG    | run                  | Sample data (first row):
2026-07-03 03:25:54 | DEBUG    | run                  | {'SYMBOL': 'TPLP', 'SECTOR': 838.0, 'LDCP': 11.23, 'OPEN': 10.99, 'HIGH': 11.79, 'LOW': 10.95, 'CURRENT': 11.23, 'CHANGE': 0.51, 'CHANGE (%)': nan, 'VOLUME': 84688111, 'YEAR': 2026, 'MONTH': 7, 'DAY': 3, 'HOUR': 8, 'MINUTE': 25, 'DATETIME': '2026-07-03 08:25'}
2026-07-03 03:25:54 | DEBUG    | close                | Session closed
2026-07-03 03:30:55 | INFO     | run                  | ======================================================================
2026-07-03 03:30:55 | INFO     | run                  | 🚀 MARKET DATA SCRAPER - SINGLE EXECUTION
2026-07-03 03:30:55 | INFO     | run                  | ======================================================================
2026-07-03 03:30:55 | INFO     | run                  | Execution Time: 2026-07-03 08:30:55 PKT
2026-07-03 03:30:55 | INFO     | run                  | Configuration:
2026-07-03 03:30:55 | INFO     | run                  |    - Timezone: Asia/Karachi
2026-07-03 03:30:55 | INFO     | run                  |    - Data directory: data
2026-07-03 03:30:55 | INFO     | run                  |    - Log directory: logs
2026-07-03 03:30:55 | INFO     | run                  |    - Excluded symbols: {'XT', 'XS', 'XD', 'XR'}
2026-07-03 03:30:55 | INFO     | run                  | ======================================================================
2026-07-03 03:30:55 | INFO     | fetch_data           | Fetching data (Attempt 1/3)...
2026-07-03 03:30:55 | DEBUG    | fetch_data           | Establishing session with https://dps.psx.com.pk/
2026-07-03 03:30:58 | DEBUG    | fetch_data           | Requesting data from https://dps.psx.com.pk/market-watch
2026-07-03 03:30:59 | DEBUG    | fetch_data           | Response status: 200
2026-07-03 03:30:59 | DEBUG    | fetch_data           | Response content type: text/html; charset=utf-8
2026-07-03 03:30:59 | DEBUG    | fetch_data           | Response size: 474353 bytes
2026-07-03 03:30:59 | INFO     | fetch_data           | ✅ Data fetched successfully (Status: 200)
2026-07-03 03:30:59 | DEBUG    | parse_json           | Attempting JSON parsing...
2026-07-03 03:30:59 | DEBUG    | parse_json           | Response preview: <table class="tbl" data-page-length="25"><thead class="tbl__head"><!-- tr--><!--   th(colspan="11")--><!--   th.center(colspan="2", style="width: 110px;") TOTAL BUY ORDERS--><!--   th.center(colspan="2", style="width: 110px;") TOTAL SELL ORDERS--><tr><th data-name="symbol">SYMBOL</th><th data-name="sector">SECTOR</th><th data-name="listed">LISTED IN</th><th class="right" data-name="ldcp">LDCP</th><th class="right" data-name="open">OPEN</th><th class="right" data-name="high">HIGH</th><th class="r
2026-07-03 03:30:59 | WARNING  | parse_json           | ⚠️ JSON parsing failed: Expecting value: line 1 column 1 (char 0)
2026-07-03 03:30:59 | INFO     | run                  | JSON parsing failed, trying HTML fallback...
2026-07-03 03:30:59 | INFO     | parse_html           | Attempting HTML fallback parsing...
2026-07-03 03:30:59 | DEBUG    | parse_html           | Found 1 table(s) in HTML
2026-07-03 03:30:59 | DEBUG    | parse_html           | Table columns: ['SYMBOL', 'SECTOR', 'LISTED IN', 'LDCP', 'OPEN', 'HIGH', 'LOW', 'CURRENT', 'CHANGE', 'CHANGE (%)', 'VOLUME']
2026-07-03 03:30:59 | DEBUG    | parse_html           | Table shape: (494, 11)
2026-07-03 03:30:59 | INFO     | parse_html           | ✅ HTML parsed successfully (494 rows)
2026-07-03 03:30:59 | INFO     | clean_data           | Cleaning data...
2026-07-03 03:30:59 | DEBUG    | clean_data           | Initial shape: (494, 11)
2026-07-03 03:30:59 | DEBUG    | clean_data           | Initial columns: ['SYMBOL', 'SECTOR', 'LISTED IN', 'LDCP', 'OPEN', 'HIGH', 'LOW', 'CURRENT', 'CHANGE', 'CHANGE (%)', 'VOLUME']
2026-07-03 03:30:59 | DEBUG    | clean_data           | Removed 'LISTED IN' column
2026-07-03 03:30:59 | DEBUG    | clean_data           | Converted LDCP from float64 to numeric
2026-07-03 03:30:59 | DEBUG    | clean_data           | Converted OPEN from float64 to numeric
2026-07-03 03:30:59 | DEBUG    | clean_data           | Converted HIGH from float64 to numeric
2026-07-03 03:30:59 | DEBUG    | clean_data           | Converted LOW from float64 to numeric
2026-07-03 03:30:59 | DEBUG    | clean_data           | Converted CURRENT from float64 to numeric
2026-07-03 03:30:59 | DEBUG    | clean_data           | Converted CHANGE from float64 to numeric
2026-07-03 03:30:59 | WARNING  | clean_data           | Column CHANGE (%): 494 values could not be converted to numeric
2026-07-03 03:30:59 | DEBUG    | clean_data           | Converted CHANGE (%) from str to numeric
2026-07-03 03:30:59 | DEBUG    | clean_data           | Converted VOLUME from int64 to numeric
2026-07-03 03:30:59 | INFO     | clean_data           | ✅ Data cleaned (494 rows, 16 columns)
2026-07-03 03:30:59 | DEBUG    | clean_data           | Final columns: ['SYMBOL', 'SECTOR', 'LDCP', 'OPEN', 'HIGH', 'LOW', 'CURRENT', 'CHANGE', 'CHANGE (%)', 'VOLUME', 'YEAR', 'MONTH', 'DAY', 'HOUR', 'MINUTE', 'DATETIME']
2026-07-03 03:30:59 | DEBUG    | get_file_path        | Generated file path: data/2026/07/2026-07-03.xlsx
2026-07-03 03:30:59 | INFO     | save_data            | Saving data to: data/2026/07/2026-07-03.xlsx
2026-07-03 03:30:59 | DEBUG    | _create_backup       | Backup created: data/2026/07/backups/2026-07-03_backup_20260703_033059.xlsx
2026-07-03 03:30:59 | DEBUG    | _cleanup_old_backups | Removed old backup: 2026-07-03_backup_20260703_030528.xlsx
2026-07-03 03:30:59 | DEBUG    | save_data            | Existing file found, merging data...
2026-07-03 03:31:00 | DEBUG    | save_data            | Loaded 4446 existing rows
2026-07-03 03:31:00 | DEBUG    | save_data            | Combined to 4940 rows
2026-07-03 03:31:00 | DEBUG    | save_data            | Writing to temporary file...
2026-07-03 03:31:01 | DEBUG    | save_data            | Data written to temp file: /home/runner/work/Thalorae-BackLioraen/Thalorae-BackLioraen/data/2026/07/tmprx6qtloa.xlsx
2026-07-03 03:31:01 | DEBUG    | save_data            | Temp file moved to final location
2026-07-03 03:31:01 | INFO     | save_data            | ✅ Data saved successfully (4940 total rows, 372,730 bytes)
2026-07-03 03:31:01 | INFO     | run                  | ======================================================================
2026-07-03 03:31:01 | INFO     | run                  | 📊 EXECUTION SUMMARY:
2026-07-03 03:31:01 | INFO     | run                  |    ✅ Status: SUCCESS
2026-07-03 03:31:01 | INFO     | run                  |    - Rows processed: 494
2026-07-03 03:31:01 | INFO     | run                  |    - Unique symbols: 494
2026-07-03 03:31:01 | INFO     | run                  |    - Timestamp: 2026-07-03 08:30:55
2026-07-03 03:31:01 | INFO     | run                  |    - File: data/2026/07/2026-07-03.xlsx
2026-07-03 03:31:01 | INFO     | run                  | ======================================================================
2026-07-03 03:31:01 | DEBUG    | run                  | Sample data (first row):
2026-07-03 03:31:01 | DEBUG    | run                  | {'SYMBOL': 'TPLP', 'SECTOR': 838.0, 'LDCP': 11.23, 'OPEN': 10.99, 'HIGH': 11.79, 'LOW': 10.95, 'CURRENT': 11.23, 'CHANGE': 0.51, 'CHANGE (%)': nan, 'VOLUME': 84688111, 'YEAR': 2026, 'MONTH': 7, 'DAY': 3, 'HOUR': 8, 'MINUTE': 30, 'DATETIME': '2026-07-03 08:30'}
2026-07-03 03:31:01 | DEBUG    | close                | Session closed
2026-07-03 03:36:01 | INFO     | run                  | ======================================================================
2026-07-03 03:36:01 | INFO     | run                  | 🚀 MARKET DATA SCRAPER - SINGLE EXECUTION
2026-07-03 03:36:01 | INFO     | run                  | ======================================================================
2026-07-03 03:36:01 | INFO     | run                  | Execution Time: 2026-07-03 08:36:01 PKT
2026-07-03 03:36:01 | INFO     | run                  | Configuration:
2026-07-03 03:36:01 | INFO     | run                  |    - Timezone: Asia/Karachi
2026-07-03 03:36:01 | INFO     | run                  |    - Data directory: data
2026-07-03 03:36:01 | INFO     | run                  |    - Log directory: logs
2026-07-03 03:36:01 | INFO     | run                  |    - Excluded symbols: {'XD', 'XS', 'XR', 'XT'}
2026-07-03 03:36:01 | INFO     | run                  | ======================================================================
2026-07-03 03:36:01 | INFO     | fetch_data           | Fetching data (Attempt 1/3)...
2026-07-03 03:36:01 | DEBUG    | fetch_data           | Establishing session with https://dps.psx.com.pk/
2026-07-03 03:36:05 | DEBUG    | fetch_data           | Requesting data from https://dps.psx.com.pk/market-watch
2026-07-03 03:36:06 | DEBUG    | fetch_data           | Response status: 200
2026-07-03 03:36:06 | DEBUG    | fetch_data           | Response content type: text/html; charset=utf-8
2026-07-03 03:36:06 | DEBUG    | fetch_data           | Response size: 474438 bytes
2026-07-03 03:36:06 | INFO     | fetch_data           | ✅ Data fetched successfully (Status: 200)
2026-07-03 03:36:06 | DEBUG    | parse_json           | Attempting JSON parsing...
2026-07-03 03:36:06 | DEBUG    | parse_json           | Response preview: <table class="tbl" data-page-length="25"><thead class="tbl__head"><!-- tr--><!--   th(colspan="11")--><!--   th.center(colspan="2", style="width: 110px;") TOTAL BUY ORDERS--><!--   th.center(colspan="2", style="width: 110px;") TOTAL SELL ORDERS--><tr><th data-name="symbol">SYMBOL</th><th data-name="sector">SECTOR</th><th data-name="listed">LISTED IN</th><th class="right" data-name="ldcp">LDCP</th><th class="right" data-name="open">OPEN</th><th class="right" data-name="high">HIGH</th><th class="r
2026-07-03 03:36:06 | WARNING  | parse_json           | ⚠️ JSON parsing failed: Expecting value: line 1 column 1 (char 0)
2026-07-03 03:36:06 | INFO     | run                  | JSON parsing failed, trying HTML fallback...
2026-07-03 03:36:06 | INFO     | parse_html           | Attempting HTML fallback parsing...
2026-07-03 03:36:06 | DEBUG    | parse_html           | Found 1 table(s) in HTML
2026-07-03 03:36:06 | DEBUG    | parse_html           | Table columns: ['SYMBOL', 'SECTOR', 'LISTED IN', 'LDCP', 'OPEN', 'HIGH', 'LOW', 'CURRENT', 'CHANGE', 'CHANGE (%)', 'VOLUME']
2026-07-03 03:36:06 | DEBUG    | parse_html           | Table shape: (494, 11)
2026-07-03 03:36:06 | INFO     | parse_html           | ✅ HTML parsed successfully (494 rows)
2026-07-03 03:36:06 | INFO     | clean_data           | Cleaning data...
2026-07-03 03:36:06 | DEBUG    | clean_data           | Initial shape: (494, 11)
2026-07-03 03:36:06 | DEBUG    | clean_data           | Initial columns: ['SYMBOL', 'SECTOR', 'LISTED IN', 'LDCP', 'OPEN', 'HIGH', 'LOW', 'CURRENT', 'CHANGE', 'CHANGE (%)', 'VOLUME']
2026-07-03 03:36:06 | DEBUG    | clean_data           | Removed 'LISTED IN' column
2026-07-03 03:36:06 | DEBUG    | clean_data           | Converted LDCP from float64 to numeric
2026-07-03 03:36:06 | DEBUG    | clean_data           | Converted OPEN from float64 to numeric
2026-07-03 03:36:06 | DEBUG    | clean_data           | Converted HIGH from float64 to numeric
2026-07-03 03:36:06 | DEBUG    | clean_data           | Converted LOW from float64 to numeric
2026-07-03 03:36:06 | DEBUG    | clean_data           | Converted CURRENT from float64 to numeric
2026-07-03 03:36:06 | DEBUG    | clean_data           | Converted CHANGE from float64 to numeric
2026-07-03 03:36:06 | WARNING  | clean_data           | Column CHANGE (%): 494 values could not be converted to numeric
2026-07-03 03:36:06 | DEBUG    | clean_data           | Converted CHANGE (%) from str to numeric
2026-07-03 03:36:06 | DEBUG    | clean_data           | Converted VOLUME from int64 to numeric
2026-07-03 03:36:06 | INFO     | clean_data           | ✅ Data cleaned (494 rows, 16 columns)
2026-07-03 03:36:06 | DEBUG    | clean_data           | Final columns: ['SYMBOL', 'SECTOR', 'LDCP', 'OPEN', 'HIGH', 'LOW', 'CURRENT', 'CHANGE', 'CHANGE (%)', 'VOLUME', 'YEAR', 'MONTH', 'DAY', 'HOUR', 'MINUTE', 'DATETIME']
2026-07-03 03:36:06 | DEBUG    | get_file_path        | Generated file path: data/2026/07/2026-07-03.xlsx
2026-07-03 03:36:06 | INFO     | save_data            | Saving data to: data/2026/07/2026-07-03.xlsx
2026-07-03 03:36:06 | DEBUG    | _create_backup       | Backup created: data/2026/07/backups/2026-07-03_backup_20260703_033606.xlsx
2026-07-03 03:36:06 | DEBUG    | _cleanup_old_backups | Removed old backup: 2026-07-03_backup_20260703_031034.xlsx
2026-07-03 03:36:06 | DEBUG    | save_data            | Existing file found, merging data...
2026-07-03 03:36:07 | DEBUG    | save_data            | Loaded 4940 existing rows
2026-07-03 03:36:07 | DEBUG    | save_data            | Combined to 5434 rows
2026-07-03 03:36:07 | DEBUG    | save_data            | Writing to temporary file...
2026-07-03 03:36:08 | DEBUG    | save_data            | Data written to temp file: /home/runner/work/Thalorae-BackLioraen/Thalorae-BackLioraen/data/2026/07/tmpy7b22da0.xlsx
2026-07-03 03:36:08 | DEBUG    | save_data            | Temp file moved to final location
2026-07-03 03:36:08 | INFO     | save_data            | ✅ Data saved successfully (5434 total rows, 409,599 bytes)
2026-07-03 03:36:08 | INFO     | run                  | ======================================================================
2026-07-03 03:36:08 | INFO     | run                  | 📊 EXECUTION SUMMARY:
2026-07-03 03:36:08 | INFO     | run                  |    ✅ Status: SUCCESS
2026-07-03 03:36:08 | INFO     | run                  |    - Rows processed: 494
2026-07-03 03:36:08 | INFO     | run                  |    - Unique symbols: 494
2026-07-03 03:36:08 | INFO     | run                  |    - Timestamp: 2026-07-03 08:36:01
2026-07-03 03:36:08 | INFO     | run                  |    - File: data/2026/07/2026-07-03.xlsx
2026-07-03 03:36:08 | INFO     | run                  | ======================================================================
2026-07-03 03:36:08 | DEBUG    | run                  | Sample data (first row):
2026-07-03 03:36:08 | DEBUG    | run                  | {'SYMBOL': 'TPLP', 'SECTOR': 838, 'LDCP': 11.23, 'OPEN': 10.99, 'HIGH': 11.79, 'LOW': 10.95, 'CURRENT': 11.23, 'CHANGE': 0.51, 'CHANGE (%)': nan, 'VOLUME': 84688111, 'YEAR': 2026, 'MONTH': 7, 'DAY': 3, 'HOUR': 8, 'MINUTE': 36, 'DATETIME': '2026-07-03 08:36'}
2026-07-03 03:36:08 | DEBUG    | close                | Session closed
2026-07-03 03:41:08 | INFO     | run                  | ======================================================================
2026-07-03 03:41:08 | INFO     | run                  | 🚀 MARKET DATA SCRAPER - SINGLE EXECUTION
2026-07-03 03:41:08 | INFO     | run                  | ======================================================================
2026-07-03 03:41:08 | INFO     | run                  | Execution Time: 2026-07-03 08:41:08 PKT
2026-07-03 03:41:08 | INFO     | run                  | Configuration:
2026-07-03 03:41:08 | INFO     | run                  |    - Timezone: Asia/Karachi
2026-07-03 03:41:08 | INFO     | run                  |    - Data directory: data
2026-07-03 03:41:08 | INFO     | run                  |    - Log directory: logs
2026-07-03 03:41:08 | INFO     | run                  |    - Excluded symbols: {'XD', 'XR', 'XS', 'XT'}
2026-07-03 03:41:08 | INFO     | run                  | ======================================================================
2026-07-03 03:41:08 | INFO     | fetch_data           | Fetching data (Attempt 1/3)...
2026-07-03 03:41:08 | DEBUG    | fetch_data           | Establishing session with https://dps.psx.com.pk/
2026-07-03 03:41:11 | DEBUG    | fetch_data           | Requesting data from https://dps.psx.com.pk/market-watch
2026-07-03 03:41:12 | DEBUG    | fetch_data           | Response status: 200
2026-07-03 03:41:12 | DEBUG    | fetch_data           | Response content type: text/html; charset=utf-8
2026-07-03 03:41:12 | DEBUG    | fetch_data           | Response size: 474438 bytes
2026-07-03 03:41:12 | INFO     | fetch_data           | ✅ Data fetched successfully (Status: 200)
2026-07-03 03:41:12 | DEBUG    | parse_json           | Attempting JSON parsing...
2026-07-03 03:41:12 | DEBUG    | parse_json           | Response preview: <table class="tbl" data-page-length="25"><thead class="tbl__head"><!-- tr--><!--   th(colspan="11")--><!--   th.center(colspan="2", style="width: 110px;") TOTAL BUY ORDERS--><!--   th.center(colspan="2", style="width: 110px;") TOTAL SELL ORDERS--><tr><th data-name="symbol">SYMBOL</th><th data-name="sector">SECTOR</th><th data-name="listed">LISTED IN</th><th class="right" data-name="ldcp">LDCP</th><th class="right" data-name="open">OPEN</th><th class="right" data-name="high">HIGH</th><th class="r
2026-07-03 03:41:12 | WARNING  | parse_json           | ⚠️ JSON parsing failed: Expecting value: line 1 column 1 (char 0)
2026-07-03 03:41:12 | INFO     | run                  | JSON parsing failed, trying HTML fallback...
2026-07-03 03:41:12 | INFO     | parse_html           | Attempting HTML fallback parsing...
2026-07-03 03:41:12 | DEBUG    | parse_html           | Found 1 table(s) in HTML
2026-07-03 03:41:12 | DEBUG    | parse_html           | Table columns: ['SYMBOL', 'SECTOR', 'LISTED IN', 'LDCP', 'OPEN', 'HIGH', 'LOW', 'CURRENT', 'CHANGE', 'CHANGE (%)', 'VOLUME']
2026-07-03 03:41:12 | DEBUG    | parse_html           | Table shape: (494, 11)
2026-07-03 03:41:12 | INFO     | parse_html           | ✅ HTML parsed successfully (494 rows)
2026-07-03 03:41:12 | INFO     | clean_data           | Cleaning data...
2026-07-03 03:41:12 | DEBUG    | clean_data           | Initial shape: (494, 11)
2026-07-03 03:41:12 | DEBUG    | clean_data           | Initial columns: ['SYMBOL', 'SECTOR', 'LISTED IN', 'LDCP', 'OPEN', 'HIGH', 'LOW', 'CURRENT', 'CHANGE', 'CHANGE (%)', 'VOLUME']
2026-07-03 03:41:12 | DEBUG    | clean_data           | Removed 'LISTED IN' column
2026-07-03 03:41:12 | DEBUG    | clean_data           | Converted LDCP from float64 to numeric
2026-07-03 03:41:12 | DEBUG    | clean_data           | Converted OPEN from float64 to numeric
2026-07-03 03:41:12 | DEBUG    | clean_data           | Converted HIGH from float64 to numeric
2026-07-03 03:41:12 | DEBUG    | clean_data           | Converted LOW from float64 to numeric
2026-07-03 03:41:12 | DEBUG    | clean_data           | Converted CURRENT from float64 to numeric
2026-07-03 03:41:12 | DEBUG    | clean_data           | Converted CHANGE from float64 to numeric
2026-07-03 03:41:12 | WARNING  | clean_data           | Column CHANGE (%): 494 values could not be converted to numeric
2026-07-03 03:41:12 | DEBUG    | clean_data           | Converted CHANGE (%) from str to numeric
2026-07-03 03:41:12 | DEBUG    | clean_data           | Converted VOLUME from int64 to numeric
2026-07-03 03:41:12 | INFO     | clean_data           | ✅ Data cleaned (494 rows, 16 columns)
2026-07-03 03:41:12 | DEBUG    | clean_data           | Final columns: ['SYMBOL', 'SECTOR', 'LDCP', 'OPEN', 'HIGH', 'LOW', 'CURRENT', 'CHANGE', 'CHANGE (%)', 'VOLUME', 'YEAR', 'MONTH', 'DAY', 'HOUR', 'MINUTE', 'DATETIME']
2026-07-03 03:41:12 | DEBUG    | get_file_path        | Generated file path: data/2026/07/2026-07-03.xlsx
2026-07-03 03:41:12 | INFO     | save_data            | Saving data to: data/2026/07/2026-07-03.xlsx
2026-07-03 03:41:12 | DEBUG    | _create_backup       | Backup created: data/2026/07/backups/2026-07-03_backup_20260703_034112.xlsx
2026-07-03 03:41:12 | DEBUG    | _cleanup_old_backups | Removed old backup: 2026-07-03_backup_20260703_031541.xlsx
2026-07-03 03:41:12 | DEBUG    | save_data            | Existing file found, merging data...
2026-07-03 03:41:13 | DEBUG    | save_data            | Loaded 5434 existing rows
2026-07-03 03:41:13 | DEBUG    | save_data            | Combined to 5928 rows
2026-07-03 03:41:13 | DEBUG    | save_data            | Writing to temporary file...
2026-07-03 03:41:14 | DEBUG    | save_data            | Data written to temp file: /home/runner/work/Thalorae-BackLioraen/Thalorae-BackLioraen/data/2026/07/tmpknknggoq.xlsx
2026-07-03 03:41:14 | DEBUG    | save_data            | Temp file moved to final location
2026-07-03 03:41:14 | INFO     | save_data            | ✅ Data saved successfully (5928 total rows, 446,467 bytes)
2026-07-03 03:41:14 | INFO     | run                  | ======================================================================
2026-07-03 03:41:14 | INFO     | run                  | 📊 EXECUTION SUMMARY:
2026-07-03 03:41:14 | INFO     | run                  |    ✅ Status: SUCCESS
2026-07-03 03:41:14 | INFO     | run                  |    - Rows processed: 494
2026-07-03 03:41:14 | INFO     | run                  |    - Unique symbols: 494
2026-07-03 03:41:14 | INFO     | run                  |    - Timestamp: 2026-07-03 08:41:08
2026-07-03 03:41:14 | INFO     | run                  |    - File: data/2026/07/2026-07-03.xlsx
2026-07-03 03:41:14 | INFO     | run                  | ======================================================================
2026-07-03 03:41:14 | DEBUG    | run                  | Sample data (first row):
2026-07-03 03:41:14 | DEBUG    | run                  | {'SYMBOL': 'TPLP', 'SECTOR': 838, 'LDCP': 11.23, 'OPEN': 10.99, 'HIGH': 11.79, 'LOW': 10.95, 'CURRENT': 11.23, 'CHANGE': 0.51, 'CHANGE (%)': nan, 'VOLUME': 84688111, 'YEAR': 2026, 'MONTH': 7, 'DAY': 3, 'HOUR': 8, 'MINUTE': 41, 'DATETIME': '2026-07-03 08:41'}
2026-07-03 03:41:14 | DEBUG    | close                | Session closed
2026-07-03 03:46:14 | INFO     | run                  | ======================================================================
2026-07-03 03:46:14 | INFO     | run                  | 🚀 MARKET DATA SCRAPER - SINGLE EXECUTION
2026-07-03 03:46:14 | INFO     | run                  | ======================================================================
2026-07-03 03:46:14 | INFO     | run                  | Execution Time: 2026-07-03 08:46:14 PKT
2026-07-03 03:46:14 | INFO     | run                  | Configuration:
2026-07-03 03:46:14 | INFO     | run                  |    - Timezone: Asia/Karachi
2026-07-03 03:46:14 | INFO     | run                  |    - Data directory: data
2026-07-03 03:46:14 | INFO     | run                  |    - Log directory: logs
2026-07-03 03:46:14 | INFO     | run                  |    - Excluded symbols: {'XD', 'XS', 'XT', 'XR'}
2026-07-03 03:46:14 | INFO     | run                  | ======================================================================
2026-07-03 03:46:14 | INFO     | fetch_data           | Fetching data (Attempt 1/3)...
2026-07-03 03:46:14 | DEBUG    | fetch_data           | Establishing session with https://dps.psx.com.pk/
2026-07-03 03:46:17 | DEBUG    | fetch_data           | Requesting data from https://dps.psx.com.pk/market-watch
2026-07-03 03:46:19 | DEBUG    | fetch_data           | Response status: 200
2026-07-03 03:46:19 | DEBUG    | fetch_data           | Response content type: text/html; charset=utf-8
2026-07-03 03:46:19 | DEBUG    | fetch_data           | Response size: 474438 bytes
2026-07-03 03:46:19 | INFO     | fetch_data           | ✅ Data fetched successfully (Status: 200)
2026-07-03 03:46:19 | DEBUG    | parse_json           | Attempting JSON parsing...
2026-07-03 03:46:19 | DEBUG    | parse_json           | Response preview: <table class="tbl" data-page-length="25"><thead class="tbl__head"><!-- tr--><!--   th(colspan="11")--><!--   th.center(colspan="2", style="width: 110px;") TOTAL BUY ORDERS--><!--   th.center(colspan="2", style="width: 110px;") TOTAL SELL ORDERS--><tr><th data-name="symbol">SYMBOL</th><th data-name="sector">SECTOR</th><th data-name="listed">LISTED IN</th><th class="right" data-name="ldcp">LDCP</th><th class="right" data-name="open">OPEN</th><th class="right" data-name="high">HIGH</th><th class="r
2026-07-03 03:46:19 | WARNING  | parse_json           | ⚠️ JSON parsing failed: Expecting value: line 1 column 1 (char 0)
2026-07-03 03:46:19 | INFO     | run                  | JSON parsing failed, trying HTML fallback...
2026-07-03 03:46:19 | INFO     | parse_html           | Attempting HTML fallback parsing...
2026-07-03 03:46:19 | DEBUG    | parse_html           | Found 1 table(s) in HTML
2026-07-03 03:46:19 | DEBUG    | parse_html           | Table columns: ['SYMBOL', 'SECTOR', 'LISTED IN', 'LDCP', 'OPEN', 'HIGH', 'LOW', 'CURRENT', 'CHANGE', 'CHANGE (%)', 'VOLUME']
2026-07-03 03:46:19 | DEBUG    | parse_html           | Table shape: (494, 11)
2026-07-03 03:46:19 | INFO     | parse_html           | ✅ HTML parsed successfully (494 rows)
2026-07-03 03:46:19 | INFO     | clean_data           | Cleaning data...
2026-07-03 03:46:19 | DEBUG    | clean_data           | Initial shape: (494, 11)
2026-07-03 03:46:19 | DEBUG    | clean_data           | Initial columns: ['SYMBOL', 'SECTOR', 'LISTED IN', 'LDCP', 'OPEN', 'HIGH', 'LOW', 'CURRENT', 'CHANGE', 'CHANGE (%)', 'VOLUME']
2026-07-03 03:46:19 | DEBUG    | clean_data           | Removed 'LISTED IN' column
2026-07-03 03:46:19 | DEBUG    | clean_data           | Converted LDCP from float64 to numeric
2026-07-03 03:46:19 | DEBUG    | clean_data           | Converted OPEN from float64 to numeric
2026-07-03 03:46:19 | DEBUG    | clean_data           | Converted HIGH from float64 to numeric
2026-07-03 03:46:19 | DEBUG    | clean_data           | Converted LOW from float64 to numeric
2026-07-03 03:46:19 | DEBUG    | clean_data           | Converted CURRENT from float64 to numeric
2026-07-03 03:46:19 | DEBUG    | clean_data           | Converted CHANGE from float64 to numeric
2026-07-03 03:46:19 | WARNING  | clean_data           | Column CHANGE (%): 494 values could not be converted to numeric
2026-07-03 03:46:19 | DEBUG    | clean_data           | Converted CHANGE (%) from str to numeric
2026-07-03 03:46:19 | DEBUG    | clean_data           | Converted VOLUME from int64 to numeric
2026-07-03 03:46:19 | INFO     | clean_data           | ✅ Data cleaned (494 rows, 16 columns)
2026-07-03 03:46:19 | DEBUG    | clean_data           | Final columns: ['SYMBOL', 'SECTOR', 'LDCP', 'OPEN', 'HIGH', 'LOW', 'CURRENT', 'CHANGE', 'CHANGE (%)', 'VOLUME', 'YEAR', 'MONTH', 'DAY', 'HOUR', 'MINUTE', 'DATETIME']
2026-07-03 03:46:19 | DEBUG    | get_file_path        | Generated file path: data/2026/07/2026-07-03.xlsx
2026-07-03 03:46:19 | INFO     | save_data            | Saving data to: data/2026/07/2026-07-03.xlsx
2026-07-03 03:46:19 | DEBUG    | _create_backup       | Backup created: data/2026/07/backups/2026-07-03_backup_20260703_034619.xlsx
2026-07-03 03:46:19 | DEBUG    | _cleanup_old_backups | Removed old backup: 2026-07-03_backup_20260703_032046.xlsx
2026-07-03 03:46:19 | DEBUG    | save_data            | Existing file found, merging data...
2026-07-03 03:46:19 | DEBUG    | save_data            | Loaded 5928 existing rows
2026-07-03 03:46:19 | DEBUG    | save_data            | Combined to 6422 rows
2026-07-03 03:46:19 | DEBUG    | save_data            | Writing to temporary file...
2026-07-03 03:46:20 | DEBUG    | save_data            | Data written to temp file: /home/runner/work/Thalorae-BackLioraen/Thalorae-BackLioraen/data/2026/07/tmpwfc0g8of.xlsx
2026-07-03 03:46:20 | DEBUG    | save_data            | Temp file moved to final location
2026-07-03 03:46:20 | INFO     | save_data            | ✅ Data saved successfully (6422 total rows, 483,318 bytes)
2026-07-03 03:46:20 | INFO     | run                  | ======================================================================
2026-07-03 03:46:20 | INFO     | run                  | 📊 EXECUTION SUMMARY:
2026-07-03 03:46:20 | INFO     | run                  |    ✅ Status: SUCCESS
2026-07-03 03:46:20 | INFO     | run                  |    - Rows processed: 494
2026-07-03 03:46:20 | INFO     | run                  |    - Unique symbols: 494
2026-07-03 03:46:20 | INFO     | run                  |    - Timestamp: 2026-07-03 08:46:14
2026-07-03 03:46:20 | INFO     | run                  |    - File: data/2026/07/2026-07-03.xlsx
2026-07-03 03:46:20 | INFO     | run                  | ======================================================================
2026-07-03 03:46:20 | DEBUG    | run                  | Sample data (first row):
2026-07-03 03:46:20 | DEBUG    | run                  | {'SYMBOL': 'TPLP', 'SECTOR': 838, 'LDCP': 11.23, 'OPEN': 10.99, 'HIGH': 11.79, 'LOW': 10.95, 'CURRENT': 11.23, 'CHANGE': 0.51, 'CHANGE (%)': nan, 'VOLUME': 84688111, 'YEAR': 2026, 'MONTH': 7, 'DAY': 3, 'HOUR': 8, 'MINUTE': 46, 'DATETIME': '2026-07-03 08:46'}
2026-07-03 03:46:20 | DEBUG    | close                | Session closed
2026-07-03 03:51:21 | INFO     | run                  | ======================================================================
2026-07-03 03:51:21 | INFO     | run                  | 🚀 MARKET DATA SCRAPER - SINGLE EXECUTION
2026-07-03 03:51:21 | INFO     | run                  | ======================================================================
2026-07-03 03:51:21 | INFO     | run                  | Execution Time: 2026-07-03 08:51:21 PKT
2026-07-03 03:51:21 | INFO     | run                  | Configuration:
2026-07-03 03:51:21 | INFO     | run                  |    - Timezone: Asia/Karachi
2026-07-03 03:51:21 | INFO     | run                  |    - Data directory: data
2026-07-03 03:51:21 | INFO     | run                  |    - Log directory: logs
2026-07-03 03:51:21 | INFO     | run                  |    - Excluded symbols: {'XT', 'XD', 'XS', 'XR'}
2026-07-03 03:51:21 | INFO     | run                  | ======================================================================
2026-07-03 03:51:21 | INFO     | fetch_data           | Fetching data (Attempt 1/3)...
2026-07-03 03:51:21 | DEBUG    | fetch_data           | Establishing session with https://dps.psx.com.pk/
2026-07-03 03:51:25 | DEBUG    | fetch_data           | Requesting data from https://dps.psx.com.pk/market-watch
2026-07-03 03:51:26 | DEBUG    | fetch_data           | Response status: 200
2026-07-03 03:51:26 | DEBUG    | fetch_data           | Response content type: text/html; charset=utf-8
2026-07-03 03:51:26 | DEBUG    | fetch_data           | Response size: 474436 bytes
2026-07-03 03:51:26 | INFO     | fetch_data           | ✅ Data fetched successfully (Status: 200)
2026-07-03 03:51:26 | DEBUG    | parse_json           | Attempting JSON parsing...
2026-07-03 03:51:26 | DEBUG    | parse_json           | Response preview: <table class="tbl" data-page-length="25"><thead class="tbl__head"><!-- tr--><!--   th(colspan="11")--><!--   th.center(colspan="2", style="width: 110px;") TOTAL BUY ORDERS--><!--   th.center(colspan="2", style="width: 110px;") TOTAL SELL ORDERS--><tr><th data-name="symbol">SYMBOL</th><th data-name="sector">SECTOR</th><th data-name="listed">LISTED IN</th><th class="right" data-name="ldcp">LDCP</th><th class="right" data-name="open">OPEN</th><th class="right" data-name="high">HIGH</th><th class="r
2026-07-03 03:51:26 | WARNING  | parse_json           | ⚠️ JSON parsing failed: Expecting value: line 1 column 1 (char 0)
2026-07-03 03:51:26 | INFO     | run                  | JSON parsing failed, trying HTML fallback...
2026-07-03 03:51:26 | INFO     | parse_html           | Attempting HTML fallback parsing...
2026-07-03 03:51:26 | DEBUG    | parse_html           | Found 1 table(s) in HTML
2026-07-03 03:51:26 | DEBUG    | parse_html           | Table columns: ['SYMBOL', 'SECTOR', 'LISTED IN', 'LDCP', 'OPEN', 'HIGH', 'LOW', 'CURRENT', 'CHANGE', 'CHANGE (%)', 'VOLUME']
2026-07-03 03:51:26 | DEBUG    | parse_html           | Table shape: (494, 11)
2026-07-03 03:51:26 | INFO     | parse_html           | ✅ HTML parsed successfully (494 rows)
2026-07-03 03:51:26 | INFO     | clean_data           | Cleaning data...
2026-07-03 03:51:26 | DEBUG    | clean_data           | Initial shape: (494, 11)
2026-07-03 03:51:26 | DEBUG    | clean_data           | Initial columns: ['SYMBOL', 'SECTOR', 'LISTED IN', 'LDCP', 'OPEN', 'HIGH', 'LOW', 'CURRENT', 'CHANGE', 'CHANGE (%)', 'VOLUME']
2026-07-03 03:51:26 | DEBUG    | clean_data           | Removed 'LISTED IN' column
2026-07-03 03:51:26 | DEBUG    | clean_data           | Converted LDCP from float64 to numeric
2026-07-03 03:51:26 | DEBUG    | clean_data           | Converted OPEN from float64 to numeric
2026-07-03 03:51:26 | DEBUG    | clean_data           | Converted HIGH from float64 to numeric
2026-07-03 03:51:26 | DEBUG    | clean_data           | Converted LOW from float64 to numeric
2026-07-03 03:51:26 | DEBUG    | clean_data           | Converted CURRENT from float64 to numeric
2026-07-03 03:51:26 | DEBUG    | clean_data           | Converted CHANGE from float64 to numeric
2026-07-03 03:51:26 | WARNING  | clean_data           | Column CHANGE (%): 494 values could not be converted to numeric
2026-07-03 03:51:26 | DEBUG    | clean_data           | Converted CHANGE (%) from str to numeric
2026-07-03 03:51:26 | DEBUG    | clean_data           | Converted VOLUME from int64 to numeric
2026-07-03 03:51:26 | INFO     | clean_data           | ✅ Data cleaned (494 rows, 16 columns)
2026-07-03 03:51:26 | DEBUG    | clean_data           | Final columns: ['SYMBOL', 'SECTOR', 'LDCP', 'OPEN', 'HIGH', 'LOW', 'CURRENT', 'CHANGE', 'CHANGE (%)', 'VOLUME', 'YEAR', 'MONTH', 'DAY', 'HOUR', 'MINUTE', 'DATETIME']
2026-07-03 03:51:26 | DEBUG    | get_file_path        | Generated file path: data/2026/07/2026-07-03.xlsx
2026-07-03 03:51:26 | INFO     | save_data            | Saving data to: data/2026/07/2026-07-03.xlsx
2026-07-03 03:51:26 | DEBUG    | _create_backup       | Backup created: data/2026/07/backups/2026-07-03_backup_20260703_035126.xlsx
2026-07-03 03:51:26 | DEBUG    | _cleanup_old_backups | Removed old backup: 2026-07-03_backup_20260703_032553.xlsx
2026-07-03 03:51:26 | DEBUG    | save_data            | Existing file found, merging data...
2026-07-03 03:51:27 | DEBUG    | save_data            | Loaded 6422 existing rows
2026-07-03 03:51:27 | DEBUG    | save_data            | Combined to 6916 rows
2026-07-03 03:51:27 | DEBUG    | save_data            | Writing to temporary file...
2026-07-03 03:51:28 | DEBUG    | save_data            | Data written to temp file: /home/runner/work/Thalorae-BackLioraen/Thalorae-BackLioraen/data/2026/07/tmp5cjytywe.xlsx
2026-07-03 03:51:28 | DEBUG    | save_data            | Temp file moved to final location
2026-07-03 03:51:28 | INFO     | save_data            | ✅ Data saved successfully (6916 total rows, 520,109 bytes)
2026-07-03 03:51:28 | INFO     | run                  | ======================================================================
2026-07-03 03:51:28 | INFO     | run                  | 📊 EXECUTION SUMMARY:
2026-07-03 03:51:28 | INFO     | run                  |    ✅ Status: SUCCESS
2026-07-03 03:51:28 | INFO     | run                  |    - Rows processed: 494
2026-07-03 03:51:28 | INFO     | run                  |    - Unique symbols: 494
2026-07-03 03:51:28 | INFO     | run                  |    - Timestamp: 2026-07-03 08:51:21
2026-07-03 03:51:28 | INFO     | run                  |    - File: data/2026/07/2026-07-03.xlsx
2026-07-03 03:51:28 | INFO     | run                  | ======================================================================
2026-07-03 03:51:28 | DEBUG    | run                  | Sample data (first row):
2026-07-03 03:51:28 | DEBUG    | run                  | {'SYMBOL': 'TPLP', 'SECTOR': 838, 'LDCP': 11.23, 'OPEN': 10.99, 'HIGH': 11.79, 'LOW': 10.95, 'CURRENT': 11.23, 'CHANGE': 0.51, 'CHANGE (%)': nan, 'VOLUME': 84688111, 'YEAR': 2026, 'MONTH': 7, 'DAY': 3, 'HOUR': 8, 'MINUTE': 51, 'DATETIME': '2026-07-03 08:51'}
2026-07-03 03:51:28 | DEBUG    | close                | Session closed
2026-07-03 03:56:29 | INFO     | run                  | ======================================================================
2026-07-03 03:56:29 | INFO     | run                  | 🚀 MARKET DATA SCRAPER - SINGLE EXECUTION
2026-07-03 03:56:29 | INFO     | run                  | ======================================================================
2026-07-03 03:56:29 | INFO     | run                  | Execution Time: 2026-07-03 08:56:29 PKT
2026-07-03 03:56:29 | INFO     | run                  | Configuration:
2026-07-03 03:56:29 | INFO     | run                  |    - Timezone: Asia/Karachi
2026-07-03 03:56:29 | INFO     | run                  |    - Data directory: data
2026-07-03 03:56:29 | INFO     | run                  |    - Log directory: logs
2026-07-03 03:56:29 | INFO     | run                  |    - Excluded symbols: {'XT', 'XD', 'XR', 'XS'}
2026-07-03 03:56:29 | INFO     | run                  | ======================================================================
2026-07-03 03:56:29 | INFO     | fetch_data           | Fetching data (Attempt 1/3)...
2026-07-03 03:56:29 | DEBUG    | fetch_data           | Establishing session with https://dps.psx.com.pk/
2026-07-03 03:56:32 | DEBUG    | fetch_data           | Requesting data from https://dps.psx.com.pk/market-watch
2026-07-03 03:56:34 | DEBUG    | fetch_data           | Response status: 200
2026-07-03 03:56:34 | DEBUG    | fetch_data           | Response content type: text/html; charset=utf-8
2026-07-03 03:56:34 | DEBUG    | fetch_data           | Response size: 474436 bytes
2026-07-03 03:56:34 | INFO     | fetch_data           | ✅ Data fetched successfully (Status: 200)
2026-07-03 03:56:34 | DEBUG    | parse_json           | Attempting JSON parsing...
2026-07-03 03:56:34 | DEBUG    | parse_json           | Response preview: <table class="tbl" data-page-length="25"><thead class="tbl__head"><!-- tr--><!--   th(colspan="11")--><!--   th.center(colspan="2", style="width: 110px;") TOTAL BUY ORDERS--><!--   th.center(colspan="2", style="width: 110px;") TOTAL SELL ORDERS--><tr><th data-name="symbol">SYMBOL</th><th data-name="sector">SECTOR</th><th data-name="listed">LISTED IN</th><th class="right" data-name="ldcp">LDCP</th><th class="right" data-name="open">OPEN</th><th class="right" data-name="high">HIGH</th><th class="r
2026-07-03 03:56:34 | WARNING  | parse_json           | ⚠️ JSON parsing failed: Expecting value: line 1 column 1 (char 0)
2026-07-03 03:56:34 | INFO     | run                  | JSON parsing failed, trying HTML fallback...
2026-07-03 03:56:34 | INFO     | parse_html           | Attempting HTML fallback parsing...
2026-07-03 03:56:34 | DEBUG    | parse_html           | Found 1 table(s) in HTML
2026-07-03 03:56:34 | DEBUG    | parse_html           | Table columns: ['SYMBOL', 'SECTOR', 'LISTED IN', 'LDCP', 'OPEN', 'HIGH', 'LOW', 'CURRENT', 'CHANGE', 'CHANGE (%)', 'VOLUME']
2026-07-03 03:56:34 | DEBUG    | parse_html           | Table shape: (494, 11)
2026-07-03 03:56:34 | INFO     | parse_html           | ✅ HTML parsed successfully (494 rows)
2026-07-03 03:56:34 | INFO     | clean_data           | Cleaning data...
2026-07-03 03:56:34 | DEBUG    | clean_data           | Initial shape: (494, 11)
2026-07-03 03:56:34 | DEBUG    | clean_data           | Initial columns: ['SYMBOL', 'SECTOR', 'LISTED IN', 'LDCP', 'OPEN', 'HIGH', 'LOW', 'CURRENT', 'CHANGE', 'CHANGE (%)', 'VOLUME']
2026-07-03 03:56:34 | DEBUG    | clean_data           | Removed 'LISTED IN' column
2026-07-03 03:56:34 | DEBUG    | clean_data           | Converted LDCP from float64 to numeric
2026-07-03 03:56:34 | DEBUG    | clean_data           | Converted OPEN from float64 to numeric
2026-07-03 03:56:34 | DEBUG    | clean_data           | Converted HIGH from float64 to numeric
2026-07-03 03:56:34 | DEBUG    | clean_data           | Converted LOW from float64 to numeric
2026-07-03 03:56:34 | DEBUG    | clean_data           | Converted CURRENT from float64 to numeric
2026-07-03 03:56:34 | DEBUG    | clean_data           | Converted CHANGE from float64 to numeric
2026-07-03 03:56:34 | WARNING  | clean_data           | Column CHANGE (%): 494 values could not be converted to numeric
2026-07-03 03:56:34 | DEBUG    | clean_data           | Converted CHANGE (%) from str to numeric
2026-07-03 03:56:34 | DEBUG    | clean_data           | Converted VOLUME from int64 to numeric
2026-07-03 03:56:34 | INFO     | clean_data           | ✅ Data cleaned (494 rows, 16 columns)
2026-07-03 03:56:34 | DEBUG    | clean_data           | Final columns: ['SYMBOL', 'SECTOR', 'LDCP', 'OPEN', 'HIGH', 'LOW', 'CURRENT', 'CHANGE', 'CHANGE (%)', 'VOLUME', 'YEAR', 'MONTH', 'DAY', 'HOUR', 'MINUTE', 'DATETIME']
2026-07-03 03:56:34 | DEBUG    | get_file_path        | Generated file path: data/2026/07/2026-07-03.xlsx
2026-07-03 03:56:34 | INFO     | save_data            | Saving data to: data/2026/07/2026-07-03.xlsx
2026-07-03 03:56:34 | DEBUG    | _create_backup       | Backup created: data/2026/07/backups/2026-07-03_backup_20260703_035634.xlsx
2026-07-03 03:56:34 | DEBUG    | _cleanup_old_backups | Removed old backup: 2026-07-03_backup_20260703_033059.xlsx
2026-07-03 03:56:34 | DEBUG    | save_data            | Existing file found, merging data...
2026-07-03 03:56:34 | DEBUG    | save_data            | Loaded 6916 existing rows
2026-07-03 03:56:34 | DEBUG    | save_data            | Combined to 7410 rows
2026-07-03 03:56:34 | DEBUG    | save_data            | Writing to temporary file...
2026-07-03 03:56:36 | DEBUG    | save_data            | Data written to temp file: /home/runner/work/Thalorae-BackLioraen/Thalorae-BackLioraen/data/2026/07/tmpxcs3frju.xlsx
2026-07-03 03:56:36 | DEBUG    | save_data            | Temp file moved to final location
2026-07-03 03:56:36 | INFO     | save_data            | ✅ Data saved successfully (7410 total rows, 556,949 bytes)
2026-07-03 03:56:36 | INFO     | run                  | ======================================================================
2026-07-03 03:56:36 | INFO     | run                  | 📊 EXECUTION SUMMARY:
2026-07-03 03:56:36 | INFO     | run                  |    ✅ Status: SUCCESS
2026-07-03 03:56:36 | INFO     | run                  |    - Rows processed: 494
2026-07-03 03:56:36 | INFO     | run                  |    - Unique symbols: 494
2026-07-03 03:56:36 | INFO     | run                  |    - Timestamp: 2026-07-03 08:56:29
2026-07-03 03:56:36 | INFO     | run                  |    - File: data/2026/07/2026-07-03.xlsx
2026-07-03 03:56:36 | INFO     | run                  | ======================================================================
2026-07-03 03:56:36 | DEBUG    | run                  | Sample data (first row):
2026-07-03 03:56:36 | DEBUG    | run                  | {'SYMBOL': 'TPLP', 'SECTOR': 838, 'LDCP': 11.23, 'OPEN': 10.99, 'HIGH': 11.79, 'LOW': 10.95, 'CURRENT': 11.23, 'CHANGE': 0.51, 'CHANGE (%)': nan, 'VOLUME': 84688111, 'YEAR': 2026, 'MONTH': 7, 'DAY': 3, 'HOUR': 8, 'MINUTE': 56, 'DATETIME': '2026-07-03 08:56'}
2026-07-03 03:56:36 | DEBUG    | close                | Session closed
2026-07-03 04:01:36 | INFO     | run                  | ======================================================================
2026-07-03 04:01:36 | INFO     | run                  | 🚀 MARKET DATA SCRAPER - SINGLE EXECUTION
2026-07-03 04:01:36 | INFO     | run                  | ======================================================================
2026-07-03 04:01:36 | INFO     | run                  | Execution Time: 2026-07-03 09:01:36 PKT
2026-07-03 04:01:36 | INFO     | run                  | Configuration:
2026-07-03 04:01:36 | INFO     | run                  |    - Timezone: Asia/Karachi
2026-07-03 04:01:36 | INFO     | run                  |    - Data directory: data
2026-07-03 04:01:36 | INFO     | run                  |    - Log directory: logs
2026-07-03 04:01:36 | INFO     | run                  |    - Excluded symbols: {'XS', 'XR', 'XT', 'XD'}
2026-07-03 04:01:36 | INFO     | run                  | ======================================================================
2026-07-03 04:01:36 | INFO     | fetch_data           | Fetching data (Attempt 1/3)...
2026-07-03 04:01:36 | DEBUG    | fetch_data           | Establishing session with https://dps.psx.com.pk/
2026-07-03 04:01:39 | DEBUG    | fetch_data           | Requesting data from https://dps.psx.com.pk/market-watch
2026-07-03 04:01:41 | DEBUG    | fetch_data           | Response status: 200
2026-07-03 04:01:41 | DEBUG    | fetch_data           | Response content type: text/html; charset=utf-8
2026-07-03 04:01:41 | DEBUG    | fetch_data           | Response size: 474436 bytes
2026-07-03 04:01:41 | INFO     | fetch_data           | ✅ Data fetched successfully (Status: 200)
2026-07-03 04:01:41 | DEBUG    | parse_json           | Attempting JSON parsing...
2026-07-03 04:01:41 | DEBUG    | parse_json           | Response preview: <table class="tbl" data-page-length="25"><thead class="tbl__head"><!-- tr--><!--   th(colspan="11")--><!--   th.center(colspan="2", style="width: 110px;") TOTAL BUY ORDERS--><!--   th.center(colspan="2", style="width: 110px;") TOTAL SELL ORDERS--><tr><th data-name="symbol">SYMBOL</th><th data-name="sector">SECTOR</th><th data-name="listed">LISTED IN</th><th class="right" data-name="ldcp">LDCP</th><th class="right" data-name="open">OPEN</th><th class="right" data-name="high">HIGH</th><th class="r
2026-07-03 04:01:41 | WARNING  | parse_json           | ⚠️ JSON parsing failed: Expecting value: line 1 column 1 (char 0)
2026-07-03 04:01:41 | INFO     | run                  | JSON parsing failed, trying HTML fallback...
2026-07-03 04:01:41 | INFO     | parse_html           | Attempting HTML fallback parsing...
2026-07-03 04:01:41 | DEBUG    | parse_html           | Found 1 table(s) in HTML
2026-07-03 04:01:41 | DEBUG    | parse_html           | Table columns: ['SYMBOL', 'SECTOR', 'LISTED IN', 'LDCP', 'OPEN', 'HIGH', 'LOW', 'CURRENT', 'CHANGE', 'CHANGE (%)', 'VOLUME']
2026-07-03 04:01:41 | DEBUG    | parse_html           | Table shape: (494, 11)
2026-07-03 04:01:41 | INFO     | parse_html           | ✅ HTML parsed successfully (494 rows)
2026-07-03 04:01:41 | INFO     | clean_data           | Cleaning data...
2026-07-03 04:01:41 | DEBUG    | clean_data           | Initial shape: (494, 11)
2026-07-03 04:01:41 | DEBUG    | clean_data           | Initial columns: ['SYMBOL', 'SECTOR', 'LISTED IN', 'LDCP', 'OPEN', 'HIGH', 'LOW', 'CURRENT', 'CHANGE', 'CHANGE (%)', 'VOLUME']
2026-07-03 04:01:41 | DEBUG    | clean_data           | Removed 'LISTED IN' column
2026-07-03 04:01:41 | DEBUG    | clean_data           | Converted LDCP from float64 to numeric
2026-07-03 04:01:41 | DEBUG    | clean_data           | Converted OPEN from float64 to numeric
2026-07-03 04:01:41 | DEBUG    | clean_data           | Converted HIGH from float64 to numeric
2026-07-03 04:01:41 | DEBUG    | clean_data           | Converted LOW from float64 to numeric
2026-07-03 04:01:41 | DEBUG    | clean_data           | Converted CURRENT from float64 to numeric
2026-07-03 04:01:41 | DEBUG    | clean_data           | Converted CHANGE from float64 to numeric
2026-07-03 04:01:41 | WARNING  | clean_data           | Column CHANGE (%): 494 values could not be converted to numeric
2026-07-03 04:01:41 | DEBUG    | clean_data           | Converted CHANGE (%) from str to numeric
2026-07-03 04:01:41 | DEBUG    | clean_data           | Converted VOLUME from int64 to numeric
2026-07-03 04:01:41 | INFO     | clean_data           | ✅ Data cleaned (494 rows, 16 columns)
2026-07-03 04:01:41 | DEBUG    | clean_data           | Final columns: ['SYMBOL', 'SECTOR', 'LDCP', 'OPEN', 'HIGH', 'LOW', 'CURRENT', 'CHANGE', 'CHANGE (%)', 'VOLUME', 'YEAR', 'MONTH', 'DAY', 'HOUR', 'MINUTE', 'DATETIME']
2026-07-03 04:01:41 | DEBUG    | get_file_path        | Generated file path: data/2026/07/2026-07-03.xlsx
2026-07-03 04:01:41 | INFO     | save_data            | Saving data to: data/2026/07/2026-07-03.xlsx
2026-07-03 04:01:41 | DEBUG    | _create_backup       | Backup created: data/2026/07/backups/2026-07-03_backup_20260703_040141.xlsx
2026-07-03 04:01:41 | DEBUG    | _cleanup_old_backups | Removed old backup: 2026-07-03_backup_20260703_033606.xlsx
2026-07-03 04:01:41 | DEBUG    | save_data            | Existing file found, merging data...
2026-07-03 04:01:41 | DEBUG    | save_data            | Loaded 7410 existing rows
2026-07-03 04:01:41 | DEBUG    | save_data            | Combined to 7904 rows
2026-07-03 04:01:41 | DEBUG    | save_data            | Writing to temporary file...
2026-07-03 04:01:43 | DEBUG    | save_data            | Data written to temp file: /home/runner/work/Thalorae-BackLioraen/Thalorae-BackLioraen/data/2026/07/tmpb1xa47c_.xlsx
2026-07-03 04:01:43 | DEBUG    | save_data            | Temp file moved to final location
2026-07-03 04:01:43 | INFO     | save_data            | ✅ Data saved successfully (7904 total rows, 593,747 bytes)
2026-07-03 04:01:43 | INFO     | run                  | ======================================================================
2026-07-03 04:01:43 | INFO     | run                  | 📊 EXECUTION SUMMARY:
2026-07-03 04:01:43 | INFO     | run                  |    ✅ Status: SUCCESS
2026-07-03 04:01:43 | INFO     | run                  |    - Rows processed: 494
2026-07-03 04:01:43 | INFO     | run                  |    - Unique symbols: 494
2026-07-03 04:01:43 | INFO     | run                  |    - Timestamp: 2026-07-03 09:01:36
2026-07-03 04:01:43 | INFO     | run                  |    - File: data/2026/07/2026-07-03.xlsx
2026-07-03 04:01:43 | INFO     | run                  | ======================================================================
2026-07-03 04:01:43 | DEBUG    | run                  | Sample data (first row):
2026-07-03 04:01:43 | DEBUG    | run                  | {'SYMBOL': 'TPLP', 'SECTOR': 838, 'LDCP': 11.23, 'OPEN': 10.99, 'HIGH': 11.79, 'LOW': 10.95, 'CURRENT': 11.23, 'CHANGE': 0.51, 'CHANGE (%)': nan, 'VOLUME': 84688111, 'YEAR': 2026, 'MONTH': 7, 'DAY': 3, 'HOUR': 9, 'MINUTE': 1, 'DATETIME': '2026-07-03 09:01'}
2026-07-03 04:01:43 | DEBUG    | close                | Session closed
2026-07-03 04:06:43 | INFO     | run                  | ======================================================================
2026-07-03 04:06:43 | INFO     | run                  | 🚀 MARKET DATA SCRAPER - SINGLE EXECUTION
2026-07-03 04:06:43 | INFO     | run                  | ======================================================================
2026-07-03 04:06:43 | INFO     | run                  | Execution Time: 2026-07-03 09:06:43 PKT
2026-07-03 04:06:43 | INFO     | run                  | Configuration:
2026-07-03 04:06:43 | INFO     | run                  |    - Timezone: Asia/Karachi
2026-07-03 04:06:43 | INFO     | run                  |    - Data directory: data
2026-07-03 04:06:43 | INFO     | run                  |    - Log directory: logs
2026-07-03 04:06:43 | INFO     | run                  |    - Excluded symbols: {'XS', 'XR', 'XD', 'XT'}
2026-07-03 04:06:43 | INFO     | run                  | ======================================================================
2026-07-03 04:06:43 | INFO     | fetch_data           | Fetching data (Attempt 1/3)...
2026-07-03 04:06:43 | DEBUG    | fetch_data           | Establishing session with https://dps.psx.com.pk/
2026-07-03 04:06:46 | DEBUG    | fetch_data           | Requesting data from https://dps.psx.com.pk/market-watch
2026-07-03 04:06:48 | DEBUG    | fetch_data           | Response status: 200
2026-07-03 04:06:48 | DEBUG    | fetch_data           | Response content type: text/html; charset=utf-8
2026-07-03 04:06:48 | DEBUG    | fetch_data           | Response size: 474436 bytes
2026-07-03 04:06:48 | INFO     | fetch_data           | ✅ Data fetched successfully (Status: 200)
2026-07-03 04:06:48 | DEBUG    | parse_json           | Attempting JSON parsing...
2026-07-03 04:06:48 | DEBUG    | parse_json           | Response preview: <table class="tbl" data-page-length="25"><thead class="tbl__head"><!-- tr--><!--   th(colspan="11")--><!--   th.center(colspan="2", style="width: 110px;") TOTAL BUY ORDERS--><!--   th.center(colspan="2", style="width: 110px;") TOTAL SELL ORDERS--><tr><th data-name="symbol">SYMBOL</th><th data-name="sector">SECTOR</th><th data-name="listed">LISTED IN</th><th class="right" data-name="ldcp">LDCP</th><th class="right" data-name="open">OPEN</th><th class="right" data-name="high">HIGH</th><th class="r
2026-07-03 04:06:48 | WARNING  | parse_json           | ⚠️ JSON parsing failed: Expecting value: line 1 column 1 (char 0)
2026-07-03 04:06:48 | INFO     | run                  | JSON parsing failed, trying HTML fallback...
2026-07-03 04:06:48 | INFO     | parse_html           | Attempting HTML fallback parsing...
2026-07-03 04:06:48 | DEBUG    | parse_html           | Found 1 table(s) in HTML
2026-07-03 04:06:48 | DEBUG    | parse_html           | Table columns: ['SYMBOL', 'SECTOR', 'LISTED IN', 'LDCP', 'OPEN', 'HIGH', 'LOW', 'CURRENT', 'CHANGE', 'CHANGE (%)', 'VOLUME']
2026-07-03 04:06:48 | DEBUG    | parse_html           | Table shape: (494, 11)
2026-07-03 04:06:48 | INFO     | parse_html           | ✅ HTML parsed successfully (494 rows)
2026-07-03 04:06:48 | INFO     | clean_data           | Cleaning data...
2026-07-03 04:06:48 | DEBUG    | clean_data           | Initial shape: (494, 11)
2026-07-03 04:06:48 | DEBUG    | clean_data           | Initial columns: ['SYMBOL', 'SECTOR', 'LISTED IN', 'LDCP', 'OPEN', 'HIGH', 'LOW', 'CURRENT', 'CHANGE', 'CHANGE (%)', 'VOLUME']
2026-07-03 04:06:48 | DEBUG    | clean_data           | Removed 'LISTED IN' column
2026-07-03 04:06:48 | DEBUG    | clean_data           | Converted LDCP from float64 to numeric
2026-07-03 04:06:48 | DEBUG    | clean_data           | Converted OPEN from float64 to numeric
2026-07-03 04:06:48 | DEBUG    | clean_data           | Converted HIGH from float64 to numeric
2026-07-03 04:06:48 | DEBUG    | clean_data           | Converted LOW from float64 to numeric
2026-07-03 04:06:48 | DEBUG    | clean_data           | Converted CURRENT from float64 to numeric
2026-07-03 04:06:48 | DEBUG    | clean_data           | Converted CHANGE from float64 to numeric
2026-07-03 04:06:48 | WARNING  | clean_data           | Column CHANGE (%): 494 values could not be converted to numeric
2026-07-03 04:06:48 | DEBUG    | clean_data           | Converted CHANGE (%) from str to numeric
2026-07-03 04:06:48 | DEBUG    | clean_data           | Converted VOLUME from int64 to numeric
2026-07-03 04:06:48 | INFO     | clean_data           | ✅ Data cleaned (494 rows, 16 columns)
2026-07-03 04:06:48 | DEBUG    | clean_data           | Final columns: ['SYMBOL', 'SECTOR', 'LDCP', 'OPEN', 'HIGH', 'LOW', 'CURRENT', 'CHANGE', 'CHANGE (%)', 'VOLUME', 'YEAR', 'MONTH', 'DAY', 'HOUR', 'MINUTE', 'DATETIME']
2026-07-03 04:06:48 | DEBUG    | get_file_path        | Generated file path: data/2026/07/2026-07-03.xlsx
2026-07-03 04:06:48 | INFO     | save_data            | Saving data to: data/2026/07/2026-07-03.xlsx
2026-07-03 04:06:48 | DEBUG    | _create_backup       | Backup created: data/2026/07/backups/2026-07-03_backup_20260703_040648.xlsx
2026-07-03 04:06:48 | DEBUG    | _cleanup_old_backups | Removed old backup: 2026-07-03_backup_20260703_034112.xlsx
2026-07-03 04:06:48 | DEBUG    | save_data            | Existing file found, merging data...
2026-07-03 04:06:48 | DEBUG    | save_data            | Loaded 7904 existing rows
2026-07-03 04:06:48 | DEBUG    | save_data            | Combined to 8398 rows
2026-07-03 04:06:48 | DEBUG    | save_data            | Writing to temporary file...
2026-07-03 04:06:50 | DEBUG    | save_data            | Data written to temp file: /home/runner/work/Thalorae-BackLioraen/Thalorae-BackLioraen/data/2026/07/tmpwk0l0sjh.xlsx
2026-07-03 04:06:50 | DEBUG    | save_data            | Temp file moved to final location
2026-07-03 04:06:50 | INFO     | save_data            | ✅ Data saved successfully (8398 total rows, 630,518 bytes)
2026-07-03 04:06:50 | INFO     | run                  | ======================================================================
2026-07-03 04:06:50 | INFO     | run                  | 📊 EXECUTION SUMMARY:
2026-07-03 04:06:50 | INFO     | run                  |    ✅ Status: SUCCESS
2026-07-03 04:06:50 | INFO     | run                  |    - Rows processed: 494
2026-07-03 04:06:50 | INFO     | run                  |    - Unique symbols: 494
2026-07-03 04:06:50 | INFO     | run                  |    - Timestamp: 2026-07-03 09:06:43
2026-07-03 04:06:50 | INFO     | run                  |    - File: data/2026/07/2026-07-03.xlsx
2026-07-03 04:06:50 | INFO     | run                  | ======================================================================
2026-07-03 04:06:50 | DEBUG    | run                  | Sample data (first row):
2026-07-03 04:06:50 | DEBUG    | run                  | {'SYMBOL': 'TPLP', 'SECTOR': 838, 'LDCP': 11.23, 'OPEN': 10.99, 'HIGH': 11.79, 'LOW': 10.95, 'CURRENT': 11.23, 'CHANGE': 0.51, 'CHANGE (%)': nan, 'VOLUME': 84688111, 'YEAR': 2026, 'MONTH': 7, 'DAY': 3, 'HOUR': 9, 'MINUTE': 6, 'DATETIME': '2026-07-03 09:06'}
2026-07-03 04:06:50 | DEBUG    | close                | Session closed
2026-07-03 04:11:50 | INFO     | run                  | ======================================================================
2026-07-03 04:11:50 | INFO     | run                  | 🚀 MARKET DATA SCRAPER - SINGLE EXECUTION
2026-07-03 04:11:50 | INFO     | run                  | ======================================================================
2026-07-03 04:11:50 | INFO     | run                  | Execution Time: 2026-07-03 09:11:50 PKT
2026-07-03 04:11:50 | INFO     | run                  | Configuration:
2026-07-03 04:11:50 | INFO     | run                  |    - Timezone: Asia/Karachi
2026-07-03 04:11:50 | INFO     | run                  |    - Data directory: data
2026-07-03 04:11:50 | INFO     | run                  |    - Log directory: logs
2026-07-03 04:11:50 | INFO     | run                  |    - Excluded symbols: {'XR', 'XT', 'XS', 'XD'}
2026-07-03 04:11:50 | INFO     | run                  | ======================================================================
2026-07-03 04:11:50 | INFO     | fetch_data           | Fetching data (Attempt 1/3)...
2026-07-03 04:11:50 | DEBUG    | fetch_data           | Establishing session with https://dps.psx.com.pk/
2026-07-03 04:11:54 | DEBUG    | fetch_data           | Requesting data from https://dps.psx.com.pk/market-watch
2026-07-03 04:11:55 | DEBUG    | fetch_data           | Response status: 200
2026-07-03 04:11:55 | DEBUG    | fetch_data           | Response content type: text/html; charset=utf-8
2026-07-03 04:11:55 | DEBUG    | fetch_data           | Response size: 474436 bytes
2026-07-03 04:11:55 | INFO     | fetch_data           | ✅ Data fetched successfully (Status: 200)
2026-07-03 04:11:55 | DEBUG    | parse_json           | Attempting JSON parsing...
2026-07-03 04:11:55 | DEBUG    | parse_json           | Response preview: <table class="tbl" data-page-length="25"><thead class="tbl__head"><!-- tr--><!--   th(colspan="11")--><!--   th.center(colspan="2", style="width: 110px;") TOTAL BUY ORDERS--><!--   th.center(colspan="2", style="width: 110px;") TOTAL SELL ORDERS--><tr><th data-name="symbol">SYMBOL</th><th data-name="sector">SECTOR</th><th data-name="listed">LISTED IN</th><th class="right" data-name="ldcp">LDCP</th><th class="right" data-name="open">OPEN</th><th class="right" data-name="high">HIGH</th><th class="r
2026-07-03 04:11:55 | WARNING  | parse_json           | ⚠️ JSON parsing failed: Expecting value: line 1 column 1 (char 0)
2026-07-03 04:11:55 | INFO     | run                  | JSON parsing failed, trying HTML fallback...
2026-07-03 04:11:55 | INFO     | parse_html           | Attempting HTML fallback parsing...
2026-07-03 04:11:55 | DEBUG    | parse_html           | Found 1 table(s) in HTML
2026-07-03 04:11:55 | DEBUG    | parse_html           | Table columns: ['SYMBOL', 'SECTOR', 'LISTED IN', 'LDCP', 'OPEN', 'HIGH', 'LOW', 'CURRENT', 'CHANGE', 'CHANGE (%)', 'VOLUME']
2026-07-03 04:11:55 | DEBUG    | parse_html           | Table shape: (494, 11)
2026-07-03 04:11:55 | INFO     | parse_html           | ✅ HTML parsed successfully (494 rows)
2026-07-03 04:11:55 | INFO     | clean_data           | Cleaning data...
2026-07-03 04:11:55 | DEBUG    | clean_data           | Initial shape: (494, 11)
2026-07-03 04:11:55 | DEBUG    | clean_data           | Initial columns: ['SYMBOL', 'SECTOR', 'LISTED IN', 'LDCP', 'OPEN', 'HIGH', 'LOW', 'CURRENT', 'CHANGE', 'CHANGE (%)', 'VOLUME']
2026-07-03 04:11:55 | DEBUG    | clean_data           | Removed 'LISTED IN' column
2026-07-03 04:11:55 | DEBUG    | clean_data           | Converted LDCP from float64 to numeric
2026-07-03 04:11:55 | DEBUG    | clean_data           | Converted OPEN from float64 to numeric
2026-07-03 04:11:55 | DEBUG    | clean_data           | Converted HIGH from float64 to numeric
2026-07-03 04:11:55 | DEBUG    | clean_data           | Converted LOW from float64 to numeric
2026-07-03 04:11:55 | DEBUG    | clean_data           | Converted CURRENT from float64 to numeric
2026-07-03 04:11:55 | DEBUG    | clean_data           | Converted CHANGE from float64 to numeric
2026-07-03 04:11:55 | WARNING  | clean_data           | Column CHANGE (%): 494 values could not be converted to numeric
2026-07-03 04:11:55 | DEBUG    | clean_data           | Converted CHANGE (%) from str to numeric
2026-07-03 04:11:55 | DEBUG    | clean_data           | Converted VOLUME from int64 to numeric
2026-07-03 04:11:55 | INFO     | clean_data           | ✅ Data cleaned (494 rows, 16 columns)
2026-07-03 04:11:55 | DEBUG    | clean_data           | Final columns: ['SYMBOL', 'SECTOR', 'LDCP', 'OPEN', 'HIGH', 'LOW', 'CURRENT', 'CHANGE', 'CHANGE (%)', 'VOLUME', 'YEAR', 'MONTH', 'DAY', 'HOUR', 'MINUTE', 'DATETIME']
2026-07-03 04:11:55 | DEBUG    | get_file_path        | Generated file path: data/2026/07/2026-07-03.xlsx
2026-07-03 04:11:55 | INFO     | save_data            | Saving data to: data/2026/07/2026-07-03.xlsx
2026-07-03 04:11:55 | DEBUG    | _create_backup       | Backup created: data/2026/07/backups/2026-07-03_backup_20260703_041155.xlsx
2026-07-03 04:11:55 | DEBUG    | _cleanup_old_backups | Removed old backup: 2026-07-03_backup_20260703_034619.xlsx
2026-07-03 04:11:55 | DEBUG    | save_data            | Existing file found, merging data...
2026-07-03 04:11:56 | DEBUG    | save_data            | Loaded 8398 existing rows
2026-07-03 04:11:56 | DEBUG    | save_data            | Combined to 8892 rows
2026-07-03 04:11:56 | DEBUG    | save_data            | Writing to temporary file...
2026-07-03 04:11:58 | DEBUG    | save_data            | Data written to temp file: /home/runner/work/Thalorae-BackLioraen/Thalorae-BackLioraen/data/2026/07/tmps1dkumwx.xlsx
2026-07-03 04:11:58 | DEBUG    | save_data            | Temp file moved to final location
2026-07-03 04:11:58 | INFO     | save_data            | ✅ Data saved successfully (8892 total rows, 667,331 bytes)
2026-07-03 04:11:58 | INFO     | run                  | ======================================================================
2026-07-03 04:11:58 | INFO     | run                  | 📊 EXECUTION SUMMARY:
2026-07-03 04:11:58 | INFO     | run                  |    ✅ Status: SUCCESS
2026-07-03 04:11:58 | INFO     | run                  |    - Rows processed: 494
2026-07-03 04:11:58 | INFO     | run                  |    - Unique symbols: 494
2026-07-03 04:11:58 | INFO     | run                  |    - Timestamp: 2026-07-03 09:11:50
2026-07-03 04:11:58 | INFO     | run                  |    - File: data/2026/07/2026-07-03.xlsx
2026-07-03 04:11:58 | INFO     | run                  | ======================================================================
2026-07-03 04:11:58 | DEBUG    | run                  | Sample data (first row):
2026-07-03 04:11:58 | DEBUG    | run                  | {'SYMBOL': 'TPLP', 'SECTOR': 838, 'LDCP': 11.23, 'OPEN': 10.99, 'HIGH': 11.79, 'LOW': 10.95, 'CURRENT': 11.23, 'CHANGE': 0.51, 'CHANGE (%)': nan, 'VOLUME': 84688111, 'YEAR': 2026, 'MONTH': 7, 'DAY': 3, 'HOUR': 9, 'MINUTE': 11, 'DATETIME': '2026-07-03 09:11'}
2026-07-03 04:11:58 | DEBUG    | close                | Session closed
2026-07-03 04:16:58 | INFO     | run                  | ======================================================================
2026-07-03 04:16:58 | INFO     | run                  | 🚀 MARKET DATA SCRAPER - SINGLE EXECUTION
2026-07-03 04:16:58 | INFO     | run                  | ======================================================================
2026-07-03 04:16:58 | INFO     | run                  | Execution Time: 2026-07-03 09:16:58 PKT
2026-07-03 04:16:58 | INFO     | run                  | Configuration:
2026-07-03 04:16:58 | INFO     | run                  |    - Timezone: Asia/Karachi
2026-07-03 04:16:58 | INFO     | run                  |    - Data directory: data
2026-07-03 04:16:58 | INFO     | run                  |    - Log directory: logs
2026-07-03 04:16:58 | INFO     | run                  |    - Excluded symbols: {'XR', 'XT', 'XD', 'XS'}
2026-07-03 04:16:58 | INFO     | run                  | ======================================================================
2026-07-03 04:16:58 | INFO     | fetch_data           | Fetching data (Attempt 1/3)...
2026-07-03 04:16:58 | DEBUG    | fetch_data           | Establishing session with https://dps.psx.com.pk/
2026-07-03 04:17:01 | DEBUG    | fetch_data           | Requesting data from https://dps.psx.com.pk/market-watch
2026-07-03 04:17:04 | DEBUG    | fetch_data           | Response status: 200
2026-07-03 04:17:04 | DEBUG    | fetch_data           | Response content type: text/html; charset=utf-8
2026-07-03 04:17:04 | DEBUG    | fetch_data           | Response size: 474436 bytes
2026-07-03 04:17:04 | INFO     | fetch_data           | ✅ Data fetched successfully (Status: 200)
2026-07-03 04:17:04 | DEBUG    | parse_json           | Attempting JSON parsing...
2026-07-03 04:17:04 | DEBUG    | parse_json           | Response preview: <table class="tbl" data-page-length="25"><thead class="tbl__head"><!-- tr--><!--   th(colspan="11")--><!--   th.center(colspan="2", style="width: 110px;") TOTAL BUY ORDERS--><!--   th.center(colspan="2", style="width: 110px;") TOTAL SELL ORDERS--><tr><th data-name="symbol">SYMBOL</th><th data-name="sector">SECTOR</th><th data-name="listed">LISTED IN</th><th class="right" data-name="ldcp">LDCP</th><th class="right" data-name="open">OPEN</th><th class="right" data-name="high">HIGH</th><th class="r
2026-07-03 04:17:04 | WARNING  | parse_json           | ⚠️ JSON parsing failed: Expecting value: line 1 column 1 (char 0)
2026-07-03 04:17:04 | INFO     | run                  | JSON parsing failed, trying HTML fallback...
2026-07-03 04:17:04 | INFO     | parse_html           | Attempting HTML fallback parsing...
2026-07-03 04:17:04 | DEBUG    | parse_html           | Found 1 table(s) in HTML
2026-07-03 04:17:04 | DEBUG    | parse_html           | Table columns: ['SYMBOL', 'SECTOR', 'LISTED IN', 'LDCP', 'OPEN', 'HIGH', 'LOW', 'CURRENT', 'CHANGE', 'CHANGE (%)', 'VOLUME']
2026-07-03 04:17:04 | DEBUG    | parse_html           | Table shape: (494, 11)
2026-07-03 04:17:04 | INFO     | parse_html           | ✅ HTML parsed successfully (494 rows)
2026-07-03 04:17:04 | INFO     | clean_data           | Cleaning data...
2026-07-03 04:17:04 | DEBUG    | clean_data           | Initial shape: (494, 11)
2026-07-03 04:17:04 | DEBUG    | clean_data           | Initial columns: ['SYMBOL', 'SECTOR', 'LISTED IN', 'LDCP', 'OPEN', 'HIGH', 'LOW', 'CURRENT', 'CHANGE', 'CHANGE (%)', 'VOLUME']
2026-07-03 04:17:04 | DEBUG    | clean_data           | Removed 'LISTED IN' column
2026-07-03 04:17:04 | DEBUG    | clean_data           | Converted LDCP from float64 to numeric
2026-07-03 04:17:04 | DEBUG    | clean_data           | Converted OPEN from float64 to numeric
2026-07-03 04:17:04 | DEBUG    | clean_data           | Converted HIGH from float64 to numeric
2026-07-03 04:17:04 | DEBUG    | clean_data           | Converted LOW from float64 to numeric
2026-07-03 04:17:04 | DEBUG    | clean_data           | Converted CURRENT from float64 to numeric
2026-07-03 04:17:04 | DEBUG    | clean_data           | Converted CHANGE from float64 to numeric
2026-07-03 04:17:04 | WARNING  | clean_data           | Column CHANGE (%): 494 values could not be converted to numeric
2026-07-03 04:17:04 | DEBUG    | clean_data           | Converted CHANGE (%) from str to numeric
2026-07-03 04:17:04 | DEBUG    | clean_data           | Converted VOLUME from int64 to numeric
2026-07-03 04:17:04 | INFO     | clean_data           | ✅ Data cleaned (494 rows, 16 columns)
2026-07-03 04:17:04 | DEBUG    | clean_data           | Final columns: ['SYMBOL', 'SECTOR', 'LDCP', 'OPEN', 'HIGH', 'LOW', 'CURRENT', 'CHANGE', 'CHANGE (%)', 'VOLUME', 'YEAR', 'MONTH', 'DAY', 'HOUR', 'MINUTE', 'DATETIME']
2026-07-03 04:17:04 | DEBUG    | get_file_path        | Generated file path: data/2026/07/2026-07-03.xlsx
2026-07-03 04:17:04 | INFO     | save_data            | Saving data to: data/2026/07/2026-07-03.xlsx
2026-07-03 04:17:04 | DEBUG    | _create_backup       | Backup created: data/2026/07/backups/2026-07-03_backup_20260703_041704.xlsx
2026-07-03 04:17:04 | DEBUG    | _cleanup_old_backups | Removed old backup: 2026-07-03_backup_20260703_035126.xlsx
2026-07-03 04:17:04 | DEBUG    | save_data            | Existing file found, merging data...
2026-07-03 04:17:05 | DEBUG    | save_data            | Loaded 8892 existing rows
2026-07-03 04:17:05 | DEBUG    | save_data            | Combined to 9386 rows
2026-07-03 04:17:05 | DEBUG    | save_data            | Writing to temporary file...
2026-07-03 04:17:06 | DEBUG    | save_data            | Data written to temp file: /home/runner/work/Thalorae-BackLioraen/Thalorae-BackLioraen/data/2026/07/tmpshqpx0df.xlsx
2026-07-03 04:17:06 | DEBUG    | save_data            | Temp file moved to final location
2026-07-03 04:17:06 | INFO     | save_data            | ✅ Data saved successfully (9386 total rows, 704,108 bytes)
2026-07-03 04:17:06 | INFO     | run                  | ======================================================================
2026-07-03 04:17:06 | INFO     | run                  | 📊 EXECUTION SUMMARY:
2026-07-03 04:17:06 | INFO     | run                  |    ✅ Status: SUCCESS
2026-07-03 04:17:06 | INFO     | run                  |    - Rows processed: 494
2026-07-03 04:17:06 | INFO     | run                  |    - Unique symbols: 494
2026-07-03 04:17:06 | INFO     | run                  |    - Timestamp: 2026-07-03 09:16:58
2026-07-03 04:17:06 | INFO     | run                  |    - File: data/2026/07/2026-07-03.xlsx
2026-07-03 04:17:06 | INFO     | run                  | ======================================================================
2026-07-03 04:17:06 | DEBUG    | run                  | Sample data (first row):
2026-07-03 04:17:06 | DEBUG    | run                  | {'SYMBOL': 'TPLP', 'SECTOR': 838, 'LDCP': 11.23, 'OPEN': 10.99, 'HIGH': 11.79, 'LOW': 10.95, 'CURRENT': 11.23, 'CHANGE': 0.51, 'CHANGE (%)': nan, 'VOLUME': 84688111, 'YEAR': 2026, 'MONTH': 7, 'DAY': 3, 'HOUR': 9, 'MINUTE': 16, 'DATETIME': '2026-07-03 09:16'}
2026-07-03 04:17:06 | DEBUG    | close                | Session closed
2026-07-03 04:22:07 | INFO     | run                  | ======================================================================
2026-07-03 04:22:07 | INFO     | run                  | 🚀 MARKET DATA SCRAPER - SINGLE EXECUTION
2026-07-03 04:22:07 | INFO     | run                  | ======================================================================
2026-07-03 04:22:07 | INFO     | run                  | Execution Time: 2026-07-03 09:22:07 PKT
2026-07-03 04:22:07 | INFO     | run                  | Configuration:
2026-07-03 04:22:07 | INFO     | run                  |    - Timezone: Asia/Karachi
2026-07-03 04:22:07 | INFO     | run                  |    - Data directory: data
2026-07-03 04:22:07 | INFO     | run                  |    - Log directory: logs
2026-07-03 04:22:07 | INFO     | run                  |    - Excluded symbols: {'XR', 'XT', 'XD', 'XS'}
2026-07-03 04:22:07 | INFO     | run                  | ======================================================================
2026-07-03 04:22:07 | INFO     | fetch_data           | Fetching data (Attempt 1/3)...
2026-07-03 04:22:07 | DEBUG    | fetch_data           | Establishing session with https://dps.psx.com.pk/
2026-07-03 04:22:10 | DEBUG    | fetch_data           | Requesting data from https://dps.psx.com.pk/market-watch
2026-07-03 04:22:11 | DEBUG    | fetch_data           | Response status: 200
2026-07-03 04:22:11 | DEBUG    | fetch_data           | Response content type: text/html; charset=utf-8
2026-07-03 04:22:11 | DEBUG    | fetch_data           | Response size: 295509 bytes
2026-07-03 04:22:11 | INFO     | fetch_data           | ✅ Data fetched successfully (Status: 200)
2026-07-03 04:22:11 | DEBUG    | parse_json           | Attempting JSON parsing...
2026-07-03 04:22:11 | DEBUG    | parse_json           | Response preview: <table class="tbl" data-page-length="25"><thead class="tbl__head"><!-- tr--><!--   th(colspan="11")--><!--   th.center(colspan="2", style="width: 110px;") TOTAL BUY ORDERS--><!--   th.center(colspan="2", style="width: 110px;") TOTAL SELL ORDERS--><tr><th data-name="symbol">SYMBOL</th><th data-name="sector">SECTOR</th><th data-name="listed">LISTED IN</th><th class="right" data-name="ldcp">LDCP</th><th class="right" data-name="open">OPEN</th><th class="right" data-name="high">HIGH</th><th class="r
2026-07-03 04:22:11 | WARNING  | parse_json           | ⚠️ JSON parsing failed: Expecting value: line 1 column 1 (char 0)
2026-07-03 04:22:11 | INFO     | run                  | JSON parsing failed, trying HTML fallback...
2026-07-03 04:22:11 | INFO     | parse_html           | Attempting HTML fallback parsing...
2026-07-03 04:22:11 | DEBUG    | parse_html           | Found 1 table(s) in HTML
2026-07-03 04:22:11 | DEBUG    | parse_html           | Table columns: ['SYMBOL', 'SECTOR', 'LISTED IN', 'LDCP', 'OPEN', 'HIGH', 'LOW', 'CURRENT', 'CHANGE', 'CHANGE (%)', 'VOLUME']
2026-07-03 04:22:11 | DEBUG    | parse_html           | Table shape: (309, 11)
2026-07-03 04:22:11 | INFO     | parse_html           | ✅ HTML parsed successfully (309 rows)
2026-07-03 04:22:11 | INFO     | clean_data           | Cleaning data...
2026-07-03 04:22:11 | DEBUG    | clean_data           | Initial shape: (309, 11)
2026-07-03 04:22:11 | DEBUG    | clean_data           | Initial columns: ['SYMBOL', 'SECTOR', 'LISTED IN', 'LDCP', 'OPEN', 'HIGH', 'LOW', 'CURRENT', 'CHANGE', 'CHANGE (%)', 'VOLUME']
2026-07-03 04:22:11 | DEBUG    | clean_data           | Removed 'LISTED IN' column
2026-07-03 04:22:11 | DEBUG    | clean_data           | Converted LDCP from float64 to numeric
2026-07-03 04:22:11 | DEBUG    | clean_data           | Converted OPEN from float64 to numeric
2026-07-03 04:22:11 | DEBUG    | clean_data           | Converted HIGH from float64 to numeric
2026-07-03 04:22:11 | DEBUG    | clean_data           | Converted LOW from float64 to numeric
2026-07-03 04:22:11 | DEBUG    | clean_data           | Converted CURRENT from float64 to numeric
2026-07-03 04:22:11 | DEBUG    | clean_data           | Converted CHANGE from float64 to numeric
2026-07-03 04:22:11 | WARNING  | clean_data           | Column CHANGE (%): 309 values could not be converted to numeric
2026-07-03 04:22:11 | DEBUG    | clean_data           | Converted CHANGE (%) from str to numeric
2026-07-03 04:22:11 | DEBUG    | clean_data           | Converted VOLUME from int64 to numeric
2026-07-03 04:22:11 | INFO     | clean_data           | ✅ Data cleaned (309 rows, 16 columns)
2026-07-03 04:22:11 | DEBUG    | clean_data           | Final columns: ['SYMBOL', 'SECTOR', 'LDCP', 'OPEN', 'HIGH', 'LOW', 'CURRENT', 'CHANGE', 'CHANGE (%)', 'VOLUME', 'YEAR', 'MONTH', 'DAY', 'HOUR', 'MINUTE', 'DATETIME']
2026-07-03 04:22:11 | DEBUG    | get_file_path        | Generated file path: data/2026/07/2026-07-03.xlsx
2026-07-03 04:22:11 | INFO     | save_data            | Saving data to: data/2026/07/2026-07-03.xlsx
2026-07-03 04:22:11 | DEBUG    | _create_backup       | Backup created: data/2026/07/backups/2026-07-03_backup_20260703_042211.xlsx
2026-07-03 04:22:11 | DEBUG    | _cleanup_old_backups | Removed old backup: 2026-07-03_backup_20260703_035634.xlsx
2026-07-03 04:22:11 | DEBUG    | save_data            | Existing file found, merging data...
2026-07-03 04:22:12 | DEBUG    | save_data            | Loaded 9386 existing rows
2026-07-03 04:22:12 | DEBUG    | save_data            | Combined to 9695 rows
2026-07-03 04:22:12 | DEBUG    | save_data            | Writing to temporary file...
2026-07-03 04:22:14 | DEBUG    | save_data            | Data written to temp file: /home/runner/work/Thalorae-BackLioraen/Thalorae-BackLioraen/data/2026/07/tmpwm0yvwoa.xlsx
2026-07-03 04:22:14 | DEBUG    | save_data            | Temp file moved to final location
2026-07-03 04:22:14 | INFO     | save_data            | ✅ Data saved successfully (9695 total rows, 725,901 bytes)
2026-07-03 04:22:14 | INFO     | run                  | ======================================================================
2026-07-03 04:22:14 | INFO     | run                  | 📊 EXECUTION SUMMARY:
2026-07-03 04:22:14 | INFO     | run                  |    ✅ Status: SUCCESS
2026-07-03 04:22:14 | INFO     | run                  |    - Rows processed: 309
2026-07-03 04:22:14 | INFO     | run                  |    - Unique symbols: 309
2026-07-03 04:22:14 | INFO     | run                  |    - Timestamp: 2026-07-03 09:22:07
2026-07-03 04:22:14 | INFO     | run                  |    - File: data/2026/07/2026-07-03.xlsx
2026-07-03 04:22:14 | INFO     | run                  | ======================================================================
2026-07-03 04:22:14 | DEBUG    | run                  | Sample data (first row):
2026-07-03 04:22:14 | DEBUG    | run                  | {'SYMBOL': 'TRG', 'SECTOR': 828, 'LDCP': 67.84, 'OPEN': 69.01, 'HIGH': 69.8, 'LOW': 68.55, 'CURRENT': 69.7, 'CHANGE': 1.86, 'CHANGE (%)': nan, 'VOLUME': 2437011, 'YEAR': 2026, 'MONTH': 7, 'DAY': 3, 'HOUR': 9, 'MINUTE': 22, 'DATETIME': '2026-07-03 09:22'}
2026-07-03 04:22:14 | DEBUG    | close                | Session closed
2026-07-03 04:27:14 | INFO     | run                  | ======================================================================
2026-07-03 04:27:14 | INFO     | run                  | 🚀 MARKET DATA SCRAPER - SINGLE EXECUTION
2026-07-03 04:27:14 | INFO     | run                  | ======================================================================
2026-07-03 04:27:14 | INFO     | run                  | Execution Time: 2026-07-03 09:27:14 PKT
2026-07-03 04:27:14 | INFO     | run                  | Configuration:
2026-07-03 04:27:14 | INFO     | run                  |    - Timezone: Asia/Karachi
2026-07-03 04:27:14 | INFO     | run                  |    - Data directory: data
2026-07-03 04:27:14 | INFO     | run                  |    - Log directory: logs
2026-07-03 04:27:14 | INFO     | run                  |    - Excluded symbols: {'XS', 'XD', 'XT', 'XR'}
2026-07-03 04:27:14 | INFO     | run                  | ======================================================================
2026-07-03 04:27:14 | INFO     | fetch_data           | Fetching data (Attempt 1/3)...
2026-07-03 04:27:14 | DEBUG    | fetch_data           | Establishing session with https://dps.psx.com.pk/
2026-07-03 04:27:17 | DEBUG    | fetch_data           | Requesting data from https://dps.psx.com.pk/market-watch
2026-07-03 04:27:19 | DEBUG    | fetch_data           | Response status: 200
2026-07-03 04:27:19 | DEBUG    | fetch_data           | Response content type: text/html; charset=utf-8
2026-07-03 04:27:19 | DEBUG    | fetch_data           | Response size: 336413 bytes
2026-07-03 04:27:19 | INFO     | fetch_data           | ✅ Data fetched successfully (Status: 200)
2026-07-03 04:27:19 | DEBUG    | parse_json           | Attempting JSON parsing...
2026-07-03 04:27:19 | DEBUG    | parse_json           | Response preview: <table class="tbl" data-page-length="25"><thead class="tbl__head"><!-- tr--><!--   th(colspan="11")--><!--   th.center(colspan="2", style="width: 110px;") TOTAL BUY ORDERS--><!--   th.center(colspan="2", style="width: 110px;") TOTAL SELL ORDERS--><tr><th data-name="symbol">SYMBOL</th><th data-name="sector">SECTOR</th><th data-name="listed">LISTED IN</th><th class="right" data-name="ldcp">LDCP</th><th class="right" data-name="open">OPEN</th><th class="right" data-name="high">HIGH</th><th class="r
2026-07-03 04:27:19 | WARNING  | parse_json           | ⚠️ JSON parsing failed: Expecting value: line 1 column 1 (char 0)
2026-07-03 04:27:19 | INFO     | run                  | JSON parsing failed, trying HTML fallback...
2026-07-03 04:27:19 | INFO     | parse_html           | Attempting HTML fallback parsing...
2026-07-03 04:27:19 | DEBUG    | parse_html           | Found 1 table(s) in HTML
2026-07-03 04:27:19 | DEBUG    | parse_html           | Table columns: ['SYMBOL', 'SECTOR', 'LISTED IN', 'LDCP', 'OPEN', 'HIGH', 'LOW', 'CURRENT', 'CHANGE', 'CHANGE (%)', 'VOLUME']
2026-07-03 04:27:19 | DEBUG    | parse_html           | Table shape: (352, 11)
2026-07-03 04:27:19 | INFO     | parse_html           | ✅ HTML parsed successfully (352 rows)
2026-07-03 04:27:19 | INFO     | clean_data           | Cleaning data...
2026-07-03 04:27:19 | DEBUG    | clean_data           | Initial shape: (352, 11)
2026-07-03 04:27:19 | DEBUG    | clean_data           | Initial columns: ['SYMBOL', 'SECTOR', 'LISTED IN', 'LDCP', 'OPEN', 'HIGH', 'LOW', 'CURRENT', 'CHANGE', 'CHANGE (%)', 'VOLUME']
2026-07-03 04:27:19 | DEBUG    | clean_data           | Removed 'LISTED IN' column
2026-07-03 04:27:19 | DEBUG    | clean_data           | Converted LDCP from float64 to numeric
2026-07-03 04:27:19 | DEBUG    | clean_data           | Converted OPEN from float64 to numeric
2026-07-03 04:27:19 | DEBUG    | clean_data           | Converted HIGH from float64 to numeric
2026-07-03 04:27:19 | DEBUG    | clean_data           | Converted LOW from float64 to numeric
2026-07-03 04:27:19 | DEBUG    | clean_data           | Converted CURRENT from float64 to numeric
2026-07-03 04:27:19 | DEBUG    | clean_data           | Converted CHANGE from float64 to numeric
2026-07-03 04:27:19 | WARNING  | clean_data           | Column CHANGE (%): 352 values could not be converted to numeric
2026-07-03 04:27:19 | DEBUG    | clean_data           | Converted CHANGE (%) from str to numeric
2026-07-03 04:27:19 | DEBUG    | clean_data           | Converted VOLUME from int64 to numeric
2026-07-03 04:27:19 | INFO     | clean_data           | ✅ Data cleaned (352 rows, 16 columns)
2026-07-03 04:27:19 | DEBUG    | clean_data           | Final columns: ['SYMBOL', 'SECTOR', 'LDCP', 'OPEN', 'HIGH', 'LOW', 'CURRENT', 'CHANGE', 'CHANGE (%)', 'VOLUME', 'YEAR', 'MONTH', 'DAY', 'HOUR', 'MINUTE', 'DATETIME']
2026-07-03 04:27:19 | DEBUG    | get_file_path        | Generated file path: data/2026/07/2026-07-03.xlsx
2026-07-03 04:27:19 | INFO     | save_data            | Saving data to: data/2026/07/2026-07-03.xlsx
2026-07-03 04:27:19 | DEBUG    | _create_backup       | Backup created: data/2026/07/backups/2026-07-03_backup_20260703_042719.xlsx
2026-07-03 04:27:19 | DEBUG    | _cleanup_old_backups | Removed old backup: 2026-07-03_backup_20260703_040141.xlsx
2026-07-03 04:27:19 | DEBUG    | save_data            | Existing file found, merging data...
2026-07-03 04:27:20 | DEBUG    | save_data            | Loaded 9695 existing rows
2026-07-03 04:27:20 | DEBUG    | save_data            | Combined to 10047 rows
2026-07-03 04:27:20 | DEBUG    | save_data            | Writing to temporary file...
2026-07-03 04:27:22 | DEBUG    | save_data            | Data written to temp file: /home/runner/work/Thalorae-BackLioraen/Thalorae-BackLioraen/data/2026/07/tmptf8z9j3m.xlsx
2026-07-03 04:27:22 | DEBUG    | save_data            | Temp file moved to final location
2026-07-03 04:27:22 | INFO     | save_data            | ✅ Data saved successfully (10047 total rows, 751,087 bytes)
2026-07-03 04:27:22 | INFO     | run                  | ======================================================================
2026-07-03 04:27:22 | INFO     | run                  | 📊 EXECUTION SUMMARY:
2026-07-03 04:27:22 | INFO     | run                  |    ✅ Status: SUCCESS
2026-07-03 04:27:22 | INFO     | run                  |    - Rows processed: 352
2026-07-03 04:27:22 | INFO     | run                  |    - Unique symbols: 352
2026-07-03 04:27:22 | INFO     | run                  |    - Timestamp: 2026-07-03 09:27:14
2026-07-03 04:27:22 | INFO     | run                  |    - File: data/2026/07/2026-07-03.xlsx
2026-07-03 04:27:22 | INFO     | run                  | ======================================================================
2026-07-03 04:27:22 | DEBUG    | run                  | Sample data (first row):
2026-07-03 04:27:22 | DEBUG    | run                  | {'SYMBOL': 'TPLP', 'SECTOR': 838, 'LDCP': 11.23, 'OPEN': 11.25, 'HIGH': 11.8, 'LOW': 11.25, 'CURRENT': 11.76, 'CHANGE': 0.53, 'CHANGE (%)': nan, 'VOLUME': 8975260, 'YEAR': 2026, 'MONTH': 7, 'DAY': 3, 'HOUR': 9, 'MINUTE': 27, 'DATETIME': '2026-07-03 09:27'}
2026-07-03 04:27:22 | DEBUG    | close                | Session closed
2026-07-03 04:32:22 | INFO     | run                  | ======================================================================
2026-07-03 04:32:22 | INFO     | run                  | 🚀 MARKET DATA SCRAPER - SINGLE EXECUTION
2026-07-03 04:32:22 | INFO     | run                  | ======================================================================
2026-07-03 04:32:22 | INFO     | run                  | Execution Time: 2026-07-03 09:32:22 PKT
2026-07-03 04:32:22 | INFO     | run                  | Configuration:
2026-07-03 04:32:22 | INFO     | run                  |    - Timezone: Asia/Karachi
2026-07-03 04:32:22 | INFO     | run                  |    - Data directory: data
2026-07-03 04:32:22 | INFO     | run                  |    - Log directory: logs
2026-07-03 04:32:22 | INFO     | run                  |    - Excluded symbols: {'XS', 'XD', 'XR', 'XT'}
2026-07-03 04:32:22 | INFO     | run                  | ======================================================================
2026-07-03 04:32:22 | INFO     | fetch_data           | Fetching data (Attempt 1/3)...
2026-07-03 04:32:22 | DEBUG    | fetch_data           | Establishing session with https://dps.psx.com.pk/
2026-07-03 04:32:25 | DEBUG    | fetch_data           | Requesting data from https://dps.psx.com.pk/market-watch
2026-07-03 04:32:26 | DEBUG    | fetch_data           | Response status: 200
2026-07-03 04:32:26 | DEBUG    | fetch_data           | Response content type: text/html; charset=utf-8
2026-07-03 04:32:26 | DEBUG    | fetch_data           | Response size: 362359 bytes
2026-07-03 04:32:26 | INFO     | fetch_data           | ✅ Data fetched successfully (Status: 200)
2026-07-03 04:32:26 | DEBUG    | parse_json           | Attempting JSON parsing...
2026-07-03 04:32:26 | DEBUG    | parse_json           | Response preview: <table class="tbl" data-page-length="25"><thead class="tbl__head"><!-- tr--><!--   th(colspan="11")--><!--   th.center(colspan="2", style="width: 110px;") TOTAL BUY ORDERS--><!--   th.center(colspan="2", style="width: 110px;") TOTAL SELL ORDERS--><tr><th data-name="symbol">SYMBOL</th><th data-name="sector">SECTOR</th><th data-name="listed">LISTED IN</th><th class="right" data-name="ldcp">LDCP</th><th class="right" data-name="open">OPEN</th><th class="right" data-name="high">HIGH</th><th class="r
2026-07-03 04:32:26 | WARNING  | parse_json           | ⚠️ JSON parsing failed: Expecting value: line 1 column 1 (char 0)
2026-07-03 04:32:26 | INFO     | run                  | JSON parsing failed, trying HTML fallback...
2026-07-03 04:32:26 | INFO     | parse_html           | Attempting HTML fallback parsing...
2026-07-03 04:32:26 | DEBUG    | parse_html           | Found 1 table(s) in HTML
2026-07-03 04:32:26 | DEBUG    | parse_html           | Table columns: ['SYMBOL', 'SECTOR', 'LISTED IN', 'LDCP', 'OPEN', 'HIGH', 'LOW', 'CURRENT', 'CHANGE', 'CHANGE (%)', 'VOLUME']
2026-07-03 04:32:26 | DEBUG    | parse_html           | Table shape: (379, 11)
2026-07-03 04:32:26 | INFO     | parse_html           | ✅ HTML parsed successfully (379 rows)
2026-07-03 04:32:26 | INFO     | clean_data           | Cleaning data...
2026-07-03 04:32:26 | DEBUG    | clean_data           | Initial shape: (379, 11)
2026-07-03 04:32:26 | DEBUG    | clean_data           | Initial columns: ['SYMBOL', 'SECTOR', 'LISTED IN', 'LDCP', 'OPEN', 'HIGH', 'LOW', 'CURRENT', 'CHANGE', 'CHANGE (%)', 'VOLUME']
2026-07-03 04:32:26 | DEBUG    | clean_data           | Removed 'LISTED IN' column
2026-07-03 04:32:26 | DEBUG    | clean_data           | Converted LDCP from float64 to numeric
2026-07-03 04:32:26 | DEBUG    | clean_data           | Converted OPEN from float64 to numeric
2026-07-03 04:32:26 | DEBUG    | clean_data           | Converted HIGH from float64 to numeric
2026-07-03 04:32:26 | DEBUG    | clean_data           | Converted LOW from float64 to numeric
2026-07-03 04:32:26 | DEBUG    | clean_data           | Converted CURRENT from float64 to numeric
2026-07-03 04:32:26 | DEBUG    | clean_data           | Converted CHANGE from float64 to numeric
2026-07-03 04:32:26 | WARNING  | clean_data           | Column CHANGE (%): 379 values could not be converted to numeric
2026-07-03 04:32:26 | DEBUG    | clean_data           | Converted CHANGE (%) from str to numeric
2026-07-03 04:32:26 | DEBUG    | clean_data           | Converted VOLUME from int64 to numeric
2026-07-03 04:32:26 | INFO     | clean_data           | ✅ Data cleaned (379 rows, 16 columns)
2026-07-03 04:32:26 | DEBUG    | clean_data           | Final columns: ['SYMBOL', 'SECTOR', 'LDCP', 'OPEN', 'HIGH', 'LOW', 'CURRENT', 'CHANGE', 'CHANGE (%)', 'VOLUME', 'YEAR', 'MONTH', 'DAY', 'HOUR', 'MINUTE', 'DATETIME']
2026-07-03 04:32:26 | DEBUG    | get_file_path        | Generated file path: data/2026/07/2026-07-03.xlsx
2026-07-03 04:32:26 | INFO     | save_data            | Saving data to: data/2026/07/2026-07-03.xlsx
2026-07-03 04:32:26 | DEBUG    | _create_backup       | Backup created: data/2026/07/backups/2026-07-03_backup_20260703_043226.xlsx
2026-07-03 04:32:26 | DEBUG    | _cleanup_old_backups | Removed old backup: 2026-07-03_backup_20260703_040648.xlsx
2026-07-03 04:32:26 | DEBUG    | save_data            | Existing file found, merging data...
2026-07-03 04:32:28 | DEBUG    | save_data            | Loaded 10047 existing rows
2026-07-03 04:32:28 | DEBUG    | save_data            | Combined to 10426 rows
2026-07-03 04:32:28 | DEBUG    | save_data            | Writing to temporary file...
2026-07-03 04:32:29 | DEBUG    | save_data            | Data written to temp file: /home/runner/work/Thalorae-BackLioraen/Thalorae-BackLioraen/data/2026/07/tmp18wbtc5n.xlsx
2026-07-03 04:32:29 | DEBUG    | save_data            | Temp file moved to final location
2026-07-03 04:32:29 | INFO     | save_data            | ✅ Data saved successfully (10426 total rows, 778,489 bytes)
2026-07-03 04:32:29 | INFO     | run                  | ======================================================================
2026-07-03 04:32:29 | INFO     | run                  | 📊 EXECUTION SUMMARY:
2026-07-03 04:32:29 | INFO     | run                  |    ✅ Status: SUCCESS
2026-07-03 04:32:29 | INFO     | run                  |    - Rows processed: 379
2026-07-03 04:32:29 | INFO     | run                  |    - Unique symbols: 379
2026-07-03 04:32:29 | INFO     | run                  |    - Timestamp: 2026-07-03 09:32:22
2026-07-03 04:32:29 | INFO     | run                  |    - File: data/2026/07/2026-07-03.xlsx
2026-07-03 04:32:29 | INFO     | run                  | ======================================================================
2026-07-03 04:32:29 | DEBUG    | run                  | Sample data (first row):
2026-07-03 04:32:29 | DEBUG    | run                  | {'SYMBOL': 'TPLP', 'SECTOR': 838, 'LDCP': 11.23, 'OPEN': 11.25, 'HIGH': 11.98, 'LOW': 11.25, 'CURRENT': 11.77, 'CHANGE': 0.54, 'CHANGE (%)': nan, 'VOLUME': 14542719, 'YEAR': 2026, 'MONTH': 7, 'DAY': 3, 'HOUR': 9, 'MINUTE': 32, 'DATETIME': '2026-07-03 09:32'}
2026-07-03 04:32:29 | DEBUG    | close                | Session closed
2026-07-03 04:37:30 | INFO     | run                  | ======================================================================
2026-07-03 04:37:30 | INFO     | run                  | 🚀 MARKET DATA SCRAPER - SINGLE EXECUTION
2026-07-03 04:37:30 | INFO     | run                  | ======================================================================
2026-07-03 04:37:30 | INFO     | run                  | Execution Time: 2026-07-03 09:37:30 PKT
2026-07-03 04:37:30 | INFO     | run                  | Configuration:
2026-07-03 04:37:30 | INFO     | run                  |    - Timezone: Asia/Karachi
2026-07-03 04:37:30 | INFO     | run                  |    - Data directory: data
2026-07-03 04:37:30 | INFO     | run                  |    - Log directory: logs
2026-07-03 04:37:30 | INFO     | run                  |    - Excluded symbols: {'XD', 'XS', 'XR', 'XT'}
2026-07-03 04:37:30 | INFO     | run                  | ======================================================================
2026-07-03 04:37:30 | INFO     | fetch_data           | Fetching data (Attempt 1/3)...
2026-07-03 04:37:30 | DEBUG    | fetch_data           | Establishing session with https://dps.psx.com.pk/
2026-07-03 04:37:33 | DEBUG    | fetch_data           | Requesting data from https://dps.psx.com.pk/market-watch
2026-07-03 04:37:35 | DEBUG    | fetch_data           | Response status: 200
2026-07-03 04:37:35 | DEBUG    | fetch_data           | Response content type: text/html; charset=utf-8
2026-07-03 04:37:35 | DEBUG    | fetch_data           | Response size: 378538 bytes
2026-07-03 04:37:35 | INFO     | fetch_data           | ✅ Data fetched successfully (Status: 200)
2026-07-03 04:37:35 | DEBUG    | parse_json           | Attempting JSON parsing...
2026-07-03 04:37:35 | DEBUG    | parse_json           | Response preview: <table class="tbl" data-page-length="25"><thead class="tbl__head"><!-- tr--><!--   th(colspan="11")--><!--   th.center(colspan="2", style="width: 110px;") TOTAL BUY ORDERS--><!--   th.center(colspan="2", style="width: 110px;") TOTAL SELL ORDERS--><tr><th data-name="symbol">SYMBOL</th><th data-name="sector">SECTOR</th><th data-name="listed">LISTED IN</th><th class="right" data-name="ldcp">LDCP</th><th class="right" data-name="open">OPEN</th><th class="right" data-name="high">HIGH</th><th class="r
2026-07-03 04:37:35 | WARNING  | parse_json           | ⚠️ JSON parsing failed: Expecting value: line 1 column 1 (char 0)
2026-07-03 04:37:35 | INFO     | run                  | JSON parsing failed, trying HTML fallback...
2026-07-03 04:37:35 | INFO     | parse_html           | Attempting HTML fallback parsing...
2026-07-03 04:37:35 | DEBUG    | parse_html           | Found 1 table(s) in HTML
2026-07-03 04:37:35 | DEBUG    | parse_html           | Table columns: ['SYMBOL', 'SECTOR', 'LISTED IN', 'LDCP', 'OPEN', 'HIGH', 'LOW', 'CURRENT', 'CHANGE', 'CHANGE (%)', 'VOLUME']
2026-07-03 04:37:35 | DEBUG    | parse_html           | Table shape: (396, 11)
2026-07-03 04:37:35 | INFO     | parse_html           | ✅ HTML parsed successfully (396 rows)
2026-07-03 04:37:35 | INFO     | clean_data           | Cleaning data...
2026-07-03 04:37:35 | DEBUG    | clean_data           | Initial shape: (396, 11)
2026-07-03 04:37:35 | DEBUG    | clean_data           | Initial columns: ['SYMBOL', 'SECTOR', 'LISTED IN', 'LDCP', 'OPEN', 'HIGH', 'LOW', 'CURRENT', 'CHANGE', 'CHANGE (%)', 'VOLUME']
2026-07-03 04:37:35 | DEBUG    | clean_data           | Removed 'LISTED IN' column
2026-07-03 04:37:35 | DEBUG    | clean_data           | Converted LDCP from float64 to numeric
2026-07-03 04:37:35 | DEBUG    | clean_data           | Converted OPEN from float64 to numeric
2026-07-03 04:37:35 | DEBUG    | clean_data           | Converted HIGH from float64 to numeric
2026-07-03 04:37:35 | DEBUG    | clean_data           | Converted LOW from float64 to numeric
2026-07-03 04:37:35 | DEBUG    | clean_data           | Converted CURRENT from float64 to numeric
2026-07-03 04:37:35 | DEBUG    | clean_data           | Converted CHANGE from float64 to numeric
2026-07-03 04:37:35 | WARNING  | clean_data           | Column CHANGE (%): 396 values could not be converted to numeric
2026-07-03 04:37:35 | DEBUG    | clean_data           | Converted CHANGE (%) from str to numeric
2026-07-03 04:37:35 | DEBUG    | clean_data           | Converted VOLUME from int64 to numeric
2026-07-03 04:37:35 | INFO     | clean_data           | ✅ Data cleaned (396 rows, 16 columns)
2026-07-03 04:37:35 | DEBUG    | clean_data           | Final columns: ['SYMBOL', 'SECTOR', 'LDCP', 'OPEN', 'HIGH', 'LOW', 'CURRENT', 'CHANGE', 'CHANGE (%)', 'VOLUME', 'YEAR', 'MONTH', 'DAY', 'HOUR', 'MINUTE', 'DATETIME']
2026-07-03 04:37:35 | DEBUG    | get_file_path        | Generated file path: data/2026/07/2026-07-03.xlsx
2026-07-03 04:37:35 | INFO     | save_data            | Saving data to: data/2026/07/2026-07-03.xlsx
2026-07-03 04:37:35 | DEBUG    | _create_backup       | Backup created: data/2026/07/backups/2026-07-03_backup_20260703_043735.xlsx
2026-07-03 04:37:35 | DEBUG    | _cleanup_old_backups | Removed old backup: 2026-07-03_backup_20260703_041155.xlsx
2026-07-03 04:37:35 | DEBUG    | save_data            | Existing file found, merging data...
2026-07-03 04:37:36 | DEBUG    | save_data            | Loaded 10426 existing rows
2026-07-03 04:37:36 | DEBUG    | save_data            | Combined to 10822 rows
2026-07-03 04:37:36 | DEBUG    | save_data            | Writing to temporary file...
2026-07-03 04:37:38 | DEBUG    | save_data            | Data written to temp file: /home/runner/work/Thalorae-BackLioraen/Thalorae-BackLioraen/data/2026/07/tmpn4njqh21.xlsx
2026-07-03 04:37:38 | DEBUG    | save_data            | Temp file moved to final location
2026-07-03 04:37:38 | INFO     | save_data            | ✅ Data saved successfully (10822 total rows, 807,104 bytes)
2026-07-03 04:37:38 | INFO     | run                  | ======================================================================
2026-07-03 04:37:38 | INFO     | run                  | 📊 EXECUTION SUMMARY:
2026-07-03 04:37:38 | INFO     | run                  |    ✅ Status: SUCCESS
2026-07-03 04:37:38 | INFO     | run                  |    - Rows processed: 396
2026-07-03 04:37:38 | INFO     | run                  |    - Unique symbols: 396
2026-07-03 04:37:38 | INFO     | run                  |    - Timestamp: 2026-07-03 09:37:30
2026-07-03 04:37:38 | INFO     | run                  |    - File: data/2026/07/2026-07-03.xlsx
2026-07-03 04:37:38 | INFO     | run                  | ======================================================================
2026-07-03 04:37:38 | DEBUG    | run                  | Sample data (first row):
2026-07-03 04:37:38 | DEBUG    | run                  | {'SYMBOL': 'TPLRF1', 'SECTOR': 836, 'LDCP': 10.64, 'OPEN': 10.7, 'HIGH': 11.13, 'LOW': 10.5, 'CURRENT': 10.57, 'CHANGE': -0.07, 'CHANGE (%)': nan, 'VOLUME': 36380540, 'YEAR': 2026, 'MONTH': 7, 'DAY': 3, 'HOUR': 9, 'MINUTE': 37, 'DATETIME': '2026-07-03 09:37'}
2026-07-03 04:37:38 | DEBUG    | close                | Session closed
2026-07-03 04:42:38 | INFO     | run                  | ======================================================================
2026-07-03 04:42:38 | INFO     | run                  | 🚀 MARKET DATA SCRAPER - SINGLE EXECUTION
2026-07-03 04:42:38 | INFO     | run                  | ======================================================================
2026-07-03 04:42:38 | INFO     | run                  | Execution Time: 2026-07-03 09:42:38 PKT
2026-07-03 04:42:38 | INFO     | run                  | Configuration:
2026-07-03 04:42:38 | INFO     | run                  |    - Timezone: Asia/Karachi
2026-07-03 04:42:38 | INFO     | run                  |    - Data directory: data
2026-07-03 04:42:38 | INFO     | run                  |    - Log directory: logs
2026-07-03 04:42:38 | INFO     | run                  |    - Excluded symbols: {'XT', 'XS', 'XD', 'XR'}
2026-07-03 04:42:38 | INFO     | run                  | ======================================================================
2026-07-03 04:42:38 | INFO     | fetch_data           | Fetching data (Attempt 1/3)...
2026-07-03 04:42:38 | DEBUG    | fetch_data           | Establishing session with https://dps.psx.com.pk/
2026-07-03 04:42:41 | DEBUG    | fetch_data           | Requesting data from https://dps.psx.com.pk/market-watch
2026-07-03 04:42:42 | DEBUG    | fetch_data           | Response status: 200
2026-07-03 04:42:42 | DEBUG    | fetch_data           | Response content type: text/html; charset=utf-8
2026-07-03 04:42:42 | DEBUG    | fetch_data           | Response size: 392776 bytes
2026-07-03 04:42:42 | INFO     | fetch_data           | ✅ Data fetched successfully (Status: 200)
2026-07-03 04:42:42 | DEBUG    | parse_json           | Attempting JSON parsing...
2026-07-03 04:42:42 | DEBUG    | parse_json           | Response preview: <table class="tbl" data-page-length="25"><thead class="tbl__head"><!-- tr--><!--   th(colspan="11")--><!--   th.center(colspan="2", style="width: 110px;") TOTAL BUY ORDERS--><!--   th.center(colspan="2", style="width: 110px;") TOTAL SELL ORDERS--><tr><th data-name="symbol">SYMBOL</th><th data-name="sector">SECTOR</th><th data-name="listed">LISTED IN</th><th class="right" data-name="ldcp">LDCP</th><th class="right" data-name="open">OPEN</th><th class="right" data-name="high">HIGH</th><th class="r
2026-07-03 04:42:42 | WARNING  | parse_json           | ⚠️ JSON parsing failed: Expecting value: line 1 column 1 (char 0)
2026-07-03 04:42:42 | INFO     | run                  | JSON parsing failed, trying HTML fallback...
2026-07-03 04:42:42 | INFO     | parse_html           | Attempting HTML fallback parsing...
2026-07-03 04:42:42 | DEBUG    | parse_html           | Found 1 table(s) in HTML
2026-07-03 04:42:42 | DEBUG    | parse_html           | Table columns: ['SYMBOL', 'SECTOR', 'LISTED IN', 'LDCP', 'OPEN', 'HIGH', 'LOW', 'CURRENT', 'CHANGE', 'CHANGE (%)', 'VOLUME']
2026-07-03 04:42:42 | DEBUG    | parse_html           | Table shape: (411, 11)
2026-07-03 04:42:42 | INFO     | parse_html           | ✅ HTML parsed successfully (411 rows)
2026-07-03 04:42:42 | INFO     | clean_data           | Cleaning data...
2026-07-03 04:42:42 | DEBUG    | clean_data           | Initial shape: (411, 11)
2026-07-03 04:42:42 | DEBUG    | clean_data           | Initial columns: ['SYMBOL', 'SECTOR', 'LISTED IN', 'LDCP', 'OPEN', 'HIGH', 'LOW', 'CURRENT', 'CHANGE', 'CHANGE (%)', 'VOLUME']
2026-07-03 04:42:42 | DEBUG    | clean_data           | Removed 'LISTED IN' column
2026-07-03 04:42:42 | DEBUG    | clean_data           | Converted LDCP from float64 to numeric
2026-07-03 04:42:42 | DEBUG    | clean_data           | Converted OPEN from float64 to numeric
2026-07-03 04:42:42 | DEBUG    | clean_data           | Converted HIGH from float64 to numeric
2026-07-03 04:42:42 | DEBUG    | clean_data           | Converted LOW from float64 to numeric
2026-07-03 04:42:42 | DEBUG    | clean_data           | Converted CURRENT from float64 to numeric
2026-07-03 04:42:42 | DEBUG    | clean_data           | Converted CHANGE from float64 to numeric
2026-07-03 04:42:42 | WARNING  | clean_data           | Column CHANGE (%): 411 values could not be converted to numeric
2026-07-03 04:42:42 | DEBUG    | clean_data           | Converted CHANGE (%) from str to numeric
2026-07-03 04:42:42 | DEBUG    | clean_data           | Converted VOLUME from int64 to numeric
2026-07-03 04:42:42 | INFO     | clean_data           | ✅ Data cleaned (411 rows, 16 columns)
2026-07-03 04:42:42 | DEBUG    | clean_data           | Final columns: ['SYMBOL', 'SECTOR', 'LDCP', 'OPEN', 'HIGH', 'LOW', 'CURRENT', 'CHANGE', 'CHANGE (%)', 'VOLUME', 'YEAR', 'MONTH', 'DAY', 'HOUR', 'MINUTE', 'DATETIME']
2026-07-03 04:42:42 | DEBUG    | get_file_path        | Generated file path: data/2026/07/2026-07-03.xlsx
2026-07-03 04:42:42 | INFO     | save_data            | Saving data to: data/2026/07/2026-07-03.xlsx
2026-07-03 04:42:42 | DEBUG    | _create_backup       | Backup created: data/2026/07/backups/2026-07-03_backup_20260703_044242.xlsx
2026-07-03 04:42:42 | DEBUG    | _cleanup_old_backups | Removed old backup: 2026-07-03_backup_20260703_041704.xlsx
2026-07-03 04:42:42 | DEBUG    | save_data            | Existing file found, merging data...
2026-07-03 04:42:43 | DEBUG    | save_data            | Loaded 10822 existing rows
2026-07-03 04:42:43 | DEBUG    | save_data            | Combined to 11233 rows
2026-07-03 04:42:43 | DEBUG    | save_data            | Writing to temporary file...
2026-07-03 04:42:45 | DEBUG    | save_data            | Data written to temp file: /home/runner/work/Thalorae-BackLioraen/Thalorae-BackLioraen/data/2026/07/tmpl1d30io7.xlsx
2026-07-03 04:42:45 | DEBUG    | save_data            | Temp file moved to final location
2026-07-03 04:42:45 | INFO     | save_data            | ✅ Data saved successfully (11233 total rows, 836,911 bytes)
2026-07-03 04:42:45 | INFO     | run                  | ======================================================================
2026-07-03 04:42:45 | INFO     | run                  | 📊 EXECUTION SUMMARY:
2026-07-03 04:42:45 | INFO     | run                  |    ✅ Status: SUCCESS
2026-07-03 04:42:45 | INFO     | run                  |    - Rows processed: 411
2026-07-03 04:42:45 | INFO     | run                  |    - Unique symbols: 411
2026-07-03 04:42:45 | INFO     | run                  |    - Timestamp: 2026-07-03 09:42:38
2026-07-03 04:42:45 | INFO     | run                  |    - File: data/2026/07/2026-07-03.xlsx
2026-07-03 04:42:45 | INFO     | run                  | ======================================================================
2026-07-03 04:42:45 | DEBUG    | run                  | Sample data (first row):
2026-07-03 04:42:45 | DEBUG    | run                  | {'SYMBOL': 'TPLRF1', 'SECTOR': 836, 'LDCP': 10.64, 'OPEN': 10.7, 'HIGH': 11.13, 'LOW': 10.5, 'CURRENT': 10.65, 'CHANGE': 0.01, 'CHANGE (%)': nan, 'VOLUME': 52798456, 'YEAR': 2026, 'MONTH': 7, 'DAY': 3, 'HOUR': 9, 'MINUTE': 42, 'DATETIME': '2026-07-03 09:42'}
2026-07-03 04:42:45 | DEBUG    | close                | Session closed
2026-07-03 04:47:46 | INFO     | run                  | ======================================================================
2026-07-03 04:47:46 | INFO     | run                  | 🚀 MARKET DATA SCRAPER - SINGLE EXECUTION
2026-07-03 04:47:46 | INFO     | run                  | ======================================================================
2026-07-03 04:47:46 | INFO     | run                  | Execution Time: 2026-07-03 09:47:46 PKT
2026-07-03 04:47:46 | INFO     | run                  | Configuration:
2026-07-03 04:47:46 | INFO     | run                  |    - Timezone: Asia/Karachi
2026-07-03 04:47:46 | INFO     | run                  |    - Data directory: data
2026-07-03 04:47:46 | INFO     | run                  |    - Log directory: logs
2026-07-03 04:47:46 | INFO     | run                  |    - Excluded symbols: {'XR', 'XT', 'XS', 'XD'}
2026-07-03 04:47:46 | INFO     | run                  | ======================================================================
2026-07-03 04:47:46 | INFO     | fetch_data           | Fetching data (Attempt 1/3)...
2026-07-03 04:47:46 | DEBUG    | fetch_data           | Establishing session with https://dps.psx.com.pk/
2026-07-03 04:47:49 | DEBUG    | fetch_data           | Requesting data from https://dps.psx.com.pk/market-watch
2026-07-03 04:47:52 | DEBUG    | fetch_data           | Response status: 200
2026-07-03 04:47:52 | DEBUG    | fetch_data           | Response content type: text/html; charset=utf-8
2026-07-03 04:47:52 | DEBUG    | fetch_data           | Response size: 407345 bytes
2026-07-03 04:47:52 | INFO     | fetch_data           | ✅ Data fetched successfully (Status: 200)
2026-07-03 04:47:52 | DEBUG    | parse_json           | Attempting JSON parsing...
2026-07-03 04:47:52 | DEBUG    | parse_json           | Response preview: <table class="tbl" data-page-length="25"><thead class="tbl__head"><!-- tr--><!--   th(colspan="11")--><!--   th.center(colspan="2", style="width: 110px;") TOTAL BUY ORDERS--><!--   th.center(colspan="2", style="width: 110px;") TOTAL SELL ORDERS--><tr><th data-name="symbol">SYMBOL</th><th data-name="sector">SECTOR</th><th data-name="listed">LISTED IN</th><th class="right" data-name="ldcp">LDCP</th><th class="right" data-name="open">OPEN</th><th class="right" data-name="high">HIGH</th><th class="r
2026-07-03 04:47:52 | WARNING  | parse_json           | ⚠️ JSON parsing failed: Expecting value: line 1 column 1 (char 0)
2026-07-03 04:47:52 | INFO     | run                  | JSON parsing failed, trying HTML fallback...
2026-07-03 04:47:52 | INFO     | parse_html           | Attempting HTML fallback parsing...
2026-07-03 04:47:52 | DEBUG    | parse_html           | Found 1 table(s) in HTML
2026-07-03 04:47:52 | DEBUG    | parse_html           | Table columns: ['SYMBOL', 'SECTOR', 'LISTED IN', 'LDCP', 'OPEN', 'HIGH', 'LOW', 'CURRENT', 'CHANGE', 'CHANGE (%)', 'VOLUME']
2026-07-03 04:47:52 | DEBUG    | parse_html           | Table shape: (426, 11)
2026-07-03 04:47:52 | INFO     | parse_html           | ✅ HTML parsed successfully (426 rows)
2026-07-03 04:47:52 | INFO     | clean_data           | Cleaning data...
2026-07-03 04:47:52 | DEBUG    | clean_data           | Initial shape: (426, 11)
2026-07-03 04:47:52 | DEBUG    | clean_data           | Initial columns: ['SYMBOL', 'SECTOR', 'LISTED IN', 'LDCP', 'OPEN', 'HIGH', 'LOW', 'CURRENT', 'CHANGE', 'CHANGE (%)', 'VOLUME']
2026-07-03 04:47:52 | DEBUG    | clean_data           | Removed 'LISTED IN' column
2026-07-03 04:47:52 | DEBUG    | clean_data           | Converted LDCP from float64 to numeric
2026-07-03 04:47:52 | DEBUG    | clean_data           | Converted OPEN from float64 to numeric
2026-07-03 04:47:52 | DEBUG    | clean_data           | Converted HIGH from float64 to numeric
2026-07-03 04:47:52 | DEBUG    | clean_data           | Converted LOW from float64 to numeric
2026-07-03 04:47:52 | DEBUG    | clean_data           | Converted CURRENT from float64 to numeric
2026-07-03 04:47:52 | DEBUG    | clean_data           | Converted CHANGE from float64 to numeric
2026-07-03 04:47:52 | WARNING  | clean_data           | Column CHANGE (%): 426 values could not be converted to numeric
2026-07-03 04:47:52 | DEBUG    | clean_data           | Converted CHANGE (%) from str to numeric
2026-07-03 04:47:52 | DEBUG    | clean_data           | Converted VOLUME from int64 to numeric
2026-07-03 04:47:52 | INFO     | clean_data           | ✅ Data cleaned (426 rows, 16 columns)
2026-07-03 04:47:52 | DEBUG    | clean_data           | Final columns: ['SYMBOL', 'SECTOR', 'LDCP', 'OPEN', 'HIGH', 'LOW', 'CURRENT', 'CHANGE', 'CHANGE (%)', 'VOLUME', 'YEAR', 'MONTH', 'DAY', 'HOUR', 'MINUTE', 'DATETIME']
2026-07-03 04:47:52 | DEBUG    | get_file_path        | Generated file path: data/2026/07/2026-07-03.xlsx
2026-07-03 04:47:52 | INFO     | save_data            | Saving data to: data/2026/07/2026-07-03.xlsx
2026-07-03 04:47:52 | DEBUG    | _create_backup       | Backup created: data/2026/07/backups/2026-07-03_backup_20260703_044752.xlsx
2026-07-03 04:47:52 | DEBUG    | _cleanup_old_backups | Removed old backup: 2026-07-03_backup_20260703_042211.xlsx
2026-07-03 04:47:52 | DEBUG    | save_data            | Existing file found, merging data...
2026-07-03 04:47:53 | DEBUG    | save_data            | Loaded 11233 existing rows
2026-07-03 04:47:53 | DEBUG    | save_data            | Combined to 11659 rows
2026-07-03 04:47:53 | DEBUG    | save_data            | Writing to temporary file...
2026-07-03 04:47:55 | DEBUG    | save_data            | Data written to temp file: /home/runner/work/Thalorae-BackLioraen/Thalorae-BackLioraen/data/2026/07/tmpcf9f94ux.xlsx
2026-07-03 04:47:55 | DEBUG    | save_data            | Temp file moved to final location
2026-07-03 04:47:55 | INFO     | save_data            | ✅ Data saved successfully (11659 total rows, 867,862 bytes)
2026-07-03 04:47:55 | INFO     | run                  | ======================================================================
2026-07-03 04:47:55 | INFO     | run                  | 📊 EXECUTION SUMMARY:
2026-07-03 04:47:55 | INFO     | run                  |    ✅ Status: SUCCESS
2026-07-03 04:47:55 | INFO     | run                  |    - Rows processed: 426
2026-07-03 04:47:55 | INFO     | run                  |    - Unique symbols: 426
2026-07-03 04:47:55 | INFO     | run                  |    - Timestamp: 2026-07-03 09:47:46
2026-07-03 04:47:55 | INFO     | run                  |    - File: data/2026/07/2026-07-03.xlsx
2026-07-03 04:47:55 | INFO     | run                  | ======================================================================
2026-07-03 04:47:55 | DEBUG    | run                  | Sample data (first row):
2026-07-03 04:47:55 | DEBUG    | run                  | {'SYMBOL': 'TPLRF1', 'SECTOR': 836, 'LDCP': 10.64, 'OPEN': 10.7, 'HIGH': 11.13, 'LOW': 10.5, 'CURRENT': 10.65, 'CHANGE': 0.01, 'CHANGE (%)': nan, 'VOLUME': 53485369, 'YEAR': 2026, 'MONTH': 7, 'DAY': 3, 'HOUR': 9, 'MINUTE': 47, 'DATETIME': '2026-07-03 09:47'}
2026-07-03 04:47:55 | DEBUG    | close                | Session closed
2026-07-03 04:52:56 | INFO     | run                  | ======================================================================
2026-07-03 04:52:56 | INFO     | run                  | 🚀 MARKET DATA SCRAPER - SINGLE EXECUTION
2026-07-03 04:52:56 | INFO     | run                  | ======================================================================
2026-07-03 04:52:56 | INFO     | run                  | Execution Time: 2026-07-03 09:52:56 PKT
2026-07-03 04:52:56 | INFO     | run                  | Configuration:
2026-07-03 04:52:56 | INFO     | run                  |    - Timezone: Asia/Karachi
2026-07-03 04:52:56 | INFO     | run                  |    - Data directory: data
2026-07-03 04:52:56 | INFO     | run                  |    - Log directory: logs
2026-07-03 04:52:56 | INFO     | run                  |    - Excluded symbols: {'XT', 'XS', 'XR', 'XD'}
2026-07-03 04:52:56 | INFO     | run                  | ======================================================================
2026-07-03 04:52:56 | INFO     | fetch_data           | Fetching data (Attempt 1/3)...
2026-07-03 04:52:56 | DEBUG    | fetch_data           | Establishing session with https://dps.psx.com.pk/
2026-07-03 04:53:00 | DEBUG    | fetch_data           | Requesting data from https://dps.psx.com.pk/market-watch
2026-07-03 04:53:01 | DEBUG    | fetch_data           | Response status: 200
2026-07-03 04:53:01 | DEBUG    | fetch_data           | Response content type: text/html; charset=utf-8
2026-07-03 04:53:01 | DEBUG    | fetch_data           | Response size: 411377 bytes
2026-07-03 04:53:01 | INFO     | fetch_data           | ✅ Data fetched successfully (Status: 200)
2026-07-03 04:53:01 | DEBUG    | parse_json           | Attempting JSON parsing...
2026-07-03 04:53:01 | DEBUG    | parse_json           | Response preview: <table class="tbl" data-page-length="25"><thead class="tbl__head"><!-- tr--><!--   th(colspan="11")--><!--   th.center(colspan="2", style="width: 110px;") TOTAL BUY ORDERS--><!--   th.center(colspan="2", style="width: 110px;") TOTAL SELL ORDERS--><tr><th data-name="symbol">SYMBOL</th><th data-name="sector">SECTOR</th><th data-name="listed">LISTED IN</th><th class="right" data-name="ldcp">LDCP</th><th class="right" data-name="open">OPEN</th><th class="right" data-name="high">HIGH</th><th class="r
2026-07-03 04:53:01 | WARNING  | parse_json           | ⚠️ JSON parsing failed: Expecting value: line 1 column 1 (char 0)
2026-07-03 04:53:01 | INFO     | run                  | JSON parsing failed, trying HTML fallback...
2026-07-03 04:53:01 | INFO     | parse_html           | Attempting HTML fallback parsing...
2026-07-03 04:53:01 | DEBUG    | parse_html           | Found 1 table(s) in HTML
2026-07-03 04:53:01 | DEBUG    | parse_html           | Table columns: ['SYMBOL', 'SECTOR', 'LISTED IN', 'LDCP', 'OPEN', 'HIGH', 'LOW', 'CURRENT', 'CHANGE', 'CHANGE (%)', 'VOLUME']
2026-07-03 04:53:01 | DEBUG    | parse_html           | Table shape: (430, 11)
2026-07-03 04:53:01 | INFO     | parse_html           | ✅ HTML parsed successfully (430 rows)
2026-07-03 04:53:01 | INFO     | clean_data           | Cleaning data...
2026-07-03 04:53:01 | DEBUG    | clean_data           | Initial shape: (430, 11)
2026-07-03 04:53:01 | DEBUG    | clean_data           | Initial columns: ['SYMBOL', 'SECTOR', 'LISTED IN', 'LDCP', 'OPEN', 'HIGH', 'LOW', 'CURRENT', 'CHANGE', 'CHANGE (%)', 'VOLUME']
2026-07-03 04:53:01 | DEBUG    | clean_data           | Removed 'LISTED IN' column
2026-07-03 04:53:01 | DEBUG    | clean_data           | Converted LDCP from float64 to numeric
2026-07-03 04:53:01 | DEBUG    | clean_data           | Converted OPEN from float64 to numeric
2026-07-03 04:53:01 | DEBUG    | clean_data           | Converted HIGH from float64 to numeric
2026-07-03 04:53:01 | DEBUG    | clean_data           | Converted LOW from float64 to numeric
2026-07-03 04:53:01 | DEBUG    | clean_data           | Converted CURRENT from float64 to numeric
2026-07-03 04:53:01 | DEBUG    | clean_data           | Converted CHANGE from float64 to numeric
2026-07-03 04:53:01 | WARNING  | clean_data           | Column CHANGE (%): 430 values could not be converted to numeric
2026-07-03 04:53:01 | DEBUG    | clean_data           | Converted CHANGE (%) from str to numeric
2026-07-03 04:53:01 | DEBUG    | clean_data           | Converted VOLUME from int64 to numeric
2026-07-03 04:53:01 | INFO     | clean_data           | ✅ Data cleaned (430 rows, 16 columns)
2026-07-03 04:53:01 | DEBUG    | clean_data           | Final columns: ['SYMBOL', 'SECTOR', 'LDCP', 'OPEN', 'HIGH', 'LOW', 'CURRENT', 'CHANGE', 'CHANGE (%)', 'VOLUME', 'YEAR', 'MONTH', 'DAY', 'HOUR', 'MINUTE', 'DATETIME']
2026-07-03 04:53:01 | DEBUG    | get_file_path        | Generated file path: data/2026/07/2026-07-03.xlsx
2026-07-03 04:53:01 | INFO     | save_data            | Saving data to: data/2026/07/2026-07-03.xlsx
2026-07-03 04:53:01 | DEBUG    | _create_backup       | Backup created: data/2026/07/backups/2026-07-03_backup_20260703_045301.xlsx
2026-07-03 04:53:01 | DEBUG    | _cleanup_old_backups | Removed old backup: 2026-07-03_backup_20260703_042719.xlsx
2026-07-03 04:53:01 | DEBUG    | save_data            | Existing file found, merging data...
2026-07-03 04:53:02 | DEBUG    | save_data            | Loaded 11659 existing rows
2026-07-03 04:53:02 | DEBUG    | save_data            | Combined to 12089 rows
2026-07-03 04:53:02 | DEBUG    | save_data            | Writing to temporary file...
2026-07-03 04:53:05 | DEBUG    | save_data            | Data written to temp file: /home/runner/work/Thalorae-BackLioraen/Thalorae-BackLioraen/data/2026/07/tmpezprsl83.xlsx
2026-07-03 04:53:05 | DEBUG    | save_data            | Temp file moved to final location
2026-07-03 04:53:05 | INFO     | save_data            | ✅ Data saved successfully (12089 total rows, 899,116 bytes)
2026-07-03 04:53:05 | INFO     | run                  | ======================================================================
2026-07-03 04:53:05 | INFO     | run                  | 📊 EXECUTION SUMMARY:
2026-07-03 04:53:05 | INFO     | run                  |    ✅ Status: SUCCESS
2026-07-03 04:53:05 | INFO     | run                  |    - Rows processed: 430
2026-07-03 04:53:05 | INFO     | run                  |    - Unique symbols: 430
2026-07-03 04:53:05 | INFO     | run                  |    - Timestamp: 2026-07-03 09:52:56
2026-07-03 04:53:05 | INFO     | run                  |    - File: data/2026/07/2026-07-03.xlsx
2026-07-03 04:53:05 | INFO     | run                  | ======================================================================
2026-07-03 04:53:05 | DEBUG    | run                  | Sample data (first row):
2026-07-03 04:53:05 | DEBUG    | run                  | {'SYMBOL': 'TPLRF1', 'SECTOR': 836, 'LDCP': 10.64, 'OPEN': 10.7, 'HIGH': 11.13, 'LOW': 10.5, 'CURRENT': 10.73, 'CHANGE': 0.09, 'CHANGE (%)': nan, 'VOLUME': 56903783, 'YEAR': 2026, 'MONTH': 7, 'DAY': 3, 'HOUR': 9, 'MINUTE': 52, 'DATETIME': '2026-07-03 09:52'}
2026-07-03 04:53:05 | DEBUG    | close                | Session closed
2026-07-03 04:58:05 | INFO     | run                  | ======================================================================
2026-07-03 04:58:05 | INFO     | run                  | 🚀 MARKET DATA SCRAPER - SINGLE EXECUTION
2026-07-03 04:58:05 | INFO     | run                  | ======================================================================
2026-07-03 04:58:05 | INFO     | run                  | Execution Time: 2026-07-03 09:58:05 PKT
2026-07-03 04:58:05 | INFO     | run                  | Configuration:
2026-07-03 04:58:05 | INFO     | run                  |    - Timezone: Asia/Karachi
2026-07-03 04:58:05 | INFO     | run                  |    - Data directory: data
2026-07-03 04:58:05 | INFO     | run                  |    - Log directory: logs
2026-07-03 04:58:05 | INFO     | run                  |    - Excluded symbols: {'XT', 'XD', 'XS', 'XR'}
2026-07-03 04:58:05 | INFO     | run                  | ======================================================================
2026-07-03 04:58:05 | INFO     | fetch_data           | Fetching data (Attempt 1/3)...
2026-07-03 04:58:05 | DEBUG    | fetch_data           | Establishing session with https://dps.psx.com.pk/
2026-07-03 04:58:08 | DEBUG    | fetch_data           | Requesting data from https://dps.psx.com.pk/market-watch
2026-07-03 04:58:10 | DEBUG    | fetch_data           | Response status: 200
2026-07-03 04:58:10 | DEBUG    | fetch_data           | Response content type: text/html; charset=utf-8
2026-07-03 04:58:10 | DEBUG    | fetch_data           | Response size: 418130 bytes
2026-07-03 04:58:10 | INFO     | fetch_data           | ✅ Data fetched successfully (Status: 200)
2026-07-03 04:58:10 | DEBUG    | parse_json           | Attempting JSON parsing...
2026-07-03 04:58:10 | DEBUG    | parse_json           | Response preview: <table class="tbl" data-page-length="25"><thead class="tbl__head"><!-- tr--><!--   th(colspan="11")--><!--   th.center(colspan="2", style="width: 110px;") TOTAL BUY ORDERS--><!--   th.center(colspan="2", style="width: 110px;") TOTAL SELL ORDERS--><tr><th data-name="symbol">SYMBOL</th><th data-name="sector">SECTOR</th><th data-name="listed">LISTED IN</th><th class="right" data-name="ldcp">LDCP</th><th class="right" data-name="open">OPEN</th><th class="right" data-name="high">HIGH</th><th class="r
2026-07-03 04:58:10 | WARNING  | parse_json           | ⚠️ JSON parsing failed: Expecting value: line 1 column 1 (char 0)
2026-07-03 04:58:10 | INFO     | run                  | JSON parsing failed, trying HTML fallback...
2026-07-03 04:58:10 | INFO     | parse_html           | Attempting HTML fallback parsing...
2026-07-03 04:58:10 | DEBUG    | parse_html           | Found 1 table(s) in HTML
2026-07-03 04:58:10 | DEBUG    | parse_html           | Table columns: ['SYMBOL', 'SECTOR', 'LISTED IN', 'LDCP', 'OPEN', 'HIGH', 'LOW', 'CURRENT', 'CHANGE', 'CHANGE (%)', 'VOLUME']
2026-07-03 04:58:10 | DEBUG    | parse_html           | Table shape: (437, 11)
2026-07-03 04:58:10 | INFO     | parse_html           | ✅ HTML parsed successfully (437 rows)
2026-07-03 04:58:10 | INFO     | clean_data           | Cleaning data...
2026-07-03 04:58:10 | DEBUG    | clean_data           | Initial shape: (437, 11)
2026-07-03 04:58:10 | DEBUG    | clean_data           | Initial columns: ['SYMBOL', 'SECTOR', 'LISTED IN', 'LDCP', 'OPEN', 'HIGH', 'LOW', 'CURRENT', 'CHANGE', 'CHANGE (%)', 'VOLUME']
2026-07-03 04:58:10 | DEBUG    | clean_data           | Removed 'LISTED IN' column
2026-07-03 04:58:10 | DEBUG    | clean_data           | Converted LDCP from float64 to numeric
2026-07-03 04:58:10 | DEBUG    | clean_data           | Converted OPEN from float64 to numeric
2026-07-03 04:58:10 | DEBUG    | clean_data           | Converted HIGH from float64 to numeric
2026-07-03 04:58:10 | DEBUG    | clean_data           | Converted LOW from float64 to numeric
2026-07-03 04:58:10 | DEBUG    | clean_data           | Converted CURRENT from float64 to numeric
2026-07-03 04:58:10 | DEBUG    | clean_data           | Converted CHANGE from float64 to numeric
2026-07-03 04:58:10 | WARNING  | clean_data           | Column CHANGE (%): 437 values could not be converted to numeric
2026-07-03 04:58:10 | DEBUG    | clean_data           | Converted CHANGE (%) from str to numeric
2026-07-03 04:58:10 | DEBUG    | clean_data           | Converted VOLUME from int64 to numeric
2026-07-03 04:58:10 | INFO     | clean_data           | ✅ Data cleaned (437 rows, 16 columns)
2026-07-03 04:58:10 | DEBUG    | clean_data           | Final columns: ['SYMBOL', 'SECTOR', 'LDCP', 'OPEN', 'HIGH', 'LOW', 'CURRENT', 'CHANGE', 'CHANGE (%)', 'VOLUME', 'YEAR', 'MONTH', 'DAY', 'HOUR', 'MINUTE', 'DATETIME']
2026-07-03 04:58:10 | DEBUG    | get_file_path        | Generated file path: data/2026/07/2026-07-03.xlsx
2026-07-03 04:58:10 | INFO     | save_data            | Saving data to: data/2026/07/2026-07-03.xlsx
2026-07-03 04:58:10 | DEBUG    | _create_backup       | Backup created: data/2026/07/backups/2026-07-03_backup_20260703_045810.xlsx
2026-07-03 04:58:10 | DEBUG    | _cleanup_old_backups | Removed old backup: 2026-07-03_backup_20260703_043226.xlsx
2026-07-03 04:58:10 | DEBUG    | save_data            | Existing file found, merging data...
2026-07-03 04:58:11 | DEBUG    | save_data            | Loaded 12089 existing rows
2026-07-03 04:58:11 | DEBUG    | save_data            | Combined to 12526 rows
2026-07-03 04:58:11 | DEBUG    | save_data            | Writing to temporary file...
2026-07-03 04:58:13 | DEBUG    | save_data            | Data written to temp file: /home/runner/work/Thalorae-BackLioraen/Thalorae-BackLioraen/data/2026/07/tmpqkopkef2.xlsx
2026-07-03 04:58:13 | DEBUG    | save_data            | Temp file moved to final location
2026-07-03 04:58:13 | INFO     | save_data            | ✅ Data saved successfully (12526 total rows, 930,948 bytes)
2026-07-03 04:58:13 | INFO     | run                  | ======================================================================
2026-07-03 04:58:13 | INFO     | run                  | 📊 EXECUTION SUMMARY:
2026-07-03 04:58:13 | INFO     | run                  |    ✅ Status: SUCCESS
2026-07-03 04:58:13 | INFO     | run                  |    - Rows processed: 437
2026-07-03 04:58:13 | INFO     | run                  |    - Unique symbols: 437
2026-07-03 04:58:13 | INFO     | run                  |    - Timestamp: 2026-07-03 09:58:05
2026-07-03 04:58:13 | INFO     | run                  |    - File: data/2026/07/2026-07-03.xlsx
2026-07-03 04:58:13 | INFO     | run                  | ======================================================================
2026-07-03 04:58:13 | DEBUG    | run                  | Sample data (first row):
2026-07-03 04:58:13 | DEBUG    | run                  | {'SYMBOL': 'TPLRF1', 'SECTOR': 836, 'LDCP': 10.64, 'OPEN': 10.7, 'HIGH': 11.13, 'LOW': 10.5, 'CURRENT': 10.71, 'CHANGE': 0.07, 'CHANGE (%)': nan, 'VOLUME': 57645575, 'YEAR': 2026, 'MONTH': 7, 'DAY': 3, 'HOUR': 9, 'MINUTE': 58, 'DATETIME': '2026-07-03 09:58'}
2026-07-03 04:58:13 | DEBUG    | close                | Session closed
2026-07-03 05:03:14 | INFO     | run                  | ======================================================================
2026-07-03 05:03:14 | INFO     | run                  | 🚀 MARKET DATA SCRAPER - SINGLE EXECUTION
2026-07-03 05:03:14 | INFO     | run                  | ======================================================================
2026-07-03 05:03:14 | INFO     | run                  | Execution Time: 2026-07-03 10:03:14 PKT
2026-07-03 05:03:14 | INFO     | run                  | Configuration:
2026-07-03 05:03:14 | INFO     | run                  |    - Timezone: Asia/Karachi
2026-07-03 05:03:14 | INFO     | run                  |    - Data directory: data
2026-07-03 05:03:14 | INFO     | run                  |    - Log directory: logs
2026-07-03 05:03:14 | INFO     | run                  |    - Excluded symbols: {'XR', 'XT', 'XD', 'XS'}
2026-07-03 05:03:14 | INFO     | run                  | ======================================================================
2026-07-03 05:03:14 | INFO     | fetch_data           | Fetching data (Attempt 1/3)...
2026-07-03 05:03:14 | DEBUG    | fetch_data           | Establishing session with https://dps.psx.com.pk/
2026-07-03 05:03:17 | DEBUG    | fetch_data           | Requesting data from https://dps.psx.com.pk/market-watch
2026-07-03 05:03:20 | DEBUG    | fetch_data           | Response status: 200
2026-07-03 05:03:20 | DEBUG    | fetch_data           | Response content type: text/html; charset=utf-8
2026-07-03 05:03:20 | DEBUG    | fetch_data           | Response size: 426142 bytes
2026-07-03 05:03:20 | INFO     | fetch_data           | ✅ Data fetched successfully (Status: 200)
2026-07-03 05:03:20 | DEBUG    | parse_json           | Attempting JSON parsing...
2026-07-03 05:03:20 | DEBUG    | parse_json           | Response preview: <table class="tbl" data-page-length="25"><thead class="tbl__head"><!-- tr--><!--   th(colspan="11")--><!--   th.center(colspan="2", style="width: 110px;") TOTAL BUY ORDERS--><!--   th.center(colspan="2", style="width: 110px;") TOTAL SELL ORDERS--><tr><th data-name="symbol">SYMBOL</th><th data-name="sector">SECTOR</th><th data-name="listed">LISTED IN</th><th class="right" data-name="ldcp">LDCP</th><th class="right" data-name="open">OPEN</th><th class="right" data-name="high">HIGH</th><th class="r
2026-07-03 05:03:20 | WARNING  | parse_json           | ⚠️ JSON parsing failed: Expecting value: line 1 column 1 (char 0)
2026-07-03 05:03:20 | INFO     | run                  | JSON parsing failed, trying HTML fallback...
2026-07-03 05:03:20 | INFO     | parse_html           | Attempting HTML fallback parsing...
2026-07-03 05:03:20 | DEBUG    | parse_html           | Found 1 table(s) in HTML
2026-07-03 05:03:20 | DEBUG    | parse_html           | Table columns: ['SYMBOL', 'SECTOR', 'LISTED IN', 'LDCP', 'OPEN', 'HIGH', 'LOW', 'CURRENT', 'CHANGE', 'CHANGE (%)', 'VOLUME']
2026-07-03 05:03:20 | DEBUG    | parse_html           | Table shape: (445, 11)
2026-07-03 05:03:20 | INFO     | parse_html           | ✅ HTML parsed successfully (445 rows)
2026-07-03 05:03:20 | INFO     | clean_data           | Cleaning data...
2026-07-03 05:03:20 | DEBUG    | clean_data           | Initial shape: (445, 11)
2026-07-03 05:03:20 | DEBUG    | clean_data           | Initial columns: ['SYMBOL', 'SECTOR', 'LISTED IN', 'LDCP', 'OPEN', 'HIGH', 'LOW', 'CURRENT', 'CHANGE', 'CHANGE (%)', 'VOLUME']
2026-07-03 05:03:20 | DEBUG    | clean_data           | Removed 'LISTED IN' column
2026-07-03 05:03:20 | DEBUG    | clean_data           | Converted LDCP from float64 to numeric
2026-07-03 05:03:20 | DEBUG    | clean_data           | Converted OPEN from float64 to numeric
2026-07-03 05:03:20 | DEBUG    | clean_data           | Converted HIGH from float64 to numeric
2026-07-03 05:03:20 | DEBUG    | clean_data           | Converted LOW from float64 to numeric
2026-07-03 05:03:20 | DEBUG    | clean_data           | Converted CURRENT from float64 to numeric
2026-07-03 05:03:20 | DEBUG    | clean_data           | Converted CHANGE from float64 to numeric
2026-07-03 05:03:20 | WARNING  | clean_data           | Column CHANGE (%): 445 values could not be converted to numeric
2026-07-03 05:03:20 | DEBUG    | clean_data           | Converted CHANGE (%) from str to numeric
2026-07-03 05:03:20 | DEBUG    | clean_data           | Converted VOLUME from int64 to numeric
2026-07-03 05:03:20 | INFO     | clean_data           | ✅ Data cleaned (445 rows, 16 columns)
2026-07-03 05:03:20 | DEBUG    | clean_data           | Final columns: ['SYMBOL', 'SECTOR', 'LDCP', 'OPEN', 'HIGH', 'LOW', 'CURRENT', 'CHANGE', 'CHANGE (%)', 'VOLUME', 'YEAR', 'MONTH', 'DAY', 'HOUR', 'MINUTE', 'DATETIME']
2026-07-03 05:03:20 | DEBUG    | get_file_path        | Generated file path: data/2026/07/2026-07-03.xlsx
2026-07-03 05:03:20 | INFO     | save_data            | Saving data to: data/2026/07/2026-07-03.xlsx
2026-07-03 05:03:20 | DEBUG    | _create_backup       | Backup created: data/2026/07/backups/2026-07-03_backup_20260703_050320.xlsx
2026-07-03 05:03:20 | DEBUG    | _cleanup_old_backups | Removed old backup: 2026-07-03_backup_20260703_043735.xlsx
2026-07-03 05:03:20 | DEBUG    | save_data            | Existing file found, merging data...
2026-07-03 05:03:21 | DEBUG    | save_data            | Loaded 12526 existing rows
2026-07-03 05:03:21 | DEBUG    | save_data            | Combined to 12971 rows
2026-07-03 05:03:21 | DEBUG    | save_data            | Writing to temporary file...
2026-07-03 05:03:24 | DEBUG    | save_data            | Data written to temp file: /home/runner/work/Thalorae-BackLioraen/Thalorae-BackLioraen/data/2026/07/tmpqln_m_4m.xlsx
2026-07-03 05:03:24 | DEBUG    | save_data            | Temp file moved to final location
2026-07-03 05:03:24 | INFO     | save_data            | ✅ Data saved successfully (12971 total rows, 963,392 bytes)
2026-07-03 05:03:24 | INFO     | run                  | ======================================================================
2026-07-03 05:03:24 | INFO     | run                  | 📊 EXECUTION SUMMARY:
2026-07-03 05:03:24 | INFO     | run                  |    ✅ Status: SUCCESS
2026-07-03 05:03:24 | INFO     | run                  |    - Rows processed: 445
2026-07-03 05:03:24 | INFO     | run                  |    - Unique symbols: 445
2026-07-03 05:03:24 | INFO     | run                  |    - Timestamp: 2026-07-03 10:03:14
2026-07-03 05:03:24 | INFO     | run                  |    - File: data/2026/07/2026-07-03.xlsx
2026-07-03 05:03:24 | INFO     | run                  | ======================================================================
2026-07-03 05:03:24 | DEBUG    | run                  | Sample data (first row):
2026-07-03 05:03:24 | DEBUG    | run                  | {'SYMBOL': 'TPLRF1', 'SECTOR': 836, 'LDCP': 10.64, 'OPEN': 10.7, 'HIGH': 11.13, 'LOW': 10.5, 'CURRENT': 10.75, 'CHANGE': 0.11, 'CHANGE (%)': nan, 'VOLUME': 59111794, 'YEAR': 2026, 'MONTH': 7, 'DAY': 3, 'HOUR': 10, 'MINUTE': 3, 'DATETIME': '2026-07-03 10:03'}
2026-07-03 05:03:24 | DEBUG    | close                | Session closed
2026-07-03 05:08:24 | INFO     | run                  | ======================================================================
2026-07-03 05:08:24 | INFO     | run                  | 🚀 MARKET DATA SCRAPER - SINGLE EXECUTION
2026-07-03 05:08:24 | INFO     | run                  | ======================================================================
2026-07-03 05:08:24 | INFO     | run                  | Execution Time: 2026-07-03 10:08:24 PKT
2026-07-03 05:08:24 | INFO     | run                  | Configuration:
2026-07-03 05:08:24 | INFO     | run                  |    - Timezone: Asia/Karachi
2026-07-03 05:08:24 | INFO     | run                  |    - Data directory: data
2026-07-03 05:08:24 | INFO     | run                  |    - Log directory: logs
2026-07-03 05:08:24 | INFO     | run                  |    - Excluded symbols: {'XT', 'XS', 'XR', 'XD'}
2026-07-03 05:08:24 | INFO     | run                  | ======================================================================
2026-07-03 05:08:24 | INFO     | fetch_data           | Fetching data (Attempt 1/3)...
2026-07-03 05:08:24 | DEBUG    | fetch_data           | Establishing session with https://dps.psx.com.pk/
2026-07-03 05:08:27 | DEBUG    | fetch_data           | Requesting data from https://dps.psx.com.pk/market-watch
2026-07-03 05:08:28 | DEBUG    | fetch_data           | Response status: 200
2026-07-03 05:08:28 | DEBUG    | fetch_data           | Response content type: text/html; charset=utf-8
2026-07-03 05:08:28 | DEBUG    | fetch_data           | Response size: 429059 bytes
2026-07-03 05:08:28 | INFO     | fetch_data           | ✅ Data fetched successfully (Status: 200)
2026-07-03 05:08:28 | DEBUG    | parse_json           | Attempting JSON parsing...
2026-07-03 05:08:28 | DEBUG    | parse_json           | Response preview: <table class="tbl" data-page-length="25"><thead class="tbl__head"><!-- tr--><!--   th(colspan="11")--><!--   th.center(colspan="2", style="width: 110px;") TOTAL BUY ORDERS--><!--   th.center(colspan="2", style="width: 110px;") TOTAL SELL ORDERS--><tr><th data-name="symbol">SYMBOL</th><th data-name="sector">SECTOR</th><th data-name="listed">LISTED IN</th><th class="right" data-name="ldcp">LDCP</th><th class="right" data-name="open">OPEN</th><th class="right" data-name="high">HIGH</th><th class="r
2026-07-03 05:08:28 | WARNING  | parse_json           | ⚠️ JSON parsing failed: Expecting value: line 1 column 1 (char 0)
2026-07-03 05:08:28 | INFO     | run                  | JSON parsing failed, trying HTML fallback...
2026-07-03 05:08:28 | INFO     | parse_html           | Attempting HTML fallback parsing...
2026-07-03 05:08:28 | DEBUG    | parse_html           | Found 1 table(s) in HTML
2026-07-03 05:08:28 | DEBUG    | parse_html           | Table columns: ['SYMBOL', 'SECTOR', 'LISTED IN', 'LDCP', 'OPEN', 'HIGH', 'LOW', 'CURRENT', 'CHANGE', 'CHANGE (%)', 'VOLUME']
2026-07-03 05:08:28 | DEBUG    | parse_html           | Table shape: (448, 11)
2026-07-03 05:08:28 | INFO     | parse_html           | ✅ HTML parsed successfully (448 rows)
2026-07-03 05:08:28 | INFO     | clean_data           | Cleaning data...
2026-07-03 05:08:28 | DEBUG    | clean_data           | Initial shape: (448, 11)
2026-07-03 05:08:28 | DEBUG    | clean_data           | Initial columns: ['SYMBOL', 'SECTOR', 'LISTED IN', 'LDCP', 'OPEN', 'HIGH', 'LOW', 'CURRENT', 'CHANGE', 'CHANGE (%)', 'VOLUME']
2026-07-03 05:08:28 | DEBUG    | clean_data           | Removed 'LISTED IN' column
2026-07-03 05:08:28 | DEBUG    | clean_data           | Converted LDCP from float64 to numeric
2026-07-03 05:08:28 | DEBUG    | clean_data           | Converted OPEN from float64 to numeric
2026-07-03 05:08:28 | DEBUG    | clean_data           | Converted HIGH from float64 to numeric
2026-07-03 05:08:28 | DEBUG    | clean_data           | Converted LOW from float64 to numeric
2026-07-03 05:08:28 | DEBUG    | clean_data           | Converted CURRENT from float64 to numeric
2026-07-03 05:08:28 | DEBUG    | clean_data           | Converted CHANGE from float64 to numeric
2026-07-03 05:08:28 | WARNING  | clean_data           | Column CHANGE (%): 448 values could not be converted to numeric
2026-07-03 05:08:28 | DEBUG    | clean_data           | Converted CHANGE (%) from str to numeric
2026-07-03 05:08:28 | DEBUG    | clean_data           | Converted VOLUME from int64 to numeric
2026-07-03 05:08:28 | INFO     | clean_data           | ✅ Data cleaned (448 rows, 16 columns)
2026-07-03 05:08:28 | DEBUG    | clean_data           | Final columns: ['SYMBOL', 'SECTOR', 'LDCP', 'OPEN', 'HIGH', 'LOW', 'CURRENT', 'CHANGE', 'CHANGE (%)', 'VOLUME', 'YEAR', 'MONTH', 'DAY', 'HOUR', 'MINUTE', 'DATETIME']
2026-07-03 05:08:28 | DEBUG    | get_file_path        | Generated file path: data/2026/07/2026-07-03.xlsx
2026-07-03 05:08:28 | INFO     | save_data            | Saving data to: data/2026/07/2026-07-03.xlsx
2026-07-03 05:08:28 | DEBUG    | _create_backup       | Backup created: data/2026/07/backups/2026-07-03_backup_20260703_050828.xlsx
2026-07-03 05:08:28 | DEBUG    | _cleanup_old_backups | Removed old backup: 2026-07-03_backup_20260703_044242.xlsx
2026-07-03 05:08:28 | DEBUG    | save_data            | Existing file found, merging data...
2026-07-03 05:08:29 | DEBUG    | save_data            | Loaded 12971 existing rows
2026-07-03 05:08:29 | DEBUG    | save_data            | Combined to 13419 rows
2026-07-03 05:08:29 | DEBUG    | save_data            | Writing to temporary file...
2026-07-03 05:08:32 | DEBUG    | save_data            | Data written to temp file: /home/runner/work/Thalorae-BackLioraen/Thalorae-BackLioraen/data/2026/07/tmpsmii815f.xlsx
2026-07-03 05:08:32 | DEBUG    | save_data            | Temp file moved to final location
2026-07-03 05:08:32 | INFO     | save_data            | ✅ Data saved successfully (13419 total rows, 996,300 bytes)
2026-07-03 05:08:32 | INFO     | run                  | ======================================================================
2026-07-03 05:08:32 | INFO     | run                  | 📊 EXECUTION SUMMARY:
2026-07-03 05:08:32 | INFO     | run                  |    ✅ Status: SUCCESS
2026-07-03 05:08:32 | INFO     | run                  |    - Rows processed: 448
2026-07-03 05:08:32 | INFO     | run                  |    - Unique symbols: 448
2026-07-03 05:08:32 | INFO     | run                  |    - Timestamp: 2026-07-03 10:08:24
2026-07-03 05:08:32 | INFO     | run                  |    - File: data/2026/07/2026-07-03.xlsx
2026-07-03 05:08:32 | INFO     | run                  | ======================================================================
2026-07-03 05:08:32 | DEBUG    | run                  | Sample data (first row):
2026-07-03 05:08:32 | DEBUG    | run                  | {'SYMBOL': 'TPLRF1', 'SECTOR': 836, 'LDCP': 10.64, 'OPEN': 10.7, 'HIGH': 11.13, 'LOW': 10.5, 'CURRENT': 10.71, 'CHANGE': 0.07, 'CHANGE (%)': nan, 'VOLUME': 59244366, 'YEAR': 2026, 'MONTH': 7, 'DAY': 3, 'HOUR': 10, 'MINUTE': 8, 'DATETIME': '2026-07-03 10:08'}
2026-07-03 05:08:32 | DEBUG    | close                | Session closed
2026-07-03 05:13:32 | INFO     | run                  | ======================================================================
2026-07-03 05:13:32 | INFO     | run                  | 🚀 MARKET DATA SCRAPER - SINGLE EXECUTION
2026-07-03 05:13:32 | INFO     | run                  | ======================================================================
2026-07-03 05:13:32 | INFO     | run                  | Execution Time: 2026-07-03 10:13:32 PKT
2026-07-03 05:13:32 | INFO     | run                  | Configuration:
2026-07-03 05:13:32 | INFO     | run                  |    - Timezone: Asia/Karachi
2026-07-03 05:13:32 | INFO     | run                  |    - Data directory: data
2026-07-03 05:13:32 | INFO     | run                  |    - Log directory: logs
2026-07-03 05:13:32 | INFO     | run                  |    - Excluded symbols: {'XR', 'XT', 'XD', 'XS'}
2026-07-03 05:13:32 | INFO     | run                  | ======================================================================
2026-07-03 05:13:32 | INFO     | fetch_data           | Fetching data (Attempt 1/3)...
2026-07-03 05:13:32 | DEBUG    | fetch_data           | Establishing session with https://dps.psx.com.pk/
2026-07-03 05:13:36 | DEBUG    | fetch_data           | Requesting data from https://dps.psx.com.pk/market-watch
2026-07-03 05:13:37 | DEBUG    | fetch_data           | Response status: 200
2026-07-03 05:13:37 | DEBUG    | fetch_data           | Response content type: text/html; charset=utf-8
2026-07-03 05:13:37 | DEBUG    | fetch_data           | Response size: 432723 bytes
2026-07-03 05:13:37 | INFO     | fetch_data           | ✅ Data fetched successfully (Status: 200)
2026-07-03 05:13:37 | DEBUG    | parse_json           | Attempting JSON parsing...
2026-07-03 05:13:37 | DEBUG    | parse_json           | Response preview: <table class="tbl" data-page-length="25"><thead class="tbl__head"><!-- tr--><!--   th(colspan="11")--><!--   th.center(colspan="2", style="width: 110px;") TOTAL BUY ORDERS--><!--   th.center(colspan="2", style="width: 110px;") TOTAL SELL ORDERS--><tr><th data-name="symbol">SYMBOL</th><th data-name="sector">SECTOR</th><th data-name="listed">LISTED IN</th><th class="right" data-name="ldcp">LDCP</th><th class="right" data-name="open">OPEN</th><th class="right" data-name="high">HIGH</th><th class="r
2026-07-03 05:13:37 | WARNING  | parse_json           | ⚠️ JSON parsing failed: Expecting value: line 1 column 1 (char 0)
2026-07-03 05:13:37 | INFO     | run                  | JSON parsing failed, trying HTML fallback...
2026-07-03 05:13:37 | INFO     | parse_html           | Attempting HTML fallback parsing...
2026-07-03 05:13:37 | DEBUG    | parse_html           | Found 1 table(s) in HTML
2026-07-03 05:13:37 | DEBUG    | parse_html           | Table columns: ['SYMBOL', 'SECTOR', 'LISTED IN', 'LDCP', 'OPEN', 'HIGH', 'LOW', 'CURRENT', 'CHANGE', 'CHANGE (%)', 'VOLUME']
2026-07-03 05:13:37 | DEBUG    | parse_html           | Table shape: (452, 11)
2026-07-03 05:13:37 | INFO     | parse_html           | ✅ HTML parsed successfully (452 rows)
2026-07-03 05:13:37 | INFO     | clean_data           | Cleaning data...
2026-07-03 05:13:37 | DEBUG    | clean_data           | Initial shape: (452, 11)
2026-07-03 05:13:37 | DEBUG    | clean_data           | Initial columns: ['SYMBOL', 'SECTOR', 'LISTED IN', 'LDCP', 'OPEN', 'HIGH', 'LOW', 'CURRENT', 'CHANGE', 'CHANGE (%)', 'VOLUME']
2026-07-03 05:13:37 | DEBUG    | clean_data           | Removed 'LISTED IN' column
2026-07-03 05:13:37 | DEBUG    | clean_data           | Converted LDCP from float64 to numeric
2026-07-03 05:13:37 | DEBUG    | clean_data           | Converted OPEN from float64 to numeric
2026-07-03 05:13:37 | DEBUG    | clean_data           | Converted HIGH from float64 to numeric
2026-07-03 05:13:37 | DEBUG    | clean_data           | Converted LOW from float64 to numeric
2026-07-03 05:13:37 | DEBUG    | clean_data           | Converted CURRENT from float64 to numeric
2026-07-03 05:13:37 | DEBUG    | clean_data           | Converted CHANGE from float64 to numeric
2026-07-03 05:13:37 | WARNING  | clean_data           | Column CHANGE (%): 452 values could not be converted to numeric
2026-07-03 05:13:37 | DEBUG    | clean_data           | Converted CHANGE (%) from str to numeric
2026-07-03 05:13:37 | DEBUG    | clean_data           | Converted VOLUME from int64 to numeric
2026-07-03 05:13:37 | INFO     | clean_data           | ✅ Data cleaned (452 rows, 16 columns)
2026-07-03 05:13:37 | DEBUG    | clean_data           | Final columns: ['SYMBOL', 'SECTOR', 'LDCP', 'OPEN', 'HIGH', 'LOW', 'CURRENT', 'CHANGE', 'CHANGE (%)', 'VOLUME', 'YEAR', 'MONTH', 'DAY', 'HOUR', 'MINUTE', 'DATETIME']
2026-07-03 05:13:37 | DEBUG    | get_file_path        | Generated file path: data/2026/07/2026-07-03.xlsx
2026-07-03 05:13:37 | INFO     | save_data            | Saving data to: data/2026/07/2026-07-03.xlsx
2026-07-03 05:13:37 | DEBUG    | _create_backup       | Backup created: data/2026/07/backups/2026-07-03_backup_20260703_051337.xlsx
2026-07-03 05:13:37 | DEBUG    | _cleanup_old_backups | Removed old backup: 2026-07-03_backup_20260703_044752.xlsx
2026-07-03 05:13:37 | DEBUG    | save_data            | Existing file found, merging data...
2026-07-03 05:13:39 | DEBUG    | save_data            | Loaded 13419 existing rows
2026-07-03 05:13:39 | DEBUG    | save_data            | Combined to 13871 rows
2026-07-03 05:13:39 | DEBUG    | save_data            | Writing to temporary file...
2026-07-03 05:13:41 | DEBUG    | save_data            | Data written to temp file: /home/runner/work/Thalorae-BackLioraen/Thalorae-BackLioraen/data/2026/07/tmpnc498qyr.xlsx
2026-07-03 05:13:41 | DEBUG    | save_data            | Temp file moved to final location
2026-07-03 05:13:41 | INFO     | save_data            | ✅ Data saved successfully (13871 total rows, 1,029,347 bytes)
2026-07-03 05:13:41 | INFO     | run                  | ======================================================================
2026-07-03 05:13:41 | INFO     | run                  | 📊 EXECUTION SUMMARY:
2026-07-03 05:13:41 | INFO     | run                  |    ✅ Status: SUCCESS
2026-07-03 05:13:41 | INFO     | run                  |    - Rows processed: 452
2026-07-03 05:13:41 | INFO     | run                  |    - Unique symbols: 452
2026-07-03 05:13:41 | INFO     | run                  |    - Timestamp: 2026-07-03 10:13:32
2026-07-03 05:13:41 | INFO     | run                  |    - File: data/2026/07/2026-07-03.xlsx
2026-07-03 05:13:41 | INFO     | run                  | ======================================================================
2026-07-03 05:13:41 | DEBUG    | run                  | Sample data (first row):
2026-07-03 05:13:41 | DEBUG    | run                  | {'SYMBOL': 'TPLRF1', 'SECTOR': 836, 'LDCP': 10.64, 'OPEN': 10.7, 'HIGH': 11.13, 'LOW': 10.5, 'CURRENT': 10.65, 'CHANGE': 0.01, 'CHANGE (%)': nan, 'VOLUME': 59739777, 'YEAR': 2026, 'MONTH': 7, 'DAY': 3, 'HOUR': 10, 'MINUTE': 13, 'DATETIME': '2026-07-03 10:13'}
2026-07-03 05:13:41 | DEBUG    | close                | Session closed
2026-07-03 05:18:42 | INFO     | run                  | ======================================================================
2026-07-03 05:18:42 | INFO     | run                  | 🚀 MARKET DATA SCRAPER - SINGLE EXECUTION
2026-07-03 05:18:42 | INFO     | run                  | ======================================================================
2026-07-03 05:18:42 | INFO     | run                  | Execution Time: 2026-07-03 10:18:42 PKT
2026-07-03 05:18:42 | INFO     | run                  | Configuration:
2026-07-03 05:18:42 | INFO     | run                  |    - Timezone: Asia/Karachi
2026-07-03 05:18:42 | INFO     | run                  |    - Data directory: data
2026-07-03 05:18:42 | INFO     | run                  |    - Log directory: logs
2026-07-03 05:18:42 | INFO     | run                  |    - Excluded symbols: {'XD', 'XT', 'XS', 'XR'}
2026-07-03 05:18:42 | INFO     | run                  | ======================================================================
2026-07-03 05:18:42 | INFO     | fetch_data           | Fetching data (Attempt 1/3)...
2026-07-03 05:18:42 | DEBUG    | fetch_data           | Establishing session with https://dps.psx.com.pk/
2026-07-03 05:18:45 | DEBUG    | fetch_data           | Requesting data from https://dps.psx.com.pk/market-watch
2026-07-03 05:18:46 | DEBUG    | fetch_data           | Response status: 200
2026-07-03 05:18:46 | DEBUG    | fetch_data           | Response content type: text/html; charset=utf-8
2026-07-03 05:18:46 | DEBUG    | fetch_data           | Response size: 435951 bytes
2026-07-03 05:18:46 | INFO     | fetch_data           | ✅ Data fetched successfully (Status: 200)
2026-07-03 05:18:46 | DEBUG    | parse_json           | Attempting JSON parsing...
2026-07-03 05:18:46 | DEBUG    | parse_json           | Response preview: <table class="tbl" data-page-length="25"><thead class="tbl__head"><!-- tr--><!--   th(colspan="11")--><!--   th.center(colspan="2", style="width: 110px;") TOTAL BUY ORDERS--><!--   th.center(colspan="2", style="width: 110px;") TOTAL SELL ORDERS--><tr><th data-name="symbol">SYMBOL</th><th data-name="sector">SECTOR</th><th data-name="listed">LISTED IN</th><th class="right" data-name="ldcp">LDCP</th><th class="right" data-name="open">OPEN</th><th class="right" data-name="high">HIGH</th><th class="r
2026-07-03 05:18:46 | WARNING  | parse_json           | ⚠️ JSON parsing failed: Expecting value: line 1 column 1 (char 0)
2026-07-03 05:18:46 | INFO     | run                  | JSON parsing failed, trying HTML fallback...
2026-07-03 05:18:46 | INFO     | parse_html           | Attempting HTML fallback parsing...
2026-07-03 05:18:46 | DEBUG    | parse_html           | Found 1 table(s) in HTML
2026-07-03 05:18:46 | DEBUG    | parse_html           | Table columns: ['SYMBOL', 'SECTOR', 'LISTED IN', 'LDCP', 'OPEN', 'HIGH', 'LOW', 'CURRENT', 'CHANGE', 'CHANGE (%)', 'VOLUME']
2026-07-03 05:18:46 | DEBUG    | parse_html           | Table shape: (455, 11)
2026-07-03 05:18:46 | INFO     | parse_html           | ✅ HTML parsed successfully (455 rows)
2026-07-03 05:18:46 | INFO     | clean_data           | Cleaning data...
2026-07-03 05:18:46 | DEBUG    | clean_data           | Initial shape: (455, 11)
2026-07-03 05:18:46 | DEBUG    | clean_data           | Initial columns: ['SYMBOL', 'SECTOR', 'LISTED IN', 'LDCP', 'OPEN', 'HIGH', 'LOW', 'CURRENT', 'CHANGE', 'CHANGE (%)', 'VOLUME']
2026-07-03 05:18:46 | DEBUG    | clean_data           | Removed 'LISTED IN' column
2026-07-03 05:18:46 | DEBUG    | clean_data           | Converted LDCP from float64 to numeric
2026-07-03 05:18:46 | DEBUG    | clean_data           | Converted OPEN from float64 to numeric
2026-07-03 05:18:46 | DEBUG    | clean_data           | Converted HIGH from float64 to numeric
2026-07-03 05:18:46 | DEBUG    | clean_data           | Converted LOW from float64 to numeric
2026-07-03 05:18:46 | DEBUG    | clean_data           | Converted CURRENT from float64 to numeric
2026-07-03 05:18:46 | DEBUG    | clean_data           | Converted CHANGE from float64 to numeric
2026-07-03 05:18:46 | WARNING  | clean_data           | Column CHANGE (%): 455 values could not be converted to numeric
2026-07-03 05:18:46 | DEBUG    | clean_data           | Converted CHANGE (%) from str to numeric
2026-07-03 05:18:46 | DEBUG    | clean_data           | Converted VOLUME from int64 to numeric
2026-07-03 05:18:46 | INFO     | clean_data           | ✅ Data cleaned (455 rows, 16 columns)
2026-07-03 05:18:46 | DEBUG    | clean_data           | Final columns: ['SYMBOL', 'SECTOR', 'LDCP', 'OPEN', 'HIGH', 'LOW', 'CURRENT', 'CHANGE', 'CHANGE (%)', 'VOLUME', 'YEAR', 'MONTH', 'DAY', 'HOUR', 'MINUTE', 'DATETIME']
2026-07-03 05:18:46 | DEBUG    | get_file_path        | Generated file path: data/2026/07/2026-07-03.xlsx
2026-07-03 05:18:46 | INFO     | save_data            | Saving data to: data/2026/07/2026-07-03.xlsx
2026-07-03 05:18:46 | DEBUG    | _create_backup       | Backup created: data/2026/07/backups/2026-07-03_backup_20260703_051846.xlsx
2026-07-03 05:18:46 | DEBUG    | _cleanup_old_backups | Removed old backup: 2026-07-03_backup_20260703_045301.xlsx
2026-07-03 05:18:46 | DEBUG    | save_data            | Existing file found, merging data...
2026-07-03 05:18:48 | DEBUG    | save_data            | Loaded 13871 existing rows
2026-07-03 05:18:48 | DEBUG    | save_data            | Combined to 14326 rows
2026-07-03 05:18:48 | DEBUG    | save_data            | Writing to temporary file...
2026-07-03 05:18:51 | DEBUG    | save_data            | Data written to temp file: /home/runner/work/Thalorae-BackLioraen/Thalorae-BackLioraen/data/2026/07/tmpwylpjhjt.xlsx
2026-07-03 05:18:51 | DEBUG    | save_data            | Temp file moved to final location
2026-07-03 05:18:51 | INFO     | save_data            | ✅ Data saved successfully (14326 total rows, 1,062,681 bytes)
2026-07-03 05:18:51 | INFO     | run                  | ======================================================================
2026-07-03 05:18:51 | INFO     | run                  | 📊 EXECUTION SUMMARY:
2026-07-03 05:18:51 | INFO     | run                  |    ✅ Status: SUCCESS
2026-07-03 05:18:51 | INFO     | run                  |    - Rows processed: 455
2026-07-03 05:18:51 | INFO     | run                  |    - Unique symbols: 455
2026-07-03 05:18:51 | INFO     | run                  |    - Timestamp: 2026-07-03 10:18:42
2026-07-03 05:18:51 | INFO     | run                  |    - File: data/2026/07/2026-07-03.xlsx
2026-07-03 05:18:51 | INFO     | run                  | ======================================================================
2026-07-03 05:18:51 | DEBUG    | run                  | Sample data (first row):
2026-07-03 05:18:51 | DEBUG    | run                  | {'SYMBOL': 'TPLRF1', 'SECTOR': 836, 'LDCP': 10.64, 'OPEN': 10.7, 'HIGH': 11.13, 'LOW': 10.5, 'CURRENT': 10.62, 'CHANGE': -0.02, 'CHANGE (%)': nan, 'VOLUME': 60176519, 'YEAR': 2026, 'MONTH': 7, 'DAY': 3, 'HOUR': 10, 'MINUTE': 18, 'DATETIME': '2026-07-03 10:18'}
2026-07-03 05:18:51 | DEBUG    | close                | Session closed
2026-07-03 05:23:51 | INFO     | run                  | ======================================================================
2026-07-03 05:23:51 | INFO     | run                  | 🚀 MARKET DATA SCRAPER - SINGLE EXECUTION
2026-07-03 05:23:51 | INFO     | run                  | ======================================================================
2026-07-03 05:23:51 | INFO     | run                  | Execution Time: 2026-07-03 10:23:51 PKT
2026-07-03 05:23:51 | INFO     | run                  | Configuration:
2026-07-03 05:23:51 | INFO     | run                  |    - Timezone: Asia/Karachi
2026-07-03 05:23:51 | INFO     | run                  |    - Data directory: data
2026-07-03 05:23:51 | INFO     | run                  |    - Log directory: logs
2026-07-03 05:23:51 | INFO     | run                  |    - Excluded symbols: {'XR', 'XT', 'XS', 'XD'}
2026-07-03 05:23:51 | INFO     | run                  | ======================================================================
2026-07-03 05:23:51 | INFO     | fetch_data           | Fetching data (Attempt 1/3)...
2026-07-03 05:23:51 | DEBUG    | fetch_data           | Establishing session with https://dps.psx.com.pk/
2026-07-03 05:23:54 | DEBUG    | fetch_data           | Requesting data from https://dps.psx.com.pk/market-watch
2026-07-03 05:23:56 | DEBUG    | fetch_data           | Response status: 200
2026-07-03 05:23:56 | DEBUG    | fetch_data           | Response content type: text/html; charset=utf-8
2026-07-03 05:23:56 | DEBUG    | fetch_data           | Response size: 440590 bytes
2026-07-03 05:23:56 | INFO     | fetch_data           | ✅ Data fetched successfully (Status: 200)
2026-07-03 05:23:56 | DEBUG    | parse_json           | Attempting JSON parsing...
2026-07-03 05:23:56 | DEBUG    | parse_json           | Response preview: <table class="tbl" data-page-length="25"><thead class="tbl__head"><!-- tr--><!--   th(colspan="11")--><!--   th.center(colspan="2", style="width: 110px;") TOTAL BUY ORDERS--><!--   th.center(colspan="2", style="width: 110px;") TOTAL SELL ORDERS--><tr><th data-name="symbol">SYMBOL</th><th data-name="sector">SECTOR</th><th data-name="listed">LISTED IN</th><th class="right" data-name="ldcp">LDCP</th><th class="right" data-name="open">OPEN</th><th class="right" data-name="high">HIGH</th><th class="r
2026-07-03 05:23:56 | WARNING  | parse_json           | ⚠️ JSON parsing failed: Expecting value: line 1 column 1 (char 0)
2026-07-03 05:23:56 | INFO     | run                  | JSON parsing failed, trying HTML fallback...
2026-07-03 05:23:56 | INFO     | parse_html           | Attempting HTML fallback parsing...
2026-07-03 05:23:56 | DEBUG    | parse_html           | Found 1 table(s) in HTML
2026-07-03 05:23:56 | DEBUG    | parse_html           | Table columns: ['SYMBOL', 'SECTOR', 'LISTED IN', 'LDCP', 'OPEN', 'HIGH', 'LOW', 'CURRENT', 'CHANGE', 'CHANGE (%)', 'VOLUME']
2026-07-03 05:23:56 | DEBUG    | parse_html           | Table shape: (460, 11)
2026-07-03 05:23:56 | INFO     | parse_html           | ✅ HTML parsed successfully (460 rows)
2026-07-03 05:23:56 | INFO     | clean_data           | Cleaning data...
2026-07-03 05:23:56 | DEBUG    | clean_data           | Initial shape: (460, 11)
2026-07-03 05:23:56 | DEBUG    | clean_data           | Initial columns: ['SYMBOL', 'SECTOR', 'LISTED IN', 'LDCP', 'OPEN', 'HIGH', 'LOW', 'CURRENT', 'CHANGE', 'CHANGE (%)', 'VOLUME']
2026-07-03 05:23:56 | DEBUG    | clean_data           | Removed 'LISTED IN' column
2026-07-03 05:23:56 | DEBUG    | clean_data           | Converted LDCP from float64 to numeric
2026-07-03 05:23:56 | DEBUG    | clean_data           | Converted OPEN from float64 to numeric
2026-07-03 05:23:56 | DEBUG    | clean_data           | Converted HIGH from float64 to numeric
2026-07-03 05:23:56 | DEBUG    | clean_data           | Converted LOW from float64 to numeric
2026-07-03 05:23:56 | DEBUG    | clean_data           | Converted CURRENT from float64 to numeric
2026-07-03 05:23:56 | DEBUG    | clean_data           | Converted CHANGE from float64 to numeric
2026-07-03 05:23:56 | WARNING  | clean_data           | Column CHANGE (%): 460 values could not be converted to numeric
2026-07-03 05:23:56 | DEBUG    | clean_data           | Converted CHANGE (%) from str to numeric
2026-07-03 05:23:56 | DEBUG    | clean_data           | Converted VOLUME from int64 to numeric
2026-07-03 05:23:56 | INFO     | clean_data           | ✅ Data cleaned (460 rows, 16 columns)
2026-07-03 05:23:56 | DEBUG    | clean_data           | Final columns: ['SYMBOL', 'SECTOR', 'LDCP', 'OPEN', 'HIGH', 'LOW', 'CURRENT', 'CHANGE', 'CHANGE (%)', 'VOLUME', 'YEAR', 'MONTH', 'DAY', 'HOUR', 'MINUTE', 'DATETIME']
2026-07-03 05:23:56 | DEBUG    | get_file_path        | Generated file path: data/2026/07/2026-07-03.xlsx
2026-07-03 05:23:56 | INFO     | save_data            | Saving data to: data/2026/07/2026-07-03.xlsx
2026-07-03 05:23:56 | DEBUG    | _create_backup       | Backup created: data/2026/07/backups/2026-07-03_backup_20260703_052356.xlsx
2026-07-03 05:23:56 | DEBUG    | _cleanup_old_backups | Removed old backup: 2026-07-03_backup_20260703_045810.xlsx
2026-07-03 05:23:56 | DEBUG    | save_data            | Existing file found, merging data...
2026-07-03 05:23:57 | DEBUG    | save_data            | Loaded 14326 existing rows
2026-07-03 05:23:57 | DEBUG    | save_data            | Combined to 14786 rows
2026-07-03 05:23:57 | DEBUG    | save_data            | Writing to temporary file...
2026-07-03 05:24:00 | DEBUG    | save_data            | Data written to temp file: /home/runner/work/Thalorae-BackLioraen/Thalorae-BackLioraen/data/2026/07/tmpoew3psu2.xlsx
2026-07-03 05:24:00 | DEBUG    | save_data            | Temp file moved to final location
2026-07-03 05:24:00 | INFO     | save_data            | ✅ Data saved successfully (14786 total rows, 1,096,424 bytes)
2026-07-03 05:24:00 | INFO     | run                  | ======================================================================
2026-07-03 05:24:00 | INFO     | run                  | 📊 EXECUTION SUMMARY:
2026-07-03 05:24:00 | INFO     | run                  |    ✅ Status: SUCCESS
2026-07-03 05:24:00 | INFO     | run                  |    - Rows processed: 460
2026-07-03 05:24:00 | INFO     | run                  |    - Unique symbols: 460
2026-07-03 05:24:00 | INFO     | run                  |    - Timestamp: 2026-07-03 10:23:51
2026-07-03 05:24:00 | INFO     | run                  |    - File: data/2026/07/2026-07-03.xlsx
2026-07-03 05:24:00 | INFO     | run                  | ======================================================================
2026-07-03 05:24:00 | DEBUG    | run                  | Sample data (first row):
2026-07-03 05:24:00 | DEBUG    | run                  | {'SYMBOL': 'TPLRF1', 'SECTOR': 836, 'LDCP': 10.64, 'OPEN': 10.7, 'HIGH': 11.13, 'LOW': 10.5, 'CURRENT': 10.65, 'CHANGE': 0.01, 'CHANGE (%)': nan, 'VOLUME': 60405920, 'YEAR': 2026, 'MONTH': 7, 'DAY': 3, 'HOUR': 10, 'MINUTE': 23, 'DATETIME': '2026-07-03 10:23'}
2026-07-03 05:24:00 | DEBUG    | close                | Session closed
2026-07-03 05:29:00 | INFO     | run                  | ======================================================================
2026-07-03 05:29:00 | INFO     | run                  | 🚀 MARKET DATA SCRAPER - SINGLE EXECUTION
2026-07-03 05:29:00 | INFO     | run                  | ======================================================================
2026-07-03 05:29:00 | INFO     | run                  | Execution Time: 2026-07-03 10:29:00 PKT
2026-07-03 05:29:00 | INFO     | run                  | Configuration:
2026-07-03 05:29:00 | INFO     | run                  |    - Timezone: Asia/Karachi
2026-07-03 05:29:00 | INFO     | run                  |    - Data directory: data
2026-07-03 05:29:00 | INFO     | run                  |    - Log directory: logs
2026-07-03 05:29:00 | INFO     | run                  |    - Excluded symbols: {'XT', 'XS', 'XR', 'XD'}
2026-07-03 05:29:00 | INFO     | run                  | ======================================================================
2026-07-03 05:29:00 | INFO     | fetch_data           | Fetching data (Attempt 1/3)...
2026-07-03 05:29:00 | DEBUG    | fetch_data           | Establishing session with https://dps.psx.com.pk/
2026-07-03 05:29:03 | DEBUG    | fetch_data           | Requesting data from https://dps.psx.com.pk/market-watch
2026-07-03 05:29:04 | DEBUG    | fetch_data           | Response status: 200
2026-07-03 05:29:04 | DEBUG    | fetch_data           | Response content type: text/html; charset=utf-8
2026-07-03 05:29:04 | DEBUG    | fetch_data           | Response size: 441479 bytes
2026-07-03 05:29:04 | INFO     | fetch_data           | ✅ Data fetched successfully (Status: 200)
2026-07-03 05:29:04 | DEBUG    | parse_json           | Attempting JSON parsing...
2026-07-03 05:29:04 | DEBUG    | parse_json           | Response preview: <table class="tbl" data-page-length="25"><thead class="tbl__head"><!-- tr--><!--   th(colspan="11")--><!--   th.center(colspan="2", style="width: 110px;") TOTAL BUY ORDERS--><!--   th.center(colspan="2", style="width: 110px;") TOTAL SELL ORDERS--><tr><th data-name="symbol">SYMBOL</th><th data-name="sector">SECTOR</th><th data-name="listed">LISTED IN</th><th class="right" data-name="ldcp">LDCP</th><th class="right" data-name="open">OPEN</th><th class="right" data-name="high">HIGH</th><th class="r
2026-07-03 05:29:04 | WARNING  | parse_json           | ⚠️ JSON parsing failed: Expecting value: line 1 column 1 (char 0)
2026-07-03 05:29:04 | INFO     | run                  | JSON parsing failed, trying HTML fallback...
2026-07-03 05:29:04 | INFO     | parse_html           | Attempting HTML fallback parsing...
2026-07-03 05:29:04 | DEBUG    | parse_html           | Found 1 table(s) in HTML
2026-07-03 05:29:04 | DEBUG    | parse_html           | Table columns: ['SYMBOL', 'SECTOR', 'LISTED IN', 'LDCP', 'OPEN', 'HIGH', 'LOW', 'CURRENT', 'CHANGE', 'CHANGE (%)', 'VOLUME']
2026-07-03 05:29:04 | DEBUG    | parse_html           | Table shape: (461, 11)
2026-07-03 05:29:04 | INFO     | parse_html           | ✅ HTML parsed successfully (461 rows)
2026-07-03 05:29:04 | INFO     | clean_data           | Cleaning data...
2026-07-03 05:29:04 | DEBUG    | clean_data           | Initial shape: (461, 11)
2026-07-03 05:29:04 | DEBUG    | clean_data           | Initial columns: ['SYMBOL', 'SECTOR', 'LISTED IN', 'LDCP', 'OPEN', 'HIGH', 'LOW', 'CURRENT', 'CHANGE', 'CHANGE (%)', 'VOLUME']
2026-07-03 05:29:04 | DEBUG    | clean_data           | Removed 'LISTED IN' column
2026-07-03 05:29:04 | DEBUG    | clean_data           | Converted LDCP from float64 to numeric
2026-07-03 05:29:04 | DEBUG    | clean_data           | Converted OPEN from float64 to numeric
2026-07-03 05:29:04 | DEBUG    | clean_data           | Converted HIGH from float64 to numeric
2026-07-03 05:29:04 | DEBUG    | clean_data           | Converted LOW from float64 to numeric
2026-07-03 05:29:04 | DEBUG    | clean_data           | Converted CURRENT from float64 to numeric
2026-07-03 05:29:04 | DEBUG    | clean_data           | Converted CHANGE from float64 to numeric
2026-07-03 05:29:04 | WARNING  | clean_data           | Column CHANGE (%): 461 values could not be converted to numeric
2026-07-03 05:29:04 | DEBUG    | clean_data           | Converted CHANGE (%) from str to numeric
2026-07-03 05:29:04 | DEBUG    | clean_data           | Converted VOLUME from int64 to numeric
2026-07-03 05:29:04 | INFO     | clean_data           | ✅ Data cleaned (461 rows, 16 columns)
2026-07-03 05:29:04 | DEBUG    | clean_data           | Final columns: ['SYMBOL', 'SECTOR', 'LDCP', 'OPEN', 'HIGH', 'LOW', 'CURRENT', 'CHANGE', 'CHANGE (%)', 'VOLUME', 'YEAR', 'MONTH', 'DAY', 'HOUR', 'MINUTE', 'DATETIME']
2026-07-03 05:29:04 | DEBUG    | get_file_path        | Generated file path: data/2026/07/2026-07-03.xlsx
2026-07-03 05:29:04 | INFO     | save_data            | Saving data to: data/2026/07/2026-07-03.xlsx
2026-07-03 05:29:04 | DEBUG    | _create_backup       | Backup created: data/2026/07/backups/2026-07-03_backup_20260703_052904.xlsx
2026-07-03 05:29:04 | DEBUG    | _cleanup_old_backups | Removed old backup: 2026-07-03_backup_20260703_050320.xlsx
2026-07-03 05:29:04 | DEBUG    | save_data            | Existing file found, merging data...
2026-07-03 05:29:06 | DEBUG    | save_data            | Loaded 14786 existing rows
2026-07-03 05:29:06 | DEBUG    | save_data            | Combined to 15247 rows
2026-07-03 05:29:06 | DEBUG    | save_data            | Writing to temporary file...
2026-07-03 05:29:09 | DEBUG    | save_data            | Data written to temp file: /home/runner/work/Thalorae-BackLioraen/Thalorae-BackLioraen/data/2026/07/tmprmc184ee.xlsx
2026-07-03 05:29:09 | DEBUG    | save_data            | Temp file moved to final location
2026-07-03 05:29:09 | INFO     | save_data            | ✅ Data saved successfully (15247 total rows, 1,130,315 bytes)
2026-07-03 05:29:09 | INFO     | run                  | ======================================================================
2026-07-03 05:29:09 | INFO     | run                  | 📊 EXECUTION SUMMARY:
2026-07-03 05:29:09 | INFO     | run                  |    ✅ Status: SUCCESS
2026-07-03 05:29:09 | INFO     | run                  |    - Rows processed: 461
2026-07-03 05:29:09 | INFO     | run                  |    - Unique symbols: 461
2026-07-03 05:29:09 | INFO     | run                  |    - Timestamp: 2026-07-03 10:29:00
2026-07-03 05:29:09 | INFO     | run                  |    - File: data/2026/07/2026-07-03.xlsx
2026-07-03 05:29:09 | INFO     | run                  | ======================================================================
2026-07-03 05:29:09 | DEBUG    | run                  | Sample data (first row):
2026-07-03 05:29:09 | DEBUG    | run                  | {'SYMBOL': 'TPLRF1', 'SECTOR': 836, 'LDCP': 10.64, 'OPEN': 10.7, 'HIGH': 11.13, 'LOW': 10.5, 'CURRENT': 10.7, 'CHANGE': 0.06, 'CHANGE (%)': nan, 'VOLUME': 60552660, 'YEAR': 2026, 'MONTH': 7, 'DAY': 3, 'HOUR': 10, 'MINUTE': 29, 'DATETIME': '2026-07-03 10:29'}
2026-07-03 05:29:09 | DEBUG    | close                | Session closed
2026-07-03 05:34:09 | INFO     | run                  | ======================================================================
2026-07-03 05:34:09 | INFO     | run                  | 🚀 MARKET DATA SCRAPER - SINGLE EXECUTION
2026-07-03 05:34:09 | INFO     | run                  | ======================================================================
2026-07-03 05:34:09 | INFO     | run                  | Execution Time: 2026-07-03 10:34:09 PKT
2026-07-03 05:34:09 | INFO     | run                  | Configuration:
2026-07-03 05:34:09 | INFO     | run                  |    - Timezone: Asia/Karachi
2026-07-03 05:34:09 | INFO     | run                  |    - Data directory: data
2026-07-03 05:34:09 | INFO     | run                  |    - Log directory: logs
2026-07-03 05:34:09 | INFO     | run                  |    - Excluded symbols: {'XR', 'XT', 'XD', 'XS'}
2026-07-03 05:34:09 | INFO     | run                  | ======================================================================
2026-07-03 05:34:09 | INFO     | fetch_data           | Fetching data (Attempt 1/3)...
2026-07-03 05:34:09 | DEBUG    | fetch_data           | Establishing session with https://dps.psx.com.pk/
2026-07-03 05:34:13 | DEBUG    | fetch_data           | Requesting data from https://dps.psx.com.pk/market-watch
2026-07-03 05:34:14 | DEBUG    | fetch_data           | Response status: 200
2026-07-03 05:34:14 | DEBUG    | fetch_data           | Response content type: text/html; charset=utf-8
2026-07-03 05:34:14 | DEBUG    | fetch_data           | Response size: 445449 bytes
2026-07-03 05:34:14 | INFO     | fetch_data           | ✅ Data fetched successfully (Status: 200)
2026-07-03 05:34:14 | DEBUG    | parse_json           | Attempting JSON parsing...
2026-07-03 05:34:14 | DEBUG    | parse_json           | Response preview: <table class="tbl" data-page-length="25"><thead class="tbl__head"><!-- tr--><!--   th(colspan="11")--><!--   th.center(colspan="2", style="width: 110px;") TOTAL BUY ORDERS--><!--   th.center(colspan="2", style="width: 110px;") TOTAL SELL ORDERS--><tr><th data-name="symbol">SYMBOL</th><th data-name="sector">SECTOR</th><th data-name="listed">LISTED IN</th><th class="right" data-name="ldcp">LDCP</th><th class="right" data-name="open">OPEN</th><th class="right" data-name="high">HIGH</th><th class="r
2026-07-03 05:34:14 | WARNING  | parse_json           | ⚠️ JSON parsing failed: Expecting value: line 1 column 1 (char 0)
2026-07-03 05:34:14 | INFO     | run                  | JSON parsing failed, trying HTML fallback...
2026-07-03 05:34:14 | INFO     | parse_html           | Attempting HTML fallback parsing...
2026-07-03 05:34:14 | DEBUG    | parse_html           | Found 1 table(s) in HTML
2026-07-03 05:34:14 | DEBUG    | parse_html           | Table columns: ['SYMBOL', 'SECTOR', 'LISTED IN', 'LDCP', 'OPEN', 'HIGH', 'LOW', 'CURRENT', 'CHANGE', 'CHANGE (%)', 'VOLUME']
2026-07-03 05:34:14 | DEBUG    | parse_html           | Table shape: (465, 11)
2026-07-03 05:34:14 | INFO     | parse_html           | ✅ HTML parsed successfully (465 rows)
2026-07-03 05:34:14 | INFO     | clean_data           | Cleaning data...
2026-07-03 05:34:14 | DEBUG    | clean_data           | Initial shape: (465, 11)
2026-07-03 05:34:14 | DEBUG    | clean_data           | Initial columns: ['SYMBOL', 'SECTOR', 'LISTED IN', 'LDCP', 'OPEN', 'HIGH', 'LOW', 'CURRENT', 'CHANGE', 'CHANGE (%)', 'VOLUME']
2026-07-03 05:34:14 | DEBUG    | clean_data           | Removed 'LISTED IN' column
2026-07-03 05:34:14 | DEBUG    | clean_data           | Converted LDCP from float64 to numeric
2026-07-03 05:34:14 | DEBUG    | clean_data           | Converted OPEN from float64 to numeric
2026-07-03 05:34:14 | DEBUG    | clean_data           | Converted HIGH from float64 to numeric
2026-07-03 05:34:14 | DEBUG    | clean_data           | Converted LOW from float64 to numeric
2026-07-03 05:34:14 | DEBUG    | clean_data           | Converted CURRENT from float64 to numeric
2026-07-03 05:34:14 | DEBUG    | clean_data           | Converted CHANGE from float64 to numeric
2026-07-03 05:34:14 | WARNING  | clean_data           | Column CHANGE (%): 465 values could not be converted to numeric
2026-07-03 05:34:14 | DEBUG    | clean_data           | Converted CHANGE (%) from str to numeric
2026-07-03 05:34:14 | DEBUG    | clean_data           | Converted VOLUME from int64 to numeric
2026-07-03 05:34:14 | INFO     | clean_data           | ✅ Data cleaned (465 rows, 16 columns)
2026-07-03 05:34:14 | DEBUG    | clean_data           | Final columns: ['SYMBOL', 'SECTOR', 'LDCP', 'OPEN', 'HIGH', 'LOW', 'CURRENT', 'CHANGE', 'CHANGE (%)', 'VOLUME', 'YEAR', 'MONTH', 'DAY', 'HOUR', 'MINUTE', 'DATETIME']
2026-07-03 05:34:14 | DEBUG    | get_file_path        | Generated file path: data/2026/07/2026-07-03.xlsx
2026-07-03 05:34:14 | INFO     | save_data            | Saving data to: data/2026/07/2026-07-03.xlsx
2026-07-03 05:34:14 | DEBUG    | _create_backup       | Backup created: data/2026/07/backups/2026-07-03_backup_20260703_053414.xlsx
2026-07-03 05:34:14 | DEBUG    | _cleanup_old_backups | Removed old backup: 2026-07-03_backup_20260703_050828.xlsx
2026-07-03 05:34:14 | DEBUG    | save_data            | Existing file found, merging data...
2026-07-03 05:34:16 | DEBUG    | save_data            | Loaded 15247 existing rows
2026-07-03 05:34:16 | DEBUG    | save_data            | Combined to 15712 rows
2026-07-03 05:34:16 | DEBUG    | save_data            | Writing to temporary file...
2026-07-03 05:34:19 | DEBUG    | save_data            | Data written to temp file: /home/runner/work/Thalorae-BackLioraen/Thalorae-BackLioraen/data/2026/07/tmp5repo3l5.xlsx
2026-07-03 05:34:19 | DEBUG    | save_data            | Temp file moved to final location
2026-07-03 05:34:19 | INFO     | save_data            | ✅ Data saved successfully (15712 total rows, 1,164,449 bytes)
2026-07-03 05:34:19 | INFO     | run                  | ======================================================================
2026-07-03 05:34:19 | INFO     | run                  | 📊 EXECUTION SUMMARY:
2026-07-03 05:34:19 | INFO     | run                  |    ✅ Status: SUCCESS
2026-07-03 05:34:19 | INFO     | run                  |    - Rows processed: 465
2026-07-03 05:34:19 | INFO     | run                  |    - Unique symbols: 465
2026-07-03 05:34:19 | INFO     | run                  |    - Timestamp: 2026-07-03 10:34:09
2026-07-03 05:34:19 | INFO     | run                  |    - File: data/2026/07/2026-07-03.xlsx
2026-07-03 05:34:19 | INFO     | run                  | ======================================================================
2026-07-03 05:34:19 | DEBUG    | run                  | Sample data (first row):
2026-07-03 05:34:19 | DEBUG    | run                  | {'SYMBOL': 'TPLRF1', 'SECTOR': 836, 'LDCP': 10.64, 'OPEN': 10.7, 'HIGH': 11.13, 'LOW': 10.5, 'CURRENT': 10.7, 'CHANGE': 0.06, 'CHANGE (%)': nan, 'VOLUME': 60771847, 'YEAR': 2026, 'MONTH': 7, 'DAY': 3, 'HOUR': 10, 'MINUTE': 34, 'DATETIME': '2026-07-03 10:34'}
2026-07-03 05:34:19 | DEBUG    | close                | Session closed
2026-07-03 05:39:19 | INFO     | run                  | ======================================================================
2026-07-03 05:39:19 | INFO     | run                  | 🚀 MARKET DATA SCRAPER - SINGLE EXECUTION
2026-07-03 05:39:19 | INFO     | run                  | ======================================================================
2026-07-03 05:39:19 | INFO     | run                  | Execution Time: 2026-07-03 10:39:19 PKT
2026-07-03 05:39:19 | INFO     | run                  | Configuration:
2026-07-03 05:39:19 | INFO     | run                  |    - Timezone: Asia/Karachi
2026-07-03 05:39:19 | INFO     | run                  |    - Data directory: data
2026-07-03 05:39:19 | INFO     | run                  |    - Log directory: logs
2026-07-03 05:39:19 | INFO     | run                  |    - Excluded symbols: {'XS', 'XD', 'XT', 'XR'}
2026-07-03 05:39:19 | INFO     | run                  | ======================================================================
2026-07-03 05:39:19 | INFO     | fetch_data           | Fetching data (Attempt 1/3)...
2026-07-03 05:39:19 | DEBUG    | fetch_data           | Establishing session with https://dps.psx.com.pk/
2026-07-03 05:39:22 | DEBUG    | fetch_data           | Requesting data from https://dps.psx.com.pk/market-watch
2026-07-03 05:39:23 | DEBUG    | fetch_data           | Response status: 200
2026-07-03 05:39:23 | DEBUG    | fetch_data           | Response content type: text/html; charset=utf-8
2026-07-03 05:39:23 | DEBUG    | fetch_data           | Response size: 448461 bytes
2026-07-03 05:39:23 | INFO     | fetch_data           | ✅ Data fetched successfully (Status: 200)
2026-07-03 05:39:23 | DEBUG    | parse_json           | Attempting JSON parsing...
2026-07-03 05:39:23 | DEBUG    | parse_json           | Response preview: <table class="tbl" data-page-length="25"><thead class="tbl__head"><!-- tr--><!--   th(colspan="11")--><!--   th.center(colspan="2", style="width: 110px;") TOTAL BUY ORDERS--><!--   th.center(colspan="2", style="width: 110px;") TOTAL SELL ORDERS--><tr><th data-name="symbol">SYMBOL</th><th data-name="sector">SECTOR</th><th data-name="listed">LISTED IN</th><th class="right" data-name="ldcp">LDCP</th><th class="right" data-name="open">OPEN</th><th class="right" data-name="high">HIGH</th><th class="r
2026-07-03 05:39:23 | WARNING  | parse_json           | ⚠️ JSON parsing failed: Expecting value: line 1 column 1 (char 0)
2026-07-03 05:39:23 | INFO     | run                  | JSON parsing failed, trying HTML fallback...
2026-07-03 05:39:23 | INFO     | parse_html           | Attempting HTML fallback parsing...
2026-07-03 05:39:24 | DEBUG    | parse_html           | Found 1 table(s) in HTML
2026-07-03 05:39:24 | DEBUG    | parse_html           | Table columns: ['SYMBOL', 'SECTOR', 'LISTED IN', 'LDCP', 'OPEN', 'HIGH', 'LOW', 'CURRENT', 'CHANGE', 'CHANGE (%)', 'VOLUME']
2026-07-03 05:39:24 | DEBUG    | parse_html           | Table shape: (468, 11)
2026-07-03 05:39:24 | INFO     | parse_html           | ✅ HTML parsed successfully (468 rows)
2026-07-03 05:39:24 | INFO     | clean_data           | Cleaning data...
2026-07-03 05:39:24 | DEBUG    | clean_data           | Initial shape: (468, 11)
2026-07-03 05:39:24 | DEBUG    | clean_data           | Initial columns: ['SYMBOL', 'SECTOR', 'LISTED IN', 'LDCP', 'OPEN', 'HIGH', 'LOW', 'CURRENT', 'CHANGE', 'CHANGE (%)', 'VOLUME']
2026-07-03 05:39:24 | DEBUG    | clean_data           | Removed 'LISTED IN' column
2026-07-03 05:39:24 | DEBUG    | clean_data           | Converted LDCP from float64 to numeric
2026-07-03 05:39:24 | DEBUG    | clean_data           | Converted OPEN from float64 to numeric
2026-07-03 05:39:24 | DEBUG    | clean_data           | Converted HIGH from float64 to numeric
2026-07-03 05:39:24 | DEBUG    | clean_data           | Converted LOW from float64 to numeric
2026-07-03 05:39:24 | DEBUG    | clean_data           | Converted CURRENT from float64 to numeric
2026-07-03 05:39:24 | DEBUG    | clean_data           | Converted CHANGE from float64 to numeric
2026-07-03 05:39:24 | WARNING  | clean_data           | Column CHANGE (%): 468 values could not be converted to numeric
2026-07-03 05:39:24 | DEBUG    | clean_data           | Converted CHANGE (%) from str to numeric
2026-07-03 05:39:24 | DEBUG    | clean_data           | Converted VOLUME from int64 to numeric
2026-07-03 05:39:24 | INFO     | clean_data           | ✅ Data cleaned (468 rows, 16 columns)
2026-07-03 05:39:24 | DEBUG    | clean_data           | Final columns: ['SYMBOL', 'SECTOR', 'LDCP', 'OPEN', 'HIGH', 'LOW', 'CURRENT', 'CHANGE', 'CHANGE (%)', 'VOLUME', 'YEAR', 'MONTH', 'DAY', 'HOUR', 'MINUTE', 'DATETIME']
2026-07-03 05:39:24 | DEBUG    | get_file_path        | Generated file path: data/2026/07/2026-07-03.xlsx
2026-07-03 05:39:24 | INFO     | save_data            | Saving data to: data/2026/07/2026-07-03.xlsx
2026-07-03 05:39:24 | DEBUG    | _create_backup       | Backup created: data/2026/07/backups/2026-07-03_backup_20260703_053924.xlsx
2026-07-03 05:39:24 | DEBUG    | _cleanup_old_backups | Removed old backup: 2026-07-03_backup_20260703_051337.xlsx
2026-07-03 05:39:24 | DEBUG    | save_data            | Existing file found, merging data...
2026-07-03 05:39:25 | DEBUG    | save_data            | Loaded 15712 existing rows
2026-07-03 05:39:25 | DEBUG    | save_data            | Combined to 16180 rows
2026-07-03 05:39:25 | DEBUG    | save_data            | Writing to temporary file...
2026-07-03 05:39:28 | DEBUG    | save_data            | Data written to temp file: /home/runner/work/Thalorae-BackLioraen/Thalorae-BackLioraen/data/2026/07/tmp57om6wly.xlsx
2026-07-03 05:39:28 | DEBUG    | save_data            | Temp file moved to final location
2026-07-03 05:39:28 | INFO     | save_data            | ✅ Data saved successfully (16180 total rows, 1,198,849 bytes)
2026-07-03 05:39:28 | INFO     | run                  | ======================================================================
2026-07-03 05:39:28 | INFO     | run                  | 📊 EXECUTION SUMMARY:
2026-07-03 05:39:28 | INFO     | run                  |    ✅ Status: SUCCESS
2026-07-03 05:39:28 | INFO     | run                  |    - Rows processed: 468
2026-07-03 05:39:28 | INFO     | run                  |    - Unique symbols: 468
2026-07-03 05:39:28 | INFO     | run                  |    - Timestamp: 2026-07-03 10:39:19
2026-07-03 05:39:28 | INFO     | run                  |    - File: data/2026/07/2026-07-03.xlsx
2026-07-03 05:39:28 | INFO     | run                  | ======================================================================
2026-07-03 05:39:28 | DEBUG    | run                  | Sample data (first row):
2026-07-03 05:39:28 | DEBUG    | run                  | {'SYMBOL': 'TPLRF1', 'SECTOR': 836, 'LDCP': 10.64, 'OPEN': 10.7, 'HIGH': 11.13, 'LOW': 10.5, 'CURRENT': 10.69, 'CHANGE': 0.05, 'CHANGE (%)': nan, 'VOLUME': 60904447, 'YEAR': 2026, 'MONTH': 7, 'DAY': 3, 'HOUR': 10, 'MINUTE': 39, 'DATETIME': '2026-07-03 10:39'}
2026-07-03 05:39:28 | DEBUG    | close                | Session closed
2026-07-03 05:44:29 | INFO     | run                  | ======================================================================
2026-07-03 05:44:29 | INFO     | run                  | 🚀 MARKET DATA SCRAPER - SINGLE EXECUTION
2026-07-03 05:44:29 | INFO     | run                  | ======================================================================
2026-07-03 05:44:29 | INFO     | run                  | Execution Time: 2026-07-03 10:44:29 PKT
2026-07-03 05:44:29 | INFO     | run                  | Configuration:
2026-07-03 05:44:29 | INFO     | run                  |    - Timezone: Asia/Karachi
2026-07-03 05:44:29 | INFO     | run                  |    - Data directory: data
2026-07-03 05:44:29 | INFO     | run                  |    - Log directory: logs
2026-07-03 05:44:29 | INFO     | run                  |    - Excluded symbols: {'XD', 'XR', 'XS', 'XT'}
2026-07-03 05:44:29 | INFO     | run                  | ======================================================================
2026-07-03 05:44:29 | INFO     | fetch_data           | Fetching data (Attempt 1/3)...
2026-07-03 05:44:29 | DEBUG    | fetch_data           | Establishing session with https://dps.psx.com.pk/
2026-07-03 05:44:33 | DEBUG    | fetch_data           | Requesting data from https://dps.psx.com.pk/market-watch
2026-07-03 05:44:34 | DEBUG    | fetch_data           | Response status: 200
2026-07-03 05:44:34 | DEBUG    | fetch_data           | Response content type: text/html; charset=utf-8
2026-07-03 05:44:34 | DEBUG    | fetch_data           | Response size: 451441 bytes
2026-07-03 05:44:34 | INFO     | fetch_data           | ✅ Data fetched successfully (Status: 200)
2026-07-03 05:44:34 | DEBUG    | parse_json           | Attempting JSON parsing...
2026-07-03 05:44:34 | DEBUG    | parse_json           | Response preview: <table class="tbl" data-page-length="25"><thead class="tbl__head"><!-- tr--><!--   th(colspan="11")--><!--   th.center(colspan="2", style="width: 110px;") TOTAL BUY ORDERS--><!--   th.center(colspan="2", style="width: 110px;") TOTAL SELL ORDERS--><tr><th data-name="symbol">SYMBOL</th><th data-name="sector">SECTOR</th><th data-name="listed">LISTED IN</th><th class="right" data-name="ldcp">LDCP</th><th class="right" data-name="open">OPEN</th><th class="right" data-name="high">HIGH</th><th class="r
2026-07-03 05:44:34 | WARNING  | parse_json           | ⚠️ JSON parsing failed: Expecting value: line 1 column 1 (char 0)
2026-07-03 05:44:34 | INFO     | run                  | JSON parsing failed, trying HTML fallback...
2026-07-03 05:44:34 | INFO     | parse_html           | Attempting HTML fallback parsing...
2026-07-03 05:44:34 | DEBUG    | parse_html           | Found 1 table(s) in HTML
2026-07-03 05:44:34 | DEBUG    | parse_html           | Table columns: ['SYMBOL', 'SECTOR', 'LISTED IN', 'LDCP', 'OPEN', 'HIGH', 'LOW', 'CURRENT', 'CHANGE', 'CHANGE (%)', 'VOLUME']
2026-07-03 05:44:34 | DEBUG    | parse_html           | Table shape: (471, 11)
2026-07-03 05:44:34 | INFO     | parse_html           | ✅ HTML parsed successfully (471 rows)
2026-07-03 05:44:34 | INFO     | clean_data           | Cleaning data...
2026-07-03 05:44:34 | DEBUG    | clean_data           | Initial shape: (471, 11)
2026-07-03 05:44:34 | DEBUG    | clean_data           | Initial columns: ['SYMBOL', 'SECTOR', 'LISTED IN', 'LDCP', 'OPEN', 'HIGH', 'LOW', 'CURRENT', 'CHANGE', 'CHANGE (%)', 'VOLUME']
2026-07-03 05:44:34 | DEBUG    | clean_data           | Removed 'LISTED IN' column
2026-07-03 05:44:34 | DEBUG    | clean_data           | Converted LDCP from float64 to numeric
2026-07-03 05:44:34 | DEBUG    | clean_data           | Converted OPEN from float64 to numeric
2026-07-03 05:44:34 | DEBUG    | clean_data           | Converted HIGH from float64 to numeric
2026-07-03 05:44:34 | DEBUG    | clean_data           | Converted LOW from float64 to numeric
2026-07-03 05:44:34 | DEBUG    | clean_data           | Converted CURRENT from float64 to numeric
2026-07-03 05:44:34 | DEBUG    | clean_data           | Converted CHANGE from float64 to numeric
2026-07-03 05:44:34 | WARNING  | clean_data           | Column CHANGE (%): 471 values could not be converted to numeric
2026-07-03 05:44:34 | DEBUG    | clean_data           | Converted CHANGE (%) from str to numeric
2026-07-03 05:44:34 | DEBUG    | clean_data           | Converted VOLUME from int64 to numeric
2026-07-03 05:44:34 | INFO     | clean_data           | ✅ Data cleaned (471 rows, 16 columns)
2026-07-03 05:44:34 | DEBUG    | clean_data           | Final columns: ['SYMBOL', 'SECTOR', 'LDCP', 'OPEN', 'HIGH', 'LOW', 'CURRENT', 'CHANGE', 'CHANGE (%)', 'VOLUME', 'YEAR', 'MONTH', 'DAY', 'HOUR', 'MINUTE', 'DATETIME']
2026-07-03 05:44:34 | DEBUG    | get_file_path        | Generated file path: data/2026/07/2026-07-03.xlsx
2026-07-03 05:44:34 | INFO     | save_data            | Saving data to: data/2026/07/2026-07-03.xlsx
2026-07-03 05:44:34 | DEBUG    | _create_backup       | Backup created: data/2026/07/backups/2026-07-03_backup_20260703_054434.xlsx
2026-07-03 05:44:34 | DEBUG    | _cleanup_old_backups | Removed old backup: 2026-07-03_backup_20260703_051846.xlsx
2026-07-03 05:44:34 | DEBUG    | save_data            | Existing file found, merging data...
2026-07-03 05:44:36 | DEBUG    | save_data            | Loaded 16180 existing rows
2026-07-03 05:44:36 | DEBUG    | save_data            | Combined to 16651 rows
2026-07-03 05:44:36 | DEBUG    | save_data            | Writing to temporary file...
2026-07-03 05:44:39 | DEBUG    | save_data            | Data written to temp file: /home/runner/work/Thalorae-BackLioraen/Thalorae-BackLioraen/data/2026/07/tmp5c1yi2vj.xlsx
2026-07-03 05:44:39 | DEBUG    | save_data            | Temp file moved to final location
2026-07-03 05:44:39 | INFO     | save_data            | ✅ Data saved successfully (16651 total rows, 1,233,502 bytes)
2026-07-03 05:44:39 | INFO     | run                  | ======================================================================
2026-07-03 05:44:39 | INFO     | run                  | 📊 EXECUTION SUMMARY:
2026-07-03 05:44:39 | INFO     | run                  |    ✅ Status: SUCCESS
2026-07-03 05:44:39 | INFO     | run                  |    - Rows processed: 471
2026-07-03 05:44:39 | INFO     | run                  |    - Unique symbols: 471
2026-07-03 05:44:39 | INFO     | run                  |    - Timestamp: 2026-07-03 10:44:29
2026-07-03 05:44:39 | INFO     | run                  |    - File: data/2026/07/2026-07-03.xlsx
2026-07-03 05:44:39 | INFO     | run                  | ======================================================================
2026-07-03 05:44:39 | DEBUG    | run                  | Sample data (first row):
2026-07-03 05:44:39 | DEBUG    | run                  | {'SYMBOL': 'TPLRF1', 'SECTOR': 836, 'LDCP': 10.64, 'OPEN': 10.7, 'HIGH': 11.13, 'LOW': 10.5, 'CURRENT': 10.63, 'CHANGE': -0.01, 'CHANGE (%)': nan, 'VOLUME': 60947333, 'YEAR': 2026, 'MONTH': 7, 'DAY': 3, 'HOUR': 10, 'MINUTE': 44, 'DATETIME': '2026-07-03 10:44'}
2026-07-03 05:44:39 | DEBUG    | close                | Session closed
2026-07-03 05:49:39 | INFO     | run                  | ======================================================================
2026-07-03 05:49:39 | INFO     | run                  | 🚀 MARKET DATA SCRAPER - SINGLE EXECUTION
2026-07-03 05:49:39 | INFO     | run                  | ======================================================================
2026-07-03 05:49:39 | INFO     | run                  | Execution Time: 2026-07-03 10:49:39 PKT
2026-07-03 05:49:39 | INFO     | run                  | Configuration:
2026-07-03 05:49:39 | INFO     | run                  |    - Timezone: Asia/Karachi
2026-07-03 05:49:39 | INFO     | run                  |    - Data directory: data
2026-07-03 05:49:39 | INFO     | run                  |    - Log directory: logs
2026-07-03 05:49:39 | INFO     | run                  |    - Excluded symbols: {'XS', 'XR', 'XD', 'XT'}
2026-07-03 05:49:39 | INFO     | run                  | ======================================================================
2026-07-03 05:49:39 | INFO     | fetch_data           | Fetching data (Attempt 1/3)...
2026-07-03 05:49:39 | DEBUG    | fetch_data           | Establishing session with https://dps.psx.com.pk/
2026-07-03 05:49:43 | DEBUG    | fetch_data           | Requesting data from https://dps.psx.com.pk/market-watch
2026-07-03 05:49:45 | DEBUG    | fetch_data           | Response status: 200
2026-07-03 05:49:45 | DEBUG    | fetch_data           | Response content type: text/html; charset=utf-8
2026-07-03 05:49:45 | DEBUG    | fetch_data           | Response size: 453404 bytes
2026-07-03 05:49:45 | INFO     | fetch_data           | ✅ Data fetched successfully (Status: 200)
2026-07-03 05:49:45 | DEBUG    | parse_json           | Attempting JSON parsing...
2026-07-03 05:49:45 | DEBUG    | parse_json           | Response preview: <table class="tbl" data-page-length="25"><thead class="tbl__head"><!-- tr--><!--   th(colspan="11")--><!--   th.center(colspan="2", style="width: 110px;") TOTAL BUY ORDERS--><!--   th.center(colspan="2", style="width: 110px;") TOTAL SELL ORDERS--><tr><th data-name="symbol">SYMBOL</th><th data-name="sector">SECTOR</th><th data-name="listed">LISTED IN</th><th class="right" data-name="ldcp">LDCP</th><th class="right" data-name="open">OPEN</th><th class="right" data-name="high">HIGH</th><th class="r
2026-07-03 05:49:45 | WARNING  | parse_json           | ⚠️ JSON parsing failed: Expecting value: line 1 column 1 (char 0)
2026-07-03 05:49:45 | INFO     | run                  | JSON parsing failed, trying HTML fallback...
2026-07-03 05:49:45 | INFO     | parse_html           | Attempting HTML fallback parsing...
2026-07-03 05:49:45 | DEBUG    | parse_html           | Found 1 table(s) in HTML
2026-07-03 05:49:45 | DEBUG    | parse_html           | Table columns: ['SYMBOL', 'SECTOR', 'LISTED IN', 'LDCP', 'OPEN', 'HIGH', 'LOW', 'CURRENT', 'CHANGE', 'CHANGE (%)', 'VOLUME']
2026-07-03 05:49:45 | DEBUG    | parse_html           | Table shape: (473, 11)
2026-07-03 05:49:45 | INFO     | parse_html           | ✅ HTML parsed successfully (473 rows)
2026-07-03 05:49:45 | INFO     | clean_data           | Cleaning data...
2026-07-03 05:49:45 | DEBUG    | clean_data           | Initial shape: (473, 11)
2026-07-03 05:49:45 | DEBUG    | clean_data           | Initial columns: ['SYMBOL', 'SECTOR', 'LISTED IN', 'LDCP', 'OPEN', 'HIGH', 'LOW', 'CURRENT', 'CHANGE', 'CHANGE (%)', 'VOLUME']
2026-07-03 05:49:45 | DEBUG    | clean_data           | Removed 'LISTED IN' column
2026-07-03 05:49:45 | DEBUG    | clean_data           | Converted LDCP from float64 to numeric
2026-07-03 05:49:45 | DEBUG    | clean_data           | Converted OPEN from float64 to numeric
2026-07-03 05:49:45 | DEBUG    | clean_data           | Converted HIGH from float64 to numeric
2026-07-03 05:49:45 | DEBUG    | clean_data           | Converted LOW from float64 to numeric
2026-07-03 05:49:45 | DEBUG    | clean_data           | Converted CURRENT from float64 to numeric
2026-07-03 05:49:45 | DEBUG    | clean_data           | Converted CHANGE from float64 to numeric
2026-07-03 05:49:45 | WARNING  | clean_data           | Column CHANGE (%): 473 values could not be converted to numeric
2026-07-03 05:49:45 | DEBUG    | clean_data           | Converted CHANGE (%) from str to numeric
2026-07-03 05:49:45 | DEBUG    | clean_data           | Converted VOLUME from int64 to numeric
2026-07-03 05:49:45 | INFO     | clean_data           | ✅ Data cleaned (473 rows, 16 columns)
2026-07-03 05:49:45 | DEBUG    | clean_data           | Final columns: ['SYMBOL', 'SECTOR', 'LDCP', 'OPEN', 'HIGH', 'LOW', 'CURRENT', 'CHANGE', 'CHANGE (%)', 'VOLUME', 'YEAR', 'MONTH', 'DAY', 'HOUR', 'MINUTE', 'DATETIME']
2026-07-03 05:49:45 | DEBUG    | get_file_path        | Generated file path: data/2026/07/2026-07-03.xlsx
2026-07-03 05:49:45 | INFO     | save_data            | Saving data to: data/2026/07/2026-07-03.xlsx
2026-07-03 05:49:45 | DEBUG    | _create_backup       | Backup created: data/2026/07/backups/2026-07-03_backup_20260703_054945.xlsx
2026-07-03 05:49:45 | DEBUG    | _cleanup_old_backups | Removed old backup: 2026-07-03_backup_20260703_052356.xlsx
2026-07-03 05:49:45 | DEBUG    | save_data            | Existing file found, merging data...
2026-07-03 05:49:47 | DEBUG    | save_data            | Loaded 16651 existing rows
2026-07-03 05:49:47 | DEBUG    | save_data            | Combined to 17124 rows
2026-07-03 05:49:47 | DEBUG    | save_data            | Writing to temporary file...
2026-07-03 05:49:50 | DEBUG    | save_data            | Data written to temp file: /home/runner/work/Thalorae-BackLioraen/Thalorae-BackLioraen/data/2026/07/tmp2ckjfsog.xlsx
2026-07-03 05:49:50 | DEBUG    | save_data            | Temp file moved to final location
2026-07-03 05:49:50 | INFO     | save_data            | ✅ Data saved successfully (17124 total rows, 1,268,402 bytes)
2026-07-03 05:49:50 | INFO     | run                  | ======================================================================
2026-07-03 05:49:50 | INFO     | run                  | 📊 EXECUTION SUMMARY:
2026-07-03 05:49:50 | INFO     | run                  |    ✅ Status: SUCCESS
2026-07-03 05:49:50 | INFO     | run                  |    - Rows processed: 473
2026-07-03 05:49:50 | INFO     | run                  |    - Unique symbols: 473
2026-07-03 05:49:50 | INFO     | run                  |    - Timestamp: 2026-07-03 10:49:39
2026-07-03 05:49:50 | INFO     | run                  |    - File: data/2026/07/2026-07-03.xlsx
2026-07-03 05:49:50 | INFO     | run                  | ======================================================================
2026-07-03 05:49:50 | DEBUG    | run                  | Sample data (first row):
2026-07-03 05:49:50 | DEBUG    | run                  | {'SYMBOL': 'TPLRF1', 'SECTOR': 836, 'LDCP': 10.64, 'OPEN': 10.7, 'HIGH': 11.13, 'LOW': 10.5, 'CURRENT': 10.68, 'CHANGE': 0.04, 'CHANGE (%)': nan, 'VOLUME': 60976165, 'YEAR': 2026, 'MONTH': 7, 'DAY': 3, 'HOUR': 10, 'MINUTE': 49, 'DATETIME': '2026-07-03 10:49'}
2026-07-03 05:49:50 | DEBUG    | close                | Session closed
2026-07-03 05:54:50 | INFO     | run                  | ======================================================================
2026-07-03 05:54:50 | INFO     | run                  | 🚀 MARKET DATA SCRAPER - SINGLE EXECUTION
2026-07-03 05:54:50 | INFO     | run                  | ======================================================================
2026-07-03 05:54:50 | INFO     | run                  | Execution Time: 2026-07-03 10:54:50 PKT
2026-07-03 05:54:50 | INFO     | run                  | Configuration:
2026-07-03 05:54:50 | INFO     | run                  |    - Timezone: Asia/Karachi
2026-07-03 05:54:50 | INFO     | run                  |    - Data directory: data
2026-07-03 05:54:50 | INFO     | run                  |    - Log directory: logs
2026-07-03 05:54:50 | INFO     | run                  |    - Excluded symbols: {'XD', 'XT', 'XR', 'XS'}
2026-07-03 05:54:50 | INFO     | run                  | ======================================================================
2026-07-03 05:54:50 | INFO     | fetch_data           | Fetching data (Attempt 1/3)...
2026-07-03 05:54:50 | DEBUG    | fetch_data           | Establishing session with https://dps.psx.com.pk/
2026-07-03 05:54:54 | DEBUG    | fetch_data           | Requesting data from https://dps.psx.com.pk/market-watch
2026-07-03 05:54:56 | DEBUG    | fetch_data           | Response status: 200
2026-07-03 05:54:56 | DEBUG    | fetch_data           | Response content type: text/html; charset=utf-8
2026-07-03 05:54:56 | DEBUG    | fetch_data           | Response size: 454313 bytes
2026-07-03 05:54:56 | INFO     | fetch_data           | ✅ Data fetched successfully (Status: 200)
2026-07-03 05:54:56 | DEBUG    | parse_json           | Attempting JSON parsing...
2026-07-03 05:54:56 | DEBUG    | parse_json           | Response preview: <table class="tbl" data-page-length="25"><thead class="tbl__head"><!-- tr--><!--   th(colspan="11")--><!--   th.center(colspan="2", style="width: 110px;") TOTAL BUY ORDERS--><!--   th.center(colspan="2", style="width: 110px;") TOTAL SELL ORDERS--><tr><th data-name="symbol">SYMBOL</th><th data-name="sector">SECTOR</th><th data-name="listed">LISTED IN</th><th class="right" data-name="ldcp">LDCP</th><th class="right" data-name="open">OPEN</th><th class="right" data-name="high">HIGH</th><th class="r
2026-07-03 05:54:56 | WARNING  | parse_json           | ⚠️ JSON parsing failed: Expecting value: line 1 column 1 (char 0)
2026-07-03 05:54:56 | INFO     | run                  | JSON parsing failed, trying HTML fallback...
2026-07-03 05:54:56 | INFO     | parse_html           | Attempting HTML fallback parsing...
2026-07-03 05:54:56 | DEBUG    | parse_html           | Found 1 table(s) in HTML
2026-07-03 05:54:56 | DEBUG    | parse_html           | Table columns: ['SYMBOL', 'SECTOR', 'LISTED IN', 'LDCP', 'OPEN', 'HIGH', 'LOW', 'CURRENT', 'CHANGE', 'CHANGE (%)', 'VOLUME']
2026-07-03 05:54:56 | DEBUG    | parse_html           | Table shape: (474, 11)
2026-07-03 05:54:56 | INFO     | parse_html           | ✅ HTML parsed successfully (474 rows)
2026-07-03 05:54:56 | INFO     | clean_data           | Cleaning data...
2026-07-03 05:54:56 | DEBUG    | clean_data           | Initial shape: (474, 11)
2026-07-03 05:54:56 | DEBUG    | clean_data           | Initial columns: ['SYMBOL', 'SECTOR', 'LISTED IN', 'LDCP', 'OPEN', 'HIGH', 'LOW', 'CURRENT', 'CHANGE', 'CHANGE (%)', 'VOLUME']
2026-07-03 05:54:56 | DEBUG    | clean_data           | Removed 'LISTED IN' column
2026-07-03 05:54:56 | DEBUG    | clean_data           | Converted LDCP from float64 to numeric
2026-07-03 05:54:56 | DEBUG    | clean_data           | Converted OPEN from float64 to numeric
2026-07-03 05:54:56 | DEBUG    | clean_data           | Converted HIGH from float64 to numeric
2026-07-03 05:54:56 | DEBUG    | clean_data           | Converted LOW from float64 to numeric
2026-07-03 05:54:56 | DEBUG    | clean_data           | Converted CURRENT from float64 to numeric
2026-07-03 05:54:56 | DEBUG    | clean_data           | Converted CHANGE from float64 to numeric
2026-07-03 05:54:56 | WARNING  | clean_data           | Column CHANGE (%): 474 values could not be converted to numeric
2026-07-03 05:54:56 | DEBUG    | clean_data           | Converted CHANGE (%) from str to numeric
2026-07-03 05:54:56 | DEBUG    | clean_data           | Converted VOLUME from int64 to numeric
2026-07-03 05:54:56 | INFO     | clean_data           | ✅ Data cleaned (474 rows, 16 columns)
2026-07-03 05:54:56 | DEBUG    | clean_data           | Final columns: ['SYMBOL', 'SECTOR', 'LDCP', 'OPEN', 'HIGH', 'LOW', 'CURRENT', 'CHANGE', 'CHANGE (%)', 'VOLUME', 'YEAR', 'MONTH', 'DAY', 'HOUR', 'MINUTE', 'DATETIME']
2026-07-03 05:54:56 | DEBUG    | get_file_path        | Generated file path: data/2026/07/2026-07-03.xlsx
2026-07-03 05:54:56 | INFO     | save_data            | Saving data to: data/2026/07/2026-07-03.xlsx
2026-07-03 05:54:56 | DEBUG    | _create_backup       | Backup created: data/2026/07/backups/2026-07-03_backup_20260703_055456.xlsx
2026-07-03 05:54:56 | DEBUG    | _cleanup_old_backups | Removed old backup: 2026-07-03_backup_20260703_052904.xlsx
2026-07-03 05:54:56 | DEBUG    | save_data            | Existing file found, merging data...
2026-07-03 05:54:58 | DEBUG    | save_data            | Loaded 17124 existing rows
2026-07-03 05:54:58 | DEBUG    | save_data            | Combined to 17598 rows
2026-07-03 05:54:58 | DEBUG    | save_data            | Writing to temporary file...
2026-07-03 05:55:01 | DEBUG    | save_data            | Data written to temp file: /home/runner/work/Thalorae-BackLioraen/Thalorae-BackLioraen/data/2026/07/tmpc3qpvm_m.xlsx
2026-07-03 05:55:01 | DEBUG    | save_data            | Temp file moved to final location
2026-07-03 05:55:01 | INFO     | save_data            | ✅ Data saved successfully (17598 total rows, 1,303,383 bytes)
2026-07-03 05:55:01 | INFO     | run                  | ======================================================================
2026-07-03 05:55:01 | INFO     | run                  | 📊 EXECUTION SUMMARY:
2026-07-03 05:55:01 | INFO     | run                  |    ✅ Status: SUCCESS
2026-07-03 05:55:01 | INFO     | run                  |    - Rows processed: 474
2026-07-03 05:55:01 | INFO     | run                  |    - Unique symbols: 474
2026-07-03 05:55:01 | INFO     | run                  |    - Timestamp: 2026-07-03 10:54:50
2026-07-03 05:55:01 | INFO     | run                  |    - File: data/2026/07/2026-07-03.xlsx
2026-07-03 05:55:01 | INFO     | run                  | ======================================================================
2026-07-03 05:55:01 | DEBUG    | run                  | Sample data (first row):
2026-07-03 05:55:01 | DEBUG    | run                  | {'SYMBOL': 'TPLRF1', 'SECTOR': 836, 'LDCP': 10.64, 'OPEN': 10.7, 'HIGH': 11.13, 'LOW': 10.5, 'CURRENT': 10.7, 'CHANGE': 0.06, 'CHANGE (%)': nan, 'VOLUME': 61121205, 'YEAR': 2026, 'MONTH': 7, 'DAY': 3, 'HOUR': 10, 'MINUTE': 54, 'DATETIME': '2026-07-03 10:54'}
2026-07-03 05:55:01 | DEBUG    | close                | Session closed
2026-07-03 06:00:02 | INFO     | run                  | ======================================================================
2026-07-03 06:00:02 | INFO     | run                  | 🚀 MARKET DATA SCRAPER - SINGLE EXECUTION
2026-07-03 06:00:02 | INFO     | run                  | ======================================================================
2026-07-03 06:00:02 | INFO     | run                  | Execution Time: 2026-07-03 11:00:02 PKT
2026-07-03 06:00:02 | INFO     | run                  | Configuration:
2026-07-03 06:00:02 | INFO     | run                  |    - Timezone: Asia/Karachi
2026-07-03 06:00:02 | INFO     | run                  |    - Data directory: data
2026-07-03 06:00:02 | INFO     | run                  |    - Log directory: logs
2026-07-03 06:00:02 | INFO     | run                  |    - Excluded symbols: {'XS', 'XT', 'XR', 'XD'}
2026-07-03 06:00:02 | INFO     | run                  | ======================================================================
2026-07-03 06:00:02 | INFO     | fetch_data           | Fetching data (Attempt 1/3)...
2026-07-03 06:00:02 | DEBUG    | fetch_data           | Establishing session with https://dps.psx.com.pk/
2026-07-03 06:00:05 | DEBUG    | fetch_data           | Requesting data from https://dps.psx.com.pk/market-watch
2026-07-03 06:00:08 | DEBUG    | fetch_data           | Response status: 200
2026-07-03 06:00:08 | DEBUG    | fetch_data           | Response content type: text/html; charset=utf-8
2026-07-03 06:00:08 | DEBUG    | fetch_data           | Response size: 456339 bytes
2026-07-03 06:00:08 | INFO     | fetch_data           | ✅ Data fetched successfully (Status: 200)
2026-07-03 06:00:08 | DEBUG    | parse_json           | Attempting JSON parsing...
2026-07-03 06:00:08 | DEBUG    | parse_json           | Response preview: <table class="tbl" data-page-length="25"><thead class="tbl__head"><!-- tr--><!--   th(colspan="11")--><!--   th.center(colspan="2", style="width: 110px;") TOTAL BUY ORDERS--><!--   th.center(colspan="2", style="width: 110px;") TOTAL SELL ORDERS--><tr><th data-name="symbol">SYMBOL</th><th data-name="sector">SECTOR</th><th data-name="listed">LISTED IN</th><th class="right" data-name="ldcp">LDCP</th><th class="right" data-name="open">OPEN</th><th class="right" data-name="high">HIGH</th><th class="r
2026-07-03 06:00:08 | WARNING  | parse_json           | ⚠️ JSON parsing failed: Expecting value: line 1 column 1 (char 0)
2026-07-03 06:00:08 | INFO     | run                  | JSON parsing failed, trying HTML fallback...
2026-07-03 06:00:08 | INFO     | parse_html           | Attempting HTML fallback parsing...
2026-07-03 06:00:08 | DEBUG    | parse_html           | Found 1 table(s) in HTML
2026-07-03 06:00:08 | DEBUG    | parse_html           | Table columns: ['SYMBOL', 'SECTOR', 'LISTED IN', 'LDCP', 'OPEN', 'HIGH', 'LOW', 'CURRENT', 'CHANGE', 'CHANGE (%)', 'VOLUME']
2026-07-03 06:00:08 | DEBUG    | parse_html           | Table shape: (476, 11)
2026-07-03 06:00:08 | INFO     | parse_html           | ✅ HTML parsed successfully (476 rows)
2026-07-03 06:00:08 | INFO     | clean_data           | Cleaning data...
2026-07-03 06:00:08 | DEBUG    | clean_data           | Initial shape: (476, 11)
2026-07-03 06:00:08 | DEBUG    | clean_data           | Initial columns: ['SYMBOL', 'SECTOR', 'LISTED IN', 'LDCP', 'OPEN', 'HIGH', 'LOW', 'CURRENT', 'CHANGE', 'CHANGE (%)', 'VOLUME']
2026-07-03 06:00:08 | DEBUG    | clean_data           | Removed 'LISTED IN' column
2026-07-03 06:00:08 | DEBUG    | clean_data           | Converted LDCP from float64 to numeric
2026-07-03 06:00:08 | DEBUG    | clean_data           | Converted OPEN from float64 to numeric
2026-07-03 06:00:08 | DEBUG    | clean_data           | Converted HIGH from float64 to numeric
2026-07-03 06:00:08 | DEBUG    | clean_data           | Converted LOW from float64 to numeric
2026-07-03 06:00:08 | DEBUG    | clean_data           | Converted CURRENT from float64 to numeric
2026-07-03 06:00:08 | DEBUG    | clean_data           | Converted CHANGE from float64 to numeric
2026-07-03 06:00:08 | WARNING  | clean_data           | Column CHANGE (%): 476 values could not be converted to numeric
2026-07-03 06:00:08 | DEBUG    | clean_data           | Converted CHANGE (%) from str to numeric
2026-07-03 06:00:08 | DEBUG    | clean_data           | Converted VOLUME from int64 to numeric
2026-07-03 06:00:08 | INFO     | clean_data           | ✅ Data cleaned (476 rows, 16 columns)
2026-07-03 06:00:08 | DEBUG    | clean_data           | Final columns: ['SYMBOL', 'SECTOR', 'LDCP', 'OPEN', 'HIGH', 'LOW', 'CURRENT', 'CHANGE', 'CHANGE (%)', 'VOLUME', 'YEAR', 'MONTH', 'DAY', 'HOUR', 'MINUTE', 'DATETIME']
2026-07-03 06:00:08 | DEBUG    | get_file_path        | Generated file path: data/2026/07/2026-07-03.xlsx
2026-07-03 06:00:08 | INFO     | save_data            | Saving data to: data/2026/07/2026-07-03.xlsx
2026-07-03 06:00:08 | DEBUG    | _create_backup       | Backup created: data/2026/07/backups/2026-07-03_backup_20260703_060008.xlsx
2026-07-03 06:00:08 | DEBUG    | _cleanup_old_backups | Removed old backup: 2026-07-03_backup_20260703_053414.xlsx
2026-07-03 06:00:08 | DEBUG    | save_data            | Existing file found, merging data...
2026-07-03 06:00:10 | DEBUG    | save_data            | Loaded 17598 existing rows
2026-07-03 06:00:10 | DEBUG    | save_data            | Combined to 18074 rows
2026-07-03 06:00:10 | DEBUG    | save_data            | Writing to temporary file...
2026-07-03 06:00:13 | DEBUG    | save_data            | Data written to temp file: /home/runner/work/Thalorae-BackLioraen/Thalorae-BackLioraen/data/2026/07/tmpc3ru_b2b.xlsx
2026-07-03 06:00:13 | DEBUG    | save_data            | Temp file moved to final location
2026-07-03 06:00:13 | INFO     | save_data            | ✅ Data saved successfully (18074 total rows, 1,338,672 bytes)
2026-07-03 06:00:13 | INFO     | run                  | ======================================================================
2026-07-03 06:00:13 | INFO     | run                  | 📊 EXECUTION SUMMARY:
2026-07-03 06:00:13 | INFO     | run                  |    ✅ Status: SUCCESS
2026-07-03 06:00:13 | INFO     | run                  |    - Rows processed: 476
2026-07-03 06:00:13 | INFO     | run                  |    - Unique symbols: 476
2026-07-03 06:00:13 | INFO     | run                  |    - Timestamp: 2026-07-03 11:00:02
2026-07-03 06:00:13 | INFO     | run                  |    - File: data/2026/07/2026-07-03.xlsx
2026-07-03 06:00:13 | INFO     | run                  | ======================================================================
2026-07-03 06:00:13 | DEBUG    | run                  | Sample data (first row):
2026-07-03 06:00:13 | DEBUG    | run                  | {'SYMBOL': 'TPLRF1', 'SECTOR': 836, 'LDCP': 10.64, 'OPEN': 10.7, 'HIGH': 11.13, 'LOW': 10.5, 'CURRENT': 10.7, 'CHANGE': 0.06, 'CHANGE (%)': nan, 'VOLUME': 61173887, 'YEAR': 2026, 'MONTH': 7, 'DAY': 3, 'HOUR': 11, 'MINUTE': 0, 'DATETIME': '2026-07-03 11:00'}
2026-07-03 06:00:13 | DEBUG    | close                | Session closed
2026-07-03 06:05:14 | INFO     | run                  | ======================================================================
2026-07-03 06:05:14 | INFO     | run                  | 🚀 MARKET DATA SCRAPER - SINGLE EXECUTION
2026-07-03 06:05:14 | INFO     | run                  | ======================================================================
2026-07-03 06:05:14 | INFO     | run                  | Execution Time: 2026-07-03 11:05:14 PKT
2026-07-03 06:05:14 | INFO     | run                  | Configuration:
2026-07-03 06:05:14 | INFO     | run                  |    - Timezone: Asia/Karachi
2026-07-03 06:05:14 | INFO     | run                  |    - Data directory: data
2026-07-03 06:05:14 | INFO     | run                  |    - Log directory: logs
2026-07-03 06:05:14 | INFO     | run                  |    - Excluded symbols: {'XR', 'XD', 'XT', 'XS'}
2026-07-03 06:05:14 | INFO     | run                  | ======================================================================
2026-07-03 06:05:14 | INFO     | fetch_data           | Fetching data (Attempt 1/3)...
2026-07-03 06:05:14 | DEBUG    | fetch_data           | Establishing session with https://dps.psx.com.pk/
2026-07-03 06:05:17 | DEBUG    | fetch_data           | Requesting data from https://dps.psx.com.pk/market-watch
2026-07-03 06:05:18 | DEBUG    | fetch_data           | Response status: 200
2026-07-03 06:05:18 | DEBUG    | fetch_data           | Response content type: text/html; charset=utf-8
2026-07-03 06:05:18 | DEBUG    | fetch_data           | Response size: 457410 bytes
2026-07-03 06:05:18 | INFO     | fetch_data           | ✅ Data fetched successfully (Status: 200)
2026-07-03 06:05:18 | DEBUG    | parse_json           | Attempting JSON parsing...
2026-07-03 06:05:18 | DEBUG    | parse_json           | Response preview: <table class="tbl" data-page-length="25"><thead class="tbl__head"><!-- tr--><!--   th(colspan="11")--><!--   th.center(colspan="2", style="width: 110px;") TOTAL BUY ORDERS--><!--   th.center(colspan="2", style="width: 110px;") TOTAL SELL ORDERS--><tr><th data-name="symbol">SYMBOL</th><th data-name="sector">SECTOR</th><th data-name="listed">LISTED IN</th><th class="right" data-name="ldcp">LDCP</th><th class="right" data-name="open">OPEN</th><th class="right" data-name="high">HIGH</th><th class="r
2026-07-03 06:05:18 | WARNING  | parse_json           | ⚠️ JSON parsing failed: Expecting value: line 1 column 1 (char 0)
2026-07-03 06:05:18 | INFO     | run                  | JSON parsing failed, trying HTML fallback...
2026-07-03 06:05:18 | INFO     | parse_html           | Attempting HTML fallback parsing...
2026-07-03 06:05:18 | DEBUG    | parse_html           | Found 1 table(s) in HTML
2026-07-03 06:05:18 | DEBUG    | parse_html           | Table columns: ['SYMBOL', 'SECTOR', 'LISTED IN', 'LDCP', 'OPEN', 'HIGH', 'LOW', 'CURRENT', 'CHANGE', 'CHANGE (%)', 'VOLUME']
2026-07-03 06:05:18 | DEBUG    | parse_html           | Table shape: (477, 11)
2026-07-03 06:05:18 | INFO     | parse_html           | ✅ HTML parsed successfully (477 rows)
2026-07-03 06:05:18 | INFO     | clean_data           | Cleaning data...
2026-07-03 06:05:18 | DEBUG    | clean_data           | Initial shape: (477, 11)
2026-07-03 06:05:18 | DEBUG    | clean_data           | Initial columns: ['SYMBOL', 'SECTOR', 'LISTED IN', 'LDCP', 'OPEN', 'HIGH', 'LOW', 'CURRENT', 'CHANGE', 'CHANGE (%)', 'VOLUME']
2026-07-03 06:05:18 | DEBUG    | clean_data           | Removed 'LISTED IN' column
2026-07-03 06:05:18 | DEBUG    | clean_data           | Converted LDCP from float64 to numeric
2026-07-03 06:05:18 | DEBUG    | clean_data           | Converted OPEN from float64 to numeric
2026-07-03 06:05:18 | DEBUG    | clean_data           | Converted HIGH from float64 to numeric
2026-07-03 06:05:18 | DEBUG    | clean_data           | Converted LOW from float64 to numeric
2026-07-03 06:05:18 | DEBUG    | clean_data           | Converted CURRENT from float64 to numeric
2026-07-03 06:05:18 | DEBUG    | clean_data           | Converted CHANGE from float64 to numeric
2026-07-03 06:05:18 | WARNING  | clean_data           | Column CHANGE (%): 477 values could not be converted to numeric
2026-07-03 06:05:18 | DEBUG    | clean_data           | Converted CHANGE (%) from str to numeric
2026-07-03 06:05:18 | DEBUG    | clean_data           | Converted VOLUME from int64 to numeric
2026-07-03 06:05:18 | INFO     | clean_data           | ✅ Data cleaned (477 rows, 16 columns)
2026-07-03 06:05:18 | DEBUG    | clean_data           | Final columns: ['SYMBOL', 'SECTOR', 'LDCP', 'OPEN', 'HIGH', 'LOW', 'CURRENT', 'CHANGE', 'CHANGE (%)', 'VOLUME', 'YEAR', 'MONTH', 'DAY', 'HOUR', 'MINUTE', 'DATETIME']
2026-07-03 06:05:18 | DEBUG    | get_file_path        | Generated file path: data/2026/07/2026-07-03.xlsx
2026-07-03 06:05:18 | INFO     | save_data            | Saving data to: data/2026/07/2026-07-03.xlsx
2026-07-03 06:05:18 | DEBUG    | _create_backup       | Backup created: data/2026/07/backups/2026-07-03_backup_20260703_060518.xlsx
2026-07-03 06:05:18 | DEBUG    | _cleanup_old_backups | Removed old backup: 2026-07-03_backup_20260703_053924.xlsx
2026-07-03 06:05:18 | DEBUG    | save_data            | Existing file found, merging data...
2026-07-03 06:05:20 | DEBUG    | save_data            | Loaded 18074 existing rows
2026-07-03 06:05:20 | DEBUG    | save_data            | Combined to 18551 rows
2026-07-03 06:05:20 | DEBUG    | save_data            | Writing to temporary file...
2026-07-03 06:05:23 | DEBUG    | save_data            | Data written to temp file: /home/runner/work/Thalorae-BackLioraen/Thalorae-BackLioraen/data/2026/07/tmpiq7m62co.xlsx
2026-07-03 06:05:23 | DEBUG    | save_data            | Temp file moved to final location
2026-07-03 06:05:23 | INFO     | save_data            | ✅ Data saved successfully (18551 total rows, 1,373,970 bytes)
2026-07-03 06:05:23 | INFO     | run                  | ======================================================================
2026-07-03 06:05:23 | INFO     | run                  | 📊 EXECUTION SUMMARY:
2026-07-03 06:05:23 | INFO     | run                  |    ✅ Status: SUCCESS
2026-07-03 06:05:23 | INFO     | run                  |    - Rows processed: 477
2026-07-03 06:05:23 | INFO     | run                  |    - Unique symbols: 477
2026-07-03 06:05:23 | INFO     | run                  |    - Timestamp: 2026-07-03 11:05:14
2026-07-03 06:05:23 | INFO     | run                  |    - File: data/2026/07/2026-07-03.xlsx
2026-07-03 06:05:23 | INFO     | run                  | ======================================================================
2026-07-03 06:05:23 | DEBUG    | run                  | Sample data (first row):
2026-07-03 06:05:23 | DEBUG    | run                  | {'SYMBOL': 'TPLRF1', 'SECTOR': 836, 'LDCP': 10.64, 'OPEN': 10.7, 'HIGH': 11.13, 'LOW': 10.5, 'CURRENT': 10.65, 'CHANGE': 0.01, 'CHANGE (%)': nan, 'VOLUME': 61187894, 'YEAR': 2026, 'MONTH': 7, 'DAY': 3, 'HOUR': 11, 'MINUTE': 5, 'DATETIME': '2026-07-03 11:05'}
2026-07-03 06:05:23 | DEBUG    | close                | Session closed
2026-07-03 06:10:24 | INFO     | run                  | ======================================================================
2026-07-03 06:10:24 | INFO     | run                  | 🚀 MARKET DATA SCRAPER - SINGLE EXECUTION
2026-07-03 06:10:24 | INFO     | run                  | ======================================================================
2026-07-03 06:10:24 | INFO     | run                  | Execution Time: 2026-07-03 11:10:24 PKT
2026-07-03 06:10:24 | INFO     | run                  | Configuration:
2026-07-03 06:10:24 | INFO     | run                  |    - Timezone: Asia/Karachi
2026-07-03 06:10:24 | INFO     | run                  |    - Data directory: data
2026-07-03 06:10:24 | INFO     | run                  |    - Log directory: logs
2026-07-03 06:10:24 | INFO     | run                  |    - Excluded symbols: {'XT', 'XR', 'XS', 'XD'}
2026-07-03 06:10:24 | INFO     | run                  | ======================================================================
2026-07-03 06:10:24 | INFO     | fetch_data           | Fetching data (Attempt 1/3)...
2026-07-03 06:10:24 | DEBUG    | fetch_data           | Establishing session with https://dps.psx.com.pk/
2026-07-03 06:10:26 | DEBUG    | fetch_data           | Requesting data from https://dps.psx.com.pk/market-watch
2026-07-03 06:10:28 | DEBUG    | fetch_data           | Response status: 200
2026-07-03 06:10:28 | DEBUG    | fetch_data           | Response content type: text/html; charset=utf-8
2026-07-03 06:10:28 | DEBUG    | fetch_data           | Response size: 457533 bytes
2026-07-03 06:10:28 | INFO     | fetch_data           | ✅ Data fetched successfully (Status: 200)
2026-07-03 06:10:28 | DEBUG    | parse_json           | Attempting JSON parsing...
2026-07-03 06:10:28 | DEBUG    | parse_json           | Response preview: <table class="tbl" data-page-length="25"><thead class="tbl__head"><!-- tr--><!--   th(colspan="11")--><!--   th.center(colspan="2", style="width: 110px;") TOTAL BUY ORDERS--><!--   th.center(colspan="2", style="width: 110px;") TOTAL SELL ORDERS--><tr><th data-name="symbol">SYMBOL</th><th data-name="sector">SECTOR</th><th data-name="listed">LISTED IN</th><th class="right" data-name="ldcp">LDCP</th><th class="right" data-name="open">OPEN</th><th class="right" data-name="high">HIGH</th><th class="r
2026-07-03 06:10:28 | WARNING  | parse_json           | ⚠️ JSON parsing failed: Expecting value: line 1 column 1 (char 0)
2026-07-03 06:10:28 | INFO     | run                  | JSON parsing failed, trying HTML fallback...
2026-07-03 06:10:28 | INFO     | parse_html           | Attempting HTML fallback parsing...
2026-07-03 06:10:28 | DEBUG    | parse_html           | Found 1 table(s) in HTML
2026-07-03 06:10:28 | DEBUG    | parse_html           | Table columns: ['SYMBOL', 'SECTOR', 'LISTED IN', 'LDCP', 'OPEN', 'HIGH', 'LOW', 'CURRENT', 'CHANGE', 'CHANGE (%)', 'VOLUME']
2026-07-03 06:10:28 | DEBUG    | parse_html           | Table shape: (477, 11)
2026-07-03 06:10:28 | INFO     | parse_html           | ✅ HTML parsed successfully (477 rows)
2026-07-03 06:10:28 | INFO     | clean_data           | Cleaning data...
2026-07-03 06:10:28 | DEBUG    | clean_data           | Initial shape: (477, 11)
2026-07-03 06:10:28 | DEBUG    | clean_data           | Initial columns: ['SYMBOL', 'SECTOR', 'LISTED IN', 'LDCP', 'OPEN', 'HIGH', 'LOW', 'CURRENT', 'CHANGE', 'CHANGE (%)', 'VOLUME']
2026-07-03 06:10:28 | DEBUG    | clean_data           | Removed 'LISTED IN' column
2026-07-03 06:10:28 | DEBUG    | clean_data           | Converted LDCP from float64 to numeric
2026-07-03 06:10:28 | DEBUG    | clean_data           | Converted OPEN from float64 to numeric
2026-07-03 06:10:28 | DEBUG    | clean_data           | Converted HIGH from float64 to numeric
2026-07-03 06:10:28 | DEBUG    | clean_data           | Converted LOW from float64 to numeric
2026-07-03 06:10:28 | DEBUG    | clean_data           | Converted CURRENT from float64 to numeric
2026-07-03 06:10:28 | DEBUG    | clean_data           | Converted CHANGE from float64 to numeric
2026-07-03 06:10:28 | WARNING  | clean_data           | Column CHANGE (%): 477 values could not be converted to numeric
2026-07-03 06:10:28 | DEBUG    | clean_data           | Converted CHANGE (%) from str to numeric
2026-07-03 06:10:28 | DEBUG    | clean_data           | Converted VOLUME from int64 to numeric
2026-07-03 06:10:28 | INFO     | clean_data           | ✅ Data cleaned (477 rows, 16 columns)
2026-07-03 06:10:28 | DEBUG    | clean_data           | Final columns: ['SYMBOL', 'SECTOR', 'LDCP', 'OPEN', 'HIGH', 'LOW', 'CURRENT', 'CHANGE', 'CHANGE (%)', 'VOLUME', 'YEAR', 'MONTH', 'DAY', 'HOUR', 'MINUTE', 'DATETIME']
2026-07-03 06:10:28 | DEBUG    | get_file_path        | Generated file path: data/2026/07/2026-07-03.xlsx
2026-07-03 06:10:28 | INFO     | save_data            | Saving data to: data/2026/07/2026-07-03.xlsx
2026-07-03 06:10:28 | DEBUG    | _create_backup       | Backup created: data/2026/07/backups/2026-07-03_backup_20260703_061028.xlsx
2026-07-03 06:10:28 | DEBUG    | _cleanup_old_backups | Removed old backup: 2026-07-03_backup_20260703_054434.xlsx
2026-07-03 06:10:28 | DEBUG    | save_data            | Existing file found, merging data...
2026-07-03 06:10:30 | DEBUG    | save_data            | Loaded 18551 existing rows
2026-07-03 06:10:30 | DEBUG    | save_data            | Combined to 19028 rows
2026-07-03 06:10:30 | DEBUG    | save_data            | Writing to temporary file...
2026-07-03 06:10:33 | DEBUG    | save_data            | Data written to temp file: /home/runner/work/Thalorae-BackLioraen/Thalorae-BackLioraen/data/2026/07/tmpup4l5ron.xlsx
2026-07-03 06:10:33 | DEBUG    | save_data            | Temp file moved to final location
2026-07-03 06:10:33 | INFO     | save_data            | ✅ Data saved successfully (19028 total rows, 1,409,270 bytes)
2026-07-03 06:10:33 | INFO     | run                  | ======================================================================
2026-07-03 06:10:33 | INFO     | run                  | 📊 EXECUTION SUMMARY:
2026-07-03 06:10:33 | INFO     | run                  |    ✅ Status: SUCCESS
2026-07-03 06:10:33 | INFO     | run                  |    - Rows processed: 477
2026-07-03 06:10:33 | INFO     | run                  |    - Unique symbols: 477
2026-07-03 06:10:33 | INFO     | run                  |    - Timestamp: 2026-07-03 11:10:24
2026-07-03 06:10:33 | INFO     | run                  |    - File: data/2026/07/2026-07-03.xlsx
2026-07-03 06:10:33 | INFO     | run                  | ======================================================================
2026-07-03 06:10:33 | DEBUG    | run                  | Sample data (first row):
2026-07-03 06:10:33 | DEBUG    | run                  | {'SYMBOL': 'TPLRF1', 'SECTOR': 836, 'LDCP': 10.64, 'OPEN': 10.7, 'HIGH': 11.13, 'LOW': 10.5, 'CURRENT': 10.65, 'CHANGE': 0.01, 'CHANGE (%)': nan, 'VOLUME': 61319094, 'YEAR': 2026, 'MONTH': 7, 'DAY': 3, 'HOUR': 11, 'MINUTE': 10, 'DATETIME': '2026-07-03 11:10'}
2026-07-03 06:10:33 | DEBUG    | close                | Session closed
2026-07-03 06:15:34 | INFO     | run                  | ======================================================================
2026-07-03 06:15:34 | INFO     | run                  | 🚀 MARKET DATA SCRAPER - SINGLE EXECUTION
2026-07-03 06:15:34 | INFO     | run                  | ======================================================================
2026-07-03 06:15:34 | INFO     | run                  | Execution Time: 2026-07-03 11:15:34 PKT
2026-07-03 06:15:34 | INFO     | run                  | Configuration:
2026-07-03 06:15:34 | INFO     | run                  |    - Timezone: Asia/Karachi
2026-07-03 06:15:34 | INFO     | run                  |    - Data directory: data
2026-07-03 06:15:34 | INFO     | run                  |    - Log directory: logs
2026-07-03 06:15:34 | INFO     | run                  |    - Excluded symbols: {'XS', 'XT', 'XD', 'XR'}
2026-07-03 06:15:34 | INFO     | run                  | ======================================================================
2026-07-03 06:15:34 | INFO     | fetch_data           | Fetching data (Attempt 1/3)...
2026-07-03 06:15:34 | DEBUG    | fetch_data           | Establishing session with https://dps.psx.com.pk/
2026-07-03 06:15:36 | DEBUG    | fetch_data           | Requesting data from https://dps.psx.com.pk/market-watch
2026-07-03 06:15:38 | DEBUG    | fetch_data           | Response status: 200
2026-07-03 06:15:38 | DEBUG    | fetch_data           | Response content type: text/html; charset=utf-8
2026-07-03 06:15:38 | DEBUG    | fetch_data           | Response size: 458085 bytes
2026-07-03 06:15:38 | INFO     | fetch_data           | ✅ Data fetched successfully (Status: 200)
2026-07-03 06:15:38 | DEBUG    | parse_json           | Attempting JSON parsing...
2026-07-03 06:15:38 | DEBUG    | parse_json           | Response preview: <table class="tbl" data-page-length="25"><thead class="tbl__head"><!-- tr--><!--   th(colspan="11")--><!--   th.center(colspan="2", style="width: 110px;") TOTAL BUY ORDERS--><!--   th.center(colspan="2", style="width: 110px;") TOTAL SELL ORDERS--><tr><th data-name="symbol">SYMBOL</th><th data-name="sector">SECTOR</th><th data-name="listed">LISTED IN</th><th class="right" data-name="ldcp">LDCP</th><th class="right" data-name="open">OPEN</th><th class="right" data-name="high">HIGH</th><th class="r
2026-07-03 06:15:38 | WARNING  | parse_json           | ⚠️ JSON parsing failed: Expecting value: line 1 column 1 (char 0)
2026-07-03 06:15:38 | INFO     | run                  | JSON parsing failed, trying HTML fallback...
2026-07-03 06:15:38 | INFO     | parse_html           | Attempting HTML fallback parsing...
2026-07-03 06:15:38 | DEBUG    | parse_html           | Found 1 table(s) in HTML
2026-07-03 06:15:38 | DEBUG    | parse_html           | Table columns: ['SYMBOL', 'SECTOR', 'LISTED IN', 'LDCP', 'OPEN', 'HIGH', 'LOW', 'CURRENT', 'CHANGE', 'CHANGE (%)', 'VOLUME']
2026-07-03 06:15:38 | DEBUG    | parse_html           | Table shape: (478, 11)
2026-07-03 06:15:38 | INFO     | parse_html           | ✅ HTML parsed successfully (478 rows)
2026-07-03 06:15:38 | INFO     | clean_data           | Cleaning data...
2026-07-03 06:15:38 | DEBUG    | clean_data           | Initial shape: (478, 11)
2026-07-03 06:15:38 | DEBUG    | clean_data           | Initial columns: ['SYMBOL', 'SECTOR', 'LISTED IN', 'LDCP', 'OPEN', 'HIGH', 'LOW', 'CURRENT', 'CHANGE', 'CHANGE (%)', 'VOLUME']
2026-07-03 06:15:38 | DEBUG    | clean_data           | Removed 'LISTED IN' column
2026-07-03 06:15:38 | DEBUG    | clean_data           | Converted LDCP from float64 to numeric
2026-07-03 06:15:38 | DEBUG    | clean_data           | Converted OPEN from float64 to numeric
2026-07-03 06:15:38 | DEBUG    | clean_data           | Converted HIGH from float64 to numeric
2026-07-03 06:15:38 | DEBUG    | clean_data           | Converted LOW from float64 to numeric
2026-07-03 06:15:38 | DEBUG    | clean_data           | Converted CURRENT from float64 to numeric
2026-07-03 06:15:38 | DEBUG    | clean_data           | Converted CHANGE from float64 to numeric
2026-07-03 06:15:38 | WARNING  | clean_data           | Column CHANGE (%): 478 values could not be converted to numeric
2026-07-03 06:15:38 | DEBUG    | clean_data           | Converted CHANGE (%) from str to numeric
2026-07-03 06:15:38 | DEBUG    | clean_data           | Converted VOLUME from int64 to numeric
2026-07-03 06:15:38 | INFO     | clean_data           | ✅ Data cleaned (478 rows, 16 columns)
2026-07-03 06:15:38 | DEBUG    | clean_data           | Final columns: ['SYMBOL', 'SECTOR', 'LDCP', 'OPEN', 'HIGH', 'LOW', 'CURRENT', 'CHANGE', 'CHANGE (%)', 'VOLUME', 'YEAR', 'MONTH', 'DAY', 'HOUR', 'MINUTE', 'DATETIME']
2026-07-03 06:15:38 | DEBUG    | get_file_path        | Generated file path: data/2026/07/2026-07-03.xlsx
2026-07-03 06:15:38 | INFO     | save_data            | Saving data to: data/2026/07/2026-07-03.xlsx
2026-07-03 06:15:38 | DEBUG    | _create_backup       | Backup created: data/2026/07/backups/2026-07-03_backup_20260703_061538.xlsx
2026-07-03 06:15:38 | DEBUG    | _cleanup_old_backups | Removed old backup: 2026-07-03_backup_20260703_054945.xlsx
2026-07-03 06:15:38 | DEBUG    | save_data            | Existing file found, merging data...
2026-07-03 06:15:40 | DEBUG    | save_data            | Loaded 19028 existing rows
2026-07-03 06:15:40 | DEBUG    | save_data            | Combined to 19506 rows
2026-07-03 06:15:40 | DEBUG    | save_data            | Writing to temporary file...
2026-07-03 06:15:44 | DEBUG    | save_data            | Data written to temp file: /home/runner/work/Thalorae-BackLioraen/Thalorae-BackLioraen/data/2026/07/tmp54tqwwvs.xlsx
2026-07-03 06:15:44 | DEBUG    | save_data            | Temp file moved to final location
2026-07-03 06:15:44 | INFO     | save_data            | ✅ Data saved successfully (19506 total rows, 1,444,606 bytes)
2026-07-03 06:15:44 | INFO     | run                  | ======================================================================
2026-07-03 06:15:44 | INFO     | run                  | 📊 EXECUTION SUMMARY:
2026-07-03 06:15:44 | INFO     | run                  |    ✅ Status: SUCCESS
2026-07-03 06:15:44 | INFO     | run                  |    - Rows processed: 478
2026-07-03 06:15:44 | INFO     | run                  |    - Unique symbols: 478
2026-07-03 06:15:44 | INFO     | run                  |    - Timestamp: 2026-07-03 11:15:34
2026-07-03 06:15:44 | INFO     | run                  |    - File: data/2026/07/2026-07-03.xlsx
2026-07-03 06:15:44 | INFO     | run                  | ======================================================================
2026-07-03 06:15:44 | DEBUG    | run                  | Sample data (first row):
2026-07-03 06:15:44 | DEBUG    | run                  | {'SYMBOL': 'TPLRF1', 'SECTOR': 836, 'LDCP': 10.64, 'OPEN': 10.7, 'HIGH': 11.13, 'LOW': 10.5, 'CURRENT': 10.69, 'CHANGE': 0.05, 'CHANGE (%)': nan, 'VOLUME': 61373259, 'YEAR': 2026, 'MONTH': 7, 'DAY': 3, 'HOUR': 11, 'MINUTE': 15, 'DATETIME': '2026-07-03 11:15'}
2026-07-03 06:15:44 | DEBUG    | close                | Session closed
2026-07-03 06:20:44 | INFO     | run                  | ======================================================================
2026-07-03 06:20:44 | INFO     | run                  | 🚀 MARKET DATA SCRAPER - SINGLE EXECUTION
2026-07-03 06:20:44 | INFO     | run                  | ======================================================================
2026-07-03 06:20:44 | INFO     | run                  | Execution Time: 2026-07-03 11:20:44 PKT
2026-07-03 06:20:44 | INFO     | run                  | Configuration:
2026-07-03 06:20:44 | INFO     | run                  |    - Timezone: Asia/Karachi
2026-07-03 06:20:44 | INFO     | run                  |    - Data directory: data
2026-07-03 06:20:44 | INFO     | run                  |    - Log directory: logs
2026-07-03 06:20:44 | INFO     | run                  |    - Excluded symbols: {'XT', 'XS', 'XR', 'XD'}
2026-07-03 06:20:44 | INFO     | run                  | ======================================================================
2026-07-03 06:20:44 | INFO     | fetch_data           | Fetching data (Attempt 1/3)...
2026-07-03 06:20:44 | DEBUG    | fetch_data           | Establishing session with https://dps.psx.com.pk/
2026-07-03 06:20:47 | DEBUG    | fetch_data           | Requesting data from https://dps.psx.com.pk/market-watch
2026-07-03 06:20:49 | DEBUG    | fetch_data           | Response status: 200
2026-07-03 06:20:49 | DEBUG    | fetch_data           | Response content type: text/html; charset=utf-8
2026-07-03 06:20:49 | DEBUG    | fetch_data           | Response size: 458939 bytes
2026-07-03 06:20:49 | INFO     | fetch_data           | ✅ Data fetched successfully (Status: 200)
2026-07-03 06:20:49 | DEBUG    | parse_json           | Attempting JSON parsing...
2026-07-03 06:20:49 | DEBUG    | parse_json           | Response preview: <table class="tbl" data-page-length="25"><thead class="tbl__head"><!-- tr--><!--   th(colspan="11")--><!--   th.center(colspan="2", style="width: 110px;") TOTAL BUY ORDERS--><!--   th.center(colspan="2", style="width: 110px;") TOTAL SELL ORDERS--><tr><th data-name="symbol">SYMBOL</th><th data-name="sector">SECTOR</th><th data-name="listed">LISTED IN</th><th class="right" data-name="ldcp">LDCP</th><th class="right" data-name="open">OPEN</th><th class="right" data-name="high">HIGH</th><th class="r
2026-07-03 06:20:49 | WARNING  | parse_json           | ⚠️ JSON parsing failed: Expecting value: line 1 column 1 (char 0)
2026-07-03 06:20:49 | INFO     | run                  | JSON parsing failed, trying HTML fallback...
2026-07-03 06:20:49 | INFO     | parse_html           | Attempting HTML fallback parsing...
2026-07-03 06:20:49 | DEBUG    | parse_html           | Found 1 table(s) in HTML
2026-07-03 06:20:49 | DEBUG    | parse_html           | Table columns: ['SYMBOL', 'SECTOR', 'LISTED IN', 'LDCP', 'OPEN', 'HIGH', 'LOW', 'CURRENT', 'CHANGE', 'CHANGE (%)', 'VOLUME']
2026-07-03 06:20:49 | DEBUG    | parse_html           | Table shape: (479, 11)
2026-07-03 06:20:49 | INFO     | parse_html           | ✅ HTML parsed successfully (479 rows)
2026-07-03 06:20:49 | INFO     | clean_data           | Cleaning data...
2026-07-03 06:20:49 | DEBUG    | clean_data           | Initial shape: (479, 11)
2026-07-03 06:20:49 | DEBUG    | clean_data           | Initial columns: ['SYMBOL', 'SECTOR', 'LISTED IN', 'LDCP', 'OPEN', 'HIGH', 'LOW', 'CURRENT', 'CHANGE', 'CHANGE (%)', 'VOLUME']
2026-07-03 06:20:49 | DEBUG    | clean_data           | Removed 'LISTED IN' column
2026-07-03 06:20:49 | DEBUG    | clean_data           | Converted LDCP from float64 to numeric
2026-07-03 06:20:49 | DEBUG    | clean_data           | Converted OPEN from float64 to numeric
2026-07-03 06:20:49 | DEBUG    | clean_data           | Converted HIGH from float64 to numeric
2026-07-03 06:20:49 | DEBUG    | clean_data           | Converted LOW from float64 to numeric
2026-07-03 06:20:49 | DEBUG    | clean_data           | Converted CURRENT from float64 to numeric
2026-07-03 06:20:49 | DEBUG    | clean_data           | Converted CHANGE from float64 to numeric
2026-07-03 06:20:49 | WARNING  | clean_data           | Column CHANGE (%): 479 values could not be converted to numeric
2026-07-03 06:20:49 | DEBUG    | clean_data           | Converted CHANGE (%) from str to numeric
2026-07-03 06:20:49 | DEBUG    | clean_data           | Converted VOLUME from int64 to numeric
2026-07-03 06:20:49 | INFO     | clean_data           | ✅ Data cleaned (479 rows, 16 columns)
2026-07-03 06:20:49 | DEBUG    | clean_data           | Final columns: ['SYMBOL', 'SECTOR', 'LDCP', 'OPEN', 'HIGH', 'LOW', 'CURRENT', 'CHANGE', 'CHANGE (%)', 'VOLUME', 'YEAR', 'MONTH', 'DAY', 'HOUR', 'MINUTE', 'DATETIME']
2026-07-03 06:20:49 | DEBUG    | get_file_path        | Generated file path: data/2026/07/2026-07-03.xlsx
2026-07-03 06:20:49 | INFO     | save_data            | Saving data to: data/2026/07/2026-07-03.xlsx
2026-07-03 06:20:49 | DEBUG    | _create_backup       | Backup created: data/2026/07/backups/2026-07-03_backup_20260703_062049.xlsx
2026-07-03 06:20:49 | DEBUG    | _cleanup_old_backups | Removed old backup: 2026-07-03_backup_20260703_055456.xlsx
2026-07-03 06:20:49 | DEBUG    | save_data            | Existing file found, merging data...
2026-07-03 06:20:52 | DEBUG    | save_data            | Loaded 19506 existing rows
2026-07-03 06:20:52 | DEBUG    | save_data            | Combined to 19985 rows
2026-07-03 06:20:52 | DEBUG    | save_data            | Writing to temporary file...
2026-07-03 06:20:55 | DEBUG    | save_data            | Data written to temp file: /home/runner/work/Thalorae-BackLioraen/Thalorae-BackLioraen/data/2026/07/tmphbd6v40p.xlsx
2026-07-03 06:20:55 | DEBUG    | save_data            | Temp file moved to final location
2026-07-03 06:20:55 | INFO     | save_data            | ✅ Data saved successfully (19985 total rows, 1,480,061 bytes)
2026-07-03 06:20:55 | INFO     | run                  | ======================================================================
2026-07-03 06:20:55 | INFO     | run                  | 📊 EXECUTION SUMMARY:
2026-07-03 06:20:55 | INFO     | run                  |    ✅ Status: SUCCESS
2026-07-03 06:20:55 | INFO     | run                  |    - Rows processed: 479
2026-07-03 06:20:55 | INFO     | run                  |    - Unique symbols: 479
2026-07-03 06:20:55 | INFO     | run                  |    - Timestamp: 2026-07-03 11:20:44
2026-07-03 06:20:55 | INFO     | run                  |    - File: data/2026/07/2026-07-03.xlsx
2026-07-03 06:20:55 | INFO     | run                  | ======================================================================
2026-07-03 06:20:55 | DEBUG    | run                  | Sample data (first row):
2026-07-03 06:20:55 | DEBUG    | run                  | {'SYMBOL': 'TPLRF1', 'SECTOR': 836, 'LDCP': 10.64, 'OPEN': 10.7, 'HIGH': 11.13, 'LOW': 10.5, 'CURRENT': 10.69, 'CHANGE': 0.05, 'CHANGE (%)': nan, 'VOLUME': 61441859, 'YEAR': 2026, 'MONTH': 7, 'DAY': 3, 'HOUR': 11, 'MINUTE': 20, 'DATETIME': '2026-07-03 11:20'}
2026-07-03 06:20:55 | DEBUG    | close                | Session closed
2026-07-03 06:25:56 | INFO     | run                  | ======================================================================
2026-07-03 06:25:56 | INFO     | run                  | 🚀 MARKET DATA SCRAPER - SINGLE EXECUTION
2026-07-03 06:25:56 | INFO     | run                  | ======================================================================
2026-07-03 06:25:56 | INFO     | run                  | Execution Time: 2026-07-03 11:25:56 PKT
2026-07-03 06:25:56 | INFO     | run                  | Configuration:
2026-07-03 06:25:56 | INFO     | run                  |    - Timezone: Asia/Karachi
2026-07-03 06:25:56 | INFO     | run                  |    - Data directory: data
2026-07-03 06:25:56 | INFO     | run                  |    - Log directory: logs
2026-07-03 06:25:56 | INFO     | run                  |    - Excluded symbols: {'XT', 'XS', 'XR', 'XD'}
2026-07-03 06:25:56 | INFO     | run                  | ======================================================================
2026-07-03 06:25:56 | INFO     | fetch_data           | Fetching data (Attempt 1/3)...
2026-07-03 06:25:56 | DEBUG    | fetch_data           | Establishing session with https://dps.psx.com.pk/
2026-07-03 06:25:58 | DEBUG    | fetch_data           | Requesting data from https://dps.psx.com.pk/market-watch
2026-07-03 06:26:01 | DEBUG    | fetch_data           | Response status: 200
2026-07-03 06:26:01 | DEBUG    | fetch_data           | Response content type: text/html; charset=utf-8
2026-07-03 06:26:01 | DEBUG    | fetch_data           | Response size: 459235 bytes
2026-07-03 06:26:01 | INFO     | fetch_data           | ✅ Data fetched successfully (Status: 200)
2026-07-03 06:26:01 | DEBUG    | parse_json           | Attempting JSON parsing...
2026-07-03 06:26:01 | DEBUG    | parse_json           | Response preview: <table class="tbl" data-page-length="25"><thead class="tbl__head"><!-- tr--><!--   th(colspan="11")--><!--   th.center(colspan="2", style="width: 110px;") TOTAL BUY ORDERS--><!--   th.center(colspan="2", style="width: 110px;") TOTAL SELL ORDERS--><tr><th data-name="symbol">SYMBOL</th><th data-name="sector">SECTOR</th><th data-name="listed">LISTED IN</th><th class="right" data-name="ldcp">LDCP</th><th class="right" data-name="open">OPEN</th><th class="right" data-name="high">HIGH</th><th class="r
2026-07-03 06:26:01 | WARNING  | parse_json           | ⚠️ JSON parsing failed: Expecting value: line 1 column 1 (char 0)
2026-07-03 06:26:01 | INFO     | run                  | JSON parsing failed, trying HTML fallback...
2026-07-03 06:26:01 | INFO     | parse_html           | Attempting HTML fallback parsing...
2026-07-03 06:26:01 | DEBUG    | parse_html           | Found 1 table(s) in HTML
2026-07-03 06:26:01 | DEBUG    | parse_html           | Table columns: ['SYMBOL', 'SECTOR', 'LISTED IN', 'LDCP', 'OPEN', 'HIGH', 'LOW', 'CURRENT', 'CHANGE', 'CHANGE (%)', 'VOLUME']
2026-07-03 06:26:01 | DEBUG    | parse_html           | Table shape: (479, 11)
2026-07-03 06:26:01 | INFO     | parse_html           | ✅ HTML parsed successfully (479 rows)
2026-07-03 06:26:01 | INFO     | clean_data           | Cleaning data...
2026-07-03 06:26:01 | DEBUG    | clean_data           | Initial shape: (479, 11)
2026-07-03 06:26:01 | DEBUG    | clean_data           | Initial columns: ['SYMBOL', 'SECTOR', 'LISTED IN', 'LDCP', 'OPEN', 'HIGH', 'LOW', 'CURRENT', 'CHANGE', 'CHANGE (%)', 'VOLUME']
2026-07-03 06:26:01 | DEBUG    | clean_data           | Removed 'LISTED IN' column
2026-07-03 06:26:01 | DEBUG    | clean_data           | Converted LDCP from float64 to numeric
2026-07-03 06:26:01 | DEBUG    | clean_data           | Converted OPEN from float64 to numeric
2026-07-03 06:26:01 | DEBUG    | clean_data           | Converted HIGH from float64 to numeric
2026-07-03 06:26:01 | DEBUG    | clean_data           | Converted LOW from float64 to numeric
2026-07-03 06:26:01 | DEBUG    | clean_data           | Converted CURRENT from float64 to numeric
2026-07-03 06:26:01 | DEBUG    | clean_data           | Converted CHANGE from float64 to numeric
2026-07-03 06:26:01 | WARNING  | clean_data           | Column CHANGE (%): 479 values could not be converted to numeric
2026-07-03 06:26:01 | DEBUG    | clean_data           | Converted CHANGE (%) from str to numeric
2026-07-03 06:26:01 | DEBUG    | clean_data           | Converted VOLUME from int64 to numeric
2026-07-03 06:26:01 | INFO     | clean_data           | ✅ Data cleaned (479 rows, 16 columns)
2026-07-03 06:26:01 | DEBUG    | clean_data           | Final columns: ['SYMBOL', 'SECTOR', 'LDCP', 'OPEN', 'HIGH', 'LOW', 'CURRENT', 'CHANGE', 'CHANGE (%)', 'VOLUME', 'YEAR', 'MONTH', 'DAY', 'HOUR', 'MINUTE', 'DATETIME']
2026-07-03 06:26:01 | DEBUG    | get_file_path        | Generated file path: data/2026/07/2026-07-03.xlsx
2026-07-03 06:26:01 | INFO     | save_data            | Saving data to: data/2026/07/2026-07-03.xlsx
2026-07-03 06:26:01 | DEBUG    | _create_backup       | Backup created: data/2026/07/backups/2026-07-03_backup_20260703_062601.xlsx
2026-07-03 06:26:01 | DEBUG    | _cleanup_old_backups | Removed old backup: 2026-07-03_backup_20260703_060008.xlsx
2026-07-03 06:26:01 | DEBUG    | save_data            | Existing file found, merging data...
2026-07-03 06:26:03 | DEBUG    | save_data            | Loaded 19985 existing rows
2026-07-03 06:26:03 | DEBUG    | save_data            | Combined to 20464 rows
2026-07-03 06:26:03 | DEBUG    | save_data            | Writing to temporary file...
2026-07-03 06:26:07 | DEBUG    | save_data            | Data written to temp file: /home/runner/work/Thalorae-BackLioraen/Thalorae-BackLioraen/data/2026/07/tmp5ongyk_v.xlsx
2026-07-03 06:26:07 | DEBUG    | save_data            | Temp file moved to final location
2026-07-03 06:26:07 | INFO     | save_data            | ✅ Data saved successfully (20464 total rows, 1,515,670 bytes)
2026-07-03 06:26:07 | INFO     | run                  | ======================================================================
2026-07-03 06:26:07 | INFO     | run                  | 📊 EXECUTION SUMMARY:
2026-07-03 06:26:07 | INFO     | run                  |    ✅ Status: SUCCESS
2026-07-03 06:26:07 | INFO     | run                  |    - Rows processed: 479
2026-07-03 06:26:07 | INFO     | run                  |    - Unique symbols: 479
2026-07-03 06:26:07 | INFO     | run                  |    - Timestamp: 2026-07-03 11:25:56
2026-07-03 06:26:07 | INFO     | run                  |    - File: data/2026/07/2026-07-03.xlsx
2026-07-03 06:26:07 | INFO     | run                  | ======================================================================
2026-07-03 06:26:07 | DEBUG    | run                  | Sample data (first row):
2026-07-03 06:26:07 | DEBUG    | run                  | {'SYMBOL': 'TPLRF1', 'SECTOR': 836, 'LDCP': 10.64, 'OPEN': 10.7, 'HIGH': 11.13, 'LOW': 10.5, 'CURRENT': 10.72, 'CHANGE': 0.08, 'CHANGE (%)': nan, 'VOLUME': 61577484, 'YEAR': 2026, 'MONTH': 7, 'DAY': 3, 'HOUR': 11, 'MINUTE': 25, 'DATETIME': '2026-07-03 11:25'}
2026-07-03 06:26:07 | DEBUG    | close                | Session closed
2026-07-03 06:31:07 | INFO     | run                  | ======================================================================
2026-07-03 06:31:07 | INFO     | run                  | 🚀 MARKET DATA SCRAPER - SINGLE EXECUTION
2026-07-03 06:31:07 | INFO     | run                  | ======================================================================
2026-07-03 06:31:07 | INFO     | run                  | Execution Time: 2026-07-03 11:31:07 PKT
2026-07-03 06:31:07 | INFO     | run                  | Configuration:
2026-07-03 06:31:07 | INFO     | run                  |    - Timezone: Asia/Karachi
2026-07-03 06:31:07 | INFO     | run                  |    - Data directory: data
2026-07-03 06:31:07 | INFO     | run                  |    - Log directory: logs
2026-07-03 06:31:07 | INFO     | run                  |    - Excluded symbols: {'XR', 'XD', 'XS', 'XT'}
2026-07-03 06:31:07 | INFO     | run                  | ======================================================================
2026-07-03 06:31:07 | INFO     | fetch_data           | Fetching data (Attempt 1/3)...
2026-07-03 06:31:07 | DEBUG    | fetch_data           | Establishing session with https://dps.psx.com.pk/
2026-07-03 06:31:11 | DEBUG    | fetch_data           | Requesting data from https://dps.psx.com.pk/market-watch
2026-07-03 06:31:12 | DEBUG    | fetch_data           | Response status: 200
2026-07-03 06:31:12 | DEBUG    | fetch_data           | Response content type: text/html; charset=utf-8
2026-07-03 06:31:12 | DEBUG    | fetch_data           | Response size: 459369 bytes
2026-07-03 06:31:12 | INFO     | fetch_data           | ✅ Data fetched successfully (Status: 200)
2026-07-03 06:31:12 | DEBUG    | parse_json           | Attempting JSON parsing...
2026-07-03 06:31:12 | DEBUG    | parse_json           | Response preview: <table class="tbl" data-page-length="25"><thead class="tbl__head"><!-- tr--><!--   th(colspan="11")--><!--   th.center(colspan="2", style="width: 110px;") TOTAL BUY ORDERS--><!--   th.center(colspan="2", style="width: 110px;") TOTAL SELL ORDERS--><tr><th data-name="symbol">SYMBOL</th><th data-name="sector">SECTOR</th><th data-name="listed">LISTED IN</th><th class="right" data-name="ldcp">LDCP</th><th class="right" data-name="open">OPEN</th><th class="right" data-name="high">HIGH</th><th class="r
2026-07-03 06:31:12 | WARNING  | parse_json           | ⚠️ JSON parsing failed: Expecting value: line 1 column 1 (char 0)
2026-07-03 06:31:12 | INFO     | run                  | JSON parsing failed, trying HTML fallback...
2026-07-03 06:31:12 | INFO     | parse_html           | Attempting HTML fallback parsing...
2026-07-03 06:31:13 | DEBUG    | parse_html           | Found 1 table(s) in HTML
2026-07-03 06:31:13 | DEBUG    | parse_html           | Table columns: ['SYMBOL', 'SECTOR', 'LISTED IN', 'LDCP', 'OPEN', 'HIGH', 'LOW', 'CURRENT', 'CHANGE', 'CHANGE (%)', 'VOLUME']
2026-07-03 06:31:13 | DEBUG    | parse_html           | Table shape: (479, 11)
2026-07-03 06:31:13 | INFO     | parse_html           | ✅ HTML parsed successfully (479 rows)
2026-07-03 06:31:13 | INFO     | clean_data           | Cleaning data...
2026-07-03 06:31:13 | DEBUG    | clean_data           | Initial shape: (479, 11)
2026-07-03 06:31:13 | DEBUG    | clean_data           | Initial columns: ['SYMBOL', 'SECTOR', 'LISTED IN', 'LDCP', 'OPEN', 'HIGH', 'LOW', 'CURRENT', 'CHANGE', 'CHANGE (%)', 'VOLUME']
2026-07-03 06:31:13 | DEBUG    | clean_data           | Removed 'LISTED IN' column
2026-07-03 06:31:13 | DEBUG    | clean_data           | Converted LDCP from float64 to numeric
2026-07-03 06:31:13 | DEBUG    | clean_data           | Converted OPEN from float64 to numeric
2026-07-03 06:31:13 | DEBUG    | clean_data           | Converted HIGH from float64 to numeric
2026-07-03 06:31:13 | DEBUG    | clean_data           | Converted LOW from float64 to numeric
2026-07-03 06:31:13 | DEBUG    | clean_data           | Converted CURRENT from float64 to numeric
2026-07-03 06:31:13 | DEBUG    | clean_data           | Converted CHANGE from float64 to numeric
2026-07-03 06:31:13 | WARNING  | clean_data           | Column CHANGE (%): 479 values could not be converted to numeric
2026-07-03 06:31:13 | DEBUG    | clean_data           | Converted CHANGE (%) from str to numeric
2026-07-03 06:31:13 | DEBUG    | clean_data           | Converted VOLUME from int64 to numeric
2026-07-03 06:31:13 | INFO     | clean_data           | ✅ Data cleaned (479 rows, 16 columns)
2026-07-03 06:31:13 | DEBUG    | clean_data           | Final columns: ['SYMBOL', 'SECTOR', 'LDCP', 'OPEN', 'HIGH', 'LOW', 'CURRENT', 'CHANGE', 'CHANGE (%)', 'VOLUME', 'YEAR', 'MONTH', 'DAY', 'HOUR', 'MINUTE', 'DATETIME']
2026-07-03 06:31:13 | DEBUG    | get_file_path        | Generated file path: data/2026/07/2026-07-03.xlsx
2026-07-03 06:31:13 | INFO     | save_data            | Saving data to: data/2026/07/2026-07-03.xlsx
2026-07-03 06:31:13 | DEBUG    | _create_backup       | Backup created: data/2026/07/backups/2026-07-03_backup_20260703_063113.xlsx
2026-07-03 06:31:13 | DEBUG    | _cleanup_old_backups | Removed old backup: 2026-07-03_backup_20260703_060518.xlsx
2026-07-03 06:31:13 | DEBUG    | save_data            | Existing file found, merging data...
2026-07-03 06:31:15 | DEBUG    | save_data            | Loaded 20464 existing rows
2026-07-03 06:31:15 | DEBUG    | save_data            | Combined to 20943 rows
2026-07-03 06:31:15 | DEBUG    | save_data            | Writing to temporary file...
2026-07-03 06:31:19 | DEBUG    | save_data            | Data written to temp file: /home/runner/work/Thalorae-BackLioraen/Thalorae-BackLioraen/data/2026/07/tmpegiugp3e.xlsx
2026-07-03 06:31:19 | DEBUG    | save_data            | Temp file moved to final location
2026-07-03 06:31:19 | INFO     | save_data            | ✅ Data saved successfully (20943 total rows, 1,551,272 bytes)
2026-07-03 06:31:19 | INFO     | run                  | ======================================================================
2026-07-03 06:31:19 | INFO     | run                  | 📊 EXECUTION SUMMARY:
2026-07-03 06:31:19 | INFO     | run                  |    ✅ Status: SUCCESS
2026-07-03 06:31:19 | INFO     | run                  |    - Rows processed: 479
2026-07-03 06:31:19 | INFO     | run                  |    - Unique symbols: 479
2026-07-03 06:31:19 | INFO     | run                  |    - Timestamp: 2026-07-03 11:31:07
2026-07-03 06:31:19 | INFO     | run                  |    - File: data/2026/07/2026-07-03.xlsx
2026-07-03 06:31:19 | INFO     | run                  | ======================================================================
2026-07-03 06:31:19 | DEBUG    | run                  | Sample data (first row):
2026-07-03 06:31:19 | DEBUG    | run                  | {'SYMBOL': 'TPLRF1', 'SECTOR': 836, 'LDCP': 10.64, 'OPEN': 10.7, 'HIGH': 11.13, 'LOW': 10.5, 'CURRENT': 10.73, 'CHANGE': 0.09, 'CHANGE (%)': nan, 'VOLUME': 61679900, 'YEAR': 2026, 'MONTH': 7, 'DAY': 3, 'HOUR': 11, 'MINUTE': 31, 'DATETIME': '2026-07-03 11:31'}
2026-07-03 06:31:19 | DEBUG    | close                | Session closed
2026-07-03 06:36:19 | INFO     | run                  | ======================================================================
2026-07-03 06:36:19 | INFO     | run                  | 🚀 MARKET DATA SCRAPER - SINGLE EXECUTION
2026-07-03 06:36:19 | INFO     | run                  | ======================================================================
2026-07-03 06:36:19 | INFO     | run                  | Execution Time: 2026-07-03 11:36:19 PKT
2026-07-03 06:36:19 | INFO     | run                  | Configuration:
2026-07-03 06:36:19 | INFO     | run                  |    - Timezone: Asia/Karachi
2026-07-03 06:36:19 | INFO     | run                  |    - Data directory: data
2026-07-03 06:36:19 | INFO     | run                  |    - Log directory: logs
2026-07-03 06:36:19 | INFO     | run                  |    - Excluded symbols: {'XT', 'XS', 'XD', 'XR'}
2026-07-03 06:36:19 | INFO     | run                  | ======================================================================
2026-07-03 06:36:19 | INFO     | fetch_data           | Fetching data (Attempt 1/3)...
2026-07-03 06:36:19 | DEBUG    | fetch_data           | Establishing session with https://dps.psx.com.pk/
2026-07-03 06:36:22 | DEBUG    | fetch_data           | Requesting data from https://dps.psx.com.pk/market-watch
2026-07-03 06:36:24 | DEBUG    | fetch_data           | Response status: 200
2026-07-03 06:36:24 | DEBUG    | fetch_data           | Response content type: text/html; charset=utf-8
2026-07-03 06:36:24 | DEBUG    | fetch_data           | Response size: 459323 bytes
2026-07-03 06:36:24 | INFO     | fetch_data           | ✅ Data fetched successfully (Status: 200)
2026-07-03 06:36:24 | DEBUG    | parse_json           | Attempting JSON parsing...
2026-07-03 06:36:24 | DEBUG    | parse_json           | Response preview: <table class="tbl" data-page-length="25"><thead class="tbl__head"><!-- tr--><!--   th(colspan="11")--><!--   th.center(colspan="2", style="width: 110px;") TOTAL BUY ORDERS--><!--   th.center(colspan="2", style="width: 110px;") TOTAL SELL ORDERS--><tr><th data-name="symbol">SYMBOL</th><th data-name="sector">SECTOR</th><th data-name="listed">LISTED IN</th><th class="right" data-name="ldcp">LDCP</th><th class="right" data-name="open">OPEN</th><th class="right" data-name="high">HIGH</th><th class="r
2026-07-03 06:36:24 | WARNING  | parse_json           | ⚠️ JSON parsing failed: Expecting value: line 1 column 1 (char 0)
2026-07-03 06:36:24 | INFO     | run                  | JSON parsing failed, trying HTML fallback...
2026-07-03 06:36:24 | INFO     | parse_html           | Attempting HTML fallback parsing...
2026-07-03 06:36:24 | DEBUG    | parse_html           | Found 1 table(s) in HTML
2026-07-03 06:36:24 | DEBUG    | parse_html           | Table columns: ['SYMBOL', 'SECTOR', 'LISTED IN', 'LDCP', 'OPEN', 'HIGH', 'LOW', 'CURRENT', 'CHANGE', 'CHANGE (%)', 'VOLUME']
2026-07-03 06:36:24 | DEBUG    | parse_html           | Table shape: (479, 11)
2026-07-03 06:36:24 | INFO     | parse_html           | ✅ HTML parsed successfully (479 rows)
2026-07-03 06:36:24 | INFO     | clean_data           | Cleaning data...
2026-07-03 06:36:24 | DEBUG    | clean_data           | Initial shape: (479, 11)
2026-07-03 06:36:24 | DEBUG    | clean_data           | Initial columns: ['SYMBOL', 'SECTOR', 'LISTED IN', 'LDCP', 'OPEN', 'HIGH', 'LOW', 'CURRENT', 'CHANGE', 'CHANGE (%)', 'VOLUME']
2026-07-03 06:36:24 | DEBUG    | clean_data           | Removed 'LISTED IN' column
2026-07-03 06:36:24 | DEBUG    | clean_data           | Converted LDCP from float64 to numeric
2026-07-03 06:36:24 | DEBUG    | clean_data           | Converted OPEN from float64 to numeric
2026-07-03 06:36:24 | DEBUG    | clean_data           | Converted HIGH from float64 to numeric
2026-07-03 06:36:24 | DEBUG    | clean_data           | Converted LOW from float64 to numeric
2026-07-03 06:36:24 | DEBUG    | clean_data           | Converted CURRENT from float64 to numeric
2026-07-03 06:36:24 | DEBUG    | clean_data           | Converted CHANGE from float64 to numeric
2026-07-03 06:36:24 | WARNING  | clean_data           | Column CHANGE (%): 479 values could not be converted to numeric
2026-07-03 06:36:24 | DEBUG    | clean_data           | Converted CHANGE (%) from str to numeric
2026-07-03 06:36:24 | DEBUG    | clean_data           | Converted VOLUME from int64 to numeric
2026-07-03 06:36:24 | INFO     | clean_data           | ✅ Data cleaned (479 rows, 16 columns)
2026-07-03 06:36:24 | DEBUG    | clean_data           | Final columns: ['SYMBOL', 'SECTOR', 'LDCP', 'OPEN', 'HIGH', 'LOW', 'CURRENT', 'CHANGE', 'CHANGE (%)', 'VOLUME', 'YEAR', 'MONTH', 'DAY', 'HOUR', 'MINUTE', 'DATETIME']
2026-07-03 06:36:24 | DEBUG    | get_file_path        | Generated file path: data/2026/07/2026-07-03.xlsx
2026-07-03 06:36:24 | INFO     | save_data            | Saving data to: data/2026/07/2026-07-03.xlsx
2026-07-03 06:36:24 | DEBUG    | _create_backup       | Backup created: data/2026/07/backups/2026-07-03_backup_20260703_063624.xlsx
2026-07-03 06:36:24 | DEBUG    | _cleanup_old_backups | Removed old backup: 2026-07-03_backup_20260703_061028.xlsx
2026-07-03 06:36:24 | DEBUG    | save_data            | Existing file found, merging data...
2026-07-03 06:36:26 | DEBUG    | save_data            | Loaded 20943 existing rows
2026-07-03 06:36:26 | DEBUG    | save_data            | Combined to 21422 rows
2026-07-03 06:36:26 | DEBUG    | save_data            | Writing to temporary file...
2026-07-03 06:36:30 | DEBUG    | save_data            | Data written to temp file: /home/runner/work/Thalorae-BackLioraen/Thalorae-BackLioraen/data/2026/07/tmpvdfwg9vq.xlsx
2026-07-03 06:36:30 | DEBUG    | save_data            | Temp file moved to final location
2026-07-03 06:36:30 | INFO     | save_data            | ✅ Data saved successfully (21422 total rows, 1,586,819 bytes)
2026-07-03 06:36:30 | INFO     | run                  | ======================================================================
2026-07-03 06:36:30 | INFO     | run                  | 📊 EXECUTION SUMMARY:
2026-07-03 06:36:30 | INFO     | run                  |    ✅ Status: SUCCESS
2026-07-03 06:36:30 | INFO     | run                  |    - Rows processed: 479
2026-07-03 06:36:30 | INFO     | run                  |    - Unique symbols: 479
2026-07-03 06:36:30 | INFO     | run                  |    - Timestamp: 2026-07-03 11:36:19
2026-07-03 06:36:30 | INFO     | run                  |    - File: data/2026/07/2026-07-03.xlsx
2026-07-03 06:36:30 | INFO     | run                  | ======================================================================
2026-07-03 06:36:30 | DEBUG    | run                  | Sample data (first row):
2026-07-03 06:36:30 | DEBUG    | run                  | {'SYMBOL': 'TPLRF1', 'SECTOR': 836, 'LDCP': 10.64, 'OPEN': 10.7, 'HIGH': 11.13, 'LOW': 10.5, 'CURRENT': 10.71, 'CHANGE': 0.07, 'CHANGE (%)': nan, 'VOLUME': 61717916, 'YEAR': 2026, 'MONTH': 7, 'DAY': 3, 'HOUR': 11, 'MINUTE': 36, 'DATETIME': '2026-07-03 11:36'}
2026-07-03 06:36:30 | DEBUG    | close                | Session closed
2026-07-03 06:41:31 | INFO     | run                  | ======================================================================
2026-07-03 06:41:31 | INFO     | run                  | 🚀 MARKET DATA SCRAPER - SINGLE EXECUTION
2026-07-03 06:41:31 | INFO     | run                  | ======================================================================
2026-07-03 06:41:31 | INFO     | run                  | Execution Time: 2026-07-03 11:41:31 PKT
2026-07-03 06:41:31 | INFO     | run                  | Configuration:
2026-07-03 06:41:31 | INFO     | run                  |    - Timezone: Asia/Karachi
2026-07-03 06:41:31 | INFO     | run                  |    - Data directory: data
2026-07-03 06:41:31 | INFO     | run                  |    - Log directory: logs
2026-07-03 06:41:31 | INFO     | run                  |    - Excluded symbols: {'XD', 'XR', 'XT', 'XS'}
2026-07-03 06:41:31 | INFO     | run                  | ======================================================================
2026-07-03 06:41:31 | INFO     | fetch_data           | Fetching data (Attempt 1/3)...
2026-07-03 06:41:31 | DEBUG    | fetch_data           | Establishing session with https://dps.psx.com.pk/
2026-07-03 06:41:33 | DEBUG    | fetch_data           | Requesting data from https://dps.psx.com.pk/market-watch
2026-07-03 06:41:36 | DEBUG    | fetch_data           | Response status: 200
2026-07-03 06:41:36 | DEBUG    | fetch_data           | Response content type: text/html; charset=utf-8
2026-07-03 06:41:36 | DEBUG    | fetch_data           | Response size: 460016 bytes
2026-07-03 06:41:36 | INFO     | fetch_data           | ✅ Data fetched successfully (Status: 200)
2026-07-03 06:41:36 | DEBUG    | parse_json           | Attempting JSON parsing...
2026-07-03 06:41:36 | DEBUG    | parse_json           | Response preview: <table class="tbl" data-page-length="25"><thead class="tbl__head"><!-- tr--><!--   th(colspan="11")--><!--   th.center(colspan="2", style="width: 110px;") TOTAL BUY ORDERS--><!--   th.center(colspan="2", style="width: 110px;") TOTAL SELL ORDERS--><tr><th data-name="symbol">SYMBOL</th><th data-name="sector">SECTOR</th><th data-name="listed">LISTED IN</th><th class="right" data-name="ldcp">LDCP</th><th class="right" data-name="open">OPEN</th><th class="right" data-name="high">HIGH</th><th class="r
2026-07-03 06:41:36 | WARNING  | parse_json           | ⚠️ JSON parsing failed: Expecting value: line 1 column 1 (char 0)
2026-07-03 06:41:36 | INFO     | run                  | JSON parsing failed, trying HTML fallback...
2026-07-03 06:41:36 | INFO     | parse_html           | Attempting HTML fallback parsing...
2026-07-03 06:41:36 | DEBUG    | parse_html           | Found 1 table(s) in HTML
2026-07-03 06:41:36 | DEBUG    | parse_html           | Table columns: ['SYMBOL', 'SECTOR', 'LISTED IN', 'LDCP', 'OPEN', 'HIGH', 'LOW', 'CURRENT', 'CHANGE', 'CHANGE (%)', 'VOLUME']
2026-07-03 06:41:36 | DEBUG    | parse_html           | Table shape: (480, 11)
2026-07-03 06:41:36 | INFO     | parse_html           | ✅ HTML parsed successfully (480 rows)
2026-07-03 06:41:36 | INFO     | clean_data           | Cleaning data...
2026-07-03 06:41:36 | DEBUG    | clean_data           | Initial shape: (480, 11)
2026-07-03 06:41:36 | DEBUG    | clean_data           | Initial columns: ['SYMBOL', 'SECTOR', 'LISTED IN', 'LDCP', 'OPEN', 'HIGH', 'LOW', 'CURRENT', 'CHANGE', 'CHANGE (%)', 'VOLUME']
2026-07-03 06:41:36 | DEBUG    | clean_data           | Removed 'LISTED IN' column
2026-07-03 06:41:36 | DEBUG    | clean_data           | Converted LDCP from float64 to numeric
2026-07-03 06:41:36 | DEBUG    | clean_data           | Converted OPEN from float64 to numeric
2026-07-03 06:41:36 | DEBUG    | clean_data           | Converted HIGH from float64 to numeric
2026-07-03 06:41:36 | DEBUG    | clean_data           | Converted LOW from float64 to numeric
2026-07-03 06:41:36 | DEBUG    | clean_data           | Converted CURRENT from float64 to numeric
2026-07-03 06:41:36 | DEBUG    | clean_data           | Converted CHANGE from float64 to numeric
2026-07-03 06:41:36 | WARNING  | clean_data           | Column CHANGE (%): 480 values could not be converted to numeric
2026-07-03 06:41:36 | DEBUG    | clean_data           | Converted CHANGE (%) from str to numeric
2026-07-03 06:41:36 | DEBUG    | clean_data           | Converted VOLUME from int64 to numeric
2026-07-03 06:41:36 | INFO     | clean_data           | ✅ Data cleaned (480 rows, 16 columns)
2026-07-03 06:41:36 | DEBUG    | clean_data           | Final columns: ['SYMBOL', 'SECTOR', 'LDCP', 'OPEN', 'HIGH', 'LOW', 'CURRENT', 'CHANGE', 'CHANGE (%)', 'VOLUME', 'YEAR', 'MONTH', 'DAY', 'HOUR', 'MINUTE', 'DATETIME']
2026-07-03 06:41:36 | DEBUG    | get_file_path        | Generated file path: data/2026/07/2026-07-03.xlsx
2026-07-03 06:41:36 | INFO     | save_data            | Saving data to: data/2026/07/2026-07-03.xlsx
2026-07-03 06:41:36 | DEBUG    | _create_backup       | Backup created: data/2026/07/backups/2026-07-03_backup_20260703_064136.xlsx
2026-07-03 06:41:36 | DEBUG    | _cleanup_old_backups | Removed old backup: 2026-07-03_backup_20260703_061538.xlsx
2026-07-03 06:41:36 | DEBUG    | save_data            | Existing file found, merging data...
2026-07-03 06:41:38 | DEBUG    | save_data            | Loaded 21422 existing rows
2026-07-03 06:41:38 | DEBUG    | save_data            | Combined to 21902 rows
2026-07-03 06:41:38 | DEBUG    | save_data            | Writing to temporary file...
2026-07-03 06:41:43 | DEBUG    | save_data            | Data written to temp file: /home/runner/work/Thalorae-BackLioraen/Thalorae-BackLioraen/data/2026/07/tmpc1ufs4ae.xlsx
2026-07-03 06:41:43 | DEBUG    | save_data            | Temp file moved to final location
2026-07-03 06:41:43 | INFO     | save_data            | ✅ Data saved successfully (21902 total rows, 1,622,393 bytes)
2026-07-03 06:41:43 | INFO     | run                  | ======================================================================
2026-07-03 06:41:43 | INFO     | run                  | 📊 EXECUTION SUMMARY:
2026-07-03 06:41:43 | INFO     | run                  |    ✅ Status: SUCCESS
2026-07-03 06:41:43 | INFO     | run                  |    - Rows processed: 480
2026-07-03 06:41:43 | INFO     | run                  |    - Unique symbols: 480
2026-07-03 06:41:43 | INFO     | run                  |    - Timestamp: 2026-07-03 11:41:31
2026-07-03 06:41:43 | INFO     | run                  |    - File: data/2026/07/2026-07-03.xlsx
2026-07-03 06:41:43 | INFO     | run                  | ======================================================================
2026-07-03 06:41:43 | DEBUG    | run                  | Sample data (first row):
2026-07-03 06:41:43 | DEBUG    | run                  | {'SYMBOL': 'TPLRF1', 'SECTOR': 836, 'LDCP': 10.64, 'OPEN': 10.7, 'HIGH': 11.13, 'LOW': 10.5, 'CURRENT': 10.7, 'CHANGE': 0.06, 'CHANGE (%)': nan, 'VOLUME': 61754050, 'YEAR': 2026, 'MONTH': 7, 'DAY': 3, 'HOUR': 11, 'MINUTE': 41, 'DATETIME': '2026-07-03 11:41'}
2026-07-03 06:41:43 | DEBUG    | close                | Session closed
2026-07-03 06:46:43 | INFO     | run                  | ======================================================================
2026-07-03 06:46:43 | INFO     | run                  | 🚀 MARKET DATA SCRAPER - SINGLE EXECUTION
2026-07-03 06:46:43 | INFO     | run                  | ======================================================================
2026-07-03 06:46:43 | INFO     | run                  | Execution Time: 2026-07-03 11:46:43 PKT
2026-07-03 06:46:43 | INFO     | run                  | Configuration:
2026-07-03 06:46:43 | INFO     | run                  |    - Timezone: Asia/Karachi
2026-07-03 06:46:43 | INFO     | run                  |    - Data directory: data
2026-07-03 06:46:43 | INFO     | run                  |    - Log directory: logs
2026-07-03 06:46:43 | INFO     | run                  |    - Excluded symbols: {'XR', 'XT', 'XS', 'XD'}
2026-07-03 06:46:43 | INFO     | run                  | ======================================================================
2026-07-03 06:46:43 | INFO     | fetch_data           | Fetching data (Attempt 1/3)...
2026-07-03 06:46:43 | DEBUG    | fetch_data           | Establishing session with https://dps.psx.com.pk/
2026-07-03 06:46:46 | DEBUG    | fetch_data           | Requesting data from https://dps.psx.com.pk/market-watch
2026-07-03 06:46:47 | DEBUG    | fetch_data           | Response status: 200
2026-07-03 06:46:47 | DEBUG    | fetch_data           | Response content type: text/html; charset=utf-8
2026-07-03 06:46:47 | DEBUG    | fetch_data           | Response size: 463175 bytes
2026-07-03 06:46:47 | INFO     | fetch_data           | ✅ Data fetched successfully (Status: 200)
2026-07-03 06:46:47 | DEBUG    | parse_json           | Attempting JSON parsing...
2026-07-03 06:46:47 | DEBUG    | parse_json           | Response preview: <table class="tbl" data-page-length="25"><thead class="tbl__head"><!-- tr--><!--   th(colspan="11")--><!--   th.center(colspan="2", style="width: 110px;") TOTAL BUY ORDERS--><!--   th.center(colspan="2", style="width: 110px;") TOTAL SELL ORDERS--><tr><th data-name="symbol">SYMBOL</th><th data-name="sector">SECTOR</th><th data-name="listed">LISTED IN</th><th class="right" data-name="ldcp">LDCP</th><th class="right" data-name="open">OPEN</th><th class="right" data-name="high">HIGH</th><th class="r
2026-07-03 06:46:47 | WARNING  | parse_json           | ⚠️ JSON parsing failed: Expecting value: line 1 column 1 (char 0)
2026-07-03 06:46:47 | INFO     | run                  | JSON parsing failed, trying HTML fallback...
2026-07-03 06:46:47 | INFO     | parse_html           | Attempting HTML fallback parsing...
2026-07-03 06:46:47 | DEBUG    | parse_html           | Found 1 table(s) in HTML
2026-07-03 06:46:47 | DEBUG    | parse_html           | Table columns: ['SYMBOL', 'SECTOR', 'LISTED IN', 'LDCP', 'OPEN', 'HIGH', 'LOW', 'CURRENT', 'CHANGE', 'CHANGE (%)', 'VOLUME']
2026-07-03 06:46:47 | DEBUG    | parse_html           | Table shape: (483, 11)
2026-07-03 06:46:47 | INFO     | parse_html           | ✅ HTML parsed successfully (483 rows)
2026-07-03 06:46:47 | INFO     | clean_data           | Cleaning data...
2026-07-03 06:46:47 | DEBUG    | clean_data           | Initial shape: (483, 11)
2026-07-03 06:46:47 | DEBUG    | clean_data           | Initial columns: ['SYMBOL', 'SECTOR', 'LISTED IN', 'LDCP', 'OPEN', 'HIGH', 'LOW', 'CURRENT', 'CHANGE', 'CHANGE (%)', 'VOLUME']
2026-07-03 06:46:47 | DEBUG    | clean_data           | Removed 'LISTED IN' column
2026-07-03 06:46:47 | DEBUG    | clean_data           | Converted LDCP from float64 to numeric
2026-07-03 06:46:47 | DEBUG    | clean_data           | Converted OPEN from float64 to numeric
2026-07-03 06:46:47 | DEBUG    | clean_data           | Converted HIGH from float64 to numeric
2026-07-03 06:46:47 | DEBUG    | clean_data           | Converted LOW from float64 to numeric
2026-07-03 06:46:47 | DEBUG    | clean_data           | Converted CURRENT from float64 to numeric
2026-07-03 06:46:47 | DEBUG    | clean_data           | Converted CHANGE from float64 to numeric
2026-07-03 06:46:47 | WARNING  | clean_data           | Column CHANGE (%): 483 values could not be converted to numeric
2026-07-03 06:46:47 | DEBUG    | clean_data           | Converted CHANGE (%) from str to numeric
2026-07-03 06:46:47 | DEBUG    | clean_data           | Converted VOLUME from int64 to numeric
2026-07-03 06:46:47 | INFO     | clean_data           | ✅ Data cleaned (483 rows, 16 columns)
2026-07-03 06:46:47 | DEBUG    | clean_data           | Final columns: ['SYMBOL', 'SECTOR', 'LDCP', 'OPEN', 'HIGH', 'LOW', 'CURRENT', 'CHANGE', 'CHANGE (%)', 'VOLUME', 'YEAR', 'MONTH', 'DAY', 'HOUR', 'MINUTE', 'DATETIME']
2026-07-03 06:46:47 | DEBUG    | get_file_path        | Generated file path: data/2026/07/2026-07-03.xlsx
2026-07-03 06:46:47 | INFO     | save_data            | Saving data to: data/2026/07/2026-07-03.xlsx
2026-07-03 06:46:47 | DEBUG    | _create_backup       | Backup created: data/2026/07/backups/2026-07-03_backup_20260703_064647.xlsx
2026-07-03 06:46:47 | DEBUG    | _cleanup_old_backups | Removed old backup: 2026-07-03_backup_20260703_062049.xlsx
2026-07-03 06:46:47 | DEBUG    | save_data            | Existing file found, merging data...
2026-07-03 06:46:49 | DEBUG    | save_data            | Loaded 21902 existing rows
2026-07-03 06:46:49 | DEBUG    | save_data            | Combined to 22385 rows
2026-07-03 06:46:49 | DEBUG    | save_data            | Writing to temporary file...
2026-07-03 06:46:53 | DEBUG    | save_data            | Data written to temp file: /home/runner/work/Thalorae-BackLioraen/Thalorae-BackLioraen/data/2026/07/tmpzc0u3_i9.xlsx
2026-07-03 06:46:53 | DEBUG    | save_data            | Temp file moved to final location
2026-07-03 06:46:53 | INFO     | save_data            | ✅ Data saved successfully (22385 total rows, 1,658,297 bytes)
2026-07-03 06:46:53 | INFO     | run                  | ======================================================================
2026-07-03 06:46:53 | INFO     | run                  | 📊 EXECUTION SUMMARY:
2026-07-03 06:46:53 | INFO     | run                  |    ✅ Status: SUCCESS
2026-07-03 06:46:53 | INFO     | run                  |    - Rows processed: 483
2026-07-03 06:46:53 | INFO     | run                  |    - Unique symbols: 483
2026-07-03 06:46:53 | INFO     | run                  |    - Timestamp: 2026-07-03 11:46:43
2026-07-03 06:46:53 | INFO     | run                  |    - File: data/2026/07/2026-07-03.xlsx
2026-07-03 06:46:53 | INFO     | run                  | ======================================================================
2026-07-03 06:46:53 | DEBUG    | run                  | Sample data (first row):
2026-07-03 06:46:53 | DEBUG    | run                  | {'SYMBOL': 'TPLRF1', 'SECTOR': 836, 'LDCP': 10.64, 'OPEN': 10.7, 'HIGH': 11.13, 'LOW': 10.5, 'CURRENT': 10.7, 'CHANGE': 0.06, 'CHANGE (%)': nan, 'VOLUME': 61759251, 'YEAR': 2026, 'MONTH': 7, 'DAY': 3, 'HOUR': 11, 'MINUTE': 46, 'DATETIME': '2026-07-03 11:46'}
2026-07-03 06:46:53 | DEBUG    | close                | Session closed
2026-07-03 06:51:54 | INFO     | run                  | ======================================================================
2026-07-03 06:51:54 | INFO     | run                  | 🚀 MARKET DATA SCRAPER - SINGLE EXECUTION
2026-07-03 06:51:54 | INFO     | run                  | ======================================================================
2026-07-03 06:51:54 | INFO     | run                  | Execution Time: 2026-07-03 11:51:54 PKT
2026-07-03 06:51:54 | INFO     | run                  | Configuration:
2026-07-03 06:51:54 | INFO     | run                  |    - Timezone: Asia/Karachi
2026-07-03 06:51:54 | INFO     | run                  |    - Data directory: data
2026-07-03 06:51:54 | INFO     | run                  |    - Log directory: logs
2026-07-03 06:51:54 | INFO     | run                  |    - Excluded symbols: {'XD', 'XR', 'XS', 'XT'}
2026-07-03 06:51:54 | INFO     | run                  | ======================================================================
2026-07-03 06:51:54 | INFO     | fetch_data           | Fetching data (Attempt 1/3)...
2026-07-03 06:51:54 | DEBUG    | fetch_data           | Establishing session with https://dps.psx.com.pk/
2026-07-03 06:51:57 | DEBUG    | fetch_data           | Requesting data from https://dps.psx.com.pk/market-watch
2026-07-03 06:51:59 | DEBUG    | fetch_data           | Response status: 200
2026-07-03 06:51:59 | DEBUG    | fetch_data           | Response content type: text/html; charset=utf-8
2026-07-03 06:51:59 | DEBUG    | fetch_data           | Response size: 463996 bytes
2026-07-03 06:51:59 | INFO     | fetch_data           | ✅ Data fetched successfully (Status: 200)
2026-07-03 06:51:59 | DEBUG    | parse_json           | Attempting JSON parsing...
2026-07-03 06:51:59 | DEBUG    | parse_json           | Response preview: <table class="tbl" data-page-length="25"><thead class="tbl__head"><!-- tr--><!--   th(colspan="11")--><!--   th.center(colspan="2", style="width: 110px;") TOTAL BUY ORDERS--><!--   th.center(colspan="2", style="width: 110px;") TOTAL SELL ORDERS--><tr><th data-name="symbol">SYMBOL</th><th data-name="sector">SECTOR</th><th data-name="listed">LISTED IN</th><th class="right" data-name="ldcp">LDCP</th><th class="right" data-name="open">OPEN</th><th class="right" data-name="high">HIGH</th><th class="r
2026-07-03 06:51:59 | WARNING  | parse_json           | ⚠️ JSON parsing failed: Expecting value: line 1 column 1 (char 0)
2026-07-03 06:51:59 | INFO     | run                  | JSON parsing failed, trying HTML fallback...
2026-07-03 06:51:59 | INFO     | parse_html           | Attempting HTML fallback parsing...
2026-07-03 06:51:59 | DEBUG    | parse_html           | Found 1 table(s) in HTML
2026-07-03 06:51:59 | DEBUG    | parse_html           | Table columns: ['SYMBOL', 'SECTOR', 'LISTED IN', 'LDCP', 'OPEN', 'HIGH', 'LOW', 'CURRENT', 'CHANGE', 'CHANGE (%)', 'VOLUME']
2026-07-03 06:51:59 | DEBUG    | parse_html           | Table shape: (484, 11)
2026-07-03 06:51:59 | INFO     | parse_html           | ✅ HTML parsed successfully (484 rows)
2026-07-03 06:51:59 | INFO     | clean_data           | Cleaning data...
2026-07-03 06:51:59 | DEBUG    | clean_data           | Initial shape: (484, 11)
2026-07-03 06:51:59 | DEBUG    | clean_data           | Initial columns: ['SYMBOL', 'SECTOR', 'LISTED IN', 'LDCP', 'OPEN', 'HIGH', 'LOW', 'CURRENT', 'CHANGE', 'CHANGE (%)', 'VOLUME']
2026-07-03 06:51:59 | DEBUG    | clean_data           | Removed 'LISTED IN' column
2026-07-03 06:51:59 | DEBUG    | clean_data           | Converted LDCP from float64 to numeric
2026-07-03 06:51:59 | DEBUG    | clean_data           | Converted OPEN from float64 to numeric
2026-07-03 06:51:59 | DEBUG    | clean_data           | Converted HIGH from float64 to numeric
2026-07-03 06:51:59 | DEBUG    | clean_data           | Converted LOW from float64 to numeric
2026-07-03 06:51:59 | DEBUG    | clean_data           | Converted CURRENT from float64 to numeric
2026-07-03 06:51:59 | DEBUG    | clean_data           | Converted CHANGE from float64 to numeric
2026-07-03 06:51:59 | WARNING  | clean_data           | Column CHANGE (%): 484 values could not be converted to numeric
2026-07-03 06:51:59 | DEBUG    | clean_data           | Converted CHANGE (%) from str to numeric
2026-07-03 06:51:59 | DEBUG    | clean_data           | Converted VOLUME from int64 to numeric
2026-07-03 06:52:00 | INFO     | clean_data           | ✅ Data cleaned (484 rows, 16 columns)
2026-07-03 06:52:00 | DEBUG    | clean_data           | Final columns: ['SYMBOL', 'SECTOR', 'LDCP', 'OPEN', 'HIGH', 'LOW', 'CURRENT', 'CHANGE', 'CHANGE (%)', 'VOLUME', 'YEAR', 'MONTH', 'DAY', 'HOUR', 'MINUTE', 'DATETIME']
2026-07-03 06:52:00 | DEBUG    | get_file_path        | Generated file path: data/2026/07/2026-07-03.xlsx
2026-07-03 06:52:00 | INFO     | save_data            | Saving data to: data/2026/07/2026-07-03.xlsx
2026-07-03 06:52:00 | DEBUG    | _create_backup       | Backup created: data/2026/07/backups/2026-07-03_backup_20260703_065200.xlsx
2026-07-03 06:52:00 | DEBUG    | _cleanup_old_backups | Removed old backup: 2026-07-03_backup_20260703_062601.xlsx
2026-07-03 06:52:00 | DEBUG    | save_data            | Existing file found, merging data...
2026-07-03 06:52:02 | DEBUG    | save_data            | Loaded 22385 existing rows
2026-07-03 06:52:02 | DEBUG    | save_data            | Combined to 22869 rows
2026-07-03 06:52:02 | DEBUG    | save_data            | Writing to temporary file...
2026-07-03 06:52:06 | DEBUG    | save_data            | Data written to temp file: /home/runner/work/Thalorae-BackLioraen/Thalorae-BackLioraen/data/2026/07/tmp65aozblv.xlsx
2026-07-03 06:52:06 | DEBUG    | save_data            | Temp file moved to final location
2026-07-03 06:52:06 | INFO     | save_data            | ✅ Data saved successfully (22869 total rows, 1,694,286 bytes)
2026-07-03 06:52:06 | INFO     | run                  | ======================================================================
2026-07-03 06:52:06 | INFO     | run                  | 📊 EXECUTION SUMMARY:
2026-07-03 06:52:06 | INFO     | run                  |    ✅ Status: SUCCESS
2026-07-03 06:52:06 | INFO     | run                  |    - Rows processed: 484
2026-07-03 06:52:06 | INFO     | run                  |    - Unique symbols: 484
2026-07-03 06:52:06 | INFO     | run                  |    - Timestamp: 2026-07-03 11:51:54
2026-07-03 06:52:06 | INFO     | run                  |    - File: data/2026/07/2026-07-03.xlsx
2026-07-03 06:52:06 | INFO     | run                  | ======================================================================
2026-07-03 06:52:06 | DEBUG    | run                  | Sample data (first row):
2026-07-03 06:52:06 | DEBUG    | run                  | {'SYMBOL': 'TPLRF1', 'SECTOR': 836, 'LDCP': 10.64, 'OPEN': 10.7, 'HIGH': 11.13, 'LOW': 10.5, 'CURRENT': 10.68, 'CHANGE': 0.04, 'CHANGE (%)': nan, 'VOLUME': 61769402, 'YEAR': 2026, 'MONTH': 7, 'DAY': 3, 'HOUR': 11, 'MINUTE': 51, 'DATETIME': '2026-07-03 11:51'}
2026-07-03 06:52:06 | DEBUG    | close                | Session closed
2026-07-03 06:57:07 | INFO     | run                  | ======================================================================
2026-07-03 06:57:07 | INFO     | run                  | 🚀 MARKET DATA SCRAPER - SINGLE EXECUTION
2026-07-03 06:57:07 | INFO     | run                  | ======================================================================
2026-07-03 06:57:07 | INFO     | run                  | Execution Time: 2026-07-03 11:57:07 PKT
2026-07-03 06:57:07 | INFO     | run                  | Configuration:
2026-07-03 06:57:07 | INFO     | run                  |    - Timezone: Asia/Karachi
2026-07-03 06:57:07 | INFO     | run                  |    - Data directory: data
2026-07-03 06:57:07 | INFO     | run                  |    - Log directory: logs
2026-07-03 06:57:07 | INFO     | run                  |    - Excluded symbols: {'XR', 'XD', 'XS', 'XT'}
2026-07-03 06:57:07 | INFO     | run                  | ======================================================================
2026-07-03 06:57:07 | INFO     | fetch_data           | Fetching data (Attempt 1/3)...
2026-07-03 06:57:07 | DEBUG    | fetch_data           | Establishing session with https://dps.psx.com.pk/
2026-07-03 06:57:10 | DEBUG    | fetch_data           | Requesting data from https://dps.psx.com.pk/market-watch
2026-07-03 06:57:11 | DEBUG    | fetch_data           | Response status: 200
2026-07-03 06:57:11 | DEBUG    | fetch_data           | Response content type: text/html; charset=utf-8
2026-07-03 06:57:11 | DEBUG    | fetch_data           | Response size: 464080 bytes
2026-07-03 06:57:11 | INFO     | fetch_data           | ✅ Data fetched successfully (Status: 200)
2026-07-03 06:57:11 | DEBUG    | parse_json           | Attempting JSON parsing...
2026-07-03 06:57:11 | DEBUG    | parse_json           | Response preview: <table class="tbl" data-page-length="25"><thead class="tbl__head"><!-- tr--><!--   th(colspan="11")--><!--   th.center(colspan="2", style="width: 110px;") TOTAL BUY ORDERS--><!--   th.center(colspan="2", style="width: 110px;") TOTAL SELL ORDERS--><tr><th data-name="symbol">SYMBOL</th><th data-name="sector">SECTOR</th><th data-name="listed">LISTED IN</th><th class="right" data-name="ldcp">LDCP</th><th class="right" data-name="open">OPEN</th><th class="right" data-name="high">HIGH</th><th class="r
2026-07-03 06:57:11 | WARNING  | parse_json           | ⚠️ JSON parsing failed: Expecting value: line 1 column 1 (char 0)
2026-07-03 06:57:11 | INFO     | run                  | JSON parsing failed, trying HTML fallback...
2026-07-03 06:57:11 | INFO     | parse_html           | Attempting HTML fallback parsing...
2026-07-03 06:57:11 | DEBUG    | parse_html           | Found 1 table(s) in HTML
2026-07-03 06:57:11 | DEBUG    | parse_html           | Table columns: ['SYMBOL', 'SECTOR', 'LISTED IN', 'LDCP', 'OPEN', 'HIGH', 'LOW', 'CURRENT', 'CHANGE', 'CHANGE (%)', 'VOLUME']
2026-07-03 06:57:11 | DEBUG    | parse_html           | Table shape: (484, 11)
2026-07-03 06:57:11 | INFO     | parse_html           | ✅ HTML parsed successfully (484 rows)
2026-07-03 06:57:11 | INFO     | clean_data           | Cleaning data...
2026-07-03 06:57:11 | DEBUG    | clean_data           | Initial shape: (484, 11)
2026-07-03 06:57:11 | DEBUG    | clean_data           | Initial columns: ['SYMBOL', 'SECTOR', 'LISTED IN', 'LDCP', 'OPEN', 'HIGH', 'LOW', 'CURRENT', 'CHANGE', 'CHANGE (%)', 'VOLUME']
2026-07-03 06:57:11 | DEBUG    | clean_data           | Removed 'LISTED IN' column
2026-07-03 06:57:11 | DEBUG    | clean_data           | Converted LDCP from float64 to numeric
2026-07-03 06:57:11 | DEBUG    | clean_data           | Converted OPEN from float64 to numeric
2026-07-03 06:57:11 | DEBUG    | clean_data           | Converted HIGH from float64 to numeric
2026-07-03 06:57:11 | DEBUG    | clean_data           | Converted LOW from float64 to numeric
2026-07-03 06:57:11 | DEBUG    | clean_data           | Converted CURRENT from float64 to numeric
2026-07-03 06:57:11 | DEBUG    | clean_data           | Converted CHANGE from float64 to numeric
2026-07-03 06:57:11 | WARNING  | clean_data           | Column CHANGE (%): 484 values could not be converted to numeric
2026-07-03 06:57:11 | DEBUG    | clean_data           | Converted CHANGE (%) from str to numeric
2026-07-03 06:57:11 | DEBUG    | clean_data           | Converted VOLUME from int64 to numeric
2026-07-03 06:57:11 | INFO     | clean_data           | ✅ Data cleaned (484 rows, 16 columns)
2026-07-03 06:57:11 | DEBUG    | clean_data           | Final columns: ['SYMBOL', 'SECTOR', 'LDCP', 'OPEN', 'HIGH', 'LOW', 'CURRENT', 'CHANGE', 'CHANGE (%)', 'VOLUME', 'YEAR', 'MONTH', 'DAY', 'HOUR', 'MINUTE', 'DATETIME']
2026-07-03 06:57:11 | DEBUG    | get_file_path        | Generated file path: data/2026/07/2026-07-03.xlsx
2026-07-03 06:57:11 | INFO     | save_data            | Saving data to: data/2026/07/2026-07-03.xlsx
2026-07-03 06:57:11 | DEBUG    | _create_backup       | Backup created: data/2026/07/backups/2026-07-03_backup_20260703_065711.xlsx
2026-07-03 06:57:11 | DEBUG    | _cleanup_old_backups | Removed old backup: 2026-07-03_backup_20260703_063113.xlsx
2026-07-03 06:57:11 | DEBUG    | save_data            | Existing file found, merging data...
2026-07-03 06:57:14 | DEBUG    | save_data            | Loaded 22869 existing rows
2026-07-03 06:57:14 | DEBUG    | save_data            | Combined to 23353 rows
2026-07-03 06:57:14 | DEBUG    | save_data            | Writing to temporary file...
2026-07-03 06:57:18 | DEBUG    | save_data            | Data written to temp file: /home/runner/work/Thalorae-BackLioraen/Thalorae-BackLioraen/data/2026/07/tmpwrjdil2l.xlsx
2026-07-03 06:57:18 | DEBUG    | save_data            | Temp file moved to final location
2026-07-03 06:57:18 | INFO     | save_data            | ✅ Data saved successfully (23353 total rows, 1,730,310 bytes)
2026-07-03 06:57:18 | INFO     | run                  | ======================================================================
2026-07-03 06:57:18 | INFO     | run                  | 📊 EXECUTION SUMMARY:
2026-07-03 06:57:18 | INFO     | run                  |    ✅ Status: SUCCESS
2026-07-03 06:57:18 | INFO     | run                  |    - Rows processed: 484
2026-07-03 06:57:18 | INFO     | run                  |    - Unique symbols: 484
2026-07-03 06:57:18 | INFO     | run                  |    - Timestamp: 2026-07-03 11:57:07
2026-07-03 06:57:18 | INFO     | run                  |    - File: data/2026/07/2026-07-03.xlsx
2026-07-03 06:57:18 | INFO     | run                  | ======================================================================
2026-07-03 06:57:18 | DEBUG    | run                  | Sample data (first row):
2026-07-03 06:57:18 | DEBUG    | run                  | {'SYMBOL': 'TPLRF1', 'SECTOR': 836, 'LDCP': 10.64, 'OPEN': 10.7, 'HIGH': 11.13, 'LOW': 10.5, 'CURRENT': 10.65, 'CHANGE': 0.01, 'CHANGE (%)': nan, 'VOLUME': 61851202, 'YEAR': 2026, 'MONTH': 7, 'DAY': 3, 'HOUR': 11, 'MINUTE': 57, 'DATETIME': '2026-07-03 11:57'}
2026-07-03 06:57:18 | DEBUG    | close                | Session closed
2026-07-03 07:02:18 | INFO     | run                  | ======================================================================
2026-07-03 07:02:18 | INFO     | run                  | 🚀 MARKET DATA SCRAPER - SINGLE EXECUTION
2026-07-03 07:02:18 | INFO     | run                  | ======================================================================
2026-07-03 07:02:18 | INFO     | run                  | Execution Time: 2026-07-03 12:02:18 PKT
2026-07-03 07:02:18 | INFO     | run                  | Configuration:
2026-07-03 07:02:18 | INFO     | run                  |    - Timezone: Asia/Karachi
2026-07-03 07:02:18 | INFO     | run                  |    - Data directory: data
2026-07-03 07:02:18 | INFO     | run                  |    - Log directory: logs
2026-07-03 07:02:18 | INFO     | run                  |    - Excluded symbols: {'XD', 'XT', 'XR', 'XS'}
2026-07-03 07:02:18 | INFO     | run                  | ======================================================================
2026-07-03 07:02:18 | INFO     | fetch_data           | Fetching data (Attempt 1/3)...
2026-07-03 07:02:18 | DEBUG    | fetch_data           | Establishing session with https://dps.psx.com.pk/
2026-07-03 07:02:21 | DEBUG    | fetch_data           | Requesting data from https://dps.psx.com.pk/market-watch
2026-07-03 07:02:23 | DEBUG    | fetch_data           | Response status: 200
2026-07-03 07:02:23 | DEBUG    | fetch_data           | Response content type: text/html; charset=utf-8
2026-07-03 07:02:23 | DEBUG    | fetch_data           | Response size: 463959 bytes
2026-07-03 07:02:23 | INFO     | fetch_data           | ✅ Data fetched successfully (Status: 200)
2026-07-03 07:02:23 | DEBUG    | parse_json           | Attempting JSON parsing...
2026-07-03 07:02:23 | DEBUG    | parse_json           | Response preview: <table class="tbl" data-page-length="25"><thead class="tbl__head"><!-- tr--><!--   th(colspan="11")--><!--   th.center(colspan="2", style="width: 110px;") TOTAL BUY ORDERS--><!--   th.center(colspan="2", style="width: 110px;") TOTAL SELL ORDERS--><tr><th data-name="symbol">SYMBOL</th><th data-name="sector">SECTOR</th><th data-name="listed">LISTED IN</th><th class="right" data-name="ldcp">LDCP</th><th class="right" data-name="open">OPEN</th><th class="right" data-name="high">HIGH</th><th class="r
2026-07-03 07:02:23 | WARNING  | parse_json           | ⚠️ JSON parsing failed: Expecting value: line 1 column 1 (char 0)
2026-07-03 07:02:23 | INFO     | run                  | JSON parsing failed, trying HTML fallback...
2026-07-03 07:02:23 | INFO     | parse_html           | Attempting HTML fallback parsing...
2026-07-03 07:02:23 | DEBUG    | parse_html           | Found 1 table(s) in HTML
2026-07-03 07:02:23 | DEBUG    | parse_html           | Table columns: ['SYMBOL', 'SECTOR', 'LISTED IN', 'LDCP', 'OPEN', 'HIGH', 'LOW', 'CURRENT', 'CHANGE', 'CHANGE (%)', 'VOLUME']
2026-07-03 07:02:23 | DEBUG    | parse_html           | Table shape: (484, 11)
2026-07-03 07:02:23 | INFO     | parse_html           | ✅ HTML parsed successfully (484 rows)
2026-07-03 07:02:23 | INFO     | clean_data           | Cleaning data...
2026-07-03 07:02:23 | DEBUG    | clean_data           | Initial shape: (484, 11)
2026-07-03 07:02:23 | DEBUG    | clean_data           | Initial columns: ['SYMBOL', 'SECTOR', 'LISTED IN', 'LDCP', 'OPEN', 'HIGH', 'LOW', 'CURRENT', 'CHANGE', 'CHANGE (%)', 'VOLUME']
2026-07-03 07:02:23 | DEBUG    | clean_data           | Removed 'LISTED IN' column
2026-07-03 07:02:23 | DEBUG    | clean_data           | Converted LDCP from float64 to numeric
2026-07-03 07:02:23 | DEBUG    | clean_data           | Converted OPEN from float64 to numeric
2026-07-03 07:02:23 | DEBUG    | clean_data           | Converted HIGH from float64 to numeric
2026-07-03 07:02:23 | DEBUG    | clean_data           | Converted LOW from float64 to numeric
2026-07-03 07:02:23 | DEBUG    | clean_data           | Converted CURRENT from float64 to numeric
2026-07-03 07:02:23 | DEBUG    | clean_data           | Converted CHANGE from float64 to numeric
2026-07-03 07:02:23 | WARNING  | clean_data           | Column CHANGE (%): 484 values could not be converted to numeric
2026-07-03 07:02:23 | DEBUG    | clean_data           | Converted CHANGE (%) from str to numeric
2026-07-03 07:02:23 | DEBUG    | clean_data           | Converted VOLUME from int64 to numeric
2026-07-03 07:02:23 | INFO     | clean_data           | ✅ Data cleaned (484 rows, 16 columns)
2026-07-03 07:02:23 | DEBUG    | clean_data           | Final columns: ['SYMBOL', 'SECTOR', 'LDCP', 'OPEN', 'HIGH', 'LOW', 'CURRENT', 'CHANGE', 'CHANGE (%)', 'VOLUME', 'YEAR', 'MONTH', 'DAY', 'HOUR', 'MINUTE', 'DATETIME']
2026-07-03 07:02:23 | DEBUG    | get_file_path        | Generated file path: data/2026/07/2026-07-03.xlsx
2026-07-03 07:02:23 | INFO     | save_data            | Saving data to: data/2026/07/2026-07-03.xlsx
2026-07-03 07:02:23 | DEBUG    | _create_backup       | Backup created: data/2026/07/backups/2026-07-03_backup_20260703_070223.xlsx
2026-07-03 07:02:23 | DEBUG    | _cleanup_old_backups | Removed old backup: 2026-07-03_backup_20260703_063624.xlsx
2026-07-03 07:02:23 | DEBUG    | save_data            | Existing file found, merging data...
2026-07-03 07:02:25 | DEBUG    | save_data            | Loaded 23353 existing rows
2026-07-03 07:02:25 | DEBUG    | save_data            | Combined to 23837 rows
2026-07-03 07:02:25 | DEBUG    | save_data            | Writing to temporary file...
2026-07-03 07:02:30 | DEBUG    | save_data            | Data written to temp file: /home/runner/work/Thalorae-BackLioraen/Thalorae-BackLioraen/data/2026/07/tmpz44mvrce.xlsx
2026-07-03 07:02:30 | DEBUG    | save_data            | Temp file moved to final location
2026-07-03 07:02:30 | INFO     | save_data            | ✅ Data saved successfully (23837 total rows, 1,766,362 bytes)
2026-07-03 07:02:30 | INFO     | run                  | ======================================================================
2026-07-03 07:02:30 | INFO     | run                  | 📊 EXECUTION SUMMARY:
2026-07-03 07:02:30 | INFO     | run                  |    ✅ Status: SUCCESS
2026-07-03 07:02:30 | INFO     | run                  |    - Rows processed: 484
2026-07-03 07:02:30 | INFO     | run                  |    - Unique symbols: 484
2026-07-03 07:02:30 | INFO     | run                  |    - Timestamp: 2026-07-03 12:02:18
2026-07-03 07:02:30 | INFO     | run                  |    - File: data/2026/07/2026-07-03.xlsx
2026-07-03 07:02:30 | INFO     | run                  | ======================================================================
2026-07-03 07:02:30 | DEBUG    | run                  | Sample data (first row):
2026-07-03 07:02:30 | DEBUG    | run                  | {'SYMBOL': 'TPLRF1', 'SECTOR': 836, 'LDCP': 10.64, 'OPEN': 10.7, 'HIGH': 11.13, 'LOW': 10.5, 'CURRENT': 10.7, 'CHANGE': 0.06, 'CHANGE (%)': nan, 'VOLUME': 61851405, 'YEAR': 2026, 'MONTH': 7, 'DAY': 3, 'HOUR': 12, 'MINUTE': 2, 'DATETIME': '2026-07-03 12:02'}
2026-07-03 07:02:30 | DEBUG    | close                | Session closed
2026-07-03 07:07:30 | INFO     | run                  | ======================================================================
2026-07-03 07:07:30 | INFO     | run                  | 🚀 MARKET DATA SCRAPER - SINGLE EXECUTION
2026-07-03 07:07:30 | INFO     | run                  | ======================================================================
2026-07-03 07:07:30 | INFO     | run                  | Execution Time: 2026-07-03 12:07:30 PKT
2026-07-03 07:07:30 | INFO     | run                  | Configuration:
2026-07-03 07:07:30 | INFO     | run                  |    - Timezone: Asia/Karachi
2026-07-03 07:07:30 | INFO     | run                  |    - Data directory: data
2026-07-03 07:07:30 | INFO     | run                  |    - Log directory: logs
2026-07-03 07:07:30 | INFO     | run                  |    - Excluded symbols: {'XT', 'XS', 'XD', 'XR'}
2026-07-03 07:07:30 | INFO     | run                  | ======================================================================
2026-07-03 07:07:30 | INFO     | fetch_data           | Fetching data (Attempt 1/3)...
2026-07-03 07:07:30 | DEBUG    | fetch_data           | Establishing session with https://dps.psx.com.pk/
2026-07-03 07:07:33 | DEBUG    | fetch_data           | Requesting data from https://dps.psx.com.pk/market-watch
2026-07-03 07:07:35 | DEBUG    | fetch_data           | Response status: 200
2026-07-03 07:07:35 | DEBUG    | fetch_data           | Response content type: text/html; charset=utf-8
2026-07-03 07:07:35 | DEBUG    | fetch_data           | Response size: 463959 bytes
2026-07-03 07:07:35 | INFO     | fetch_data           | ✅ Data fetched successfully (Status: 200)
2026-07-03 07:07:35 | DEBUG    | parse_json           | Attempting JSON parsing...
2026-07-03 07:07:35 | DEBUG    | parse_json           | Response preview: <table class="tbl" data-page-length="25"><thead class="tbl__head"><!-- tr--><!--   th(colspan="11")--><!--   th.center(colspan="2", style="width: 110px;") TOTAL BUY ORDERS--><!--   th.center(colspan="2", style="width: 110px;") TOTAL SELL ORDERS--><tr><th data-name="symbol">SYMBOL</th><th data-name="sector">SECTOR</th><th data-name="listed">LISTED IN</th><th class="right" data-name="ldcp">LDCP</th><th class="right" data-name="open">OPEN</th><th class="right" data-name="high">HIGH</th><th class="r
2026-07-03 07:07:35 | WARNING  | parse_json           | ⚠️ JSON parsing failed: Expecting value: line 1 column 1 (char 0)
2026-07-03 07:07:35 | INFO     | run                  | JSON parsing failed, trying HTML fallback...
2026-07-03 07:07:35 | INFO     | parse_html           | Attempting HTML fallback parsing...
2026-07-03 07:07:36 | DEBUG    | parse_html           | Found 1 table(s) in HTML
2026-07-03 07:07:36 | DEBUG    | parse_html           | Table columns: ['SYMBOL', 'SECTOR', 'LISTED IN', 'LDCP', 'OPEN', 'HIGH', 'LOW', 'CURRENT', 'CHANGE', 'CHANGE (%)', 'VOLUME']
2026-07-03 07:07:36 | DEBUG    | parse_html           | Table shape: (484, 11)
2026-07-03 07:07:36 | INFO     | parse_html           | ✅ HTML parsed successfully (484 rows)
2026-07-03 07:07:36 | INFO     | clean_data           | Cleaning data...
2026-07-03 07:07:36 | DEBUG    | clean_data           | Initial shape: (484, 11)
2026-07-03 07:07:36 | DEBUG    | clean_data           | Initial columns: ['SYMBOL', 'SECTOR', 'LISTED IN', 'LDCP', 'OPEN', 'HIGH', 'LOW', 'CURRENT', 'CHANGE', 'CHANGE (%)', 'VOLUME']
2026-07-03 07:07:36 | DEBUG    | clean_data           | Removed 'LISTED IN' column
2026-07-03 07:07:36 | DEBUG    | clean_data           | Converted LDCP from float64 to numeric
2026-07-03 07:07:36 | DEBUG    | clean_data           | Converted OPEN from float64 to numeric
2026-07-03 07:07:36 | DEBUG    | clean_data           | Converted HIGH from float64 to numeric
2026-07-03 07:07:36 | DEBUG    | clean_data           | Converted LOW from float64 to numeric
2026-07-03 07:07:36 | DEBUG    | clean_data           | Converted CURRENT from float64 to numeric
2026-07-03 07:07:36 | DEBUG    | clean_data           | Converted CHANGE from float64 to numeric
2026-07-03 07:07:36 | WARNING  | clean_data           | Column CHANGE (%): 484 values could not be converted to numeric
2026-07-03 07:07:36 | DEBUG    | clean_data           | Converted CHANGE (%) from str to numeric
2026-07-03 07:07:36 | DEBUG    | clean_data           | Converted VOLUME from int64 to numeric
2026-07-03 07:07:36 | INFO     | clean_data           | ✅ Data cleaned (484 rows, 16 columns)
2026-07-03 07:07:36 | DEBUG    | clean_data           | Final columns: ['SYMBOL', 'SECTOR', 'LDCP', 'OPEN', 'HIGH', 'LOW', 'CURRENT', 'CHANGE', 'CHANGE (%)', 'VOLUME', 'YEAR', 'MONTH', 'DAY', 'HOUR', 'MINUTE', 'DATETIME']
2026-07-03 07:07:36 | DEBUG    | get_file_path        | Generated file path: data/2026/07/2026-07-03.xlsx
2026-07-03 07:07:36 | INFO     | save_data            | Saving data to: data/2026/07/2026-07-03.xlsx
2026-07-03 07:07:36 | DEBUG    | _create_backup       | Backup created: data/2026/07/backups/2026-07-03_backup_20260703_070736.xlsx
2026-07-03 07:07:36 | DEBUG    | _cleanup_old_backups | Removed old backup: 2026-07-03_backup_20260703_064136.xlsx
2026-07-03 07:07:36 | DEBUG    | save_data            | Existing file found, merging data...
2026-07-03 07:07:38 | DEBUG    | save_data            | Loaded 23837 existing rows
2026-07-03 07:07:38 | DEBUG    | save_data            | Combined to 24321 rows
2026-07-03 07:07:38 | DEBUG    | save_data            | Writing to temporary file...
2026-07-03 07:07:43 | DEBUG    | save_data            | Data written to temp file: /home/runner/work/Thalorae-BackLioraen/Thalorae-BackLioraen/data/2026/07/tmpbgbfoqd5.xlsx
2026-07-03 07:07:43 | DEBUG    | save_data            | Temp file moved to final location
2026-07-03 07:07:43 | INFO     | save_data            | ✅ Data saved successfully (24321 total rows, 1,802,434 bytes)
2026-07-03 07:07:43 | INFO     | run                  | ======================================================================
2026-07-03 07:07:43 | INFO     | run                  | 📊 EXECUTION SUMMARY:
2026-07-03 07:07:43 | INFO     | run                  |    ✅ Status: SUCCESS
2026-07-03 07:07:43 | INFO     | run                  |    - Rows processed: 484
2026-07-03 07:07:43 | INFO     | run                  |    - Unique symbols: 484
2026-07-03 07:07:43 | INFO     | run                  |    - Timestamp: 2026-07-03 12:07:30
2026-07-03 07:07:43 | INFO     | run                  |    - File: data/2026/07/2026-07-03.xlsx
2026-07-03 07:07:43 | INFO     | run                  | ======================================================================
2026-07-03 07:07:43 | DEBUG    | run                  | Sample data (first row):
2026-07-03 07:07:43 | DEBUG    | run                  | {'SYMBOL': 'TPLRF1', 'SECTOR': 836, 'LDCP': 10.64, 'OPEN': 10.7, 'HIGH': 11.13, 'LOW': 10.5, 'CURRENT': 10.7, 'CHANGE': 0.06, 'CHANGE (%)': nan, 'VOLUME': 61851405, 'YEAR': 2026, 'MONTH': 7, 'DAY': 3, 'HOUR': 12, 'MINUTE': 7, 'DATETIME': '2026-07-03 12:07'}
2026-07-03 07:07:43 | DEBUG    | close                | Session closed
2026-07-03 07:12:43 | INFO     | run                  | ======================================================================
2026-07-03 07:12:43 | INFO     | run                  | 🚀 MARKET DATA SCRAPER - SINGLE EXECUTION
2026-07-03 07:12:43 | INFO     | run                  | ======================================================================
2026-07-03 07:12:43 | INFO     | run                  | Execution Time: 2026-07-03 12:12:43 PKT
2026-07-03 07:12:43 | INFO     | run                  | Configuration:
2026-07-03 07:12:43 | INFO     | run                  |    - Timezone: Asia/Karachi
2026-07-03 07:12:43 | INFO     | run                  |    - Data directory: data
2026-07-03 07:12:43 | INFO     | run                  |    - Log directory: logs
2026-07-03 07:12:43 | INFO     | run                  |    - Excluded symbols: {'XS', 'XT', 'XD', 'XR'}
2026-07-03 07:12:43 | INFO     | run                  | ======================================================================
2026-07-03 07:12:43 | INFO     | fetch_data           | Fetching data (Attempt 1/3)...
2026-07-03 07:12:43 | DEBUG    | fetch_data           | Establishing session with https://dps.psx.com.pk/
2026-07-03 07:12:46 | DEBUG    | fetch_data           | Requesting data from https://dps.psx.com.pk/market-watch
2026-07-03 07:12:47 | DEBUG    | fetch_data           | Response status: 200
2026-07-03 07:12:47 | DEBUG    | fetch_data           | Response content type: text/html; charset=utf-8
2026-07-03 07:12:47 | DEBUG    | fetch_data           | Response size: 463959 bytes
2026-07-03 07:12:47 | INFO     | fetch_data           | ✅ Data fetched successfully (Status: 200)
2026-07-03 07:12:47 | DEBUG    | parse_json           | Attempting JSON parsing...
2026-07-03 07:12:47 | DEBUG    | parse_json           | Response preview: <table class="tbl" data-page-length="25"><thead class="tbl__head"><!-- tr--><!--   th(colspan="11")--><!--   th.center(colspan="2", style="width: 110px;") TOTAL BUY ORDERS--><!--   th.center(colspan="2", style="width: 110px;") TOTAL SELL ORDERS--><tr><th data-name="symbol">SYMBOL</th><th data-name="sector">SECTOR</th><th data-name="listed">LISTED IN</th><th class="right" data-name="ldcp">LDCP</th><th class="right" data-name="open">OPEN</th><th class="right" data-name="high">HIGH</th><th class="r
2026-07-03 07:12:47 | WARNING  | parse_json           | ⚠️ JSON parsing failed: Expecting value: line 1 column 1 (char 0)
2026-07-03 07:12:47 | INFO     | run                  | JSON parsing failed, trying HTML fallback...
2026-07-03 07:12:47 | INFO     | parse_html           | Attempting HTML fallback parsing...
2026-07-03 07:12:47 | DEBUG    | parse_html           | Found 1 table(s) in HTML
2026-07-03 07:12:47 | DEBUG    | parse_html           | Table columns: ['SYMBOL', 'SECTOR', 'LISTED IN', 'LDCP', 'OPEN', 'HIGH', 'LOW', 'CURRENT', 'CHANGE', 'CHANGE (%)', 'VOLUME']
2026-07-03 07:12:47 | DEBUG    | parse_html           | Table shape: (484, 11)
2026-07-03 07:12:47 | INFO     | parse_html           | ✅ HTML parsed successfully (484 rows)
2026-07-03 07:12:47 | INFO     | clean_data           | Cleaning data...
2026-07-03 07:12:47 | DEBUG    | clean_data           | Initial shape: (484, 11)
2026-07-03 07:12:47 | DEBUG    | clean_data           | Initial columns: ['SYMBOL', 'SECTOR', 'LISTED IN', 'LDCP', 'OPEN', 'HIGH', 'LOW', 'CURRENT', 'CHANGE', 'CHANGE (%)', 'VOLUME']
2026-07-03 07:12:47 | DEBUG    | clean_data           | Removed 'LISTED IN' column
2026-07-03 07:12:47 | DEBUG    | clean_data           | Converted LDCP from float64 to numeric
2026-07-03 07:12:47 | DEBUG    | clean_data           | Converted OPEN from float64 to numeric
2026-07-03 07:12:47 | DEBUG    | clean_data           | Converted HIGH from float64 to numeric
2026-07-03 07:12:47 | DEBUG    | clean_data           | Converted LOW from float64 to numeric
2026-07-03 07:12:47 | DEBUG    | clean_data           | Converted CURRENT from float64 to numeric
2026-07-03 07:12:47 | DEBUG    | clean_data           | Converted CHANGE from float64 to numeric
2026-07-03 07:12:47 | WARNING  | clean_data           | Column CHANGE (%): 484 values could not be converted to numeric
2026-07-03 07:12:47 | DEBUG    | clean_data           | Converted CHANGE (%) from str to numeric
2026-07-03 07:12:47 | DEBUG    | clean_data           | Converted VOLUME from int64 to numeric
2026-07-03 07:12:47 | INFO     | clean_data           | ✅ Data cleaned (484 rows, 16 columns)
2026-07-03 07:12:47 | DEBUG    | clean_data           | Final columns: ['SYMBOL', 'SECTOR', 'LDCP', 'OPEN', 'HIGH', 'LOW', 'CURRENT', 'CHANGE', 'CHANGE (%)', 'VOLUME', 'YEAR', 'MONTH', 'DAY', 'HOUR', 'MINUTE', 'DATETIME']
2026-07-03 07:12:47 | DEBUG    | get_file_path        | Generated file path: data/2026/07/2026-07-03.xlsx
2026-07-03 07:12:47 | INFO     | save_data            | Saving data to: data/2026/07/2026-07-03.xlsx
2026-07-03 07:12:47 | DEBUG    | _create_backup       | Backup created: data/2026/07/backups/2026-07-03_backup_20260703_071247.xlsx
2026-07-03 07:12:47 | DEBUG    | _cleanup_old_backups | Removed old backup: 2026-07-03_backup_20260703_064647.xlsx
2026-07-03 07:12:47 | DEBUG    | save_data            | Existing file found, merging data...
2026-07-03 07:12:50 | DEBUG    | save_data            | Loaded 24321 existing rows
2026-07-03 07:12:50 | DEBUG    | save_data            | Combined to 24805 rows
2026-07-03 07:12:50 | DEBUG    | save_data            | Writing to temporary file...
2026-07-03 07:12:55 | DEBUG    | save_data            | Data written to temp file: /home/runner/work/Thalorae-BackLioraen/Thalorae-BackLioraen/data/2026/07/tmpx04c_mun.xlsx
2026-07-03 07:12:55 | DEBUG    | save_data            | Temp file moved to final location
2026-07-03 07:12:55 | INFO     | save_data            | ✅ Data saved successfully (24805 total rows, 1,838,214 bytes)
2026-07-03 07:12:55 | INFO     | run                  | ======================================================================
2026-07-03 07:12:55 | INFO     | run                  | 📊 EXECUTION SUMMARY:
2026-07-03 07:12:55 | INFO     | run                  |    ✅ Status: SUCCESS
2026-07-03 07:12:55 | INFO     | run                  |    - Rows processed: 484
2026-07-03 07:12:55 | INFO     | run                  |    - Unique symbols: 484
2026-07-03 07:12:55 | INFO     | run                  |    - Timestamp: 2026-07-03 12:12:43
2026-07-03 07:12:55 | INFO     | run                  |    - File: data/2026/07/2026-07-03.xlsx
2026-07-03 07:12:55 | INFO     | run                  | ======================================================================
2026-07-03 07:12:55 | DEBUG    | run                  | Sample data (first row):
2026-07-03 07:12:55 | DEBUG    | run                  | {'SYMBOL': 'TPLRF1', 'SECTOR': 836, 'LDCP': 10.64, 'OPEN': 10.7, 'HIGH': 11.13, 'LOW': 10.5, 'CURRENT': 10.7, 'CHANGE': 0.06, 'CHANGE (%)': nan, 'VOLUME': 61851405, 'YEAR': 2026, 'MONTH': 7, 'DAY': 3, 'HOUR': 12, 'MINUTE': 12, 'DATETIME': '2026-07-03 12:12'}
2026-07-03 07:12:55 | DEBUG    | close                | Session closed
2026-07-03 07:17:55 | INFO     | run                  | ======================================================================
2026-07-03 07:17:55 | INFO     | run                  | 🚀 MARKET DATA SCRAPER - SINGLE EXECUTION
2026-07-03 07:17:55 | INFO     | run                  | ======================================================================
2026-07-03 07:17:55 | INFO     | run                  | Execution Time: 2026-07-03 12:17:55 PKT
2026-07-03 07:17:55 | INFO     | run                  | Configuration:
2026-07-03 07:17:55 | INFO     | run                  |    - Timezone: Asia/Karachi
2026-07-03 07:17:55 | INFO     | run                  |    - Data directory: data
2026-07-03 07:17:55 | INFO     | run                  |    - Log directory: logs
2026-07-03 07:17:55 | INFO     | run                  |    - Excluded symbols: {'XT', 'XD', 'XR', 'XS'}
2026-07-03 07:17:55 | INFO     | run                  | ======================================================================
2026-07-03 07:17:55 | INFO     | fetch_data           | Fetching data (Attempt 1/3)...
2026-07-03 07:17:55 | DEBUG    | fetch_data           | Establishing session with https://dps.psx.com.pk/
2026-07-03 07:17:58 | DEBUG    | fetch_data           | Requesting data from https://dps.psx.com.pk/market-watch
2026-07-03 07:17:59 | DEBUG    | fetch_data           | Response status: 200
2026-07-03 07:17:59 | DEBUG    | fetch_data           | Response content type: text/html; charset=utf-8
2026-07-03 07:17:59 | DEBUG    | fetch_data           | Response size: 463959 bytes
2026-07-03 07:17:59 | INFO     | fetch_data           | ✅ Data fetched successfully (Status: 200)
2026-07-03 07:17:59 | DEBUG    | parse_json           | Attempting JSON parsing...
2026-07-03 07:17:59 | DEBUG    | parse_json           | Response preview: <table class="tbl" data-page-length="25"><thead class="tbl__head"><!-- tr--><!--   th(colspan="11")--><!--   th.center(colspan="2", style="width: 110px;") TOTAL BUY ORDERS--><!--   th.center(colspan="2", style="width: 110px;") TOTAL SELL ORDERS--><tr><th data-name="symbol">SYMBOL</th><th data-name="sector">SECTOR</th><th data-name="listed">LISTED IN</th><th class="right" data-name="ldcp">LDCP</th><th class="right" data-name="open">OPEN</th><th class="right" data-name="high">HIGH</th><th class="r
2026-07-03 07:17:59 | WARNING  | parse_json           | ⚠️ JSON parsing failed: Expecting value: line 1 column 1 (char 0)
2026-07-03 07:17:59 | INFO     | run                  | JSON parsing failed, trying HTML fallback...
2026-07-03 07:17:59 | INFO     | parse_html           | Attempting HTML fallback parsing...
2026-07-03 07:17:59 | DEBUG    | parse_html           | Found 1 table(s) in HTML
2026-07-03 07:17:59 | DEBUG    | parse_html           | Table columns: ['SYMBOL', 'SECTOR', 'LISTED IN', 'LDCP', 'OPEN', 'HIGH', 'LOW', 'CURRENT', 'CHANGE', 'CHANGE (%)', 'VOLUME']
2026-07-03 07:17:59 | DEBUG    | parse_html           | Table shape: (484, 11)
2026-07-03 07:17:59 | INFO     | parse_html           | ✅ HTML parsed successfully (484 rows)
2026-07-03 07:17:59 | INFO     | clean_data           | Cleaning data...
2026-07-03 07:17:59 | DEBUG    | clean_data           | Initial shape: (484, 11)
2026-07-03 07:17:59 | DEBUG    | clean_data           | Initial columns: ['SYMBOL', 'SECTOR', 'LISTED IN', 'LDCP', 'OPEN', 'HIGH', 'LOW', 'CURRENT', 'CHANGE', 'CHANGE (%)', 'VOLUME']
2026-07-03 07:17:59 | DEBUG    | clean_data           | Removed 'LISTED IN' column
2026-07-03 07:17:59 | DEBUG    | clean_data           | Converted LDCP from float64 to numeric
2026-07-03 07:17:59 | DEBUG    | clean_data           | Converted OPEN from float64 to numeric
2026-07-03 07:17:59 | DEBUG    | clean_data           | Converted HIGH from float64 to numeric
2026-07-03 07:17:59 | DEBUG    | clean_data           | Converted LOW from float64 to numeric
2026-07-03 07:17:59 | DEBUG    | clean_data           | Converted CURRENT from float64 to numeric
2026-07-03 07:17:59 | DEBUG    | clean_data           | Converted CHANGE from float64 to numeric
2026-07-03 07:17:59 | WARNING  | clean_data           | Column CHANGE (%): 484 values could not be converted to numeric
2026-07-03 07:17:59 | DEBUG    | clean_data           | Converted CHANGE (%) from str to numeric
2026-07-03 07:17:59 | DEBUG    | clean_data           | Converted VOLUME from int64 to numeric
2026-07-03 07:17:59 | INFO     | clean_data           | ✅ Data cleaned (484 rows, 16 columns)
2026-07-03 07:17:59 | DEBUG    | clean_data           | Final columns: ['SYMBOL', 'SECTOR', 'LDCP', 'OPEN', 'HIGH', 'LOW', 'CURRENT', 'CHANGE', 'CHANGE (%)', 'VOLUME', 'YEAR', 'MONTH', 'DAY', 'HOUR', 'MINUTE', 'DATETIME']
2026-07-03 07:17:59 | DEBUG    | get_file_path        | Generated file path: data/2026/07/2026-07-03.xlsx
2026-07-03 07:17:59 | INFO     | save_data            | Saving data to: data/2026/07/2026-07-03.xlsx
2026-07-03 07:17:59 | DEBUG    | _create_backup       | Backup created: data/2026/07/backups/2026-07-03_backup_20260703_071759.xlsx
2026-07-03 07:17:59 | DEBUG    | _cleanup_old_backups | Removed old backup: 2026-07-03_backup_20260703_065200.xlsx
2026-07-03 07:17:59 | DEBUG    | save_data            | Existing file found, merging data...
2026-07-03 07:18:01 | DEBUG    | save_data            | Loaded 24805 existing rows
2026-07-03 07:18:01 | DEBUG    | save_data            | Combined to 25289 rows
2026-07-03 07:18:02 | DEBUG    | save_data            | Writing to temporary file...
2026-07-03 07:18:06 | DEBUG    | save_data            | Data written to temp file: /home/runner/work/Thalorae-BackLioraen/Thalorae-BackLioraen/data/2026/07/tmppnhboeff.xlsx
2026-07-03 07:18:06 | DEBUG    | save_data            | Temp file moved to final location
2026-07-03 07:18:06 | INFO     | save_data            | ✅ Data saved successfully (25289 total rows, 1,874,212 bytes)
2026-07-03 07:18:06 | INFO     | run                  | ======================================================================
2026-07-03 07:18:06 | INFO     | run                  | 📊 EXECUTION SUMMARY:
2026-07-03 07:18:06 | INFO     | run                  |    ✅ Status: SUCCESS
2026-07-03 07:18:06 | INFO     | run                  |    - Rows processed: 484
2026-07-03 07:18:06 | INFO     | run                  |    - Unique symbols: 484
2026-07-03 07:18:06 | INFO     | run                  |    - Timestamp: 2026-07-03 12:17:55
2026-07-03 07:18:06 | INFO     | run                  |    - File: data/2026/07/2026-07-03.xlsx
2026-07-03 07:18:06 | INFO     | run                  | ======================================================================
2026-07-03 07:18:06 | DEBUG    | run                  | Sample data (first row):
2026-07-03 07:18:06 | DEBUG    | run                  | {'SYMBOL': 'TPLRF1', 'SECTOR': 836, 'LDCP': 10.64, 'OPEN': 10.7, 'HIGH': 11.13, 'LOW': 10.5, 'CURRENT': 10.7, 'CHANGE': 0.06, 'CHANGE (%)': nan, 'VOLUME': 61851405, 'YEAR': 2026, 'MONTH': 7, 'DAY': 3, 'HOUR': 12, 'MINUTE': 17, 'DATETIME': '2026-07-03 12:17'}
2026-07-03 07:18:06 | DEBUG    | close                | Session closed
2026-07-03 07:23:07 | INFO     | run                  | ======================================================================
2026-07-03 07:23:07 | INFO     | run                  | 🚀 MARKET DATA SCRAPER - SINGLE EXECUTION
2026-07-03 07:23:07 | INFO     | run                  | ======================================================================
2026-07-03 07:23:07 | INFO     | run                  | Execution Time: 2026-07-03 12:23:07 PKT
2026-07-03 07:23:07 | INFO     | run                  | Configuration:
2026-07-03 07:23:07 | INFO     | run                  |    - Timezone: Asia/Karachi
2026-07-03 07:23:07 | INFO     | run                  |    - Data directory: data
2026-07-03 07:23:07 | INFO     | run                  |    - Log directory: logs
2026-07-03 07:23:07 | INFO     | run                  |    - Excluded symbols: {'XR', 'XS', 'XT', 'XD'}
2026-07-03 07:23:07 | INFO     | run                  | ======================================================================
2026-07-03 07:23:07 | INFO     | fetch_data           | Fetching data (Attempt 1/3)...
2026-07-03 07:23:07 | DEBUG    | fetch_data           | Establishing session with https://dps.psx.com.pk/
2026-07-03 07:23:10 | DEBUG    | fetch_data           | Requesting data from https://dps.psx.com.pk/market-watch
2026-07-03 07:23:11 | DEBUG    | fetch_data           | Response status: 200
2026-07-03 07:23:11 | DEBUG    | fetch_data           | Response content type: text/html; charset=utf-8
2026-07-03 07:23:11 | DEBUG    | fetch_data           | Response size: 463959 bytes
2026-07-03 07:23:11 | INFO     | fetch_data           | ✅ Data fetched successfully (Status: 200)
2026-07-03 07:23:11 | DEBUG    | parse_json           | Attempting JSON parsing...
2026-07-03 07:23:11 | DEBUG    | parse_json           | Response preview: <table class="tbl" data-page-length="25"><thead class="tbl__head"><!-- tr--><!--   th(colspan="11")--><!--   th.center(colspan="2", style="width: 110px;") TOTAL BUY ORDERS--><!--   th.center(colspan="2", style="width: 110px;") TOTAL SELL ORDERS--><tr><th data-name="symbol">SYMBOL</th><th data-name="sector">SECTOR</th><th data-name="listed">LISTED IN</th><th class="right" data-name="ldcp">LDCP</th><th class="right" data-name="open">OPEN</th><th class="right" data-name="high">HIGH</th><th class="r
2026-07-03 07:23:11 | WARNING  | parse_json           | ⚠️ JSON parsing failed: Expecting value: line 1 column 1 (char 0)
2026-07-03 07:23:11 | INFO     | run                  | JSON parsing failed, trying HTML fallback...
2026-07-03 07:23:11 | INFO     | parse_html           | Attempting HTML fallback parsing...
2026-07-03 07:23:11 | DEBUG    | parse_html           | Found 1 table(s) in HTML
2026-07-03 07:23:11 | DEBUG    | parse_html           | Table columns: ['SYMBOL', 'SECTOR', 'LISTED IN', 'LDCP', 'OPEN', 'HIGH', 'LOW', 'CURRENT', 'CHANGE', 'CHANGE (%)', 'VOLUME']
2026-07-03 07:23:11 | DEBUG    | parse_html           | Table shape: (484, 11)
2026-07-03 07:23:11 | INFO     | parse_html           | ✅ HTML parsed successfully (484 rows)
2026-07-03 07:23:11 | INFO     | clean_data           | Cleaning data...
2026-07-03 07:23:11 | DEBUG    | clean_data           | Initial shape: (484, 11)
2026-07-03 07:23:11 | DEBUG    | clean_data           | Initial columns: ['SYMBOL', 'SECTOR', 'LISTED IN', 'LDCP', 'OPEN', 'HIGH', 'LOW', 'CURRENT', 'CHANGE', 'CHANGE (%)', 'VOLUME']
2026-07-03 07:23:11 | DEBUG    | clean_data           | Removed 'LISTED IN' column
2026-07-03 07:23:11 | DEBUG    | clean_data           | Converted LDCP from float64 to numeric
2026-07-03 07:23:11 | DEBUG    | clean_data           | Converted OPEN from float64 to numeric
2026-07-03 07:23:11 | DEBUG    | clean_data           | Converted HIGH from float64 to numeric
2026-07-03 07:23:11 | DEBUG    | clean_data           | Converted LOW from float64 to numeric
2026-07-03 07:23:11 | DEBUG    | clean_data           | Converted CURRENT from float64 to numeric
2026-07-03 07:23:11 | DEBUG    | clean_data           | Converted CHANGE from float64 to numeric
2026-07-03 07:23:11 | WARNING  | clean_data           | Column CHANGE (%): 484 values could not be converted to numeric
2026-07-03 07:23:11 | DEBUG    | clean_data           | Converted CHANGE (%) from str to numeric
2026-07-03 07:23:11 | DEBUG    | clean_data           | Converted VOLUME from int64 to numeric
2026-07-03 07:23:11 | INFO     | clean_data           | ✅ Data cleaned (484 rows, 16 columns)
2026-07-03 07:23:11 | DEBUG    | clean_data           | Final columns: ['SYMBOL', 'SECTOR', 'LDCP', 'OPEN', 'HIGH', 'LOW', 'CURRENT', 'CHANGE', 'CHANGE (%)', 'VOLUME', 'YEAR', 'MONTH', 'DAY', 'HOUR', 'MINUTE', 'DATETIME']
2026-07-03 07:23:11 | DEBUG    | get_file_path        | Generated file path: data/2026/07/2026-07-03.xlsx
2026-07-03 07:23:11 | INFO     | save_data            | Saving data to: data/2026/07/2026-07-03.xlsx
2026-07-03 07:23:11 | DEBUG    | _create_backup       | Backup created: data/2026/07/backups/2026-07-03_backup_20260703_072311.xlsx
2026-07-03 07:23:11 | DEBUG    | _cleanup_old_backups | Removed old backup: 2026-07-03_backup_20260703_065711.xlsx
2026-07-03 07:23:11 | DEBUG    | save_data            | Existing file found, merging data...
2026-07-03 07:23:14 | DEBUG    | save_data            | Loaded 25289 existing rows
2026-07-03 07:23:14 | DEBUG    | save_data            | Combined to 25773 rows
2026-07-03 07:23:14 | DEBUG    | save_data            | Writing to temporary file...
2026-07-03 07:23:19 | DEBUG    | save_data            | Data written to temp file: /home/runner/work/Thalorae-BackLioraen/Thalorae-BackLioraen/data/2026/07/tmpnx_vu0mm.xlsx
2026-07-03 07:23:19 | DEBUG    | save_data            | Temp file moved to final location
2026-07-03 07:23:19 | INFO     | save_data            | ✅ Data saved successfully (25773 total rows, 1,910,195 bytes)
2026-07-03 07:23:19 | INFO     | run                  | ======================================================================
2026-07-03 07:23:19 | INFO     | run                  | 📊 EXECUTION SUMMARY:
2026-07-03 07:23:19 | INFO     | run                  |    ✅ Status: SUCCESS
2026-07-03 07:23:19 | INFO     | run                  |    - Rows processed: 484
2026-07-03 07:23:19 | INFO     | run                  |    - Unique symbols: 484
2026-07-03 07:23:19 | INFO     | run                  |    - Timestamp: 2026-07-03 12:23:07
2026-07-03 07:23:19 | INFO     | run                  |    - File: data/2026/07/2026-07-03.xlsx
2026-07-03 07:23:19 | INFO     | run                  | ======================================================================
2026-07-03 07:23:19 | DEBUG    | run                  | Sample data (first row):
2026-07-03 07:23:19 | DEBUG    | run                  | {'SYMBOL': 'TPLRF1', 'SECTOR': 836, 'LDCP': 10.64, 'OPEN': 10.7, 'HIGH': 11.13, 'LOW': 10.5, 'CURRENT': 10.7, 'CHANGE': 0.06, 'CHANGE (%)': nan, 'VOLUME': 61851405, 'YEAR': 2026, 'MONTH': 7, 'DAY': 3, 'HOUR': 12, 'MINUTE': 23, 'DATETIME': '2026-07-03 12:23'}
2026-07-03 07:23:19 | DEBUG    | close                | Session closed
2026-07-03 07:28:19 | INFO     | run                  | ======================================================================
2026-07-03 07:28:19 | INFO     | run                  | 🚀 MARKET DATA SCRAPER - SINGLE EXECUTION
2026-07-03 07:28:19 | INFO     | run                  | ======================================================================
2026-07-03 07:28:19 | INFO     | run                  | Execution Time: 2026-07-03 12:28:19 PKT
2026-07-03 07:28:19 | INFO     | run                  | Configuration:
2026-07-03 07:28:19 | INFO     | run                  |    - Timezone: Asia/Karachi
2026-07-03 07:28:19 | INFO     | run                  |    - Data directory: data
2026-07-03 07:28:19 | INFO     | run                  |    - Log directory: logs
2026-07-03 07:28:19 | INFO     | run                  |    - Excluded symbols: {'XT', 'XD', 'XR', 'XS'}
2026-07-03 07:28:19 | INFO     | run                  | ======================================================================
2026-07-03 07:28:19 | INFO     | fetch_data           | Fetching data (Attempt 1/3)...
2026-07-03 07:28:19 | DEBUG    | fetch_data           | Establishing session with https://dps.psx.com.pk/
2026-07-03 07:28:22 | DEBUG    | fetch_data           | Requesting data from https://dps.psx.com.pk/market-watch
2026-07-03 07:28:23 | DEBUG    | fetch_data           | Response status: 200
2026-07-03 07:28:23 | DEBUG    | fetch_data           | Response content type: text/html; charset=utf-8
2026-07-03 07:28:23 | DEBUG    | fetch_data           | Response size: 463959 bytes
2026-07-03 07:28:23 | INFO     | fetch_data           | ✅ Data fetched successfully (Status: 200)
2026-07-03 07:28:23 | DEBUG    | parse_json           | Attempting JSON parsing...
2026-07-03 07:28:23 | DEBUG    | parse_json           | Response preview: <table class="tbl" data-page-length="25"><thead class="tbl__head"><!-- tr--><!--   th(colspan="11")--><!--   th.center(colspan="2", style="width: 110px;") TOTAL BUY ORDERS--><!--   th.center(colspan="2", style="width: 110px;") TOTAL SELL ORDERS--><tr><th data-name="symbol">SYMBOL</th><th data-name="sector">SECTOR</th><th data-name="listed">LISTED IN</th><th class="right" data-name="ldcp">LDCP</th><th class="right" data-name="open">OPEN</th><th class="right" data-name="high">HIGH</th><th class="r
2026-07-03 07:28:23 | WARNING  | parse_json           | ⚠️ JSON parsing failed: Expecting value: line 1 column 1 (char 0)
2026-07-03 07:28:23 | INFO     | run                  | JSON parsing failed, trying HTML fallback...
2026-07-03 07:28:23 | INFO     | parse_html           | Attempting HTML fallback parsing...
2026-07-03 07:28:23 | DEBUG    | parse_html           | Found 1 table(s) in HTML
2026-07-03 07:28:23 | DEBUG    | parse_html           | Table columns: ['SYMBOL', 'SECTOR', 'LISTED IN', 'LDCP', 'OPEN', 'HIGH', 'LOW', 'CURRENT', 'CHANGE', 'CHANGE (%)', 'VOLUME']
2026-07-03 07:28:23 | DEBUG    | parse_html           | Table shape: (484, 11)
2026-07-03 07:28:23 | INFO     | parse_html           | ✅ HTML parsed successfully (484 rows)
2026-07-03 07:28:23 | INFO     | clean_data           | Cleaning data...
2026-07-03 07:28:23 | DEBUG    | clean_data           | Initial shape: (484, 11)
2026-07-03 07:28:23 | DEBUG    | clean_data           | Initial columns: ['SYMBOL', 'SECTOR', 'LISTED IN', 'LDCP', 'OPEN', 'HIGH', 'LOW', 'CURRENT', 'CHANGE', 'CHANGE (%)', 'VOLUME']
2026-07-03 07:28:23 | DEBUG    | clean_data           | Removed 'LISTED IN' column
2026-07-03 07:28:23 | DEBUG    | clean_data           | Converted LDCP from float64 to numeric
2026-07-03 07:28:23 | DEBUG    | clean_data           | Converted OPEN from float64 to numeric
2026-07-03 07:28:23 | DEBUG    | clean_data           | Converted HIGH from float64 to numeric
2026-07-03 07:28:23 | DEBUG    | clean_data           | Converted LOW from float64 to numeric
2026-07-03 07:28:23 | DEBUG    | clean_data           | Converted CURRENT from float64 to numeric
2026-07-03 07:28:23 | DEBUG    | clean_data           | Converted CHANGE from float64 to numeric
2026-07-03 07:28:23 | WARNING  | clean_data           | Column CHANGE (%): 484 values could not be converted to numeric
2026-07-03 07:28:23 | DEBUG    | clean_data           | Converted CHANGE (%) from str to numeric
2026-07-03 07:28:23 | DEBUG    | clean_data           | Converted VOLUME from int64 to numeric
2026-07-03 07:28:23 | INFO     | clean_data           | ✅ Data cleaned (484 rows, 16 columns)
2026-07-03 07:28:23 | DEBUG    | clean_data           | Final columns: ['SYMBOL', 'SECTOR', 'LDCP', 'OPEN', 'HIGH', 'LOW', 'CURRENT', 'CHANGE', 'CHANGE (%)', 'VOLUME', 'YEAR', 'MONTH', 'DAY', 'HOUR', 'MINUTE', 'DATETIME']
2026-07-03 07:28:23 | DEBUG    | get_file_path        | Generated file path: data/2026/07/2026-07-03.xlsx
2026-07-03 07:28:23 | INFO     | save_data            | Saving data to: data/2026/07/2026-07-03.xlsx
2026-07-03 07:28:23 | DEBUG    | _create_backup       | Backup created: data/2026/07/backups/2026-07-03_backup_20260703_072823.xlsx
2026-07-03 07:28:23 | DEBUG    | _cleanup_old_backups | Removed old backup: 2026-07-03_backup_20260703_070223.xlsx
2026-07-03 07:28:23 | DEBUG    | save_data            | Existing file found, merging data...
2026-07-03 07:28:26 | DEBUG    | save_data            | Loaded 25773 existing rows
2026-07-03 07:28:26 | DEBUG    | save_data            | Combined to 26257 rows
2026-07-03 07:28:26 | DEBUG    | save_data            | Writing to temporary file...
2026-07-03 07:28:31 | DEBUG    | save_data            | Data written to temp file: /home/runner/work/Thalorae-BackLioraen/Thalorae-BackLioraen/data/2026/07/tmpd5wyvgqz.xlsx
2026-07-03 07:28:31 | DEBUG    | save_data            | Temp file moved to final location
2026-07-03 07:28:31 | INFO     | save_data            | ✅ Data saved successfully (26257 total rows, 1,946,227 bytes)
2026-07-03 07:28:31 | INFO     | run                  | ======================================================================
2026-07-03 07:28:31 | INFO     | run                  | 📊 EXECUTION SUMMARY:
2026-07-03 07:28:31 | INFO     | run                  |    ✅ Status: SUCCESS
2026-07-03 07:28:31 | INFO     | run                  |    - Rows processed: 484
2026-07-03 07:28:31 | INFO     | run                  |    - Unique symbols: 484
2026-07-03 07:28:31 | INFO     | run                  |    - Timestamp: 2026-07-03 12:28:19
2026-07-03 07:28:31 | INFO     | run                  |    - File: data/2026/07/2026-07-03.xlsx
2026-07-03 07:28:31 | INFO     | run                  | ======================================================================
2026-07-03 07:28:31 | DEBUG    | run                  | Sample data (first row):
2026-07-03 07:28:31 | DEBUG    | run                  | {'SYMBOL': 'TPLRF1', 'SECTOR': 836, 'LDCP': 10.64, 'OPEN': 10.7, 'HIGH': 11.13, 'LOW': 10.5, 'CURRENT': 10.7, 'CHANGE': 0.06, 'CHANGE (%)': nan, 'VOLUME': 61851405, 'YEAR': 2026, 'MONTH': 7, 'DAY': 3, 'HOUR': 12, 'MINUTE': 28, 'DATETIME': '2026-07-03 12:28'}
2026-07-03 07:28:31 | DEBUG    | close                | Session closed
2026-07-03 07:33:31 | INFO     | run                  | ======================================================================
2026-07-03 07:33:31 | INFO     | run                  | 🚀 MARKET DATA SCRAPER - SINGLE EXECUTION
2026-07-03 07:33:31 | INFO     | run                  | ======================================================================
2026-07-03 07:33:31 | INFO     | run                  | Execution Time: 2026-07-03 12:33:31 PKT
2026-07-03 07:33:31 | INFO     | run                  | Configuration:
2026-07-03 07:33:31 | INFO     | run                  |    - Timezone: Asia/Karachi
2026-07-03 07:33:31 | INFO     | run                  |    - Data directory: data
2026-07-03 07:33:31 | INFO     | run                  |    - Log directory: logs
2026-07-03 07:33:31 | INFO     | run                  |    - Excluded symbols: {'XS', 'XR', 'XT', 'XD'}
2026-07-03 07:33:31 | INFO     | run                  | ======================================================================
2026-07-03 07:33:31 | INFO     | fetch_data           | Fetching data (Attempt 1/3)...
2026-07-03 07:33:31 | DEBUG    | fetch_data           | Establishing session with https://dps.psx.com.pk/
2026-07-03 07:33:34 | DEBUG    | fetch_data           | Requesting data from https://dps.psx.com.pk/market-watch
2026-07-03 07:33:35 | DEBUG    | fetch_data           | Response status: 200
2026-07-03 07:33:35 | DEBUG    | fetch_data           | Response content type: text/html; charset=utf-8
2026-07-03 07:33:35 | DEBUG    | fetch_data           | Response size: 463959 bytes
2026-07-03 07:33:35 | INFO     | fetch_data           | ✅ Data fetched successfully (Status: 200)
2026-07-03 07:33:35 | DEBUG    | parse_json           | Attempting JSON parsing...
2026-07-03 07:33:35 | DEBUG    | parse_json           | Response preview: <table class="tbl" data-page-length="25"><thead class="tbl__head"><!-- tr--><!--   th(colspan="11")--><!--   th.center(colspan="2", style="width: 110px;") TOTAL BUY ORDERS--><!--   th.center(colspan="2", style="width: 110px;") TOTAL SELL ORDERS--><tr><th data-name="symbol">SYMBOL</th><th data-name="sector">SECTOR</th><th data-name="listed">LISTED IN</th><th class="right" data-name="ldcp">LDCP</th><th class="right" data-name="open">OPEN</th><th class="right" data-name="high">HIGH</th><th class="r
2026-07-03 07:33:35 | WARNING  | parse_json           | ⚠️ JSON parsing failed: Expecting value: line 1 column 1 (char 0)
2026-07-03 07:33:35 | INFO     | run                  | JSON parsing failed, trying HTML fallback...
2026-07-03 07:33:35 | INFO     | parse_html           | Attempting HTML fallback parsing...
2026-07-03 07:33:35 | DEBUG    | parse_html           | Found 1 table(s) in HTML
2026-07-03 07:33:35 | DEBUG    | parse_html           | Table columns: ['SYMBOL', 'SECTOR', 'LISTED IN', 'LDCP', 'OPEN', 'HIGH', 'LOW', 'CURRENT', 'CHANGE', 'CHANGE (%)', 'VOLUME']
2026-07-03 07:33:35 | DEBUG    | parse_html           | Table shape: (484, 11)
2026-07-03 07:33:35 | INFO     | parse_html           | ✅ HTML parsed successfully (484 rows)
2026-07-03 07:33:35 | INFO     | clean_data           | Cleaning data...
2026-07-03 07:33:35 | DEBUG    | clean_data           | Initial shape: (484, 11)
2026-07-03 07:33:35 | DEBUG    | clean_data           | Initial columns: ['SYMBOL', 'SECTOR', 'LISTED IN', 'LDCP', 'OPEN', 'HIGH', 'LOW', 'CURRENT', 'CHANGE', 'CHANGE (%)', 'VOLUME']
2026-07-03 07:33:35 | DEBUG    | clean_data           | Removed 'LISTED IN' column
2026-07-03 07:33:35 | DEBUG    | clean_data           | Converted LDCP from float64 to numeric
2026-07-03 07:33:35 | DEBUG    | clean_data           | Converted OPEN from float64 to numeric
2026-07-03 07:33:35 | DEBUG    | clean_data           | Converted HIGH from float64 to numeric
2026-07-03 07:33:35 | DEBUG    | clean_data           | Converted LOW from float64 to numeric
2026-07-03 07:33:35 | DEBUG    | clean_data           | Converted CURRENT from float64 to numeric
2026-07-03 07:33:35 | DEBUG    | clean_data           | Converted CHANGE from float64 to numeric
2026-07-03 07:33:35 | WARNING  | clean_data           | Column CHANGE (%): 484 values could not be converted to numeric
2026-07-03 07:33:35 | DEBUG    | clean_data           | Converted CHANGE (%) from str to numeric
2026-07-03 07:33:35 | DEBUG    | clean_data           | Converted VOLUME from int64 to numeric
2026-07-03 07:33:35 | INFO     | clean_data           | ✅ Data cleaned (484 rows, 16 columns)
2026-07-03 07:33:35 | DEBUG    | clean_data           | Final columns: ['SYMBOL', 'SECTOR', 'LDCP', 'OPEN', 'HIGH', 'LOW', 'CURRENT', 'CHANGE', 'CHANGE (%)', 'VOLUME', 'YEAR', 'MONTH', 'DAY', 'HOUR', 'MINUTE', 'DATETIME']
2026-07-03 07:33:35 | DEBUG    | get_file_path        | Generated file path: data/2026/07/2026-07-03.xlsx
2026-07-03 07:33:35 | INFO     | save_data            | Saving data to: data/2026/07/2026-07-03.xlsx
2026-07-03 07:33:35 | DEBUG    | _create_backup       | Backup created: data/2026/07/backups/2026-07-03_backup_20260703_073335.xlsx
2026-07-03 07:33:35 | DEBUG    | _cleanup_old_backups | Removed old backup: 2026-07-03_backup_20260703_070736.xlsx
2026-07-03 07:33:35 | DEBUG    | save_data            | Existing file found, merging data...
2026-07-03 07:33:38 | DEBUG    | save_data            | Loaded 26257 existing rows
2026-07-03 07:33:38 | DEBUG    | save_data            | Combined to 26741 rows
2026-07-03 07:33:38 | DEBUG    | save_data            | Writing to temporary file...
2026-07-03 07:33:43 | DEBUG    | save_data            | Data written to temp file: /home/runner/work/Thalorae-BackLioraen/Thalorae-BackLioraen/data/2026/07/tmpbqahlk6n.xlsx
2026-07-03 07:33:43 | DEBUG    | save_data            | Temp file moved to final location
2026-07-03 07:33:43 | INFO     | save_data            | ✅ Data saved successfully (26741 total rows, 1,982,237 bytes)
2026-07-03 07:33:43 | INFO     | run                  | ======================================================================
2026-07-03 07:33:43 | INFO     | run                  | 📊 EXECUTION SUMMARY:
2026-07-03 07:33:43 | INFO     | run                  |    ✅ Status: SUCCESS
2026-07-03 07:33:43 | INFO     | run                  |    - Rows processed: 484
2026-07-03 07:33:43 | INFO     | run                  |    - Unique symbols: 484
2026-07-03 07:33:43 | INFO     | run                  |    - Timestamp: 2026-07-03 12:33:31
2026-07-03 07:33:43 | INFO     | run                  |    - File: data/2026/07/2026-07-03.xlsx
2026-07-03 07:33:43 | INFO     | run                  | ======================================================================
2026-07-03 07:33:43 | DEBUG    | run                  | Sample data (first row):
2026-07-03 07:33:43 | DEBUG    | run                  | {'SYMBOL': 'TPLRF1', 'SECTOR': 836, 'LDCP': 10.64, 'OPEN': 10.7, 'HIGH': 11.13, 'LOW': 10.5, 'CURRENT': 10.7, 'CHANGE': 0.06, 'CHANGE (%)': nan, 'VOLUME': 61851405, 'YEAR': 2026, 'MONTH': 7, 'DAY': 3, 'HOUR': 12, 'MINUTE': 33, 'DATETIME': '2026-07-03 12:33'}
2026-07-03 07:33:43 | DEBUG    | close                | Session closed
2026-07-03 07:38:43 | INFO     | run                  | ======================================================================
2026-07-03 07:38:43 | INFO     | run                  | 🚀 MARKET DATA SCRAPER - SINGLE EXECUTION
2026-07-03 07:38:43 | INFO     | run                  | ======================================================================
2026-07-03 07:38:43 | INFO     | run                  | Execution Time: 2026-07-03 12:38:43 PKT
2026-07-03 07:38:43 | INFO     | run                  | Configuration:
2026-07-03 07:38:43 | INFO     | run                  |    - Timezone: Asia/Karachi
2026-07-03 07:38:43 | INFO     | run                  |    - Data directory: data
2026-07-03 07:38:43 | INFO     | run                  |    - Log directory: logs
2026-07-03 07:38:43 | INFO     | run                  |    - Excluded symbols: {'XR', 'XD', 'XT', 'XS'}
2026-07-03 07:38:43 | INFO     | run                  | ======================================================================
2026-07-03 07:38:43 | INFO     | fetch_data           | Fetching data (Attempt 1/3)...
2026-07-03 07:38:43 | DEBUG    | fetch_data           | Establishing session with https://dps.psx.com.pk/
2026-07-03 07:38:47 | DEBUG    | fetch_data           | Requesting data from https://dps.psx.com.pk/market-watch
2026-07-03 07:38:49 | DEBUG    | fetch_data           | Response status: 200
2026-07-03 07:38:49 | DEBUG    | fetch_data           | Response content type: text/html; charset=utf-8
2026-07-03 07:38:49 | DEBUG    | fetch_data           | Response size: 463959 bytes
2026-07-03 07:38:49 | INFO     | fetch_data           | ✅ Data fetched successfully (Status: 200)
2026-07-03 07:38:49 | DEBUG    | parse_json           | Attempting JSON parsing...
2026-07-03 07:38:49 | DEBUG    | parse_json           | Response preview: <table class="tbl" data-page-length="25"><thead class="tbl__head"><!-- tr--><!--   th(colspan="11")--><!--   th.center(colspan="2", style="width: 110px;") TOTAL BUY ORDERS--><!--   th.center(colspan="2", style="width: 110px;") TOTAL SELL ORDERS--><tr><th data-name="symbol">SYMBOL</th><th data-name="sector">SECTOR</th><th data-name="listed">LISTED IN</th><th class="right" data-name="ldcp">LDCP</th><th class="right" data-name="open">OPEN</th><th class="right" data-name="high">HIGH</th><th class="r
2026-07-03 07:38:49 | WARNING  | parse_json           | ⚠️ JSON parsing failed: Expecting value: line 1 column 1 (char 0)
2026-07-03 07:38:49 | INFO     | run                  | JSON parsing failed, trying HTML fallback...
2026-07-03 07:38:49 | INFO     | parse_html           | Attempting HTML fallback parsing...
2026-07-03 07:38:49 | DEBUG    | parse_html           | Found 1 table(s) in HTML
2026-07-03 07:38:49 | DEBUG    | parse_html           | Table columns: ['SYMBOL', 'SECTOR', 'LISTED IN', 'LDCP', 'OPEN', 'HIGH', 'LOW', 'CURRENT', 'CHANGE', 'CHANGE (%)', 'VOLUME']
2026-07-03 07:38:49 | DEBUG    | parse_html           | Table shape: (484, 11)
2026-07-03 07:38:49 | INFO     | parse_html           | ✅ HTML parsed successfully (484 rows)
2026-07-03 07:38:49 | INFO     | clean_data           | Cleaning data...
2026-07-03 07:38:49 | DEBUG    | clean_data           | Initial shape: (484, 11)
2026-07-03 07:38:49 | DEBUG    | clean_data           | Initial columns: ['SYMBOL', 'SECTOR', 'LISTED IN', 'LDCP', 'OPEN', 'HIGH', 'LOW', 'CURRENT', 'CHANGE', 'CHANGE (%)', 'VOLUME']
2026-07-03 07:38:49 | DEBUG    | clean_data           | Removed 'LISTED IN' column
2026-07-03 07:38:49 | DEBUG    | clean_data           | Converted LDCP from float64 to numeric
2026-07-03 07:38:49 | DEBUG    | clean_data           | Converted OPEN from float64 to numeric
2026-07-03 07:38:49 | DEBUG    | clean_data           | Converted HIGH from float64 to numeric
2026-07-03 07:38:49 | DEBUG    | clean_data           | Converted LOW from float64 to numeric
2026-07-03 07:38:49 | DEBUG    | clean_data           | Converted CURRENT from float64 to numeric
2026-07-03 07:38:49 | DEBUG    | clean_data           | Converted CHANGE from float64 to numeric
2026-07-03 07:38:49 | WARNING  | clean_data           | Column CHANGE (%): 484 values could not be converted to numeric
2026-07-03 07:38:49 | DEBUG    | clean_data           | Converted CHANGE (%) from str to numeric
2026-07-03 07:38:49 | DEBUG    | clean_data           | Converted VOLUME from int64 to numeric
2026-07-03 07:38:49 | INFO     | clean_data           | ✅ Data cleaned (484 rows, 16 columns)
2026-07-03 07:38:49 | DEBUG    | clean_data           | Final columns: ['SYMBOL', 'SECTOR', 'LDCP', 'OPEN', 'HIGH', 'LOW', 'CURRENT', 'CHANGE', 'CHANGE (%)', 'VOLUME', 'YEAR', 'MONTH', 'DAY', 'HOUR', 'MINUTE', 'DATETIME']
2026-07-03 07:38:49 | DEBUG    | get_file_path        | Generated file path: data/2026/07/2026-07-03.xlsx
2026-07-03 07:38:49 | INFO     | save_data            | Saving data to: data/2026/07/2026-07-03.xlsx
2026-07-03 07:38:49 | DEBUG    | _create_backup       | Backup created: data/2026/07/backups/2026-07-03_backup_20260703_073849.xlsx
2026-07-03 07:38:49 | DEBUG    | _cleanup_old_backups | Removed old backup: 2026-07-03_backup_20260703_071247.xlsx
2026-07-03 07:38:49 | DEBUG    | save_data            | Existing file found, merging data...
2026-07-03 07:38:52 | DEBUG    | save_data            | Loaded 26741 existing rows
2026-07-03 07:38:52 | DEBUG    | save_data            | Combined to 27225 rows
2026-07-03 07:38:52 | DEBUG    | save_data            | Writing to temporary file...
2026-07-03 07:38:57 | DEBUG    | save_data            | Data written to temp file: /home/runner/work/Thalorae-BackLioraen/Thalorae-BackLioraen/data/2026/07/tmp2k78j3cb.xlsx
2026-07-03 07:38:57 | DEBUG    | save_data            | Temp file moved to final location
2026-07-03 07:38:57 | INFO     | save_data            | ✅ Data saved successfully (27225 total rows, 2,018,256 bytes)
2026-07-03 07:38:57 | INFO     | run                  | ======================================================================
2026-07-03 07:38:57 | INFO     | run                  | 📊 EXECUTION SUMMARY:
2026-07-03 07:38:57 | INFO     | run                  |    ✅ Status: SUCCESS
2026-07-03 07:38:57 | INFO     | run                  |    - Rows processed: 484
2026-07-03 07:38:57 | INFO     | run                  |    - Unique symbols: 484
2026-07-03 07:38:57 | INFO     | run                  |    - Timestamp: 2026-07-03 12:38:43
2026-07-03 07:38:57 | INFO     | run                  |    - File: data/2026/07/2026-07-03.xlsx
2026-07-03 07:38:57 | INFO     | run                  | ======================================================================
2026-07-03 07:38:57 | DEBUG    | run                  | Sample data (first row):
2026-07-03 07:38:57 | DEBUG    | run                  | {'SYMBOL': 'TPLRF1', 'SECTOR': 836, 'LDCP': 10.64, 'OPEN': 10.7, 'HIGH': 11.13, 'LOW': 10.5, 'CURRENT': 10.7, 'CHANGE': 0.06, 'CHANGE (%)': nan, 'VOLUME': 61851405, 'YEAR': 2026, 'MONTH': 7, 'DAY': 3, 'HOUR': 12, 'MINUTE': 38, 'DATETIME': '2026-07-03 12:38'}
2026-07-03 07:38:57 | DEBUG    | close                | Session closed
2026-07-03 07:43:57 | INFO     | run                  | ======================================================================
2026-07-03 07:43:57 | INFO     | run                  | 🚀 MARKET DATA SCRAPER - SINGLE EXECUTION
2026-07-03 07:43:57 | INFO     | run                  | ======================================================================
2026-07-03 07:43:57 | INFO     | run                  | Execution Time: 2026-07-03 12:43:57 PKT
2026-07-03 07:43:57 | INFO     | run                  | Configuration:
2026-07-03 07:43:57 | INFO     | run                  |    - Timezone: Asia/Karachi
2026-07-03 07:43:57 | INFO     | run                  |    - Data directory: data
2026-07-03 07:43:57 | INFO     | run                  |    - Log directory: logs
2026-07-03 07:43:57 | INFO     | run                  |    - Excluded symbols: {'XT', 'XD', 'XS', 'XR'}
2026-07-03 07:43:57 | INFO     | run                  | ======================================================================
2026-07-03 07:43:57 | INFO     | fetch_data           | Fetching data (Attempt 1/3)...
2026-07-03 07:43:57 | DEBUG    | fetch_data           | Establishing session with https://dps.psx.com.pk/
2026-07-03 07:44:01 | DEBUG    | fetch_data           | Requesting data from https://dps.psx.com.pk/market-watch
2026-07-03 07:44:03 | DEBUG    | fetch_data           | Response status: 200
2026-07-03 07:44:03 | DEBUG    | fetch_data           | Response content type: text/html; charset=utf-8
2026-07-03 07:44:03 | DEBUG    | fetch_data           | Response size: 463959 bytes
2026-07-03 07:44:03 | INFO     | fetch_data           | ✅ Data fetched successfully (Status: 200)
2026-07-03 07:44:03 | DEBUG    | parse_json           | Attempting JSON parsing...
2026-07-03 07:44:03 | DEBUG    | parse_json           | Response preview: <table class="tbl" data-page-length="25"><thead class="tbl__head"><!-- tr--><!--   th(colspan="11")--><!--   th.center(colspan="2", style="width: 110px;") TOTAL BUY ORDERS--><!--   th.center(colspan="2", style="width: 110px;") TOTAL SELL ORDERS--><tr><th data-name="symbol">SYMBOL</th><th data-name="sector">SECTOR</th><th data-name="listed">LISTED IN</th><th class="right" data-name="ldcp">LDCP</th><th class="right" data-name="open">OPEN</th><th class="right" data-name="high">HIGH</th><th class="r
2026-07-03 07:44:03 | WARNING  | parse_json           | ⚠️ JSON parsing failed: Expecting value: line 1 column 1 (char 0)
2026-07-03 07:44:03 | INFO     | run                  | JSON parsing failed, trying HTML fallback...
2026-07-03 07:44:03 | INFO     | parse_html           | Attempting HTML fallback parsing...
2026-07-03 07:44:03 | DEBUG    | parse_html           | Found 1 table(s) in HTML
2026-07-03 07:44:03 | DEBUG    | parse_html           | Table columns: ['SYMBOL', 'SECTOR', 'LISTED IN', 'LDCP', 'OPEN', 'HIGH', 'LOW', 'CURRENT', 'CHANGE', 'CHANGE (%)', 'VOLUME']
2026-07-03 07:44:03 | DEBUG    | parse_html           | Table shape: (484, 11)
2026-07-03 07:44:03 | INFO     | parse_html           | ✅ HTML parsed successfully (484 rows)
2026-07-03 07:44:03 | INFO     | clean_data           | Cleaning data...
2026-07-03 07:44:03 | DEBUG    | clean_data           | Initial shape: (484, 11)
2026-07-03 07:44:03 | DEBUG    | clean_data           | Initial columns: ['SYMBOL', 'SECTOR', 'LISTED IN', 'LDCP', 'OPEN', 'HIGH', 'LOW', 'CURRENT', 'CHANGE', 'CHANGE (%)', 'VOLUME']
2026-07-03 07:44:03 | DEBUG    | clean_data           | Removed 'LISTED IN' column
2026-07-03 07:44:03 | DEBUG    | clean_data           | Converted LDCP from float64 to numeric
2026-07-03 07:44:03 | DEBUG    | clean_data           | Converted OPEN from float64 to numeric
2026-07-03 07:44:03 | DEBUG    | clean_data           | Converted HIGH from float64 to numeric
2026-07-03 07:44:03 | DEBUG    | clean_data           | Converted LOW from float64 to numeric
2026-07-03 07:44:03 | DEBUG    | clean_data           | Converted CURRENT from float64 to numeric
2026-07-03 07:44:03 | DEBUG    | clean_data           | Converted CHANGE from float64 to numeric
2026-07-03 07:44:03 | WARNING  | clean_data           | Column CHANGE (%): 484 values could not be converted to numeric
2026-07-03 07:44:03 | DEBUG    | clean_data           | Converted CHANGE (%) from str to numeric
2026-07-03 07:44:03 | DEBUG    | clean_data           | Converted VOLUME from int64 to numeric
2026-07-03 07:44:03 | INFO     | clean_data           | ✅ Data cleaned (484 rows, 16 columns)
2026-07-03 07:44:03 | DEBUG    | clean_data           | Final columns: ['SYMBOL', 'SECTOR', 'LDCP', 'OPEN', 'HIGH', 'LOW', 'CURRENT', 'CHANGE', 'CHANGE (%)', 'VOLUME', 'YEAR', 'MONTH', 'DAY', 'HOUR', 'MINUTE', 'DATETIME']
2026-07-03 07:44:03 | DEBUG    | get_file_path        | Generated file path: data/2026/07/2026-07-03.xlsx
2026-07-03 07:44:03 | INFO     | save_data            | Saving data to: data/2026/07/2026-07-03.xlsx
2026-07-03 07:44:03 | DEBUG    | _create_backup       | Backup created: data/2026/07/backups/2026-07-03_backup_20260703_074403.xlsx
2026-07-03 07:44:03 | DEBUG    | _cleanup_old_backups | Removed old backup: 2026-07-03_backup_20260703_071759.xlsx
2026-07-03 07:44:03 | DEBUG    | save_data            | Existing file found, merging data...
2026-07-03 07:44:06 | DEBUG    | save_data            | Loaded 27225 existing rows
2026-07-03 07:44:06 | DEBUG    | save_data            | Combined to 27709 rows
2026-07-03 07:44:06 | DEBUG    | save_data            | Writing to temporary file...
2026-07-03 07:44:11 | DEBUG    | save_data            | Data written to temp file: /home/runner/work/Thalorae-BackLioraen/Thalorae-BackLioraen/data/2026/07/tmpmlx2vuaj.xlsx
2026-07-03 07:44:11 | DEBUG    | save_data            | Temp file moved to final location
2026-07-03 07:44:11 | INFO     | save_data            | ✅ Data saved successfully (27709 total rows, 2,054,163 bytes)
2026-07-03 07:44:11 | INFO     | run                  | ======================================================================
2026-07-03 07:44:11 | INFO     | run                  | 📊 EXECUTION SUMMARY:
2026-07-03 07:44:11 | INFO     | run                  |    ✅ Status: SUCCESS
2026-07-03 07:44:11 | INFO     | run                  |    - Rows processed: 484
2026-07-03 07:44:11 | INFO     | run                  |    - Unique symbols: 484
2026-07-03 07:44:11 | INFO     | run                  |    - Timestamp: 2026-07-03 12:43:57
2026-07-03 07:44:11 | INFO     | run                  |    - File: data/2026/07/2026-07-03.xlsx
2026-07-03 07:44:11 | INFO     | run                  | ======================================================================
2026-07-03 07:44:11 | DEBUG    | run                  | Sample data (first row):
2026-07-03 07:44:11 | DEBUG    | run                  | {'SYMBOL': 'TPLRF1', 'SECTOR': 836, 'LDCP': 10.64, 'OPEN': 10.7, 'HIGH': 11.13, 'LOW': 10.5, 'CURRENT': 10.7, 'CHANGE': 0.06, 'CHANGE (%)': nan, 'VOLUME': 61851405, 'YEAR': 2026, 'MONTH': 7, 'DAY': 3, 'HOUR': 12, 'MINUTE': 43, 'DATETIME': '2026-07-03 12:43'}
2026-07-03 07:44:11 | DEBUG    | close                | Session closed
2026-07-03 07:49:11 | INFO     | run                  | ======================================================================
2026-07-03 07:49:11 | INFO     | run                  | 🚀 MARKET DATA SCRAPER - SINGLE EXECUTION
2026-07-03 07:49:11 | INFO     | run                  | ======================================================================
2026-07-03 07:49:11 | INFO     | run                  | Execution Time: 2026-07-03 12:49:11 PKT
2026-07-03 07:49:11 | INFO     | run                  | Configuration:
2026-07-03 07:49:11 | INFO     | run                  |    - Timezone: Asia/Karachi
2026-07-03 07:49:11 | INFO     | run                  |    - Data directory: data
2026-07-03 07:49:11 | INFO     | run                  |    - Log directory: logs
2026-07-03 07:49:11 | INFO     | run                  |    - Excluded symbols: {'XD', 'XS', 'XT', 'XR'}
2026-07-03 07:49:11 | INFO     | run                  | ======================================================================
2026-07-03 07:49:11 | INFO     | fetch_data           | Fetching data (Attempt 1/3)...
2026-07-03 07:49:11 | DEBUG    | fetch_data           | Establishing session with https://dps.psx.com.pk/
2026-07-03 07:49:15 | DEBUG    | fetch_data           | Requesting data from https://dps.psx.com.pk/market-watch
2026-07-03 07:49:17 | DEBUG    | fetch_data           | Response status: 200
2026-07-03 07:49:17 | DEBUG    | fetch_data           | Response content type: text/html; charset=utf-8
2026-07-03 07:49:17 | DEBUG    | fetch_data           | Response size: 463959 bytes
2026-07-03 07:49:17 | INFO     | fetch_data           | ✅ Data fetched successfully (Status: 200)
2026-07-03 07:49:17 | DEBUG    | parse_json           | Attempting JSON parsing...
2026-07-03 07:49:17 | DEBUG    | parse_json           | Response preview: <table class="tbl" data-page-length="25"><thead class="tbl__head"><!-- tr--><!--   th(colspan="11")--><!--   th.center(colspan="2", style="width: 110px;") TOTAL BUY ORDERS--><!--   th.center(colspan="2", style="width: 110px;") TOTAL SELL ORDERS--><tr><th data-name="symbol">SYMBOL</th><th data-name="sector">SECTOR</th><th data-name="listed">LISTED IN</th><th class="right" data-name="ldcp">LDCP</th><th class="right" data-name="open">OPEN</th><th class="right" data-name="high">HIGH</th><th class="r
2026-07-03 07:49:17 | WARNING  | parse_json           | ⚠️ JSON parsing failed: Expecting value: line 1 column 1 (char 0)
2026-07-03 07:49:17 | INFO     | run                  | JSON parsing failed, trying HTML fallback...
2026-07-03 07:49:17 | INFO     | parse_html           | Attempting HTML fallback parsing...
2026-07-03 07:49:17 | DEBUG    | parse_html           | Found 1 table(s) in HTML
2026-07-03 07:49:17 | DEBUG    | parse_html           | Table columns: ['SYMBOL', 'SECTOR', 'LISTED IN', 'LDCP', 'OPEN', 'HIGH', 'LOW', 'CURRENT', 'CHANGE', 'CHANGE (%)', 'VOLUME']
2026-07-03 07:49:17 | DEBUG    | parse_html           | Table shape: (484, 11)
2026-07-03 07:49:17 | INFO     | parse_html           | ✅ HTML parsed successfully (484 rows)
2026-07-03 07:49:17 | INFO     | clean_data           | Cleaning data...
2026-07-03 07:49:17 | DEBUG    | clean_data           | Initial shape: (484, 11)
2026-07-03 07:49:17 | DEBUG    | clean_data           | Initial columns: ['SYMBOL', 'SECTOR', 'LISTED IN', 'LDCP', 'OPEN', 'HIGH', 'LOW', 'CURRENT', 'CHANGE', 'CHANGE (%)', 'VOLUME']
2026-07-03 07:49:17 | DEBUG    | clean_data           | Removed 'LISTED IN' column
2026-07-03 07:49:17 | DEBUG    | clean_data           | Converted LDCP from float64 to numeric
2026-07-03 07:49:17 | DEBUG    | clean_data           | Converted OPEN from float64 to numeric
2026-07-03 07:49:17 | DEBUG    | clean_data           | Converted HIGH from float64 to numeric
2026-07-03 07:49:17 | DEBUG    | clean_data           | Converted LOW from float64 to numeric
2026-07-03 07:49:17 | DEBUG    | clean_data           | Converted CURRENT from float64 to numeric
2026-07-03 07:49:17 | DEBUG    | clean_data           | Converted CHANGE from float64 to numeric
2026-07-03 07:49:17 | WARNING  | clean_data           | Column CHANGE (%): 484 values could not be converted to numeric
2026-07-03 07:49:17 | DEBUG    | clean_data           | Converted CHANGE (%) from str to numeric
2026-07-03 07:49:17 | DEBUG    | clean_data           | Converted VOLUME from int64 to numeric
2026-07-03 07:49:17 | INFO     | clean_data           | ✅ Data cleaned (484 rows, 16 columns)
2026-07-03 07:49:17 | DEBUG    | clean_data           | Final columns: ['SYMBOL', 'SECTOR', 'LDCP', 'OPEN', 'HIGH', 'LOW', 'CURRENT', 'CHANGE', 'CHANGE (%)', 'VOLUME', 'YEAR', 'MONTH', 'DAY', 'HOUR', 'MINUTE', 'DATETIME']
2026-07-03 07:49:17 | DEBUG    | get_file_path        | Generated file path: data/2026/07/2026-07-03.xlsx
2026-07-03 07:49:17 | INFO     | save_data            | Saving data to: data/2026/07/2026-07-03.xlsx
2026-07-03 07:49:17 | DEBUG    | _create_backup       | Backup created: data/2026/07/backups/2026-07-03_backup_20260703_074917.xlsx
2026-07-03 07:49:17 | DEBUG    | _cleanup_old_backups | Removed old backup: 2026-07-03_backup_20260703_072311.xlsx
2026-07-03 07:49:17 | DEBUG    | save_data            | Existing file found, merging data...
2026-07-03 07:49:19 | DEBUG    | save_data            | Loaded 27709 existing rows
2026-07-03 07:49:19 | DEBUG    | save_data            | Combined to 28193 rows
2026-07-03 07:49:19 | DEBUG    | save_data            | Writing to temporary file...
2026-07-03 07:49:25 | DEBUG    | save_data            | Data written to temp file: /home/runner/work/Thalorae-BackLioraen/Thalorae-BackLioraen/data/2026/07/tmpt72h6gj8.xlsx
2026-07-03 07:49:25 | DEBUG    | save_data            | Temp file moved to final location
2026-07-03 07:49:25 | INFO     | save_data            | ✅ Data saved successfully (28193 total rows, 2,090,161 bytes)
2026-07-03 07:49:25 | INFO     | run                  | ======================================================================
2026-07-03 07:49:25 | INFO     | run                  | 📊 EXECUTION SUMMARY:
2026-07-03 07:49:25 | INFO     | run                  |    ✅ Status: SUCCESS
2026-07-03 07:49:25 | INFO     | run                  |    - Rows processed: 484
2026-07-03 07:49:25 | INFO     | run                  |    - Unique symbols: 484
2026-07-03 07:49:25 | INFO     | run                  |    - Timestamp: 2026-07-03 12:49:11
2026-07-03 07:49:25 | INFO     | run                  |    - File: data/2026/07/2026-07-03.xlsx
2026-07-03 07:49:25 | INFO     | run                  | ======================================================================
2026-07-03 07:49:25 | DEBUG    | run                  | Sample data (first row):
2026-07-03 07:49:25 | DEBUG    | run                  | {'SYMBOL': 'TPLRF1', 'SECTOR': 836, 'LDCP': 10.64, 'OPEN': 10.7, 'HIGH': 11.13, 'LOW': 10.5, 'CURRENT': 10.7, 'CHANGE': 0.06, 'CHANGE (%)': nan, 'VOLUME': 61851405, 'YEAR': 2026, 'MONTH': 7, 'DAY': 3, 'HOUR': 12, 'MINUTE': 49, 'DATETIME': '2026-07-03 12:49'}
2026-07-03 07:49:25 | DEBUG    | close                | Session closed
